gene_symbol	k_eff	n_pos	n_neg	concordance
1-Mar	1	1	0	1
1-Sep	1	0	1	1
10-Mar	1	1	0	1
10-Sep	1	0	1	1
11-Sep	1	0	1	1
12-Sep	1	0	1	1
14-Sep	1	1	0	1
2-Mar	1	1	0	1
2-Sep	1	0	1	1
3-Mar	1	1	0	1
3-Sep	1	0	1	1
4-Mar	1	0	1	1
4-Sep	1	0	1	1
5-Mar	1	0	1	1
5-Sep	1	0	1	1
6-Mar	1	1	0	1
6-Sep	1	0	1	1
7-Mar	1	0	1	1
7-Sep	1	0	1	1
8-Mar	1	0	1	1
8-Sep	1	1	0	1
9-Mar	1	0	1	1
9-Sep	1	1	0	1
A1BG	3	1	2	0.6666666666666666
A1BG-AS1	1	0	1	1
A1CF	2	0	2	1
A2M	2	1	1	0.5
A2M-AS1	1	1	0	1
A2ML1	2	1	1	0.5
A3GALT2	1	1	0	1
A4GALT	3	2	1	0.6666666666666666
A4GNT	1	0	1	1
AAAS	3	0	3	1
AACS	3	2	1	0.6666666666666666
AADAC	2	1	1	0.5
AADACL2	1	1	0	1
AADACL4	1	0	1	1
AADACP1	1	0	1	1
AADAT	3	2	1	0.6666666666666666
AAED1	2	1	1	0.5
AAGAB	3	1	2	0.6666666666666666
AAK1	3	1	2	0.6666666666666666
AAMDC	3	0	3	1
AAMP	3	1	2	0.6666666666666666
AANAT	2	1	1	0.5
AAR2	3	2	1	0.6666666666666666
AARD	3	0	3	1
AARS	2	1	1	0.5
AARS1	1	0	1	1
AARS2	3	2	1	0.6666666666666666
AARSD1	2	1	1	0.5
AASDH	3	1	2	0.6666666666666666
AASDHPPT	3	1	2	0.6666666666666666
AASS	3	2	1	0.6666666666666666
AATBC	1	1	0	1
AATF	3	3	0	1
AATK	2	1	1	0.5
ABALON	1	1	0	1
ABAT	3	2	1	0.6666666666666666
ABCA1	3	1	2	0.6666666666666666
ABCA10	1	0	1	1
ABCA11P	1	1	0	1
ABCA12	1	1	0	1
ABCA13	3	2	1	0.6666666666666666
ABCA2	3	1	2	0.6666666666666666
ABCA3	3	2	1	0.6666666666666666
ABCA4	3	0	3	1
ABCA5	3	1	2	0.6666666666666666
ABCA6	1	0	1	1
ABCA7	3	2	1	0.6666666666666666
ABCA8	1	0	1	1
ABCA9	1	0	1	1
ABCB1	2	2	0	1
ABCB10	3	2	1	0.6666666666666666
ABCB11	1	1	0	1
ABCB4	3	3	0	1
ABCB5	2	1	1	0.5
ABCB6	3	0	3	1
ABCB7	3	1	2	0.6666666666666666
ABCB8	3	1	2	0.6666666666666666
ABCB9	3	2	1	0.6666666666666666
ABCC1	3	2	1	0.6666666666666666
ABCC10	3	2	1	0.6666666666666666
ABCC11	2	0	2	1
ABCC12	1	0	1	1
ABCC2	3	2	1	0.6666666666666666
ABCC3	3	2	1	0.6666666666666666
ABCC4	3	2	1	0.6666666666666666
ABCC5	3	1	2	0.6666666666666666
ABCC6	3	1	2	0.6666666666666666
ABCC8	1	0	1	1
ABCC9	2	2	0	1
ABCD1	3	2	1	0.6666666666666666
ABCD2	1	0	1	1
ABCD3	3	1	2	0.6666666666666666
ABCD4	3	0	3	1
ABCE1	3	2	1	0.6666666666666666
ABCF1	3	3	0	1
ABCF2	3	2	1	0.6666666666666666
ABCF3	3	1	2	0.6666666666666666
ABCG1	2	2	0	1
ABCG2	3	2	1	0.6666666666666666
ABCG4	3	1	2	0.6666666666666666
ABCG5	1	0	1	1
ABCG8	1	1	0	1
ABHD1	2	2	0	1
ABHD10	3	2	1	0.6666666666666666
ABHD11	3	2	1	0.6666666666666666
ABHD12	3	0	3	1
ABHD12B	3	2	1	0.6666666666666666
ABHD13	3	1	2	0.6666666666666666
ABHD14A	3	1	2	0.6666666666666666
ABHD14A-ACY1	1	0	1	1
ABHD14B	3	3	0	1
ABHD15	3	1	2	0.6666666666666666
ABHD16A	3	1	2	0.6666666666666666
ABHD16B	3	3	0	1
ABHD17A	3	2	1	0.6666666666666666
ABHD17B	3	1	2	0.6666666666666666
ABHD17C	3	1	2	0.6666666666666666
ABHD18	2	0	2	1
ABHD2	3	1	2	0.6666666666666666
ABHD3	3	1	2	0.6666666666666666
ABHD4	3	1	2	0.6666666666666666
ABHD5	3	1	2	0.6666666666666666
ABHD6	3	1	2	0.6666666666666666
ABHD8	3	2	1	0.6666666666666666
ABI1	3	1	2	0.6666666666666666
ABI2	3	0	3	1
ABI3	1	0	1	1
ABI3BP	3	2	1	0.6666666666666666
ABITRAM	1	0	1	1
ABL1	3	2	1	0.6666666666666666
ABL2	3	1	2	0.6666666666666666
ABLIM1	3	2	1	0.6666666666666666
ABLIM2	3	3	0	1
ABLIM3	3	1	2	0.6666666666666666
ABO	2	2	0	1
ABR	3	2	1	0.6666666666666666
ABRA	1	1	0	1
ABRACL	3	0	3	1
ABRAXAS1	1	1	0	1
ABRAXAS2	1	1	0	1
ABT1	3	3	0	1
ABTB1	3	2	1	0.6666666666666666
ABTB2	3	2	1	0.6666666666666666
AC002310.13	1	0	1	1
AC002398.9	1	0	1	1
AC002985.3	1	1	0	1
AC003002.4	1	0	1	1
AC003002.6	1	0	1	1
AC003005.4	1	0	1	1
AC003006.7	1	0	1	1
AC004076.7	1	0	1	1
AC004076.9	1	0	1	1
AC004381.6	1	0	1	1
AC004466.1	1	0	1	1
AC005003.1	1	0	1	1
AC005488.1	1	0	1	1
AC005544.1	1	0	1	1
AC005606.1	1	1	0	1
AC005609.1	1	0	1	1
AC005779.2	1	1	0	1
AC005841.1	1	0	1	1
AC006014.1	1	0	1	1
AC006116.20	1	0	1	1
AC006132.1	1	0	1	1
AC006435.1	1	1	0	1
AC006449.1	1	1	0	1
AC006486.1	1	0	1	1
AC006486.9	1	0	1	1
AC006538.4	1	1	0	1
AC006547.14	1	1	0	1
AC007040.11	1	1	0	1
AC007382.1	1	1	0	1
AC007390.5	1	0	1	1
AC007401.2	1	0	1	1
AC007405.2	1	1	0	1
AC007773.3	1	0	1	1
AC007956.1	1	0	1	1
AC008443.1	1	0	1	1
AC008686.1	1	1	0	1
AC008948.1	1	0	1	1
AC009065.1	1	1	0	1
AC009403.2	1	1	0	1
AC010327.2	1	0	1	1
AC010336.1	1	1	0	1
AC010441.1	1	0	1	1
AC010536.1	1	0	1	1
AC010547.9	1	1	0	1
AC010642.1	1	0	1	1
AC010646.3	1	0	1	1
AC011308.1	1	0	1	1
AC011475.1	1	1	0	1
AC011530.4	1	0	1	1
AC011897.1	1	0	1	1
AC012360.2	1	1	0	1
AC015688.3	1	1	0	1
AC015987.2	1	0	1	1
AC016586.1	1	0	1	1
AC016722.2	1	1	0	1
AC017104.2	1	1	0	1
AC018755.1	1	1	0	1
AC018816.3	1	1	0	1
AC018867.2	1	1	0	1
AC019294.1	1	0	1	1
AC020922.1	1	0	1	1
AC021218.2	1	1	0	1
AC021860.1	1	0	1	1
AC022400.2	1	1	0	1
AC022532.1	1	0	1	1
AC023632.1	1	1	0	1
AC024580.1	1	0	1	1
AC024592.12	1	1	0	1
AC024940.1	1	0	1	1
AC025262.1	1	1	0	1
AC025263.3	1	1	0	1
AC026202.1	1	0	1	1
AC026407.1	1	0	1	1
AC026703.1	1	1	0	1
AC026740.1	1	1	0	1
AC027307.3	1	0	1	1
AC027763.2	1	1	0	1
AC037459.4	1	1	0	1
AC040160.1	1	1	0	1
AC040977.1	1	1	0	1
AC062017.1	1	0	1	1
AC068533.7	1	0	1	1
AC068987.1	1	1	0	1
AC069368.3	1	1	0	1
AC069547.1	1	1	0	1
AC073063.1	1	0	1	1
AC073343.1	1	0	1	1
AC073569.1	1	1	0	1
AC073610.5	1	0	1	1
AC074091.13	1	0	1	1
AC087645.1	1	1	0	1
AC090186.1	1	1	0	1
AC090616.2	1	0	1	1
AC090673.2	1	0	1	1
AC092675.3	1	1	0	1
AC092811.1	1	1	0	1
AC093157.1	1	1	0	1
AC093677.1	1	0	1	1
AC096677.1	1	0	1	1
AC097381.1	1	0	1	1
AC099344.1	1	0	1	1
AC103801.2	1	0	1	1
AC104532.2	1	0	1	1
AC104534.3	1	0	1	1
AC104667.3	1	0	1	1
AC104841.2	1	0	1	1
AC105020.1	1	0	1	1
AC107021.1	1	1	0	1
AC110615.1	1	1	0	1
AC110619.2	1	0	1	1
AC112205.1	1	0	1	1
AC114494.1	1	1	0	1
AC114546.1	1	0	1	1
AC115618.1	1	0	1	1
AC116407.2	1	1	0	1
AC117395.1	1	0	1	1
AC117834.1	1	0	1	1
AC119673.1	1	0	1	1
AC120194.1	1	0	1	1
AC121757.1	1	0	1	1
AC127496.1	1	1	0	1
AC131971.1	1	0	1	1
AC132192.1	1	1	0	1
AC132872.2	1	0	1	1
AC135048.1	1	1	0	1
AC135178.1	1	0	1	1
AC136297.1	1	0	1	1
AC137932.1	1	1	0	1
AC138969.4	1	0	1	1
AC139100.2	1	0	1	1
AC174470.1	1	0	1	1
AC226150.4	1	1	0	1
ACAA1	3	1	2	0.6666666666666666
ACAA2	3	2	1	0.6666666666666666
ACACA	3	0	3	1
ACACB	3	1	2	0.6666666666666666
ACAD10	3	2	1	0.6666666666666666
ACAD11	2	1	1	0.5
ACAD8	3	3	0	1
ACAD9	3	2	1	0.6666666666666666
ACADL	3	1	2	0.6666666666666666
ACADM	3	1	2	0.6666666666666666
ACADS	3	1	2	0.6666666666666666
ACADSB	3	1	2	0.6666666666666666
ACADVL	3	2	1	0.6666666666666666
ACAN	1	0	1	1
ACAP1	3	1	2	0.6666666666666666
ACAP2	3	1	2	0.6666666666666666
ACAP3	3	3	0	1
ACAT1	3	1	2	0.6666666666666666
ACAT2	3	1	2	0.6666666666666666
ACBD3	3	2	1	0.6666666666666666
ACBD4	3	2	1	0.6666666666666666
ACBD5	3	1	2	0.6666666666666666
ACBD6	3	1	2	0.6666666666666666
ACBD7	3	0	3	1
ACCS	3	3	0	1
ACCSL	1	1	0	1
ACD	3	3	0	1
ACE	3	1	2	0.6666666666666666
ACE2	1	1	0	1
ACER1	1	1	0	1
ACER2	3	3	0	1
ACER3	3	2	1	0.6666666666666666
ACHE	2	1	1	0.5
ACIN1	3	2	1	0.6666666666666666
ACKR2	3	1	2	0.6666666666666666
ACKR3	3	3	0	1
ACKR4	3	1	2	0.6666666666666666
ACLY	3	3	0	1
ACMSD	2	2	0	1
ACN9	1	0	1	1
ACO1	3	1	2	0.6666666666666666
ACO2	3	1	2	0.6666666666666666
ACOT1	3	1	2	0.6666666666666666
ACOT11	3	2	1	0.6666666666666666
ACOT12	1	0	1	1
ACOT13	3	1	2	0.6666666666666666
ACOT2	3	1	2	0.6666666666666666
ACOT4	2	1	1	0.5
ACOT6	1	1	0	1
ACOT7	3	2	1	0.6666666666666666
ACOT8	3	2	1	0.6666666666666666
ACOT9	3	2	1	0.6666666666666666
ACOX1	3	1	2	0.6666666666666666
ACOX2	2	1	1	0.5
ACOX3	3	3	0	1
ACOXL	2	2	0	1
ACP1	3	0	3	1
ACP2	3	1	2	0.6666666666666666
ACP3	1	0	1	1
ACP5	3	1	2	0.6666666666666666
ACP6	3	0	3	1
ACP7	2	1	1	0.5
ACPL2	1	0	1	1
ACPP	1	1	0	1
ACPT	2	0	2	1
ACR	2	0	2	1
ACRBP	3	0	3	1
ACRC	1	1	0	1
ACRV1	3	2	1	0.6666666666666666
ACSBG1	3	1	2	0.6666666666666666
ACSBG2	3	2	1	0.6666666666666666
ACSF2	3	2	1	0.6666666666666666
ACSF3	3	3	0	1
ACSL1	3	1	2	0.6666666666666666
ACSL3	3	0	3	1
ACSL4	3	1	2	0.6666666666666666
ACSL5	3	2	1	0.6666666666666666
ACSL6	2	1	1	0.5
ACSM1	1	1	0	1
ACSM3	3	1	2	0.6666666666666666
ACSM4	2	1	1	0.5
ACSM6	1	1	0	1
ACSS1	3	2	1	0.6666666666666666
ACSS2	3	2	1	0.6666666666666666
ACSS3	3	1	2	0.6666666666666666
ACTA1	1	1	0	1
ACTA2	3	2	1	0.6666666666666666
ACTB	3	2	1	0.6666666666666666
ACTBL2	3	2	1	0.6666666666666666
ACTC1	1	0	1	1
ACTG1	3	3	0	1
ACTG1P17	1	1	0	1
ACTG1P20	1	1	0	1
ACTG1P4	1	0	1	1
ACTG2	1	0	1	1
ACTL10	3	2	1	0.6666666666666666
ACTL6A	3	1	2	0.6666666666666666
ACTL6B	1	0	1	1
ACTL7A	1	1	0	1
ACTL7B	1	1	0	1
ACTL8	2	1	1	0.5
ACTN1	3	3	0	1
ACTN2	3	1	2	0.6666666666666666
ACTN3	1	0	1	1
ACTN4	3	2	1	0.6666666666666666
ACTR10	3	3	0	1
ACTR1A	3	3	0	1
ACTR1B	3	3	0	1
ACTR2	3	1	2	0.6666666666666666
ACTR3	3	1	2	0.6666666666666666
ACTR3-AS1	1	0	1	1
ACTR3B	3	1	2	0.6666666666666666
ACTR3C	3	2	1	0.6666666666666666
ACTR5	3	2	1	0.6666666666666666
ACTR6	3	0	3	1
ACTR8	3	1	2	0.6666666666666666
ACTRT1	1	1	0	1
ACTRT3	3	2	1	0.6666666666666666
ACVR1	3	1	2	0.6666666666666666
ACVR1B	3	1	2	0.6666666666666666
ACVR1C	3	1	2	0.6666666666666666
ACVR2A	3	1	2	0.6666666666666666
ACVR2B	3	0	3	1
ACVR2B-AS1	1	1	0	1
ACVRL1	2	1	1	0.5
ACY1	2	1	1	0.5
ACY3	2	2	0	1
ACYP1	3	2	1	0.6666666666666666
ACYP2	3	3	0	1
AD000671.6	1	0	1	1
ADA	3	1	2	0.6666666666666666
ADA2	1	0	1	1
ADAD2	1	1	0	1
ADAL	3	2	1	0.6666666666666666
ADAM10	3	1	2	0.6666666666666666
ADAM11	3	1	2	0.6666666666666666
ADAM12	3	2	1	0.6666666666666666
ADAM15	3	0	3	1
ADAM17	3	0	3	1
ADAM18	1	0	1	1
ADAM19	3	2	1	0.6666666666666666
ADAM20	1	1	0	1
ADAM21	3	2	1	0.6666666666666666
ADAM22	3	1	2	0.6666666666666666
ADAM23	3	2	1	0.6666666666666666
ADAM28	2	1	1	0.5
ADAM29	1	1	0	1
ADAM30	1	1	0	1
ADAM32	3	0	3	1
ADAM33	1	0	1	1
ADAM8	3	1	2	0.6666666666666666
ADAM9	3	1	2	0.6666666666666666
ADAMTS1	3	2	1	0.6666666666666666
ADAMTS10	3	2	1	0.6666666666666666
ADAMTS12	3	2	1	0.6666666666666666
ADAMTS13	3	2	1	0.6666666666666666
ADAMTS14	3	2	1	0.6666666666666666
ADAMTS15	3	1	2	0.6666666666666666
ADAMTS16	3	2	1	0.6666666666666666
ADAMTS17	3	2	1	0.6666666666666666
ADAMTS18	3	2	1	0.6666666666666666
ADAMTS19	3	1	2	0.6666666666666666
ADAMTS2	3	1	2	0.6666666666666666
ADAMTS20	1	1	0	1
ADAMTS3	3	0	3	1
ADAMTS4	2	1	1	0.5
ADAMTS5	2	1	1	0.5
ADAMTS6	3	1	2	0.6666666666666666
ADAMTS7	2	1	1	0.5
ADAMTS8	2	1	1	0.5
ADAMTS9	3	1	2	0.6666666666666666
ADAMTSL1	3	2	1	0.6666666666666666
ADAMTSL2	1	1	0	1
ADAMTSL3	3	1	2	0.6666666666666666
ADAMTSL4	3	2	1	0.6666666666666666
ADAMTSL5	3	2	1	0.6666666666666666
ADAP1	3	2	1	0.6666666666666666
ADAP2	3	1	2	0.6666666666666666
ADAR	3	0	3	1
ADARB1	3	3	0	1
ADARB2	2	2	0	1
ADAT1	3	3	0	1
ADAT2	3	1	2	0.6666666666666666
ADAT3	2	1	1	0.5
ADC	1	0	1	1
ADCK1	3	0	3	1
ADCK2	3	2	1	0.6666666666666666
ADCK3	1	1	0	1
ADCK4	1	0	1	1
ADCK5	3	2	1	0.6666666666666666
ADCY1	3	1	2	0.6666666666666666
ADCY10	1	0	1	1
ADCY10P1	1	0	1	1
ADCY2	1	1	0	1
ADCY3	3	2	1	0.6666666666666666
ADCY4	2	0	2	1
ADCY5	2	1	1	0.5
ADCY6	3	0	3	1
ADCY7	3	2	1	0.6666666666666666
ADCY9	3	2	1	0.6666666666666666
ADCYAP1	2	1	1	0.5
ADCYAP1R1	1	0	1	1
ADD1	3	2	1	0.6666666666666666
ADD2	3	1	2	0.6666666666666666
ADD3	3	1	2	0.6666666666666666
ADGB	2	1	1	0.5
ADGRA1	1	0	1	1
ADGRA2	1	0	1	1
ADGRA3	2	2	0	1
ADGRB1	2	1	1	0.5
ADGRB2	2	1	1	0.5
ADGRB3	1	0	1	1
ADGRD1	1	0	1	1
ADGRE1	1	1	0	1
ADGRE2	2	2	0	1
ADGRE3	1	0	1	1
ADGRE5	2	1	1	0.5
ADGRF1	2	1	1	0.5
ADGRF2	2	2	0	1
ADGRF3	2	2	0	1
ADGRF4	2	1	1	0.5
ADGRF5	2	0	2	1
ADGRG1	2	2	0	1
ADGRG2	2	2	0	1
ADGRG3	1	1	0	1
ADGRG4	2	1	1	0.5
ADGRG5	1	1	0	1
ADGRG6	2	0	2	1
ADGRG7	1	1	0	1
ADGRL1	2	1	1	0.5
ADGRL2	2	1	1	0.5
ADGRL3	2	2	0	1
ADGRL4	1	0	1	1
ADGRV1	2	1	1	0.5
ADH1A	1	0	1	1
ADH1C	1	1	0	1
ADH4	1	0	1	1
ADH5	3	1	2	0.6666666666666666
ADH6	3	1	2	0.6666666666666666
ADH7	1	1	0	1
ADHFE1	3	2	1	0.6666666666666666
ADI1	3	1	2	0.6666666666666666
ADIG	1	1	0	1
ADIPOQ	2	0	2	1
ADIPOR1	3	1	2	0.6666666666666666
ADIPOR2	3	1	2	0.6666666666666666
ADIRF	3	2	1	0.6666666666666666
ADK	3	2	1	0.6666666666666666
ADM	3	2	1	0.6666666666666666
ADM2	3	2	1	0.6666666666666666
ADM5	3	2	1	0.6666666666666666
ADNP	3	1	2	0.6666666666666666
ADNP-AS1	1	1	0	1
ADNP2	3	0	3	1
ADO	3	1	2	0.6666666666666666
ADORA1	3	0	3	1
ADORA2A	2	2	0	1
ADORA2B	3	2	1	0.6666666666666666
ADORA3	1	1	0	1
ADPGK	3	0	3	1
ADPRH	3	3	0	1
ADPRHL1	3	2	1	0.6666666666666666
ADPRHL2	3	3	0	1
ADPRM	3	2	1	0.6666666666666666
ADRA1A	1	0	1	1
ADRA1B	3	2	1	0.6666666666666666
ADRA1D	2	2	0	1
ADRA2A	2	0	2	1
ADRA2B	2	0	2	1
ADRA2C	1	0	1	1
ADRB1	3	2	1	0.6666666666666666
ADRB2	3	3	0	1
ADRBK1	1	0	1	1
ADRBK2	1	0	1	1
ADRM1	3	2	1	0.6666666666666666
ADSL	3	2	1	0.6666666666666666
ADSS	2	1	1	0.5
ADSS1	1	0	1	1
ADSS2	1	0	1	1
ADSSL1	2	1	1	0.5
ADTRP	3	2	1	0.6666666666666666
AEBP1	3	1	2	0.6666666666666666
AEBP2	3	1	2	0.6666666666666666
AEN	3	2	1	0.6666666666666666
AES	2	0	2	1
AF196779.12	1	1	0	1
AFAP1	3	2	1	0.6666666666666666
AFAP1-AS1	1	1	0	1
AFAP1L1	3	3	0	1
AFAP1L2	3	2	1	0.6666666666666666
AFDN	2	0	2	1
AFDN-DT	1	0	1	1
AFF1	3	1	2	0.6666666666666666
AFF1-AS1	1	0	1	1
AFF2	2	1	1	0.5
AFF3	3	2	1	0.6666666666666666
AFF4	3	1	2	0.6666666666666666
AFG1L	1	1	0	1
AFG3L1P	1	1	0	1
AFG3L2	3	1	2	0.6666666666666666
AFM	1	1	0	1
AFMID	3	2	1	0.6666666666666666
AFP	2	1	1	0.5
AFTPH	3	1	2	0.6666666666666666
AGA	3	2	1	0.6666666666666666
AGAP1	3	1	2	0.6666666666666666
AGAP10	1	0	1	1
AGAP11	2	2	0	1
AGAP2	2	2	0	1
AGAP2-AS1	2	2	0	1
AGAP3	3	2	1	0.6666666666666666
AGAP4	3	1	2	0.6666666666666666
AGAP5	2	0	2	1
AGAP6	3	0	3	1
AGAP7	1	1	0	1
AGAP8	1	0	1	1
AGAP9	2	1	1	0.5
AGBL2	3	3	0	1
AGBL3	3	2	1	0.6666666666666666
AGBL5	3	2	1	0.6666666666666666
AGER	3	1	2	0.6666666666666666
AGFG1	3	1	2	0.6666666666666666
AGFG2	3	2	1	0.6666666666666666
AGGF1	3	2	1	0.6666666666666666
AGK	3	2	1	0.6666666666666666
AGL	3	0	3	1
AGMAT	3	0	3	1
AGMO	1	1	0	1
AGO1	3	3	0	1
AGO2	3	1	2	0.6666666666666666
AGO3	3	1	2	0.6666666666666666
AGO4	3	1	2	0.6666666666666666
AGPAT1	3	2	1	0.6666666666666666
AGPAT2	3	2	1	0.6666666666666666
AGPAT3	3	2	1	0.6666666666666666
AGPAT4	3	1	2	0.6666666666666666
AGPAT4-IT1	1	0	1	1
AGPAT5	3	2	1	0.6666666666666666
AGPAT6	1	1	0	1
AGPAT9	1	0	1	1
AGPS	3	2	1	0.6666666666666666
AGR2	1	0	1	1
AGR3	1	0	1	1
AGRN	3	2	1	0.6666666666666666
AGRP	1	0	1	1
AGT	1	1	0	1
AGTPBP1	3	0	3	1
AGTR1	2	1	1	0.5
AGTR2	1	0	1	1
AGTRAP	3	3	0	1
AGXT	1	1	0	1
AHCTF1	3	2	1	0.6666666666666666
AHCTF1P1	1	1	0	1
AHCY	3	2	1	0.6666666666666666
AHCYL1	3	0	3	1
AHCYL2	3	1	2	0.6666666666666666
AHDC1	3	3	0	1
AHI1	3	0	3	1
AHNAK	3	0	3	1
AHNAK2	3	2	1	0.6666666666666666
AHR	2	2	0	1
AHRR	3	1	2	0.6666666666666666
AHSA1	3	1	2	0.6666666666666666
AHSA2	2	2	0	1
AHSA2P	1	1	0	1
AHSG	2	1	1	0.5
AHSP	1	0	1	1
AIDA	3	1	2	0.6666666666666666
AIF1	1	1	0	1
AIF1L	3	3	0	1
AIFM1	3	1	2	0.6666666666666666
AIFM2	3	2	1	0.6666666666666666
AIFM3	3	3	0	1
AIG1	3	2	1	0.6666666666666666
AIM1	2	1	1	0.5
AIM1L	2	2	0	1
AIM2	1	1	0	1
AIMP1	3	1	2	0.6666666666666666
AIMP2	3	1	2	0.6666666666666666
AIP	3	3	0	1
AIPL1	1	0	1	1
AIRE	1	0	1	1
AJAP1	2	1	1	0.5
AJM1	1	1	0	1
AJUBA	3	2	1	0.6666666666666666
AK1	3	2	1	0.6666666666666666
AK2	3	2	1	0.6666666666666666
AK3	3	1	2	0.6666666666666666
AK4	3	2	1	0.6666666666666666
AK5	3	0	3	1
AK6	2	0	2	1
AK7	3	1	2	0.6666666666666666
AK8	3	3	0	1
AK9	3	2	1	0.6666666666666666
AKAP1	3	2	1	0.6666666666666666
AKAP10	3	2	1	0.6666666666666666
AKAP11	3	2	1	0.6666666666666666
AKAP12	3	1	2	0.6666666666666666
AKAP13	3	2	1	0.6666666666666666
AKAP14	2	2	0	1
AKAP17A	3	1	2	0.6666666666666666
AKAP2	2	2	0	1
AKAP3	3	0	3	1
AKAP4	1	0	1	1
AKAP5	3	0	3	1
AKAP6	3	1	2	0.6666666666666666
AKAP7	3	1	2	0.6666666666666666
AKAP8	3	2	1	0.6666666666666666
AKAP8L	3	2	1	0.6666666666666666
AKAP9	3	0	3	1
AKIP1	3	1	2	0.6666666666666666
AKIRIN1	3	1	2	0.6666666666666666
AKIRIN2	3	3	0	1
AKNA	3	2	1	0.6666666666666666
AKNAD1	2	0	2	1
AKR1A1	3	0	3	1
AKR1B1	3	3	0	1
AKR1B10	1	1	0	1
AKR1B15	1	1	0	1
AKR1C1	3	1	2	0.6666666666666666
AKR1C2	2	2	0	1
AKR1C3	3	2	1	0.6666666666666666
AKR1C4	1	1	0	1
AKR1D1	1	0	1	1
AKR1E2	2	1	1	0.5
AKR7A2	3	2	1	0.6666666666666666
AKR7A2P1	1	0	1	1
AKR7A3	3	2	1	0.6666666666666666
AKR7L	2	2	0	1
AKT1	3	2	1	0.6666666666666666
AKT1S1	3	2	1	0.6666666666666666
AKT2	3	2	1	0.6666666666666666
AKT3	3	2	1	0.6666666666666666
AKTIP	3	1	2	0.6666666666666666
AL009178.1	1	1	0	1
AL020996.1	1	1	0	1
AL021546.6	1	0	1	1
AL022328.1	1	0	1	1
AL031320.1	1	1	0	1
AL031666.2	1	1	0	1
AL035252.1	1	0	1	1
AL035406.1	1	1	0	1
AL035588.1	1	0	1	1
AL049829.1	1	0	1	1
AL049840.1	1	1	0	1
AL109927.1	1	1	0	1
AL118506.1	1	0	1	1
AL121761.2	1	0	1	1
AL132989.1	1	1	0	1
AL136218.1	1	1	0	1
AL136376.1	1	0	1	1
AL139099.1	1	1	0	1
AL139147.1	1	1	0	1
AL161784.1	1	1	0	1
AL161915.1	1	1	0	1
AL162389.1	1	1	0	1
AL162407.1	1	0	1	1
AL162424.1	1	1	0	1
AL163636.6	1	0	1	1
AL353354.1	1	1	0	1
AL353354.2	1	1	0	1
AL354718.1	1	1	0	1
AL355490.1	1	1	0	1
AL356356.1	1	1	0	1
AL357673.1	1	0	1	1
AL358113.1	1	0	1	1
AL360004.1	1	1	0	1
AL391152.1	1	1	0	1
AL391421.1	1	1	0	1
AL441883.1	1	1	0	1
AL583828.1	1	1	0	1
AL590235.1	1	0	1	1
AL590452.1	1	1	0	1
AL590708.2	1	1	0	1
AL590822.2	1	0	1	1
AL591479.1	1	0	1	1
AL591684.1	1	1	0	1
AL592284.1	1	1	0	1
AL603965.1	1	1	0	1
AL626787.1	1	0	1	1
AL627171.2	1	0	1	1
AL627309.1	1	1	0	1
AL645728.1	1	1	0	1
AL807752.1	1	1	0	1
ALAD	3	3	0	1
ALAS1	3	1	2	0.6666666666666666
ALAS2	1	1	0	1
ALB	2	1	1	0.5
ALCAM	3	0	3	1
ALDH16A1	3	2	1	0.6666666666666666
ALDH18A1	3	3	0	1
ALDH1A1	1	0	1	1
ALDH1A2	2	1	1	0.5
ALDH1A3	3	2	1	0.6666666666666666
ALDH1B1	3	2	1	0.6666666666666666
ALDH1L1	3	2	1	0.6666666666666666
ALDH1L2	3	2	1	0.6666666666666666
ALDH2	3	1	2	0.6666666666666666
ALDH3A1	2	2	0	1
ALDH3A2	3	2	1	0.6666666666666666
ALDH3B1	3	2	1	0.6666666666666666
ALDH3B2	2	1	1	0.5
ALDH4A1	3	3	0	1
ALDH5A1	3	2	1	0.6666666666666666
ALDH6A1	3	1	2	0.6666666666666666
ALDH7A1	3	1	2	0.6666666666666666
ALDH8A1	3	3	0	1
ALDH9A1	3	1	2	0.6666666666666666
ALDOA	3	2	1	0.6666666666666666
ALDOB	1	0	1	1
ALDOC	3	2	1	0.6666666666666666
ALG1	3	2	1	0.6666666666666666
ALG10	3	1	2	0.6666666666666666
ALG10B	3	0	3	1
ALG11	3	3	0	1
ALG12	3	1	2	0.6666666666666666
ALG13	3	0	3	1
ALG14	3	1	2	0.6666666666666666
ALG1L	3	3	0	1
ALG1L2	2	1	1	0.5
ALG1L9P	1	0	1	1
ALG2	3	2	1	0.6666666666666666
ALG3	3	1	2	0.6666666666666666
ALG5	3	1	2	0.6666666666666666
ALG6	3	1	2	0.6666666666666666
ALG8	3	2	1	0.6666666666666666
ALG9	3	0	3	1
ALK	1	0	1	1
ALKAL1	1	0	1	1
ALKAL2	1	1	0	1
ALKBH1	3	1	2	0.6666666666666666
ALKBH2	3	2	1	0.6666666666666666
ALKBH3	3	2	1	0.6666666666666666
ALKBH4	3	3	0	1
ALKBH5	3	3	0	1
ALKBH6	3	0	3	1
ALKBH7	3	1	2	0.6666666666666666
ALKBH8	3	0	3	1
ALLC	1	0	1	1
ALMS1	3	2	1	0.6666666666666666
ALMS1-IT1	1	0	1	1
ALOX12	3	2	1	0.6666666666666666
ALOX12-AS1	1	1	0	1
ALOX12B	2	2	0	1
ALOX12P2	1	1	0	1
ALOX15	1	1	0	1
ALOX15B	1	1	0	1
ALOX5	3	2	1	0.6666666666666666
ALOX5AP	3	3	0	1
ALOXE3	3	3	0	1
ALPI	1	0	1	1
ALPK1	3	2	1	0.6666666666666666
ALPK2	3	1	2	0.6666666666666666
ALPK3	3	1	2	0.6666666666666666
ALPL	2	1	1	0.5
ALPP	2	1	1	0.5
ALPPL2	1	0	1	1
ALS2	3	1	2	0.6666666666666666
ALS2CL	3	3	0	1
ALS2CR11	1	0	1	1
ALS2CR12	2	1	1	0.5
ALX1	2	0	2	1
ALX3	3	0	3	1
ALX4	1	0	1	1
ALYREF	3	3	0	1
AMACR	3	1	2	0.6666666666666666
AMBN	1	0	1	1
AMBP	1	0	1	1
AMBRA1	3	2	1	0.6666666666666666
AMD1	3	1	2	0.6666666666666666
AMDHD1	2	1	1	0.5
AMDHD2	3	2	1	0.6666666666666666
AMER1	3	1	2	0.6666666666666666
AMER2	1	0	1	1
AMER3	1	1	0	1
AMFR	3	0	3	1
AMH	2	1	1	0.5
AMHR2	1	1	0	1
AMIGO1	3	1	2	0.6666666666666666
AMIGO2	3	1	2	0.6666666666666666
AMIGO3	3	2	1	0.6666666666666666
AMMECR1	3	1	2	0.6666666666666666
AMMECR1L	3	1	2	0.6666666666666666
AMN	3	2	1	0.6666666666666666
AMN1	3	1	2	0.6666666666666666
AMOT	3	0	3	1
AMOTL1	3	2	1	0.6666666666666666
AMOTL2	3	3	0	1
AMPD1	1	0	1	1
AMPD2	3	1	2	0.6666666666666666
AMPD3	3	2	1	0.6666666666666666
AMPH	2	0	2	1
AMT	3	2	1	0.6666666666666666
AMTN	1	1	0	1
AMY1A	1	0	1	1
AMY1B	1	1	0	1
AMY1C	1	1	0	1
AMY2A	1	1	0	1
AMY2B	3	0	3	1
AMZ1	3	1	2	0.6666666666666666
AMZ2	3	3	0	1
AMZ2P1	1	1	0	1
ANAPC1	3	1	2	0.6666666666666666
ANAPC10	3	2	1	0.6666666666666666
ANAPC11	3	1	2	0.6666666666666666
ANAPC13	3	1	2	0.6666666666666666
ANAPC15	3	2	1	0.6666666666666666
ANAPC16	3	1	2	0.6666666666666666
ANAPC2	3	3	0	1
ANAPC4	3	1	2	0.6666666666666666
ANAPC5	3	1	2	0.6666666666666666
ANAPC7	3	0	3	1
ANG	2	0	2	1
ANGEL1	3	2	1	0.6666666666666666
ANGEL2	3	2	1	0.6666666666666666
ANGPT1	2	2	0	1
ANGPT2	2	0	2	1
ANGPT4	2	2	0	1
ANGPTL1	2	0	2	1
ANGPTL2	3	1	2	0.6666666666666666
ANGPTL3	2	2	0	1
ANGPTL4	3	1	2	0.6666666666666666
ANGPTL5	1	0	1	1
ANGPTL6	3	2	1	0.6666666666666666
ANGPTL7	1	0	1	1
ANGPTL8	1	1	0	1
ANHX	1	0	1	1
ANK1	3	2	1	0.6666666666666666
ANK2	3	1	2	0.6666666666666666
ANK3	3	1	2	0.6666666666666666
ANKAR	3	2	1	0.6666666666666666
ANKDD1A	3	2	1	0.6666666666666666
ANKDD1B	2	1	1	0.5
ANKEF1	3	2	1	0.6666666666666666
ANKFN1	2	1	1	0.5
ANKFY1	3	3	0	1
ANKH	3	1	2	0.6666666666666666
ANKHD1	3	1	2	0.6666666666666666
ANKHD1-EIF4EBP3	3	1	2	0.6666666666666666
ANKIB1	3	1	2	0.6666666666666666
ANKK1	2	1	1	0.5
ANKLE1	3	0	3	1
ANKLE2	3	2	1	0.6666666666666666
ANKMY1	3	2	1	0.6666666666666666
ANKMY2	2	1	1	0.5
ANKRA2	3	1	2	0.6666666666666666
ANKRD1	3	2	1	0.6666666666666666
ANKRD10	3	1	2	0.6666666666666666
ANKRD11	3	2	1	0.6666666666666666
ANKRD12	3	0	3	1
ANKRD13A	3	1	2	0.6666666666666666
ANKRD13B	3	3	0	1
ANKRD13C	3	1	2	0.6666666666666666
ANKRD13D	3	2	1	0.6666666666666666
ANKRD16	3	1	2	0.6666666666666666
ANKRD17	3	1	2	0.6666666666666666
ANKRD18A	3	2	1	0.6666666666666666
ANKRD18B	3	1	2	0.6666666666666666
ANKRD18CP	1	1	0	1
ANKRD18DP	1	1	0	1
ANKRD19P	1	1	0	1
ANKRD2	3	3	0	1
ANKRD20A1	1	0	1	1
ANKRD20A11P	1	1	0	1
ANKRD20A2	1	0	1	1
ANKRD20A3	1	1	0	1
ANKRD20A4	2	1	1	0.5
ANKRD20A4-ANKRD20A20P	1	1	0	1
ANKRD22	3	1	2	0.6666666666666666
ANKRD23	3	2	1	0.6666666666666666
ANKRD24	3	2	1	0.6666666666666666
ANKRD26	3	1	2	0.6666666666666666
ANKRD27	3	1	2	0.6666666666666666
ANKRD28	3	1	2	0.6666666666666666
ANKRD29	3	2	1	0.6666666666666666
ANKRD30A	1	0	1	1
ANKRD30B	2	2	0	1
ANKRD31	3	0	3	1
ANKRD32	1	0	1	1
ANKRD33B	3	2	1	0.6666666666666666
ANKRD34A	3	2	1	0.6666666666666666
ANKRD34B	2	1	1	0.5
ANKRD35	1	1	0	1
ANKRD36	3	3	0	1
ANKRD36B	2	2	0	1
ANKRD36C	3	1	2	0.6666666666666666
ANKRD37	3	2	1	0.6666666666666666
ANKRD39	3	1	2	0.6666666666666666
ANKRD40	3	2	1	0.6666666666666666
ANKRD42	3	0	3	1
ANKRD44	3	2	1	0.6666666666666666
ANKRD45	2	1	1	0.5
ANKRD46	3	1	2	0.6666666666666666
ANKRD49	3	2	1	0.6666666666666666
ANKRD50	3	1	2	0.6666666666666666
ANKRD52	3	1	2	0.6666666666666666
ANKRD53	2	2	0	1
ANKRD54	3	2	1	0.6666666666666666
ANKRD55	1	0	1	1
ANKRD6	3	1	2	0.6666666666666666
ANKRD60	1	1	0	1
ANKRD61	3	1	2	0.6666666666666666
ANKRD62	1	0	1	1
ANKRD62P1-PARP4P3	1	1	0	1
ANKRD63	1	1	0	1
ANKRD65	2	1	1	0.5
ANKRD66	1	0	1	1
ANKRD7	3	2	1	0.6666666666666666
ANKRD9	3	1	2	0.6666666666666666
ANKS1A	3	2	1	0.6666666666666666
ANKS1B	2	1	1	0.5
ANKS3	3	2	1	0.6666666666666666
ANKS6	3	2	1	0.6666666666666666
ANKUB1	2	1	1	0.5
ANKZF1	3	1	2	0.6666666666666666
ANLN	3	1	2	0.6666666666666666
ANO1	2	2	0	1
ANO10	3	2	1	0.6666666666666666
ANO2	3	2	1	0.6666666666666666
ANO3	2	1	1	0.5
ANO4	3	1	2	0.6666666666666666
ANO5	3	1	2	0.6666666666666666
ANO6	3	1	2	0.6666666666666666
ANO7	3	1	2	0.6666666666666666
ANO8	3	2	1	0.6666666666666666
ANO9	3	2	1	0.6666666666666666
ANOS1	2	1	1	0.5
ANP32A	3	0	3	1
ANP32A-IT1	1	1	0	1
ANP32AP1	1	1	0	1
ANP32B	3	1	2	0.6666666666666666
ANP32C	1	0	1	1
ANP32D	1	1	0	1
ANP32E	3	0	3	1
ANPEP	3	0	3	1
ANTKMT	1	1	0	1
ANTXR1	3	2	1	0.6666666666666666
ANTXR2	3	2	1	0.6666666666666666
ANTXRL	1	1	0	1
ANXA1	3	0	3	1
ANXA10	1	1	0	1
ANXA11	3	2	1	0.6666666666666666
ANXA13	1	1	0	1
ANXA2	3	3	0	1
ANXA2P1	1	0	1	1
ANXA2P2	1	1	0	1
ANXA2P3	1	1	0	1
ANXA2R	3	1	2	0.6666666666666666
ANXA3	3	2	1	0.6666666666666666
ANXA4	3	2	1	0.6666666666666666
ANXA5	3	1	2	0.6666666666666666
ANXA6	3	1	2	0.6666666666666666
ANXA7	3	2	1	0.6666666666666666
ANXA8	2	2	0	1
ANXA8L1	2	1	1	0.5
ANXA8L2	1	1	0	1
ANXA9	3	1	2	0.6666666666666666
AOAH	1	1	0	1
AOC1	2	0	2	1
AOC2	3	0	3	1
AOC3	3	0	3	1
AOPEP	1	1	0	1
AOX1	3	2	1	0.6666666666666666
AP000275.65	1	1	0	1
AP000295.9	1	1	0	1
AP000304.12	1	1	0	1
AP000322.54	1	1	0	1
AP000349.1	1	1	0	1
AP000350.10	1	0	1	1
AP000350.4	1	0	1	1
AP000695.1	1	1	0	1
AP000721.4	1	0	1	1
AP000758.1	1	0	1	1
AP000769.1	1	1	0	1
AP000783.1	1	0	1	1
AP000974.1	1	0	1	1
AP001055.1	1	0	1	1
AP001362.1	1	1	0	1
AP001421.1	1	0	1	1
AP001468.1	1	0	1	1
AP001631.10	1	1	0	1
AP001652.1	1	1	0	1
AP001816.1	1	1	0	1
AP003068.23	1	1	0	1
AP003068.6	1	1	0	1
AP003733.1	1	0	1	1
AP003774.4	1	1	0	1
AP005482.1	1	0	1	1
AP006621.5	1	1	0	1
AP1AR	3	2	1	0.6666666666666666
AP1B1	3	3	0	1
AP1G1	3	2	1	0.6666666666666666
AP1G2	3	1	2	0.6666666666666666
AP1M1	3	2	1	0.6666666666666666
AP1M2	3	2	1	0.6666666666666666
AP1S1	3	2	1	0.6666666666666666
AP1S2	3	2	1	0.6666666666666666
AP1S3	3	1	2	0.6666666666666666
AP2A1	3	2	1	0.6666666666666666
AP2A2	3	1	2	0.6666666666666666
AP2B1	3	2	1	0.6666666666666666
AP2M1	3	1	2	0.6666666666666666
AP2S1	3	1	2	0.6666666666666666
AP3B1	3	0	3	1
AP3B2	2	1	1	0.5
AP3D1	3	2	1	0.6666666666666666
AP3M1	3	1	2	0.6666666666666666
AP3M2	3	1	2	0.6666666666666666
AP3S1	3	2	1	0.6666666666666666
AP3S2	3	1	2	0.6666666666666666
AP4B1	3	1	2	0.6666666666666666
AP4B1-AS1	1	0	1	1
AP4E1	3	1	2	0.6666666666666666
AP4M1	3	1	2	0.6666666666666666
AP4S1	3	1	2	0.6666666666666666
AP5B1	3	2	1	0.6666666666666666
AP5M1	3	3	0	1
AP5S1	3	2	1	0.6666666666666666
AP5Z1	3	2	1	0.6666666666666666
APAF1	3	2	1	0.6666666666666666
APBA1	3	2	1	0.6666666666666666
APBA2	3	1	2	0.6666666666666666
APBA3	3	3	0	1
APBB1	3	2	1	0.6666666666666666
APBB1IP	1	0	1	1
APBB2	3	0	3	1
APBB3	3	1	2	0.6666666666666666
APC	3	1	2	0.6666666666666666
APC2	3	2	1	0.6666666666666666
APCDD1	2	2	0	1
APCDD1L	3	2	1	0.6666666666666666
APEH	3	2	1	0.6666666666666666
APELA	1	0	1	1
APEX1	3	1	2	0.6666666666666666
APEX2	3	3	0	1
APH1A	3	0	3	1
APH1B	3	1	2	0.6666666666666666
API5	3	1	2	0.6666666666666666
APIP	3	1	2	0.6666666666666666
APITD1	1	0	1	1
APITD1-CORT	2	1	1	0.5
APLF	3	1	2	0.6666666666666666
APLN	3	1	2	0.6666666666666666
APLNR	1	1	0	1
APLP1	3	2	1	0.6666666666666666
APLP2	3	1	2	0.6666666666666666
APMAP	3	1	2	0.6666666666666666
APOA1	1	0	1	1
APOA1-AS	1	1	0	1
APOA1BP	1	0	1	1
APOA2	1	0	1	1
APOA4	1	1	0	1
APOA5	1	0	1	1
APOB	2	0	2	1
APOBEC2	1	0	1	1
APOBEC3A	1	1	0	1
APOBEC3B	3	3	0	1
APOBEC3C	3	3	0	1
APOBEC3D	2	1	1	0.5
APOBEC3F	3	1	2	0.6666666666666666
APOBEC3G	2	2	0	1
APOBEC3H	1	1	0	1
APOBEC4	1	1	0	1
APOBR	1	1	0	1
APOC1	2	0	2	1
APOC2	1	0	1	1
APOC3	1	0	1	1
APOC4	1	0	1	1
APOD	1	1	0	1
APOE	3	1	2	0.6666666666666666
APOF	1	1	0	1
APOL1	3	3	0	1
APOL2	3	2	1	0.6666666666666666
APOL3	3	2	1	0.6666666666666666
APOL4	1	0	1	1
APOL5	1	0	1	1
APOL6	3	2	1	0.6666666666666666
APOLD1	3	1	2	0.6666666666666666
APOM	3	2	1	0.6666666666666666
APOO	3	0	3	1
APOOL	3	1	2	0.6666666666666666
APOPT1	2	1	1	0.5
APP	3	2	1	0.6666666666666666
APPBP2	3	1	2	0.6666666666666666
APPL1	3	1	2	0.6666666666666666
APPL2	3	2	1	0.6666666666666666
APRT	3	2	1	0.6666666666666666
APTR	1	0	1	1
APTX	3	1	2	0.6666666666666666
AQP1	3	2	1	0.6666666666666666
AQP10	1	1	0	1
AQP11	3	3	0	1
AQP12A	1	0	1	1
AQP2	2	0	2	1
AQP3	2	1	1	0.5
AQP4	2	0	2	1
AQP5	2	0	2	1
AQP6	3	1	2	0.6666666666666666
AQP7	1	0	1	1
AQP7P1	1	1	0	1
AQP8	1	0	1	1
AQP9	1	1	0	1
AQR	3	1	2	0.6666666666666666
AR	3	1	2	0.6666666666666666
ARAF	3	2	1	0.6666666666666666
ARAP1	3	3	0	1
ARAP1-AS2	1	1	0	1
ARAP2	3	3	0	1
ARAP3	3	3	0	1
ARC	1	0	1	1
ARCN1	3	0	3	1
AREG	3	2	1	0.6666666666666666
AREGB	1	0	1	1
AREL1	3	0	3	1
ARF1	3	3	0	1
ARF3	3	1	2	0.6666666666666666
ARF4	3	1	2	0.6666666666666666
ARF4-AS1	1	1	0	1
ARF5	3	3	0	1
ARF6	3	2	1	0.6666666666666666
ARFGAP1	3	3	0	1
ARFGAP2	3	2	1	0.6666666666666666
ARFGAP3	3	1	2	0.6666666666666666
ARFGEF1	3	3	0	1
ARFGEF2	3	2	1	0.6666666666666666
ARFGEF3	2	1	1	0.5
ARFIP1	3	1	2	0.6666666666666666
ARFIP2	3	2	1	0.6666666666666666
ARFRP1	3	2	1	0.6666666666666666
ARG1	1	0	1	1
ARG2	3	1	2	0.6666666666666666
ARGFX	1	0	1	1
ARGLU1	3	1	2	0.6666666666666666
ARHGAP1	3	3	0	1
ARHGAP10	3	2	1	0.6666666666666666
ARHGAP11A	3	0	3	1
ARHGAP11B	3	2	1	0.6666666666666666
ARHGAP12	3	1	2	0.6666666666666666
ARHGAP15	1	0	1	1
ARHGAP17	3	1	2	0.6666666666666666
ARHGAP18	3	2	1	0.6666666666666666
ARHGAP19	3	1	2	0.6666666666666666
ARHGAP19-SLIT1	1	1	0	1
ARHGAP20	1	1	0	1
ARHGAP21	3	1	2	0.6666666666666666
ARHGAP22	3	1	2	0.6666666666666666
ARHGAP23	3	2	1	0.6666666666666666
ARHGAP24	3	2	1	0.6666666666666666
ARHGAP25	2	1	1	0.5
ARHGAP26	3	0	3	1
ARHGAP27	3	3	0	1
ARHGAP27P1	1	1	0	1
ARHGAP27P1-BPTFP1-KPNA2P3	1	1	0	1
ARHGAP28	3	0	3	1
ARHGAP29	3	1	2	0.6666666666666666
ARHGAP30	3	2	1	0.6666666666666666
ARHGAP31	3	2	1	0.6666666666666666
ARHGAP31-AS1	1	1	0	1
ARHGAP32	3	2	1	0.6666666666666666
ARHGAP33	3	2	1	0.6666666666666666
ARHGAP35	3	0	3	1
ARHGAP39	3	1	2	0.6666666666666666
ARHGAP4	3	1	2	0.6666666666666666
ARHGAP40	2	2	0	1
ARHGAP42	3	1	2	0.6666666666666666
ARHGAP44	3	1	2	0.6666666666666666
ARHGAP45	2	2	0	1
ARHGAP5	3	2	1	0.6666666666666666
ARHGAP5-AS1	1	0	1	1
ARHGAP6	3	3	0	1
ARHGAP8	3	1	2	0.6666666666666666
ARHGAP9	2	0	2	1
ARHGDIA	3	1	2	0.6666666666666666
ARHGDIB	3	1	2	0.6666666666666666
ARHGDIG	2	0	2	1
ARHGEF1	3	2	1	0.6666666666666666
ARHGEF10	3	2	1	0.6666666666666666
ARHGEF10L	3	2	1	0.6666666666666666
ARHGEF11	3	1	2	0.6666666666666666
ARHGEF12	3	0	3	1
ARHGEF15	1	0	1	1
ARHGEF16	3	3	0	1
ARHGEF17	3	3	0	1
ARHGEF18	3	2	1	0.6666666666666666
ARHGEF19	3	3	0	1
ARHGEF2	3	0	3	1
ARHGEF25	3	2	1	0.6666666666666666
ARHGEF26	3	0	3	1
ARHGEF26-AS1	1	0	1	1
ARHGEF28	3	2	1	0.6666666666666666
ARHGEF3	3	1	2	0.6666666666666666
ARHGEF33	1	1	0	1
ARHGEF34P	1	1	0	1
ARHGEF35	3	2	1	0.6666666666666666
ARHGEF37	3	2	1	0.6666666666666666
ARHGEF38	3	0	3	1
ARHGEF39	3	2	1	0.6666666666666666
ARHGEF4	3	2	1	0.6666666666666666
ARHGEF40	3	2	1	0.6666666666666666
ARHGEF5	3	3	0	1
ARHGEF6	3	1	2	0.6666666666666666
ARHGEF7	3	1	2	0.6666666666666666
ARHGEF9	3	1	2	0.6666666666666666
ARID1A	3	2	1	0.6666666666666666
ARID1B	3	2	1	0.6666666666666666
ARID2	3	1	2	0.6666666666666666
ARID3A	3	2	1	0.6666666666666666
ARID3B	3	2	1	0.6666666666666666
ARID3C	2	1	1	0.5
ARID4A	3	2	1	0.6666666666666666
ARID4B	3	1	2	0.6666666666666666
ARID5A	3	3	0	1
ARID5B	3	1	2	0.6666666666666666
ARIH1	3	1	2	0.6666666666666666
ARIH2	3	0	3	1
ARIH2OS	3	1	2	0.6666666666666666
ARL1	3	1	2	0.6666666666666666
ARL10	3	1	2	0.6666666666666666
ARL11	1	1	0	1
ARL13A	2	2	0	1
ARL13B	3	1	2	0.6666666666666666
ARL14	3	2	1	0.6666666666666666
ARL14EP	3	1	2	0.6666666666666666
ARL14EPL	2	1	1	0.5
ARL15	3	1	2	0.6666666666666666
ARL16	3	2	1	0.6666666666666666
ARL17A	3	3	0	1
ARL17B	3	3	0	1
ARL2	3	2	1	0.6666666666666666
ARL2BP	3	1	2	0.6666666666666666
ARL3	3	1	2	0.6666666666666666
ARL4A	3	1	2	0.6666666666666666
ARL4C	3	2	1	0.6666666666666666
ARL4D	3	1	2	0.6666666666666666
ARL5A	3	0	3	1
ARL5B	3	1	2	0.6666666666666666
ARL5C	1	0	1	1
ARL6	3	2	1	0.6666666666666666
ARL6IP1	3	2	1	0.6666666666666666
ARL6IP4	3	2	1	0.6666666666666666
ARL6IP5	3	0	3	1
ARL6IP6	3	2	1	0.6666666666666666
ARL8A	3	1	2	0.6666666666666666
ARL8B	3	2	1	0.6666666666666666
ARL9	2	0	2	1
ARLNC1	1	0	1	1
ARMC1	3	3	0	1
ARMC10	3	1	2	0.6666666666666666
ARMC12	3	1	2	0.6666666666666666
ARMC2	3	2	1	0.6666666666666666
ARMC3	2	0	2	1
ARMC4	3	2	1	0.6666666666666666
ARMC5	3	2	1	0.6666666666666666
ARMC6	3	3	0	1
ARMC7	3	2	1	0.6666666666666666
ARMC8	3	1	2	0.6666666666666666
ARMC9	3	2	1	0.6666666666666666
ARMCX1	3	1	2	0.6666666666666666
ARMCX2	3	2	1	0.6666666666666666
ARMCX3	3	2	1	0.6666666666666666
ARMCX4	3	1	2	0.6666666666666666
ARMCX5	3	1	2	0.6666666666666666
ARMCX5-GPRASP2	2	0	2	1
ARMCX6	3	1	2	0.6666666666666666
ARMH1	1	1	0	1
ARMH3	1	1	0	1
ARMH4	1	1	0	1
ARMS2	1	1	0	1
ARMT1	2	0	2	1
ARNT	3	0	3	1
ARNT2	3	3	0	1
ARNTL	3	3	0	1
ARNTL2	3	2	1	0.6666666666666666
ARPC1A	3	2	1	0.6666666666666666
ARPC1B	3	1	2	0.6666666666666666
ARPC2	3	1	2	0.6666666666666666
ARPC3	3	2	1	0.6666666666666666
ARPC4	3	2	1	0.6666666666666666
ARPC4-TTLL3	2	0	2	1
ARPC5	3	2	1	0.6666666666666666
ARPC5L	3	2	1	0.6666666666666666
ARPIN	2	0	2	1
ARPP19	3	2	1	0.6666666666666666
ARPP21	1	0	1	1
ARR3	3	2	1	0.6666666666666666
ARRB1	3	0	3	1
ARRB2	3	3	0	1
ARRDC1	3	3	0	1
ARRDC1-AS1	1	1	0	1
ARRDC2	3	1	2	0.6666666666666666
ARRDC3	3	0	3	1
ARRDC3-AS1	1	1	0	1
ARRDC4	3	1	2	0.6666666666666666
ARRDC5	1	1	0	1
ARSA	3	1	2	0.6666666666666666
ARSB	3	0	3	1
ARSD	3	3	0	1
ARSE	1	1	0	1
ARSG	3	3	0	1
ARSI	2	1	1	0.5
ARSJ	3	3	0	1
ARSK	3	1	2	0.6666666666666666
ART1	1	1	0	1
ART3	1	0	1	1
ART4	2	0	2	1
ART5	1	0	1	1
ARTN	3	1	2	0.6666666666666666
ARV1	3	1	2	0.6666666666666666
ARVCF	3	3	0	1
ARX	2	1	1	0.5
AS3MT	2	1	1	0.5
ASAH1	3	0	3	1
ASAH2	3	1	2	0.6666666666666666
ASAH2B	3	1	2	0.6666666666666666
ASAH2C	1	0	1	1
ASAP1	3	0	3	1
ASAP2	3	2	1	0.6666666666666666
ASAP3	3	2	1	0.6666666666666666
ASB1	3	3	0	1
ASB10	1	0	1	1
ASB12	2	1	1	0.5
ASB13	3	1	2	0.6666666666666666
ASB14	3	2	1	0.6666666666666666
ASB15	1	0	1	1
ASB16	3	3	0	1
ASB16-AS1	1	1	0	1
ASB18	1	1	0	1
ASB2	2	1	1	0.5
ASB3	3	2	1	0.6666666666666666
ASB4	1	0	1	1
ASB5	1	0	1	1
ASB6	3	3	0	1
ASB7	3	1	2	0.6666666666666666
ASB8	3	1	2	0.6666666666666666
ASB9	3	3	0	1
ASB9P1	1	0	1	1
ASCC1	3	1	2	0.6666666666666666
ASCC2	3	3	0	1
ASCC3	3	1	2	0.6666666666666666
ASCL2	1	1	0	1
ASCL3	1	0	1	1
ASCL5	2	1	1	0.5
ASF1A	3	1	2	0.6666666666666666
ASF1B	3	3	0	1
ASGR1	2	1	1	0.5
ASGR2	1	0	1	1
ASH1L	3	0	3	1
ASH1L-AS1	1	0	1	1
ASH2L	3	0	3	1
ASIC1	3	1	2	0.6666666666666666
ASIC2	2	2	0	1
ASIC3	3	2	1	0.6666666666666666
ASIC4	1	0	1	1
ASIC5	1	0	1	1
ASIP	2	0	2	1
ASL	3	1	2	0.6666666666666666
ASMT	1	0	1	1
ASMTL	3	2	1	0.6666666666666666
ASMTL-AS1	1	1	0	1
ASNA1	2	1	1	0.5
ASNS	3	1	2	0.6666666666666666
ASNSD1	3	2	1	0.6666666666666666
ASNSP1	1	0	1	1
ASPA	1	1	0	1
ASPDH	1	0	1	1
ASPG	2	2	0	1
ASPH	3	2	1	0.6666666666666666
ASPHD1	3	2	1	0.6666666666666666
ASPHD2	3	2	1	0.6666666666666666
ASPM	3	0	3	1
ASPN	1	0	1	1
ASPRV1	3	1	2	0.6666666666666666
ASPSCR1	3	2	1	0.6666666666666666
ASRGL1	3	1	2	0.6666666666666666
ASS1	3	2	1	0.6666666666666666
ASTE1	3	3	0	1
ASTL	2	1	1	0.5
ASTN1	3	0	3	1
ASTN2	3	1	2	0.6666666666666666
ASUN	1	1	0	1
ASXL1	3	2	1	0.6666666666666666
ASXL2	3	1	2	0.6666666666666666
ASXL3	2	0	2	1
ASZ1	1	0	1	1
ATAD1	3	0	3	1
ATAD2	3	1	2	0.6666666666666666
ATAD2B	3	0	3	1
ATAD3A	3	3	0	1
ATAD3B	3	2	1	0.6666666666666666
ATAD3C	3	1	2	0.6666666666666666
ATAD5	3	1	2	0.6666666666666666
ATAT1	3	2	1	0.6666666666666666
ATCAY	1	0	1	1
ATE1	3	0	3	1
ATF1	3	1	2	0.6666666666666666
ATF2	3	2	1	0.6666666666666666
ATF3	3	1	2	0.6666666666666666
ATF4	3	1	2	0.6666666666666666
ATF5	3	0	3	1
ATF6	3	0	3	1
ATF6B	3	2	1	0.6666666666666666
ATF7	3	1	2	0.6666666666666666
ATF7IP	3	1	2	0.6666666666666666
ATF7IP2	3	3	0	1
ATG10	3	0	3	1
ATG101	2	0	2	1
ATG12	3	2	1	0.6666666666666666
ATG13	3	1	2	0.6666666666666666
ATG14	3	3	0	1
ATG16L1	3	1	2	0.6666666666666666
ATG16L2	3	3	0	1
ATG2A	3	3	0	1
ATG2B	3	1	2	0.6666666666666666
ATG3	3	1	2	0.6666666666666666
ATG4A	3	1	2	0.6666666666666666
ATG4B	3	1	2	0.6666666666666666
ATG4C	3	0	3	1
ATG4D	3	1	2	0.6666666666666666
ATG5	3	1	2	0.6666666666666666
ATG7	3	2	1	0.6666666666666666
ATG9A	3	1	2	0.6666666666666666
ATG9B	3	2	1	0.6666666666666666
ATHL1	1	1	0	1
ATIC	3	0	3	1
ATL1	3	1	2	0.6666666666666666
ATL2	3	0	3	1
ATL3	3	2	1	0.6666666666666666
ATM	3	1	2	0.6666666666666666
ATMIN	3	2	1	0.6666666666666666
ATN1	3	1	2	0.6666666666666666
ATOH1	2	1	1	0.5
ATOH7	1	1	0	1
ATOH8	2	2	0	1
ATOX1	3	3	0	1
ATP10A	3	1	2	0.6666666666666666
ATP10B	1	1	0	1
ATP10D	3	2	1	0.6666666666666666
ATP11A	3	1	2	0.6666666666666666
ATP11AUN	1	0	1	1
ATP11B	3	0	3	1
ATP11C	3	0	3	1
ATP12A	1	0	1	1
ATP13A1	3	1	2	0.6666666666666666
ATP13A2	3	2	1	0.6666666666666666
ATP13A3	3	2	1	0.6666666666666666
ATP13A4	1	0	1	1
ATP1A1	3	1	2	0.6666666666666666
ATP1A1-AS1	1	1	0	1
ATP1A2	1	1	0	1
ATP1A3	2	0	2	1
ATP1A4	1	0	1	1
ATP1B1	3	0	3	1
ATP1B2	1	0	1	1
ATP1B3	3	0	3	1
ATP23	2	0	2	1
ATP2A1	3	1	2	0.6666666666666666
ATP2A1-AS1	1	1	0	1
ATP2A2	3	0	3	1
ATP2A3	2	2	0	1
ATP2B1	3	0	3	1
ATP2B2	1	0	1	1
ATP2B3	2	0	2	1
ATP2B4	3	0	3	1
ATP2C1	3	1	2	0.6666666666666666
ATP2C2	3	2	1	0.6666666666666666
ATP2C2-AS1	1	1	0	1
ATP4A	1	0	1	1
ATP4B	1	0	1	1
ATP5A1	2	1	1	0.5
ATP5B	2	0	2	1
ATP5C1	2	1	1	0.5
ATP5D	2	0	2	1
ATP5E	2	1	1	0.5
ATP5EP2	1	0	1	1
ATP5F1	2	2	0	1
ATP5F1A	1	0	1	1
ATP5F1B	1	0	1	1
ATP5F1C	1	0	1	1
ATP5F1D	1	1	0	1
ATP5F1E	1	1	0	1
ATP5G1	2	2	0	1
ATP5G2	2	0	2	1
ATP5G3	2	1	1	0.5
ATP5H	2	1	1	0.5
ATP5I	2	0	2	1
ATP5IF1	1	1	0	1
ATP5J	2	1	1	0.5
ATP5J2	2	1	1	0.5
ATP5J2-PTCD1	1	0	1	1
ATP5L	2	0	2	1
ATP5L2	1	1	0	1
ATP5MC1	1	1	0	1
ATP5MC2	1	0	1	1
ATP5MC3	1	1	0	1
ATP5MD	1	1	0	1
ATP5ME	1	1	0	1
ATP5MF	1	1	0	1
ATP5MG	1	1	0	1
ATP5MPL	1	0	1	1
ATP5O	2	1	1	0.5
ATP5PB	1	0	1	1
ATP5PD	1	1	0	1
ATP5PF	1	0	1	1
ATP5PO	1	1	0	1
ATP5S	2	2	0	1
ATP5SL	2	0	2	1
ATP6AP1	3	0	3	1
ATP6AP1L	3	1	2	0.6666666666666666
ATP6AP2	3	0	3	1
ATP6C	1	1	0	1
ATP6V0A1	3	2	1	0.6666666666666666
ATP6V0A2	3	1	2	0.6666666666666666
ATP6V0A4	2	1	1	0.5
ATP6V0B	3	1	2	0.6666666666666666
ATP6V0C	3	2	1	0.6666666666666666
ATP6V0D1	3	2	1	0.6666666666666666
ATP6V0D2	2	0	2	1
ATP6V0E1	3	3	0	1
ATP6V0E2	3	2	1	0.6666666666666666
ATP6V0E2-AS1	1	0	1	1
ATP6V1A	3	0	3	1
ATP6V1B1	3	1	2	0.6666666666666666
ATP6V1B1-AS1	1	0	1	1
ATP6V1B2	3	2	1	0.6666666666666666
ATP6V1C1	3	2	1	0.6666666666666666
ATP6V1C2	3	0	3	1
ATP6V1D	3	1	2	0.6666666666666666
ATP6V1E1	3	0	3	1
ATP6V1E2	3	1	2	0.6666666666666666
ATP6V1F	3	2	1	0.6666666666666666
ATP6V1FNB	1	0	1	1
ATP6V1G1	3	2	1	0.6666666666666666
ATP6V1G2	3	3	0	1
ATP6V1G2-DDX39B	1	1	0	1
ATP6V1G3	2	0	2	1
ATP6V1H	3	2	1	0.6666666666666666
ATP7A	3	1	2	0.6666666666666666
ATP7B	3	1	2	0.6666666666666666
ATP8A1	3	2	1	0.6666666666666666
ATP8A2	3	1	2	0.6666666666666666
ATP8B1	3	2	1	0.6666666666666666
ATP8B2	3	2	1	0.6666666666666666
ATP8B3	3	2	1	0.6666666666666666
ATP8B4	2	1	1	0.5
ATP9A	3	1	2	0.6666666666666666
ATP9B	3	1	2	0.6666666666666666
ATPAF1	3	2	1	0.6666666666666666
ATPAF2	3	2	1	0.6666666666666666
ATPIF1	2	1	1	0.5
ATPSCKMT	1	1	0	1
ATR	3	2	1	0.6666666666666666
ATRAID	3	0	3	1
ATRIP	3	3	0	1
ATRN	3	0	3	1
ATRNL1	3	0	3	1
ATRX	3	1	2	0.6666666666666666
ATXN1	3	3	0	1
ATXN1-AS1	1	1	0	1
ATXN10	3	1	2	0.6666666666666666
ATXN1L	3	3	0	1
ATXN2	3	2	1	0.6666666666666666
ATXN2L	3	2	1	0.6666666666666666
ATXN3	3	1	2	0.6666666666666666
ATXN3L	1	0	1	1
ATXN7	3	1	2	0.6666666666666666
ATXN7L1	3	2	1	0.6666666666666666
ATXN7L2	3	2	1	0.6666666666666666
ATXN7L3	3	2	1	0.6666666666666666
ATXN7L3B	3	0	3	1
AUH	3	2	1	0.6666666666666666
AUNIP	3	0	3	1
AUP1	3	1	2	0.6666666666666666
AURKA	3	1	2	0.6666666666666666
AURKAIP1	3	2	1	0.6666666666666666
AURKAP1	1	1	0	1
AURKB	3	2	1	0.6666666666666666
AURKC	3	1	2	0.6666666666666666
AUTS2	3	2	1	0.6666666666666666
AVEN	3	1	2	0.6666666666666666
AVIL	3	1	2	0.6666666666666666
AVL9	3	0	3	1
AVP	1	1	0	1
AVPI1	3	2	1	0.6666666666666666
AVPR1A	1	0	1	1
AVPR1B	1	1	0	1
AVPR2	1	0	1	1
AWAT1	1	1	0	1
AWAT2	1	1	0	1
AXDND1	1	0	1	1
AXIN1	3	2	1	0.6666666666666666
AXIN2	3	2	1	0.6666666666666666
AXL	3	2	1	0.6666666666666666
AZGP1	1	0	1	1
AZI1	1	1	0	1
AZI2	3	0	3	1
AZIN1	3	1	2	0.6666666666666666
AZIN1-AS1	1	1	0	1
AZIN2	2	1	1	0.5
AZU1	1	0	1	1
B2M	3	0	3	1
B3GALNT1	3	0	3	1
B3GALNT2	3	1	2	0.6666666666666666
B3GALT1	1	0	1	1
B3GALT2	1	0	1	1
B3GALT4	3	2	1	0.6666666666666666
B3GALT5	2	1	1	0.5
B3GALT6	3	2	1	0.6666666666666666
B3GALTL	1	0	1	1
B3GAT1	3	1	2	0.6666666666666666
B3GAT2	3	1	2	0.6666666666666666
B3GAT3	3	2	1	0.6666666666666666
B3GLCT	2	2	0	1
B3GNT1	1	1	0	1
B3GNT10	1	1	0	1
B3GNT2	3	1	2	0.6666666666666666
B3GNT3	3	1	2	0.6666666666666666
B3GNT4	3	1	2	0.6666666666666666
B3GNT5	3	1	2	0.6666666666666666
B3GNT6	1	1	0	1
B3GNT7	3	2	1	0.6666666666666666
B3GNT8	1	1	0	1
B3GNT9	3	2	1	0.6666666666666666
B3GNTL1	3	3	0	1
B4GALNT1	3	2	1	0.6666666666666666
B4GALNT2	1	1	0	1
B4GALNT3	3	1	2	0.6666666666666666
B4GALNT4	3	1	2	0.6666666666666666
B4GALT1	3	0	3	1
B4GALT1-AS1	1	0	1	1
B4GALT2	3	2	1	0.6666666666666666
B4GALT3	3	0	3	1
B4GALT4	3	1	2	0.6666666666666666
B4GALT5	3	1	2	0.6666666666666666
B4GALT6	3	1	2	0.6666666666666666
B4GALT7	3	2	1	0.6666666666666666
B4GAT1	2	1	1	0.5
B9D1	3	3	0	1
B9D2	3	2	1	0.6666666666666666
BAALC	2	1	1	0.5
BAALC-AS1	1	0	1	1
BAAT	2	0	2	1
BABAM1	3	2	1	0.6666666666666666
BABAM2	1	0	1	1
BABAM2-AS1	1	1	0	1
BACE1	3	0	3	1
BACE1-AS	1	0	1	1
BACE2	3	1	2	0.6666666666666666
BACH1	3	1	2	0.6666666666666666
BACH2	3	3	0	1
BAD	3	3	0	1
BAG1	3	2	1	0.6666666666666666
BAG2	3	0	3	1
BAG3	3	1	2	0.6666666666666666
BAG4	3	0	3	1
BAG5	3	1	2	0.6666666666666666
BAG6	3	1	2	0.6666666666666666
BAGE2	2	1	1	0.5
BAHCC1	2	1	1	0.5
BAHD1	3	2	1	0.6666666666666666
BAI1	1	0	1	1
BAI2	1	1	0	1
BAIAP2	3	2	1	0.6666666666666666
BAIAP2-DT	1	1	0	1
BAIAP2L1	3	2	1	0.6666666666666666
BAIAP2L2	3	2	1	0.6666666666666666
BAIAP3	3	2	1	0.6666666666666666
BAK1	3	3	0	1
BAMBI	3	0	3	1
BANF1	3	3	0	1
BANF2	1	1	0	1
BANK1	3	0	3	1
BANP	3	2	1	0.6666666666666666
BAP1	3	3	0	1
BARD1	3	1	2	0.6666666666666666
BARHL1	1	0	1	1
BARHL2	2	1	1	0.5
BARX1	3	1	2	0.6666666666666666
BARX2	3	2	1	0.6666666666666666
BASP1	3	3	0	1
BATF	1	1	0	1
BATF2	3	1	2	0.6666666666666666
BATF3	3	2	1	0.6666666666666666
BAX	3	2	1	0.6666666666666666
BAZ1A	3	1	2	0.6666666666666666
BAZ1B	3	0	3	1
BAZ2A	3	1	2	0.6666666666666666
BAZ2B	3	1	2	0.6666666666666666
BBC3	3	2	1	0.6666666666666666
BBIP1	3	2	1	0.6666666666666666
BBOF1	2	1	1	0.5
BBOX1	1	0	1	1
BBS1	3	3	0	1
BBS10	3	2	1	0.6666666666666666
BBS12	3	1	2	0.6666666666666666
BBS2	3	2	1	0.6666666666666666
BBS4	3	1	2	0.6666666666666666
BBS5	3	0	3	1
BBS7	3	0	3	1
BBS9	3	3	0	1
BBX	3	1	2	0.6666666666666666
BCAM	3	1	2	0.6666666666666666
BCAN	2	2	0	1
BCAP29	3	1	2	0.6666666666666666
BCAP31	3	2	1	0.6666666666666666
BCAR1	3	3	0	1
BCAR3	3	2	1	0.6666666666666666
BCAS1	2	0	2	1
BCAS2	3	2	1	0.6666666666666666
BCAS3	3	3	0	1
BCAS4	3	2	1	0.6666666666666666
BCAT1	3	1	2	0.6666666666666666
BCAT2	3	2	1	0.6666666666666666
BCCIP	3	2	1	0.6666666666666666
BCDIN3D	3	1	2	0.6666666666666666
BCDIN3D-AS1	1	0	1	1
BCHE	2	0	2	1
BCKDHA	3	2	1	0.6666666666666666
BCKDHB	3	1	2	0.6666666666666666
BCKDK	3	3	0	1
BCL10	3	2	1	0.6666666666666666
BCL11A	3	2	1	0.6666666666666666
BCL11B	3	3	0	1
BCL2	3	0	3	1
BCL2A1	2	0	2	1
BCL2L1	3	2	1	0.6666666666666666
BCL2L10	1	0	1	1
BCL2L11	3	2	1	0.6666666666666666
BCL2L12	3	2	1	0.6666666666666666
BCL2L13	3	2	1	0.6666666666666666
BCL2L14	1	1	0	1
BCL2L15	3	1	2	0.6666666666666666
BCL2L2	3	1	2	0.6666666666666666
BCL2L2-PABPN1	1	0	1	1
BCL3	3	0	3	1
BCL6	3	0	3	1
BCL6B	2	0	2	1
BCL7A	3	1	2	0.6666666666666666
BCL7B	3	2	1	0.6666666666666666
BCL7C	3	1	2	0.6666666666666666
BCL9	3	0	3	1
BCL9L	3	1	2	0.6666666666666666
BCLAF1	3	1	2	0.6666666666666666
BCLAF3	1	1	0	1
BCMO1	1	0	1	1
BCO1	1	1	0	1
BCO2	3	2	1	0.6666666666666666
BCOR	3	0	3	1
BCORL1	3	1	2	0.6666666666666666
BCR	3	3	0	1
BCS1L	3	2	1	0.6666666666666666
BCYRN1	1	1	0	1
BDH1	3	2	1	0.6666666666666666
BDH2	3	0	3	1
BDKRB1	2	1	1	0.5
BDKRB2	2	2	0	1
BDNF	3	1	2	0.6666666666666666
BDNF-AS	1	1	0	1
BDP1	3	1	2	0.6666666666666666
BEAN1	1	0	1	1
BECN1	3	2	1	0.6666666666666666
BECN2	1	1	0	1
BEGAIN	2	1	1	0.5
BEND3	3	2	1	0.6666666666666666
BEND3P3	1	0	1	1
BEND4	3	2	1	0.6666666666666666
BEND5	2	1	1	0.5
BEND6	3	1	2	0.6666666666666666
BEND7	2	0	2	1
BEST1	3	0	3	1
BEST2	2	0	2	1
BEST3	3	2	1	0.6666666666666666
BEST4	2	0	2	1
BET1	3	1	2	0.6666666666666666
BET1L	3	2	1	0.6666666666666666
BEX1	2	0	2	1
BEX2	3	1	2	0.6666666666666666
BEX3	2	0	2	1
BEX4	3	1	2	0.6666666666666666
BEX5	2	1	1	0.5
BFAR	3	2	1	0.6666666666666666
BFSP1	3	1	2	0.6666666666666666
BGLAP	2	1	1	0.5
BGN	3	2	1	0.6666666666666666
BHLHA15	2	1	1	0.5
BHLHA9	1	0	1	1
BHLHB9	2	2	0	1
BHLHE22	1	0	1	1
BHLHE40	3	1	2	0.6666666666666666
BHLHE40-AS1	1	0	1	1
BHLHE41	3	1	2	0.6666666666666666
BHMG1	1	0	1	1
BHMT	1	1	0	1
BHMT2	2	1	1	0.5
BICC1	3	0	3	1
BICD1	3	1	2	0.6666666666666666
BICD2	3	3	0	1
BICDL1	2	0	2	1
BICDL2	2	2	0	1
BICRA	1	1	0	1
BICRAL	1	0	1	1
BID	3	2	1	0.6666666666666666
BIK	3	2	1	0.6666666666666666
BIN1	3	2	1	0.6666666666666666
BIN2	1	0	1	1
BIN3	3	2	1	0.6666666666666666
BIRC2	3	1	2	0.6666666666666666
BIRC3	3	2	1	0.6666666666666666
BIRC5	3	3	0	1
BIRC6	3	1	2	0.6666666666666666
BIRC6-AS2	1	0	1	1
BIRC7	1	0	1	1
BISPR	1	0	1	1
BIVM	3	1	2	0.6666666666666666
BIVM-ERCC5	1	0	1	1
BLACAT1	1	0	1	1
BLCAP	3	1	2	0.6666666666666666
BLID	1	1	0	1
BLK	1	0	1	1
BLM	3	1	2	0.6666666666666666
BLMH	3	1	2	0.6666666666666666
BLNK	1	1	0	1
BLOC1S1	3	2	1	0.6666666666666666
BLOC1S2	3	2	1	0.6666666666666666
BLOC1S3	3	1	2	0.6666666666666666
BLOC1S4	3	2	1	0.6666666666666666
BLOC1S5	2	2	0	1
BLOC1S5-TXNDC5	1	0	1	1
BLOC1S6	3	1	2	0.6666666666666666
BLVRA	3	0	3	1
BLVRB	3	2	1	0.6666666666666666
BLZF1	3	1	2	0.6666666666666666
BMERB1	1	0	1	1
BMF	3	1	2	0.6666666666666666
BMI1	3	2	1	0.6666666666666666
BMP1	3	3	0	1
BMP10	1	1	0	1
BMP2	3	2	1	0.6666666666666666
BMP2K	3	2	1	0.6666666666666666
BMP3	1	0	1	1
BMP4	3	3	0	1
BMP5	1	0	1	1
BMP6	3	1	2	0.6666666666666666
BMP7	2	1	1	0.5
BMP8A	3	1	2	0.6666666666666666
BMP8B	3	1	2	0.6666666666666666
BMPER	2	2	0	1
BMPR1A	3	0	3	1
BMPR1B	3	1	2	0.6666666666666666
BMPR2	3	1	2	0.6666666666666666
BMS1	3	3	0	1
BMS1P20	1	0	1	1
BMS1P21	1	1	0	1
BMS1P4	1	1	0	1
BMS1P4-AGAP5	1	0	1	1
BMT2	2	1	1	0.5
BMX	1	1	0	1
BNC1	2	1	1	0.5
BNC2	3	1	2	0.6666666666666666
BNIP1	3	1	2	0.6666666666666666
BNIP2	3	1	2	0.6666666666666666
BNIP3	3	1	2	0.6666666666666666
BNIP3L	3	2	1	0.6666666666666666
BNIPL	3	0	3	1
BOC	3	1	2	0.6666666666666666
BOD1	3	2	1	0.6666666666666666
BOD1L1	3	1	2	0.6666666666666666
BOK	3	2	1	0.6666666666666666
BOLA1	3	0	3	1
BOLA2	2	0	2	1
BOLA2-SMG1P6	2	1	1	0.5
BOLA2B	3	2	1	0.6666666666666666
BOLA3	3	0	3	1
BOLA3-AS1	1	1	0	1
BOLL	1	1	0	1
BOP1	3	1	2	0.6666666666666666
BORA	3	2	1	0.6666666666666666
BORCS5	2	0	2	1
BORCS6	2	1	1	0.5
BORCS7	2	0	2	1
BORCS8	2	1	1	0.5
BPGM	3	2	1	0.6666666666666666
BPHL	3	1	2	0.6666666666666666
BPIFA2	1	0	1	1
BPIFB1	1	1	0	1
BPIFB2	1	0	1	1
BPIFB3	1	0	1	1
BPIFB4	1	0	1	1
BPIFB6	1	0	1	1
BPIFC	1	1	0	1
BPNT1	3	1	2	0.6666666666666666
BPTF	3	2	1	0.6666666666666666
BRAF	3	1	2	0.6666666666666666
BRAP	3	1	2	0.6666666666666666
BRAT1	3	3	0	1
BRCA1	3	2	1	0.6666666666666666
BRCA2	3	3	0	1
BRCC3	3	2	1	0.6666666666666666
BRD1	3	1	2	0.6666666666666666
BRD2	3	3	0	1
BRD3	3	2	1	0.6666666666666666
BRD3OS	1	1	0	1
BRD4	3	2	1	0.6666666666666666
BRD7	3	1	2	0.6666666666666666
BRD8	3	2	1	0.6666666666666666
BRD9	3	3	0	1
BRDT	1	0	1	1
BRE	2	1	1	0.5
BREA2	1	0	1	1
BRF1	3	2	1	0.6666666666666666
BRF2	3	2	1	0.6666666666666666
BRI3	3	2	1	0.6666666666666666
BRI3BP	3	1	2	0.6666666666666666
BRICD5	2	1	1	0.5
BRINP1	1	1	0	1
BRINP2	3	1	2	0.6666666666666666
BRINP3	1	0	1	1
BRIP1	3	3	0	1
BRIX1	3	1	2	0.6666666666666666
BRK1	3	2	1	0.6666666666666666
BRMS1	3	3	0	1
BRMS1L	3	2	1	0.6666666666666666
BROX	3	1	2	0.6666666666666666
BRPF1	3	1	2	0.6666666666666666
BRPF3	3	2	1	0.6666666666666666
BRS3	1	1	0	1
BRSK1	3	2	1	0.6666666666666666
BRSK2	3	2	1	0.6666666666666666
BRWD1	3	3	0	1
BRWD3	3	1	2	0.6666666666666666
BSCL2	3	0	3	1
BSDC1	3	3	0	1
BSG	3	2	1	0.6666666666666666
BSN	3	1	2	0.6666666666666666
BSND	1	0	1	1
BSPRY	3	2	1	0.6666666666666666
BST1	3	1	2	0.6666666666666666
BST2	3	1	2	0.6666666666666666
BSX	1	0	1	1
BTAF1	3	1	2	0.6666666666666666
BTBD1	3	0	3	1
BTBD10	3	1	2	0.6666666666666666
BTBD11	3	2	1	0.6666666666666666
BTBD16	1	1	0	1
BTBD17	1	0	1	1
BTBD18	2	2	0	1
BTBD19	3	2	1	0.6666666666666666
BTBD2	3	3	0	1
BTBD3	3	1	2	0.6666666666666666
BTBD6	3	2	1	0.6666666666666666
BTBD7	3	2	1	0.6666666666666666
BTBD8	3	1	2	0.6666666666666666
BTBD9	3	2	1	0.6666666666666666
BTC	3	2	1	0.6666666666666666
BTD	3	3	0	1
BTF3	3	1	2	0.6666666666666666
BTF3L4	3	0	3	1
BTG1	3	2	1	0.6666666666666666
BTG2	3	1	2	0.6666666666666666
BTG3	3	1	2	0.6666666666666666
BTG3-AS1	1	0	1	1
BTG4	2	0	2	1
BTK	3	1	2	0.6666666666666666
BTLA	1	0	1	1
BTN1A1	1	1	0	1
BTN2A1	3	2	1	0.6666666666666666
BTN2A2	3	1	2	0.6666666666666666
BTN2A3P	1	1	0	1
BTN3A1	3	1	2	0.6666666666666666
BTN3A2	3	1	2	0.6666666666666666
BTN3A3	3	2	1	0.6666666666666666
BTNL10	1	0	1	1
BTNL2	1	0	1	1
BTNL3	1	0	1	1
BTNL9	3	1	2	0.6666666666666666
BTRC	3	2	1	0.6666666666666666
BUB1	3	2	1	0.6666666666666666
BUB1B	3	2	1	0.6666666666666666
BUB1B-PAK6	1	1	0	1
BUB3	3	3	0	1
BUD13	3	1	2	0.6666666666666666
BUD23	1	0	1	1
BUD31	3	0	3	1
BVES	3	0	3	1
BX088651.1	1	0	1	1
BYSL	3	3	0	1
BZW1	3	1	2	0.6666666666666666
BZW2	2	2	0	1
C10orf10	2	1	1	0.5
C10orf105	1	1	0	1
C10orf11	1	0	1	1
C10orf111	2	1	1	0.5
C10orf113	1	0	1	1
C10orf118	1	0	1	1
C10orf12	1	1	0	1
C10orf120	1	1	0	1
C10orf131	2	0	2	1
C10orf137	1	0	1	1
C10orf143	1	1	0	1
C10orf2	1	1	0	1
C10orf25	2	2	0	1
C10orf32	1	1	0	1
C10orf32-ASMT	1	1	0	1
C10orf35	2	0	2	1
C10orf53	1	0	1	1
C10orf54	1	1	0	1
C10orf55	3	2	1	0.6666666666666666
C10orf62	1	1	0	1
C10orf67	2	2	0	1
C10orf71	1	0	1	1
C10orf76	2	2	0	1
C10orf82	2	1	1	0.5
C10orf85	1	0	1	1
C10orf88	3	2	1	0.6666666666666666
C10orf90	1	1	0	1
C10orf91	2	2	0	1
C10orf95	3	2	1	0.6666666666666666
C10orf99	1	0	1	1
C11orf1	3	2	1	0.6666666666666666
C11orf16	1	0	1	1
C11orf21	1	0	1	1
C11orf24	3	3	0	1
C11orf30	1	1	0	1
C11orf31	1	0	1	1
C11orf35	1	1	0	1
C11orf40	1	1	0	1
C11orf42	1	1	0	1
C11orf45	3	3	0	1
C11orf48	1	0	1	1
C11orf49	3	1	2	0.6666666666666666
C11orf52	2	2	0	1
C11orf53	1	1	0	1
C11orf54	3	1	2	0.6666666666666666
C11orf57	2	1	1	0.5
C11orf58	3	2	1	0.6666666666666666
C11orf63	2	0	2	1
C11orf65	3	2	1	0.6666666666666666
C11orf68	3	3	0	1
C11orf70	2	0	2	1
C11orf71	3	3	0	1
C11orf72	2	2	0	1
C11orf73	1	1	0	1
C11orf74	3	2	1	0.6666666666666666
C11orf80	3	2	1	0.6666666666666666
C11orf82	1	1	0	1
C11orf83	1	0	1	1
C11orf84	2	2	0	1
C11orf85	1	1	0	1
C11orf86	1	1	0	1
C11orf87	1	0	1	1
C11orf88	1	1	0	1
C11orf91	2	0	2	1
C11orf94	2	1	1	0.5
C11orf95	2	1	1	0.5
C11orf96	1	0	1	1
C11orf97	1	1	0	1
C11orf98	2	2	0	1
C12orf10	3	1	2	0.6666666666666666
C12orf23	1	1	0	1
C12orf29	3	1	2	0.6666666666666666
C12orf36	1	0	1	1
C12orf39	1	0	1	1
C12orf4	3	1	2	0.6666666666666666
C12orf40	1	1	0	1
C12orf42	1	1	0	1
C12orf43	3	1	2	0.6666666666666666
C12orf44	1	1	0	1
C12orf45	3	1	2	0.6666666666666666
C12orf49	3	0	3	1
C12orf5	1	0	1	1
C12orf50	1	0	1	1
C12orf52	1	0	1	1
C12orf54	1	1	0	1
C12orf55	1	0	1	1
C12orf56	3	1	2	0.6666666666666666
C12orf57	3	1	2	0.6666666666666666
C12orf60	3	0	3	1
C12orf61	1	0	1	1
C12orf65	3	1	2	0.6666666666666666
C12orf66	3	1	2	0.6666666666666666
C12orf68	1	0	1	1
C12orf71	1	0	1	1
C12orf73	3	1	2	0.6666666666666666
C12orf75	3	1	2	0.6666666666666666
C12orf76	3	2	1	0.6666666666666666
C12orf80	1	1	0	1
C14orf1	2	1	1	0.5
C14orf105	1	1	0	1
C14orf119	3	2	1	0.6666666666666666
C14orf132	3	2	1	0.6666666666666666
C14orf142	1	0	1	1
C14orf159	2	2	0	1
C14orf164	1	1	0	1
C14orf166	2	2	0	1
C14orf178	2	2	0	1
C14orf180	1	0	1	1
C14orf182	1	1	0	1
C14orf2	2	1	1	0.5
C14orf28	3	2	1	0.6666666666666666
C14orf37	2	0	2	1
C14orf39	2	0	2	1
C14orf64	1	1	0	1
C14orf79	2	1	1	0.5
C14orf80	2	1	1	0.5
C14orf93	3	2	1	0.6666666666666666
C15ORF37	1	1	0	1
C15orf26	1	1	0	1
C15orf37	1	1	0	1
C15orf38	1	1	0	1
C15orf38-AP3S2	1	1	0	1
C15orf39	3	3	0	1
C15orf40	3	1	2	0.6666666666666666
C15orf41	3	1	2	0.6666666666666666
C15orf48	2	0	2	1
C15orf52	2	2	0	1
C15orf54	1	1	0	1
C15orf56	2	2	0	1
C15orf57	2	1	1	0.5
C15orf59	1	0	1	1
C15orf61	3	2	1	0.6666666666666666
C15orf62	3	2	1	0.6666666666666666
C15orf65	3	1	2	0.6666666666666666
C16orf11	1	1	0	1
C16orf13	1	0	1	1
C16orf3	1	0	1	1
C16orf45	2	0	2	1
C16orf46	3	2	1	0.6666666666666666
C16orf47	1	0	1	1
C16orf52	2	1	1	0.5
C16orf54	1	0	1	1
C16orf58	3	1	2	0.6666666666666666
C16orf59	2	2	0	1
C16orf62	2	1	1	0.5
C16orf70	3	3	0	1
C16orf71	3	2	1	0.6666666666666666
C16orf72	3	1	2	0.6666666666666666
C16orf74	3	3	0	1
C16orf80	1	0	1	1
C16orf82	1	0	1	1
C16orf86	1	0	1	1
C16orf87	3	0	3	1
C16orf89	1	0	1	1
C16orf90	1	1	0	1
C16orf91	3	2	1	0.6666666666666666
C16orf92	1	1	0	1
C16orf93	1	0	1	1
C16orf95	3	3	0	1
C16orf96	1	0	1	1
C16orf98	1	1	0	1
C17orf100	3	3	0	1
C17orf102	1	0	1	1
C17orf103	1	1	0	1
C17orf104	1	0	1	1
C17orf105	1	0	1	1
C17orf107	3	1	2	0.6666666666666666
C17orf113	1	1	0	1
C17orf47	1	1	0	1
C17orf49	2	0	2	1
C17orf50	1	1	0	1
C17orf51	2	1	1	0.5
C17orf53	2	2	0	1
C17orf58	3	2	1	0.6666666666666666
C17orf59	1	1	0	1
C17orf61-PLSCR3	1	1	0	1
C17orf62	2	1	1	0.5
C17orf64	1	0	1	1
C17orf67	3	1	2	0.6666666666666666
C17orf70	1	0	1	1
C17orf72	1	1	0	1
C17orf74	1	0	1	1
C17orf75	3	2	1	0.6666666666666666
C17orf78	2	2	0	1
C17orf80	3	2	1	0.6666666666666666
C17orf82	1	0	1	1
C17orf85	1	1	0	1
C17orf89	1	0	1	1
C17orf96	1	1	0	1
C17orf97	3	2	1	0.6666666666666666
C17orf98	1	1	0	1
C17orf99	1	1	0	1
C18orf21	3	3	0	1
C18orf25	3	2	1	0.6666666666666666
C18orf32	3	1	2	0.6666666666666666
C18orf54	3	3	0	1
C18orf56	1	0	1	1
C18orf63	1	0	1	1
C18orf65	1	0	1	1
C18orf8	2	1	1	0.5
C19orf10	1	0	1	1
C19orf12	3	2	1	0.6666666666666666
C19orf18	1	0	1	1
C19orf24	2	0	2	1
C19orf25	3	2	1	0.6666666666666666
C19orf26	1	0	1	1
C19orf33	1	0	1	1
C19orf35	2	1	1	0.5
C19orf38	3	1	2	0.6666666666666666
C19orf40	1	0	1	1
C19orf43	2	1	1	0.5
C19orf44	3	3	0	1
C19orf45	2	1	1	0.5
C19orf47	3	1	2	0.6666666666666666
C19orf48	3	2	1	0.6666666666666666
C19orf52	1	0	1	1
C19orf53	3	1	2	0.6666666666666666
C19orf54	3	1	2	0.6666666666666666
C19orf55	1	0	1	1
C19orf57	3	2	1	0.6666666666666666
C19orf60	2	0	2	1
C19orf66	2	2	0	1
C19orf67	1	0	1	1
C19orf68	2	2	0	1
C19orf70	2	0	2	1
C19orf71	3	2	1	0.6666666666666666
C19orf73	2	1	1	0.5
C19orf80	1	1	0	1
C19orf81	1	0	1	1
C19orf82	1	1	0	1
C19orf84	1	1	0	1
C1D	3	1	2	0.6666666666666666
C1GALT1	3	1	2	0.6666666666666666
C1GALT1C1	3	1	2	0.6666666666666666
C1GALT1C1L	2	1	1	0.5
C1ORF220	1	0	1	1
C1QBP	3	1	2	0.6666666666666666
C1QL1	2	0	2	1
C1QL2	1	1	0	1
C1QL3	3	0	3	1
C1QL4	1	0	1	1
C1QTNF1	3	3	0	1
C1QTNF1-AS1	1	0	1	1
C1QTNF2	3	2	1	0.6666666666666666
C1QTNF3	3	2	1	0.6666666666666666
C1QTNF4	2	0	2	1
C1QTNF6	3	2	1	0.6666666666666666
C1QTNF7	1	0	1	1
C1QTNF8	1	0	1	1
C1QTNF9	1	1	0	1
C1QTNF9B	2	2	0	1
C1QTNF9B-AS1	1	0	1	1
C1R	3	1	2	0.6666666666666666
C1RL	3	1	2	0.6666666666666666
C1RL-AS1	1	0	1	1
C1S	3	2	1	0.6666666666666666
C1orf100	2	2	0	1
C1orf101	2	2	0	1
C1orf105	2	1	1	0.5
C1orf106	2	2	0	1
C1orf109	3	2	1	0.6666666666666666
C1orf112	3	2	1	0.6666666666666666
C1orf115	3	3	0	1
C1orf116	3	1	2	0.6666666666666666
C1orf122	3	2	1	0.6666666666666666
C1orf123	2	0	2	1
C1orf127	1	0	1	1
C1orf131	3	2	1	0.6666666666666666
C1orf134	1	1	0	1
C1orf137	1	1	0	1
C1orf141	1	1	0	1
C1orf145	1	1	0	1
C1orf146	1	1	0	1
C1orf147	1	1	0	1
C1orf158	1	0	1	1
C1orf159	3	2	1	0.6666666666666666
C1orf162	3	0	3	1
C1orf167	2	1	1	0.5
C1orf168	1	0	1	1
C1orf170	1	0	1	1
C1orf172	1	1	0	1
C1orf174	3	2	1	0.6666666666666666
C1orf186	1	1	0	1
C1orf189	1	0	1	1
C1orf192	1	1	0	1
C1orf194	1	0	1	1
C1orf195	1	0	1	1
C1orf198	3	3	0	1
C1orf204	2	2	0	1
C1orf21	3	2	1	0.6666666666666666
C1orf210	3	3	0	1
C1orf213	1	1	0	1
C1orf216	3	3	0	1
C1orf220	2	0	2	1
C1orf226	3	2	1	0.6666666666666666
C1orf228	2	1	1	0.5
C1orf229	2	1	1	0.5
C1orf234	1	1	0	1
C1orf27	2	1	1	0.5
C1orf35	3	3	0	1
C1orf43	3	0	3	1
C1orf50	3	2	1	0.6666666666666666
C1orf51	1	0	1	1
C1orf52	3	1	2	0.6666666666666666
C1orf53	3	0	3	1
C1orf54	3	0	3	1
C1orf56	3	1	2	0.6666666666666666
C1orf61	2	0	2	1
C1orf63	1	0	1	1
C1orf68	1	1	0	1
C1orf74	3	2	1	0.6666666666666666
C1orf85	1	0	1	1
C1orf86	1	1	0	1
C1orf94	2	2	0	1
C2	3	2	1	0.6666666666666666
C20ORF135	1	1	0	1
C20orf112	1	0	1	1
C20orf141	2	2	0	1
C20orf144	2	1	1	0.5
C20orf173	1	1	0	1
C20orf194	3	1	2	0.6666666666666666
C20orf195	1	0	1	1
C20orf196	2	1	1	0.5
C20orf197	1	1	0	1
C20orf202	1	1	0	1
C20orf203	1	0	1	1
C20orf204	1	1	0	1
C20orf24	2	1	1	0.5
C20orf26	1	0	1	1
C20orf27	3	2	1	0.6666666666666666
C20orf85	1	1	0	1
C20orf96	3	1	2	0.6666666666666666
C21orf119	1	1	0	1
C21orf140	1	0	1	1
C21orf2	2	1	1	0.5
C21orf33	2	2	0	1
C21orf58	3	3	0	1
C21orf59	2	2	0	1
C21orf62	1	0	1	1
C21orf62-AS1	1	1	0	1
C21orf67	1	1	0	1
C21orf91	3	0	3	1
C22orf15	2	0	2	1
C22orf23	3	3	0	1
C22orf24	3	2	1	0.6666666666666666
C22orf26	1	0	1	1
C22orf29	2	1	1	0.5
C22orf31	1	1	0	1
C22orf39	3	1	2	0.6666666666666666
C22orf42	1	0	1	1
C22orf43	1	0	1	1
C22orf46	3	2	1	0.6666666666666666
C2CD2	3	2	1	0.6666666666666666
C2CD2L	3	1	2	0.6666666666666666
C2CD3	3	2	1	0.6666666666666666
C2CD4A	1	0	1	1
C2CD4C	1	0	1	1
C2CD4D	3	1	2	0.6666666666666666
C2CD4D-AS1	1	0	1	1
C2CD5	3	1	2	0.6666666666666666
C2ORF15	1	1	0	1
C2orf15	3	3	0	1
C2orf16	3	3	0	1
C2orf27A	3	2	1	0.6666666666666666
C2orf27B	1	0	1	1
C2orf40	1	1	0	1
C2orf42	3	2	1	0.6666666666666666
C2orf43	1	0	1	1
C2orf44	1	1	0	1
C2orf47	1	0	1	1
C2orf48	2	1	1	0.5
C2orf49	3	2	1	0.6666666666666666
C2orf50	2	0	2	1
C2orf54	2	1	1	0.5
C2orf61	1	1	0	1
C2orf66	1	1	0	1
C2orf68	3	2	1	0.6666666666666666
C2orf69	3	2	1	0.6666666666666666
C2orf70	1	1	0	1
C2orf71	1	0	1	1
C2orf72	2	1	1	0.5
C2orf73	1	1	0	1
C2orf74	3	3	0	1
C2orf76	3	0	3	1
C2orf78	1	0	1	1
C2orf80	1	1	0	1
C2orf81	3	3	0	1
C2orf82	2	0	2	1
C2orf83	1	1	0	1
C2orf88	3	1	2	0.6666666666666666
C2orf91	1	0	1	1
C2orf92	1	1	0	1
C3	3	2	1	0.6666666666666666
C3AR1	1	0	1	1
C3orf14	2	1	1	0.5
C3orf17	1	1	0	1
C3orf18	3	2	1	0.6666666666666666
C3orf20	1	0	1	1
C3orf30	1	1	0	1
C3orf33	3	0	3	1
C3orf35	2	0	2	1
C3orf36	1	0	1	1
C3orf38	3	1	2	0.6666666666666666
C3orf49	1	0	1	1
C3orf52	3	3	0	1
C3orf55	1	1	0	1
C3orf58	2	1	1	0.5
C3orf62	3	3	0	1
C3orf67	3	2	1	0.6666666666666666
C3orf70	2	0	2	1
C3orf72	1	1	0	1
C3orf79	1	1	0	1
C3orf80	3	2	1	0.6666666666666666
C3orf83	1	0	1	1
C4A	2	0	2	1
C4B	2	0	2	1
C4BPA	1	0	1	1
C4BPB	1	0	1	1
C4orf17	1	0	1	1
C4orf19	3	3	0	1
C4orf21	1	1	0	1
C4orf22	2	0	2	1
C4orf26	2	2	0	1
C4orf27	1	1	0	1
C4orf29	1	1	0	1
C4orf3	3	3	0	1
C4orf32	2	2	0	1
C4orf33	3	1	2	0.6666666666666666
C4orf36	3	1	2	0.6666666666666666
C4orf45	1	0	1	1
C4orf46	3	2	1	0.6666666666666666
C4orf47	3	2	1	0.6666666666666666
C4orf48	3	1	2	0.6666666666666666
C4orf51	1	0	1	1
C5	3	2	1	0.6666666666666666
C5AR1	2	0	2	1
C5AR2	1	1	0	1
C5orf15	3	2	1	0.6666666666666666
C5orf22	3	0	3	1
C5orf24	3	2	1	0.6666666666666666
C5orf28	1	0	1	1
C5orf30	3	2	1	0.6666666666666666
C5orf34	3	0	3	1
C5orf38	1	1	0	1
C5orf42	2	2	0	1
C5orf45	1	1	0	1
C5orf46	2	2	0	1
C5orf47	1	0	1	1
C5orf49	2	1	1	0.5
C5orf51	3	0	3	1
C5orf54	1	0	1	1
C5orf55	1	1	0	1
C5orf56	1	1	0	1
C5orf60	1	0	1	1
C5orf63	3	1	2	0.6666666666666666
C5orf66	2	2	0	1
C5orf67	1	1	0	1
C6	1	0	1	1
C6ORF165	1	0	1	1
C6orf1	2	1	1	0.5
C6orf10	1	0	1	1
C6orf106	2	2	0	1
C6orf118	3	0	3	1
C6orf120	3	1	2	0.6666666666666666
C6orf123	1	0	1	1
C6orf132	3	3	0	1
C6orf136	3	1	2	0.6666666666666666
C6orf141	3	1	2	0.6666666666666666
C6orf15	2	2	0	1
C6orf163	3	2	1	0.6666666666666666
C6orf164	1	1	0	1
C6orf165	1	0	1	1
C6orf201	3	1	2	0.6666666666666666
C6orf203	2	1	1	0.5
C6orf211	1	1	0	1
C6orf222	1	1	0	1
C6orf223	3	1	2	0.6666666666666666
C6orf226	3	1	2	0.6666666666666666
C6orf229	1	1	0	1
C6orf25	1	0	1	1
C6orf47	3	3	0	1
C6orf48	2	0	2	1
C6orf52	3	2	1	0.6666666666666666
C6orf57	1	1	0	1
C6orf58	2	1	1	0.5
C6orf62	3	2	1	0.6666666666666666
C6orf89	3	1	2	0.6666666666666666
C6orf99	3	1	2	0.6666666666666666
C7	1	1	0	1
C7orf10	1	1	0	1
C7orf13	1	1	0	1
C7orf25	3	0	3	1
C7orf26	3	2	1	0.6666666666666666
C7orf31	3	2	1	0.6666666666666666
C7orf34	1	1	0	1
C7orf41	1	0	1	1
C7orf43	2	0	2	1
C7orf49	2	2	0	1
C7orf50	3	2	1	0.6666666666666666
C7orf55	1	1	0	1
C7orf55-LUC7L2	1	1	0	1
C7orf57	3	2	1	0.6666666666666666
C7orf60	1	1	0	1
C7orf61	3	1	2	0.6666666666666666
C7orf62	1	0	1	1
C7orf63	1	1	0	1
C7orf65	2	1	1	0.5
C7orf69	1	0	1	1
C7orf71	1	0	1	1
C7orf73	2	1	1	0.5
C8G	2	1	1	0.5
C8orf31	1	0	1	1
C8orf33	3	2	1	0.6666666666666666
C8orf34	2	0	2	1
C8orf34-AS1	1	1	0	1
C8orf37	3	1	2	0.6666666666666666
C8orf37-AS1	1	0	1	1
C8orf4	1	0	1	1
C8orf44	3	3	0	1
C8orf44-SGK3	2	2	0	1
C8orf46	2	1	1	0.5
C8orf47	1	0	1	1
C8orf48	3	2	1	0.6666666666666666
C8orf58	3	2	1	0.6666666666666666
C8orf59	2	1	1	0.5
C8orf74	1	1	0	1
C8orf76	3	2	1	0.6666666666666666
C8orf82	3	2	1	0.6666666666666666
C8orf88	1	0	1	1
C8orf89	1	0	1	1
C9	2	2	0	1
C9orf106	1	0	1	1
C9orf114	1	0	1	1
C9orf116	3	2	1	0.6666666666666666
C9orf117	1	0	1	1
C9orf129	2	1	1	0.5
C9orf131	2	1	1	0.5
C9orf135	2	1	1	0.5
C9orf139	1	0	1	1
C9orf142	2	2	0	1
C9orf147	2	2	0	1
C9orf152	1	0	1	1
C9orf153	2	2	0	1
C9orf156	1	1	0	1
C9orf16	3	1	2	0.6666666666666666
C9orf163	3	3	0	1
C9orf169	1	0	1	1
C9orf170	1	1	0	1
C9orf172	2	1	1	0.5
C9orf24	1	0	1	1
C9orf3	2	0	2	1
C9orf37	1	1	0	1
C9orf40	3	1	2	0.6666666666666666
C9orf41	1	0	1	1
C9orf43	3	2	1	0.6666666666666666
C9orf47	2	1	1	0.5
C9orf50	1	1	0	1
C9orf57	1	1	0	1
C9orf64	3	2	1	0.6666666666666666
C9orf66	2	1	1	0.5
C9orf69	2	2	0	1
C9orf72	3	1	2	0.6666666666666666
C9orf78	3	2	1	0.6666666666666666
C9orf84	1	1	0	1
C9orf85	3	1	2	0.6666666666666666
C9orf89	1	0	1	1
C9orf9	1	1	0	1
C9orf91	1	1	0	1
C9orf92	1	0	1	1
C9orf96	1	1	0	1
CA1	1	0	1	1
CA10	2	1	1	0.5
CA11	3	1	2	0.6666666666666666
CA12	3	0	3	1
CA13	3	1	2	0.6666666666666666
CA14	3	0	3	1
CA2	3	3	0	1
CA3	2	1	1	0.5
CA3-AS1	1	1	0	1
CA5A	1	1	0	1
CA5B	2	2	0	1
CA5BP1	1	1	0	1
CA6	1	1	0	1
CA7	2	2	0	1
CA8	3	2	1	0.6666666666666666
CA9	2	1	1	0.5
CAAP1	3	0	3	1
CAB39	3	1	2	0.6666666666666666
CAB39L	3	1	2	0.6666666666666666
CABIN1	3	3	0	1
CABLES1	3	0	3	1
CABLES2	3	3	0	1
CABP1	1	0	1	1
CABP2	1	0	1	1
CABP4	1	0	1	1
CABP5	1	0	1	1
CABP7	2	1	1	0.5
CABYR	3	2	1	0.6666666666666666
CACFD1	3	1	2	0.6666666666666666
CACHD1	3	0	3	1
CACNA1A	3	0	3	1
CACNA1B	2	1	1	0.5
CACNA1C	1	0	1	1
CACNA1D	3	1	2	0.6666666666666666
CACNA1E	2	2	0	1
CACNA1F	2	2	0	1
CACNA1G	1	0	1	1
CACNA1H	1	0	1	1
CACNA1I	2	2	0	1
CACNA1S	1	0	1	1
CACNA2D1	3	0	3	1
CACNA2D2	3	1	2	0.6666666666666666
CACNA2D3	3	1	2	0.6666666666666666
CACNA2D4	2	1	1	0.5
CACNB1	3	2	1	0.6666666666666666
CACNB2	3	0	3	1
CACNB3	3	2	1	0.6666666666666666
CACNB4	3	1	2	0.6666666666666666
CACNG1	1	1	0	1
CACNG2	1	1	0	1
CACNG4	3	2	1	0.6666666666666666
CACNG6	2	0	2	1
CACNG7	1	0	1	1
CACNG8	2	1	1	0.5
CACTIN	3	3	0	1
CACUL1	3	2	1	0.6666666666666666
CACYBP	3	1	2	0.6666666666666666
CAD	3	1	2	0.6666666666666666
CADM1	3	1	2	0.6666666666666666
CADM2	2	1	1	0.5
CADM3	1	0	1	1
CADM4	3	2	1	0.6666666666666666
CADPS	2	0	2	1
CADPS2	3	1	2	0.6666666666666666
CAGE1	2	1	1	0.5
CAHM	1	1	0	1
CALB1	2	2	0	1
CALB2	3	1	2	0.6666666666666666
CALCA	1	0	1	1
CALCB	2	1	1	0.5
CALCOCO1	3	2	1	0.6666666666666666
CALCOCO2	3	2	1	0.6666666666666666
CALCR	1	0	1	1
CALCRL	3	1	2	0.6666666666666666
CALD1	3	2	1	0.6666666666666666
CALHM1	2	1	1	0.5
CALHM2	3	1	2	0.6666666666666666
CALHM3	2	1	1	0.5
CALHM6	1	0	1	1
CALM1	3	0	3	1
CALM2	3	1	2	0.6666666666666666
CALM3	3	1	2	0.6666666666666666
CALML3	1	1	0	1
CALML3-AS1	1	1	0	1
CALML4	3	1	2	0.6666666666666666
CALML6	1	0	1	1
CALN1	1	0	1	1
CALR	3	1	2	0.6666666666666666
CALR3	2	1	1	0.5
CALR4P	1	0	1	1
CALU	3	1	2	0.6666666666666666
CALY	1	0	1	1
CAMK1	3	0	3	1
CAMK1D	3	1	2	0.6666666666666666
CAMK1G	1	1	0	1
CAMK2A	2	2	0	1
CAMK2B	2	2	0	1
CAMK2D	3	3	0	1
CAMK2G	3	3	0	1
CAMK2N1	3	1	2	0.6666666666666666
CAMK2N2	3	2	1	0.6666666666666666
CAMK4	3	0	3	1
CAMKK1	3	2	1	0.6666666666666666
CAMKK2	3	2	1	0.6666666666666666
CAMKMT	3	1	2	0.6666666666666666
CAMKV	2	2	0	1
CAMLG	3	2	1	0.6666666666666666
CAMSAP1	3	2	1	0.6666666666666666
CAMSAP2	3	1	2	0.6666666666666666
CAMSAP3	3	1	2	0.6666666666666666
CAMTA1	3	2	1	0.6666666666666666
CAMTA1-DT	1	1	0	1
CAMTA2	3	2	1	0.6666666666666666
CAND1	3	1	2	0.6666666666666666
CAND2	3	0	3	1
CANT1	3	3	0	1
CANX	3	2	1	0.6666666666666666
CAP1	3	0	3	1
CAP2	3	2	1	0.6666666666666666
CAPG	3	1	2	0.6666666666666666
CAPN1	3	3	0	1
CAPN10	3	2	1	0.6666666666666666
CAPN10-DT	1	0	1	1
CAPN11	1	0	1	1
CAPN12	3	0	3	1
CAPN13	1	1	0	1
CAPN14	3	3	0	1
CAPN15	3	2	1	0.6666666666666666
CAPN2	3	2	1	0.6666666666666666
CAPN3	3	2	1	0.6666666666666666
CAPN5	3	2	1	0.6666666666666666
CAPN6	3	0	3	1
CAPN7	3	1	2	0.6666666666666666
CAPN8	2	2	0	1
CAPN9	1	1	0	1
CAPNS1	3	1	2	0.6666666666666666
CAPNS2	1	1	0	1
CAPRIN1	3	1	2	0.6666666666666666
CAPRIN2	3	2	1	0.6666666666666666
CAPS	3	1	2	0.6666666666666666
CAPS2	3	0	3	1
CAPSL	2	1	1	0.5
CAPZA1	3	2	1	0.6666666666666666
CAPZA2	3	2	1	0.6666666666666666
CAPZB	3	2	1	0.6666666666666666
CARD10	3	3	0	1
CARD11	3	3	0	1
CARD14	3	1	2	0.6666666666666666
CARD16	2	2	0	1
CARD17	1	1	0	1
CARD18	1	1	0	1
CARD19	2	2	0	1
CARD6	3	1	2	0.6666666666666666
CARD8	3	0	3	1
CARD8-AS1	1	0	1	1
CARD9	3	2	1	0.6666666666666666
CARF	3	2	1	0.6666666666666666
CARHSP1	3	3	0	1
CARKD	1	0	1	1
CARM1	3	1	2	0.6666666666666666
CARMIL1	2	1	1	0.5
CARMIL2	2	1	1	0.5
CARMIL3	1	0	1	1
CARNMT1	2	1	1	0.5
CARNS1	3	2	1	0.6666666666666666
CARS	2	1	1	0.5
CARS1	1	0	1	1
CARS2	3	1	2	0.6666666666666666
CASC1	2	1	1	0.5
CASC10	2	1	1	0.5
CASC11	1	0	1	1
CASC15	1	0	1	1
CASC19	1	0	1	1
CASC2	1	1	0	1
CASC3	3	2	1	0.6666666666666666
CASC4	3	0	3	1
CASC5	1	0	1	1
CASC8	1	1	0	1
CASD1	3	1	2	0.6666666666666666
CASK	3	0	3	1
CASKIN1	2	1	1	0.5
CASKIN2	3	1	2	0.6666666666666666
CASP1	3	2	1	0.6666666666666666
CASP10	3	0	3	1
CASP16	1	1	0	1
CASP2	3	3	0	1
CASP3	3	1	2	0.6666666666666666
CASP4	3	2	1	0.6666666666666666
CASP5	1	1	0	1
CASP6	3	2	1	0.6666666666666666
CASP7	3	2	1	0.6666666666666666
CASP8	3	1	2	0.6666666666666666
CASP8AP2	2	1	1	0.5
CASP9	3	0	3	1
CASQ1	1	0	1	1
CASQ2	2	1	1	0.5
CASR	1	1	0	1
CASS4	3	2	1	0.6666666666666666
CAST	3	2	1	0.6666666666666666
CASTOR1	1	1	0	1
CASTOR3	1	1	0	1
CASZ1	3	2	1	0.6666666666666666
CAT	3	2	1	0.6666666666666666
CATIP	1	0	1	1
CATSPER1	3	2	1	0.6666666666666666
CATSPER2	2	1	1	0.5
CATSPER2P1	1	1	0	1
CATSPER3	3	2	1	0.6666666666666666
CATSPER4	1	1	0	1
CATSPERB	2	1	1	0.5
CATSPERD	1	1	0	1
CATSPERE	1	1	0	1
CATSPERG	3	2	1	0.6666666666666666
CAV1	3	3	0	1
CAV2	3	3	0	1
CAV3	2	1	1	0.5
CAVIN1	1	0	1	1
CAVIN2	1	0	1	1
CAVIN3	1	0	1	1
CAVIN4	1	1	0	1
CBARP	2	1	1	0.5
CBFA2T2	3	0	3	1
CBFA2T3	1	0	1	1
CBFB	3	1	2	0.6666666666666666
CBL	3	0	3	1
CBLB	3	3	0	1
CBLC	3	1	2	0.6666666666666666
CBLL1	3	2	1	0.6666666666666666
CBLN1	3	1	2	0.6666666666666666
CBLN2	1	0	1	1
CBLN3	3	2	1	0.6666666666666666
CBR1	2	2	0	1
CBR3	3	3	0	1
CBR3-AS1	1	1	0	1
CBR4	3	2	1	0.6666666666666666
CBS	3	2	1	0.6666666666666666
CBWD1	3	1	2	0.6666666666666666
CBWD2	3	1	2	0.6666666666666666
CBWD3	3	1	2	0.6666666666666666
CBWD5	3	1	2	0.6666666666666666
CBWD6	3	1	2	0.6666666666666666
CBWD7	1	1	0	1
CBX1	3	2	1	0.6666666666666666
CBX2	3	2	1	0.6666666666666666
CBX3	3	1	2	0.6666666666666666
CBX3P2	1	0	1	1
CBX4	3	2	1	0.6666666666666666
CBX5	3	2	1	0.6666666666666666
CBX6	3	1	2	0.6666666666666666
CBX7	3	3	0	1
CBX8	3	2	1	0.6666666666666666
CBY1	3	2	1	0.6666666666666666
CBY3	3	3	0	1
CC2D1A	3	2	1	0.6666666666666666
CC2D1B	3	0	3	1
CC2D2A	3	1	2	0.6666666666666666
CC2D2B	2	2	0	1
CCAR1	3	1	2	0.6666666666666666
CCAR2	3	2	1	0.6666666666666666
CCAT1	1	0	1	1
CCBE1	3	2	1	0.6666666666666666
CCBL1	1	1	0	1
CCBL2	1	0	1	1
CCDC101	1	1	0	1
CCDC102A	3	2	1	0.6666666666666666
CCDC102B	1	0	1	1
CCDC103	3	3	0	1
CCDC104	1	0	1	1
CCDC106	3	1	2	0.6666666666666666
CCDC107	2	1	1	0.5
CCDC109B	1	0	1	1
CCDC11	1	1	0	1
CCDC110	3	2	1	0.6666666666666666
CCDC112	3	0	3	1
CCDC113	3	1	2	0.6666666666666666
CCDC114	3	0	3	1
CCDC115	3	2	1	0.6666666666666666
CCDC116	1	0	1	1
CCDC117	3	1	2	0.6666666666666666
CCDC12	3	3	0	1
CCDC120	3	3	0	1
CCDC121	3	0	3	1
CCDC122	3	2	1	0.6666666666666666
CCDC124	3	1	2	0.6666666666666666
CCDC125	3	1	2	0.6666666666666666
CCDC126	3	1	2	0.6666666666666666
CCDC127	3	2	1	0.6666666666666666
CCDC129	1	1	0	1
CCDC13	3	0	3	1
CCDC130	3	1	2	0.6666666666666666
CCDC132	1	1	0	1
CCDC134	3	1	2	0.6666666666666666
CCDC136	3	2	1	0.6666666666666666
CCDC137	3	2	1	0.6666666666666666
CCDC138	3	1	2	0.6666666666666666
CCDC14	3	2	1	0.6666666666666666
CCDC141	3	1	2	0.6666666666666666
CCDC142	3	3	0	1
CCDC144A	2	1	1	0.5
CCDC144B	1	0	1	1
CCDC144CP	1	0	1	1
CCDC144NL	1	0	1	1
CCDC146	3	2	1	0.6666666666666666
CCDC147	1	1	0	1
CCDC148	3	2	1	0.6666666666666666
CCDC149	3	0	3	1
CCDC15	3	2	1	0.6666666666666666
CCDC150	3	1	2	0.6666666666666666
CCDC151	3	1	2	0.6666666666666666
CCDC152	1	0	1	1
CCDC153	3	3	0	1
CCDC154	2	0	2	1
CCDC155	2	0	2	1
CCDC157	3	1	2	0.6666666666666666
CCDC158	1	1	0	1
CCDC159	3	1	2	0.6666666666666666
CCDC160	3	0	3	1
CCDC163	1	0	1	1
CCDC163P	1	1	0	1
CCDC166	1	0	1	1
CCDC167	3	2	1	0.6666666666666666
CCDC168	2	2	0	1
CCDC169	3	1	2	0.6666666666666666
CCDC169-SOHLH2	1	0	1	1
CCDC17	3	1	2	0.6666666666666666
CCDC170	2	1	1	0.5
CCDC171	3	2	1	0.6666666666666666
CCDC173	3	2	1	0.6666666666666666
CCDC174	3	2	1	0.6666666666666666
CCDC175	1	0	1	1
CCDC176	1	1	0	1
CCDC177	1	0	1	1
CCDC178	1	1	0	1
CCDC18	3	2	1	0.6666666666666666
CCDC18-AS1	1	0	1	1
CCDC180	2	1	1	0.5
CCDC181	2	0	2	1
CCDC182	1	1	0	1
CCDC183	2	1	1	0.5
CCDC183-AS1	1	1	0	1
CCDC184	1	0	1	1
CCDC185	1	1	0	1
CCDC186	2	0	2	1
CCDC188	1	0	1	1
CCDC189	1	1	0	1
CCDC19	1	0	1	1
CCDC191	2	2	0	1
CCDC192	1	0	1	1
CCDC22	3	3	0	1
CCDC23	1	0	1	1
CCDC24	3	2	1	0.6666666666666666
CCDC25	3	1	2	0.6666666666666666
CCDC27	1	0	1	1
CCDC28A	3	2	1	0.6666666666666666
CCDC28B	3	1	2	0.6666666666666666
CCDC3	3	1	2	0.6666666666666666
CCDC30	3	2	1	0.6666666666666666
CCDC32	1	1	0	1
CCDC33	1	1	0	1
CCDC34	3	3	0	1
CCDC36	2	0	2	1
CCDC38	2	1	1	0.5
CCDC39	3	1	2	0.6666666666666666
CCDC40	3	3	0	1
CCDC41	1	0	1	1
CCDC42	2	1	1	0.5
CCDC42B	1	1	0	1
CCDC43	3	2	1	0.6666666666666666
CCDC47	3	1	2	0.6666666666666666
CCDC50	3	1	2	0.6666666666666666
CCDC51	3	2	1	0.6666666666666666
CCDC53	1	1	0	1
CCDC54	1	0	1	1
CCDC57	3	3	0	1
CCDC58	3	1	2	0.6666666666666666
CCDC59	3	1	2	0.6666666666666666
CCDC6	3	2	1	0.6666666666666666
CCDC61	3	2	1	0.6666666666666666
CCDC62	3	2	1	0.6666666666666666
CCDC63	2	1	1	0.5
CCDC64	1	0	1	1
CCDC64B	1	0	1	1
CCDC65	3	0	3	1
CCDC66	3	1	2	0.6666666666666666
CCDC67	1	0	1	1
CCDC68	3	2	1	0.6666666666666666
CCDC69	3	3	0	1
CCDC7	3	1	2	0.6666666666666666
CCDC71	3	3	0	1
CCDC71L	3	1	2	0.6666666666666666
CCDC73	2	2	0	1
CCDC74A	3	1	2	0.6666666666666666
CCDC74B	3	1	2	0.6666666666666666
CCDC77	3	1	2	0.6666666666666666
CCDC78	3	2	1	0.6666666666666666
CCDC8	3	1	2	0.6666666666666666
CCDC80	3	2	1	0.6666666666666666
CCDC81	3	1	2	0.6666666666666666
CCDC82	3	1	2	0.6666666666666666
CCDC83	1	1	0	1
CCDC84	3	0	3	1
CCDC85A	3	2	1	0.6666666666666666
CCDC85B	3	3	0	1
CCDC85C	3	3	0	1
CCDC86	3	3	0	1
CCDC87	3	1	2	0.6666666666666666
CCDC88A	3	2	1	0.6666666666666666
CCDC88B	3	2	1	0.6666666666666666
CCDC88C	3	2	1	0.6666666666666666
CCDC89	2	0	2	1
CCDC9	3	0	3	1
CCDC90B	3	1	2	0.6666666666666666
CCDC91	3	0	3	1
CCDC92	3	1	2	0.6666666666666666
CCDC92B	1	1	0	1
CCDC93	3	2	1	0.6666666666666666
CCDC94	2	2	0	1
CCDC96	3	1	2	0.6666666666666666
CCDC97	3	1	2	0.6666666666666666
CCDC9B	1	1	0	1
CCEPR	1	1	0	1
CCER1	1	1	0	1
CCER2	1	0	1	1
CCHCR1	3	3	0	1
CCIN	3	1	2	0.6666666666666666
CCK	2	0	2	1
CCKAR	1	0	1	1
CCKBR	3	1	2	0.6666666666666666
CCL15	1	1	0	1
CCL16	1	1	0	1
CCL17	1	1	0	1
CCL18	1	0	1	1
CCL19	1	0	1	1
CCL2	3	0	3	1
CCL20	2	1	1	0.5
CCL21	1	0	1	1
CCL22	2	1	1	0.5
CCL24	1	1	0	1
CCL25	1	1	0	1
CCL26	1	1	0	1
CCL27	2	0	2	1
CCL28	3	1	2	0.6666666666666666
CCL3	1	0	1	1
CCL3L1	1	0	1	1
CCL3L3	1	0	1	1
CCL4L2	1	0	1	1
CCL5	2	2	0	1
CCM2	3	2	1	0.6666666666666666
CCM2L	2	1	1	0.5
CCN1	1	0	1	1
CCN2	1	1	0	1
CCN3	1	0	1	1
CCNA1	3	0	3	1
CCNA2	3	2	1	0.6666666666666666
CCNB1	3	1	2	0.6666666666666666
CCNB1IP1	3	1	2	0.6666666666666666
CCNB2	3	1	2	0.6666666666666666
CCNB3	3	1	2	0.6666666666666666
CCNC	3	2	1	0.6666666666666666
CCND1	3	3	0	1
CCND2	2	1	1	0.5
CCND2-AS1	1	1	0	1
CCND3	3	3	0	1
CCNDBP1	3	2	1	0.6666666666666666
CCNE1	3	1	2	0.6666666666666666
CCNE2	3	2	1	0.6666666666666666
CCNF	3	3	0	1
CCNG1	3	2	1	0.6666666666666666
CCNG2	3	1	2	0.6666666666666666
CCNH	3	0	3	1
CCNI	3	0	3	1
CCNI2	3	2	1	0.6666666666666666
CCNJ	3	2	1	0.6666666666666666
CCNJL	3	3	0	1
CCNK	3	1	2	0.6666666666666666
CCNL1	3	1	2	0.6666666666666666
CCNL2	3	1	2	0.6666666666666666
CCNO	3	1	2	0.6666666666666666
CCNQ	1	1	0	1
CCNT1	3	1	2	0.6666666666666666
CCNT2	3	1	2	0.6666666666666666
CCNT2-AS1	1	1	0	1
CCNY	3	2	1	0.6666666666666666
CCNYL1	3	1	2	0.6666666666666666
CCNYL2	1	1	0	1
CCP110	3	2	1	0.6666666666666666
CCPG1	3	0	3	1
CCR1	1	0	1	1
CCR10	2	1	1	0.5
CCR3	2	1	1	0.5
CCR4	1	0	1	1
CCR5	1	0	1	1
CCR6	1	0	1	1
CCR7	2	2	0	1
CCR9	1	1	0	1
CCRL2	1	1	0	1
CCRN4L	1	1	0	1
CCS	3	3	0	1
CCSAP	3	1	2	0.6666666666666666
CCSER1	3	1	2	0.6666666666666666
CCSER2	3	1	2	0.6666666666666666
CCT2	3	1	2	0.6666666666666666
CCT3	3	0	3	1
CCT4	3	2	1	0.6666666666666666
CCT5	3	1	2	0.6666666666666666
CCT6A	3	1	2	0.6666666666666666
CCT6B	3	1	2	0.6666666666666666
CCT6P1	1	0	1	1
CCT6P3	1	0	1	1
CCT7	3	2	1	0.6666666666666666
CCT8	3	2	1	0.6666666666666666
CCZ1	3	1	2	0.6666666666666666
CCZ1B	3	0	3	1
CCZ1P-OR7E38P	1	1	0	1
CD101	3	1	2	0.6666666666666666
CD109	3	1	2	0.6666666666666666
CD14	3	1	2	0.6666666666666666
CD151	3	1	2	0.6666666666666666
CD160	3	0	3	1
CD163	1	0	1	1
CD163L1	2	1	1	0.5
CD164	3	1	2	0.6666666666666666
CD164L2	1	1	0	1
CD177	2	2	0	1
CD180	1	1	0	1
CD19	2	0	2	1
CD1D	2	1	1	0.5
CD200	2	2	0	1
CD200R1	1	1	0	1
CD200R1L	1	1	0	1
CD207	1	0	1	1
CD209	1	0	1	1
CD22	3	2	1	0.6666666666666666
CD226	3	2	1	0.6666666666666666
CD244	1	0	1	1
CD247	2	1	1	0.5
CD248	2	0	2	1
CD27	2	0	2	1
CD27-AS1	1	0	1	1
CD274	3	2	1	0.6666666666666666
CD276	3	1	2	0.6666666666666666
CD2AP	3	2	1	0.6666666666666666
CD2BP2	3	3	0	1
CD300A	1	0	1	1
CD300C	1	1	0	1
CD300LG	1	0	1	1
CD302	2	0	2	1
CD320	3	1	2	0.6666666666666666
CD33	2	1	1	0.5
CD34	3	1	2	0.6666666666666666
CD36	1	0	1	1
CD37	3	2	1	0.6666666666666666
CD38	1	1	0	1
CD3EAP	3	2	1	0.6666666666666666
CD4	1	0	1	1
CD40	3	2	1	0.6666666666666666
CD40LG	1	0	1	1
CD44	3	1	2	0.6666666666666666
CD46	3	2	1	0.6666666666666666
CD47	3	1	2	0.6666666666666666
CD5	1	0	1	1
CD52	1	1	0	1
CD53	1	0	1	1
CD55	3	0	3	1
CD58	3	0	3	1
CD59	3	2	1	0.6666666666666666
CD5L	1	1	0	1
CD6	2	1	1	0.5
CD63	3	0	3	1
CD68	3	3	0	1
CD7	1	1	0	1
CD70	3	2	1	0.6666666666666666
CD72	3	2	1	0.6666666666666666
CD74	3	2	1	0.6666666666666666
CD79A	2	1	1	0.5
CD79B	1	1	0	1
CD80	1	1	0	1
CD81	3	2	1	0.6666666666666666
CD82	3	3	0	1
CD83	3	2	1	0.6666666666666666
CD84	1	0	1	1
CD86	1	1	0	1
CD8A	3	2	1	0.6666666666666666
CD8B	1	1	0	1
CD9	3	1	2	0.6666666666666666
CD93	1	1	0	1
CD96	3	2	1	0.6666666666666666
CD97	1	0	1	1
CD99	3	1	2	0.6666666666666666
CD99L2	2	1	1	0.5
CD99P1	1	1	0	1
CDA	3	2	1	0.6666666666666666
CDADC1	3	2	1	0.6666666666666666
CDAN1	3	2	1	0.6666666666666666
CDC123	3	1	2	0.6666666666666666
CDC14A	3	1	2	0.6666666666666666
CDC14B	3	2	1	0.6666666666666666
CDC16	3	2	1	0.6666666666666666
CDC20	3	0	3	1
CDC20B	2	2	0	1
CDC23	3	2	1	0.6666666666666666
CDC25A	3	2	1	0.6666666666666666
CDC25B	3	1	2	0.6666666666666666
CDC25C	3	3	0	1
CDC26	3	2	1	0.6666666666666666
CDC27	3	1	2	0.6666666666666666
CDC34	3	2	1	0.6666666666666666
CDC37	3	2	1	0.6666666666666666
CDC37L1	3	0	3	1
CDC37L1-DT	1	0	1	1
CDC40	3	1	2	0.6666666666666666
CDC42	3	1	2	0.6666666666666666
CDC42BPA	3	1	2	0.6666666666666666
CDC42BPB	3	1	2	0.6666666666666666
CDC42BPG	3	3	0	1
CDC42EP1	3	3	0	1
CDC42EP2	3	2	1	0.6666666666666666
CDC42EP3	3	2	1	0.6666666666666666
CDC42EP4	3	2	1	0.6666666666666666
CDC42EP5	3	2	1	0.6666666666666666
CDC42SE1	3	0	3	1
CDC42SE2	3	1	2	0.6666666666666666
CDC45	3	2	1	0.6666666666666666
CDC5L	3	2	1	0.6666666666666666
CDC6	3	2	1	0.6666666666666666
CDC7	3	0	3	1
CDC73	3	1	2	0.6666666666666666
CDCA2	3	1	2	0.6666666666666666
CDCA3	3	1	2	0.6666666666666666
CDCA4	3	2	1	0.6666666666666666
CDCA5	3	2	1	0.6666666666666666
CDCA7	3	2	1	0.6666666666666666
CDCA7L	3	2	1	0.6666666666666666
CDCA8	3	1	2	0.6666666666666666
CDCP1	3	2	1	0.6666666666666666
CDCP2	1	1	0	1
CDH1	3	1	2	0.6666666666666666
CDH10	2	1	1	0.5
CDH11	3	2	1	0.6666666666666666
CDH12	1	0	1	1
CDH13	2	1	1	0.5
CDH15	2	1	1	0.5
CDH16	3	2	1	0.6666666666666666
CDH17	1	0	1	1
CDH18	2	0	2	1
CDH19	1	0	1	1
CDH2	3	2	1	0.6666666666666666
CDH20	1	1	0	1
CDH22	1	0	1	1
CDH23	1	0	1	1
CDH24	3	2	1	0.6666666666666666
CDH26	3	1	2	0.6666666666666666
CDH3	3	1	2	0.6666666666666666
CDH4	3	2	1	0.6666666666666666
CDH5	3	2	1	0.6666666666666666
CDH6	3	0	3	1
CDH7	1	0	1	1
CDH8	1	1	0	1
CDH9	1	0	1	1
CDHR1	1	1	0	1
CDHR2	3	1	2	0.6666666666666666
CDHR3	3	2	1	0.6666666666666666
CDHR4	2	0	2	1
CDHR5	2	1	1	0.5
CDIP1	3	1	2	0.6666666666666666
CDIPT	3	1	2	0.6666666666666666
CDIPTOSP	1	0	1	1
CDK1	3	1	2	0.6666666666666666
CDK10	3	2	1	0.6666666666666666
CDK11A	3	2	1	0.6666666666666666
CDK11B	3	3	0	1
CDK12	3	3	0	1
CDK13	3	1	2	0.6666666666666666
CDK14	3	1	2	0.6666666666666666
CDK15	1	0	1	1
CDK16	3	2	1	0.6666666666666666
CDK17	3	1	2	0.6666666666666666
CDK18	3	2	1	0.6666666666666666
CDK19	3	1	2	0.6666666666666666
CDK2	3	2	1	0.6666666666666666
CDK20	3	2	1	0.6666666666666666
CDK2AP1	3	0	3	1
CDK2AP2	3	3	0	1
CDK3	2	0	2	1
CDK4	3	2	1	0.6666666666666666
CDK5	3	2	1	0.6666666666666666
CDK5R1	3	3	0	1
CDK5R2	2	1	1	0.5
CDK5RAP1	3	2	1	0.6666666666666666
CDK5RAP2	3	1	2	0.6666666666666666
CDK5RAP3	3	2	1	0.6666666666666666
CDK6	3	2	1	0.6666666666666666
CDK6-AS1	1	1	0	1
CDK7	3	0	3	1
CDK8	3	1	2	0.6666666666666666
CDK9	3	2	1	0.6666666666666666
CDKAL1	3	1	2	0.6666666666666666
CDKL1	3	2	1	0.6666666666666666
CDKL2	3	1	2	0.6666666666666666
CDKL3	3	2	1	0.6666666666666666
CDKL4	1	0	1	1
CDKL5	3	3	0	1
CDKN1A	3	3	0	1
CDKN1B	3	0	3	1
CDKN1C	2	1	1	0.5
CDKN2A	2	2	0	1
CDKN2AIP	3	1	2	0.6666666666666666
CDKN2AIPNL	3	2	1	0.6666666666666666
CDKN2B	2	0	2	1
CDKN2B-AS1	1	0	1	1
CDKN2C	3	1	2	0.6666666666666666
CDKN2D	3	1	2	0.6666666666666666
CDKN3	3	2	1	0.6666666666666666
CDNF	3	0	3	1
CDO1	1	0	1	1
CDON	3	0	3	1
CDPF1	3	1	2	0.6666666666666666
CDR1	1	0	1	1
CDR2	3	1	2	0.6666666666666666
CDR2L	3	2	1	0.6666666666666666
CDRT1	3	2	1	0.6666666666666666
CDRT15	1	1	0	1
CDRT4	2	1	1	0.5
CDS1	3	1	2	0.6666666666666666
CDS2	3	1	2	0.6666666666666666
CDSN	3	3	0	1
CDT1	3	3	0	1
CDV3	3	1	2	0.6666666666666666
CDX2	1	1	0	1
CDYL	3	1	2	0.6666666666666666
CDYL2	3	2	1	0.6666666666666666
CEACAM1	3	1	2	0.6666666666666666
CEACAM16	1	1	0	1
CEACAM18	1	1	0	1
CEACAM19	3	1	2	0.6666666666666666
CEACAM20	1	1	0	1
CEACAM21	1	0	1	1
CEACAM5	1	1	0	1
CEACAM6	2	1	1	0.5
CEACAM8	1	1	0	1
CEBPA	3	1	2	0.6666666666666666
CEBPA-DT	1	1	0	1
CEBPB	3	2	1	0.6666666666666666
CEBPB-AS1	1	1	0	1
CEBPD	3	0	3	1
CEBPE	1	1	0	1
CEBPG	3	0	3	1
CEBPZ	3	1	2	0.6666666666666666
CEBPZOS	2	1	1	0.5
CECR1	1	1	0	1
CECR2	3	1	2	0.6666666666666666
CECR5	2	2	0	1
CECR6	2	0	2	1
CECR7	1	1	0	1
CEL	3	3	0	1
CELA1	1	1	0	1
CELA2A	1	0	1	1
CELA2B	2	0	2	1
CELA3A	1	1	0	1
CELA3B	1	1	0	1
CELF1	3	1	2	0.6666666666666666
CELF2	3	2	1	0.6666666666666666
CELF2-AS1	1	0	1	1
CELF3	1	0	1	1
CELF4	3	1	2	0.6666666666666666
CELF5	2	1	1	0.5
CELF6	2	0	2	1
CELSR1	3	2	1	0.6666666666666666
CELSR2	3	2	1	0.6666666666666666
CELSR3	3	2	1	0.6666666666666666
CEMIP	2	1	1	0.5
CEMIP2	1	0	1	1
CEMP1	2	2	0	1
CEND1	2	1	1	0.5
CENPA	3	1	2	0.6666666666666666
CENPB	3	2	1	0.6666666666666666
CENPBD1	3	2	1	0.6666666666666666
CENPBD1P1	1	1	0	1
CENPC	3	1	2	0.6666666666666666
CENPE	3	2	1	0.6666666666666666
CENPF	3	2	1	0.6666666666666666
CENPH	3	2	1	0.6666666666666666
CENPI	3	2	1	0.6666666666666666
CENPJ	3	2	1	0.6666666666666666
CENPK	3	1	2	0.6666666666666666
CENPL	3	1	2	0.6666666666666666
CENPM	3	2	1	0.6666666666666666
CENPN	3	1	2	0.6666666666666666
CENPO	3	0	3	1
CENPP	3	2	1	0.6666666666666666
CENPQ	3	2	1	0.6666666666666666
CENPS	2	2	0	1
CENPT	3	3	0	1
CENPU	2	1	1	0.5
CENPV	3	1	2	0.6666666666666666
CENPVL3	1	0	1	1
CENPW	3	2	1	0.6666666666666666
CENPX	2	2	0	1
CEP104	3	2	1	0.6666666666666666
CEP112	3	2	1	0.6666666666666666
CEP120	3	0	3	1
CEP126	2	1	1	0.5
CEP128	3	2	1	0.6666666666666666
CEP131	2	2	0	1
CEP135	3	1	2	0.6666666666666666
CEP152	3	1	2	0.6666666666666666
CEP162	2	2	0	1
CEP164	3	2	1	0.6666666666666666
CEP170	3	1	2	0.6666666666666666
CEP170B	3	1	2	0.6666666666666666
CEP170P1	1	0	1	1
CEP19	3	2	1	0.6666666666666666
CEP192	3	2	1	0.6666666666666666
CEP250	3	3	0	1
CEP290	3	2	1	0.6666666666666666
CEP295	2	0	2	1
CEP295NL	1	0	1	1
CEP350	3	1	2	0.6666666666666666
CEP41	3	2	1	0.6666666666666666
CEP44	3	2	1	0.6666666666666666
CEP55	3	2	1	0.6666666666666666
CEP57	3	2	1	0.6666666666666666
CEP57L1	3	2	1	0.6666666666666666
CEP63	3	1	2	0.6666666666666666
CEP68	3	2	1	0.6666666666666666
CEP70	3	1	2	0.6666666666666666
CEP72	3	3	0	1
CEP76	3	0	3	1
CEP78	3	1	2	0.6666666666666666
CEP83	2	0	2	1
CEP83-DT	1	0	1	1
CEP85	3	1	2	0.6666666666666666
CEP85L	3	1	2	0.6666666666666666
CEP89	3	2	1	0.6666666666666666
CEP95	3	2	1	0.6666666666666666
CEP97	3	2	1	0.6666666666666666
CEPT1	3	2	1	0.6666666666666666
CER1	1	0	1	1
CERCAM	3	1	2	0.6666666666666666
CERK	3	1	2	0.6666666666666666
CERKL	2	1	1	0.5
CERNA1	1	0	1	1
CERS1	3	1	2	0.6666666666666666
CERS2	3	0	3	1
CERS3-AS1	1	0	1	1
CERS4	3	1	2	0.6666666666666666
CERS5	3	1	2	0.6666666666666666
CERS6	3	2	1	0.6666666666666666
CERT1	1	0	1	1
CES1	1	1	0	1
CES2	3	3	0	1
CES3	3	0	3	1
CES4A	1	1	0	1
CES5A	1	0	1	1
CETN2	3	1	2	0.6666666666666666
CETN3	3	2	1	0.6666666666666666
CETP	1	0	1	1
CFAP100	1	0	1	1
CFAP126	1	0	1	1
CFAP157	2	1	1	0.5
CFAP161	2	0	2	1
CFAP20	2	2	0	1
CFAP206	1	1	0	1
CFAP221	1	0	1	1
CFAP298	1	0	1	1
CFAP300	1	0	1	1
CFAP36	2	1	1	0.5
CFAP410	1	1	0	1
CFAP43	2	2	0	1
CFAP44	2	2	0	1
CFAP45	2	1	1	0.5
CFAP46	1	0	1	1
CFAP47	2	1	1	0.5
CFAP52	2	2	0	1
CFAP53	2	1	1	0.5
CFAP54	2	2	0	1
CFAP57	2	1	1	0.5
CFAP58	2	2	0	1
CFAP61	1	1	0	1
CFAP65	1	0	1	1
CFAP69	2	2	0	1
CFAP70	2	2	0	1
CFAP73	1	0	1	1
CFAP74	1	0	1	1
CFAP77	1	1	0	1
CFAP97	2	1	1	0.5
CFAP99	1	0	1	1
CFB	3	2	1	0.6666666666666666
CFD	3	0	3	1
CFDP1	3	2	1	0.6666666666666666
CFH	2	0	2	1
CFHR1	1	0	1	1
CFHR2	1	0	1	1
CFHR3	1	1	0	1
CFHR4	1	1	0	1
CFI	1	1	0	1
CFL1	3	3	0	1
CFL2	3	1	2	0.6666666666666666
CFLAR	3	1	2	0.6666666666666666
CFLAR-AS1	1	0	1	1
CFP	2	1	1	0.5
CFTR	1	0	1	1
CGA	1	0	1	1
CGAS	1	0	1	1
CGB1	1	0	1	1
CGB2	1	1	0	1
CGB3	1	0	1	1
CGB5	1	1	0	1
CGB7	2	1	1	0.5
CGB8	2	1	1	0.5
CGGBP1	3	1	2	0.6666666666666666
CGN	3	0	3	1
CGNL1	3	0	3	1
CGREF1	3	0	3	1
CGRRF1	3	1	2	0.6666666666666666
CH17-340M24.3	1	0	1	1
CH25H	1	1	0	1
CHAC1	3	2	1	0.6666666666666666
CHAC2	3	0	3	1
CHAD	3	1	2	0.6666666666666666
CHADL	2	2	0	1
CHAF1A	3	3	0	1
CHAF1B	3	3	0	1
CHAMP1	3	2	1	0.6666666666666666
CHAT	1	0	1	1
CHCHD1	3	2	1	0.6666666666666666
CHCHD10	3	1	2	0.6666666666666666
CHCHD2	3	1	2	0.6666666666666666
CHCHD3	3	2	1	0.6666666666666666
CHCHD4	3	2	1	0.6666666666666666
CHCHD5	3	2	1	0.6666666666666666
CHCHD6	3	1	2	0.6666666666666666
CHCHD7	3	2	1	0.6666666666666666
CHD1	3	1	2	0.6666666666666666
CHD1L	3	0	3	1
CHD2	3	1	2	0.6666666666666666
CHD3	3	1	2	0.6666666666666666
CHD4	3	1	2	0.6666666666666666
CHD5	3	1	2	0.6666666666666666
CHD6	3	1	2	0.6666666666666666
CHD7	3	2	1	0.6666666666666666
CHD8	3	1	2	0.6666666666666666
CHD9	3	1	2	0.6666666666666666
CHDH	3	0	3	1
CHEK1	3	1	2	0.6666666666666666
CHEK2	3	2	1	0.6666666666666666
CHERP	3	3	0	1
CHFR	3	2	1	0.6666666666666666
CHGA	3	0	3	1
CHGB	1	1	0	1
CHI3L1	2	0	2	1
CHI3L2	2	2	0	1
CHIC1	3	1	2	0.6666666666666666
CHIC2	3	1	2	0.6666666666666666
CHID1	3	2	1	0.6666666666666666
CHIT1	1	0	1	1
CHKA	3	2	1	0.6666666666666666
CHKB	2	1	1	0.5
CHKB-CPT1B	1	0	1	1
CHKB-DT	1	1	0	1
CHL1	1	0	1	1
CHM	3	1	2	0.6666666666666666
CHML	3	2	1	0.6666666666666666
CHMP1A	3	3	0	1
CHMP1B	3	1	2	0.6666666666666666
CHMP1B2P	1	0	1	1
CHMP2A	3	2	1	0.6666666666666666
CHMP2B	3	1	2	0.6666666666666666
CHMP3	3	1	2	0.6666666666666666
CHMP4A	3	1	2	0.6666666666666666
CHMP4B	3	2	1	0.6666666666666666
CHMP4C	3	2	1	0.6666666666666666
CHMP5	3	1	2	0.6666666666666666
CHMP6	3	2	1	0.6666666666666666
CHMP7	3	2	1	0.6666666666666666
CHN1	3	1	2	0.6666666666666666
CHN2	3	2	1	0.6666666666666666
CHODL	2	1	1	0.5
CHORDC1	3	1	2	0.6666666666666666
CHP1	3	0	3	1
CHPF	3	1	2	0.6666666666666666
CHPF2	3	3	0	1
CHPT1	3	0	3	1
CHRAC1	3	1	2	0.6666666666666666
CHRD	2	0	2	1
CHRDL1	3	1	2	0.6666666666666666
CHRDL2	2	1	1	0.5
CHRFAM7A	2	0	2	1
CHRM1	2	1	1	0.5
CHRM3	2	2	0	1
CHRM4	1	0	1	1
CHRM5	1	0	1	1
CHRNA1	1	0	1	1
CHRNA10	2	0	2	1
CHRNA2	1	1	0	1
CHRNA3	3	1	2	0.6666666666666666
CHRNA4	1	0	1	1
CHRNA5	3	1	2	0.6666666666666666
CHRNA7	2	0	2	1
CHRNA9	2	1	1	0.5
CHRNB1	3	1	2	0.6666666666666666
CHRNB2	3	0	3	1
CHRNB4	1	1	0	1
CHRND	1	0	1	1
CHRNE	2	0	2	1
CHRNG	1	0	1	1
CHROMR	1	1	0	1
CHST1	1	0	1	1
CHST10	3	1	2	0.6666666666666666
CHST11	3	2	1	0.6666666666666666
CHST12	3	3	0	1
CHST13	2	0	2	1
CHST14	3	2	1	0.6666666666666666
CHST15	3	2	1	0.6666666666666666
CHST2	3	2	1	0.6666666666666666
CHST3	3	2	1	0.6666666666666666
CHST4	3	1	2	0.6666666666666666
CHST5	2	1	1	0.5
CHST6	3	0	3	1
CHST7	3	2	1	0.6666666666666666
CHST8	1	0	1	1
CHST9	3	2	1	0.6666666666666666
CHSY1	3	1	2	0.6666666666666666
CHSY3	3	1	2	0.6666666666666666
CHTF18	3	2	1	0.6666666666666666
CHTF8	2	1	1	0.5
CHTOP	3	1	2	0.6666666666666666
CHUK	3	1	2	0.6666666666666666
CHURC1	3	2	1	0.6666666666666666
CHURC1-FNTB	1	1	0	1
CIAO1	3	3	0	1
CIAO2A	1	0	1	1
CIAO2B	1	1	0	1
CIAO3	1	1	0	1
CIAPIN1	3	1	2	0.6666666666666666
CIART	2	0	2	1
CIB1	3	0	3	1
CIB2	3	1	2	0.6666666666666666
CIB3	1	1	0	1
CIB4	1	1	0	1
CIC	3	2	1	0.6666666666666666
CIDEA	2	0	2	1
CIDEB	3	1	2	0.6666666666666666
CIDEC	1	1	0	1
CIDECP1	1	1	0	1
CIITA	3	3	0	1
CILK1	1	0	1	1
CILP	2	1	1	0.5
CILP2	3	1	2	0.6666666666666666
CINP	3	2	1	0.6666666666666666
CIP2A	1	0	1	1
CIPC	2	2	0	1
CIR1	3	3	0	1
CIRBP	3	2	1	0.6666666666666666
CIRBP-AS1	1	1	0	1
CIRH1A	1	1	0	1
CISD1	3	1	2	0.6666666666666666
CISD2	3	0	3	1
CISD3	3	3	0	1
CISH	3	2	1	0.6666666666666666
CIT	3	2	1	0.6666666666666666
CITED1	1	0	1	1
CITED2	3	2	1	0.6666666666666666
CITED4	3	1	2	0.6666666666666666
CIZ1	3	2	1	0.6666666666666666
CKAP2	3	2	1	0.6666666666666666
CKAP2L	3	2	1	0.6666666666666666
CKAP4	3	2	1	0.6666666666666666
CKAP5	3	1	2	0.6666666666666666
CKB	3	2	1	0.6666666666666666
CKLF	3	1	2	0.6666666666666666
CKLF-CMTM1	1	0	1	1
CKM	1	0	1	1
CKMT1A	2	1	1	0.5
CKMT1B	3	1	2	0.6666666666666666
CKMT2	3	1	2	0.6666666666666666
CKMT2-AS1	1	1	0	1
CKS1B	3	1	2	0.6666666666666666
CKS2	3	2	1	0.6666666666666666
CLASP1	3	1	2	0.6666666666666666
CLASP2	3	0	3	1
CLASRP	3	2	1	0.6666666666666666
CLBA1	1	1	0	1
CLCA1	1	0	1	1
CLCA2	2	2	0	1
CLCA3P	1	0	1	1
CLCA4	1	1	0	1
CLCA4-AS1	1	1	0	1
CLCC1	3	2	1	0.6666666666666666
CLCF1	3	0	3	1
CLCN1	1	1	0	1
CLCN2	3	1	2	0.6666666666666666
CLCN3	3	2	1	0.6666666666666666
CLCN4	3	0	3	1
CLCN5	3	0	3	1
CLCN6	3	1	2	0.6666666666666666
CLCN7	3	2	1	0.6666666666666666
CLCNKA	1	0	1	1
CLCNKB	1	0	1	1
CLDN1	3	0	3	1
CLDN10	2	1	1	0.5
CLDN11	3	0	3	1
CLDN12	3	0	3	1
CLDN14	2	1	1	0.5
CLDN15	3	2	1	0.6666666666666666
CLDN16	3	0	3	1
CLDN17	1	1	0	1
CLDN18	1	1	0	1
CLDN19	1	0	1	1
CLDN2	2	1	1	0.5
CLDN20	1	0	1	1
CLDN22	1	1	0	1
CLDN23	3	1	2	0.6666666666666666
CLDN24	2	1	1	0.5
CLDN3	3	2	1	0.6666666666666666
CLDN34	1	0	1	1
CLDN4	3	1	2	0.6666666666666666
CLDN5	2	1	1	0.5
CLDN6	3	0	3	1
CLDN7	3	2	1	0.6666666666666666
CLDN8	1	1	0	1
CLDN9	3	2	1	0.6666666666666666
CLDND1	3	1	2	0.6666666666666666
CLDND2	2	0	2	1
CLEC10A	1	0	1	1
CLEC11A	2	0	2	1
CLEC12A	1	1	0	1
CLEC12B	1	1	0	1
CLEC16A	3	2	1	0.6666666666666666
CLEC17A	1	1	0	1
CLEC18A	2	1	1	0.5
CLEC18B	2	0	2	1
CLEC18C	1	0	1	1
CLEC19A	1	1	0	1
CLEC1A	1	1	0	1
CLEC1B	1	0	1	1
CLEC2B	1	1	0	1
CLEC2D	3	1	2	0.6666666666666666
CLEC3B	2	0	2	1
CLEC4A	1	0	1	1
CLEC4C	1	0	1	1
CLEC4E	1	0	1	1
CLEC4F	1	1	0	1
CLEC4G	1	0	1	1
CLEC4M	1	0	1	1
CLEC5A	1	1	0	1
CLEC7A	1	1	0	1
CLECL1	1	1	0	1
CLGN	3	1	2	0.6666666666666666
CLHC1	3	2	1	0.6666666666666666
CLIC1	3	1	2	0.6666666666666666
CLIC2	3	2	1	0.6666666666666666
CLIC3	3	3	0	1
CLIC4	3	1	2	0.6666666666666666
CLIC5	2	1	1	0.5
CLIC6	1	1	0	1
CLINT1	3	1	2	0.6666666666666666
CLIP1	3	1	2	0.6666666666666666
CLIP2	3	3	0	1
CLIP3	3	0	3	1
CLIP4	3	2	1	0.6666666666666666
CLK1	3	1	2	0.6666666666666666
CLK2	3	0	3	1
CLK3	3	2	1	0.6666666666666666
CLK4	3	1	2	0.6666666666666666
CLMN	3	1	2	0.6666666666666666
CLMP	3	2	1	0.6666666666666666
CLN3	3	1	2	0.6666666666666666
CLN5	3	2	1	0.6666666666666666
CLN6	3	1	2	0.6666666666666666
CLN8	3	2	1	0.6666666666666666
CLNS1A	3	2	1	0.6666666666666666
CLOCK	3	1	2	0.6666666666666666
CLP1	3	2	1	0.6666666666666666
CLPB	3	3	0	1
CLPP	3	2	1	0.6666666666666666
CLPSL1	1	0	1	1
CLPSL2	1	1	0	1
CLPTM1	3	1	2	0.6666666666666666
CLPTM1L	3	1	2	0.6666666666666666
CLPX	3	1	2	0.6666666666666666
CLRN1	1	0	1	1
CLRN2	1	0	1	1
CLSPN	3	2	1	0.6666666666666666
CLSTN1	3	2	1	0.6666666666666666
CLSTN2	2	1	1	0.5
CLSTN3	3	1	2	0.6666666666666666
CLTA	3	2	1	0.6666666666666666
CLTB	3	2	1	0.6666666666666666
CLTC	3	1	2	0.6666666666666666
CLTCL1	3	2	1	0.6666666666666666
CLTRN	1	0	1	1
CLU	3	0	3	1
CLUAP1	3	1	2	0.6666666666666666
CLUH	3	3	0	1
CLUHP3	1	1	0	1
CLUL1	3	1	2	0.6666666666666666
CLVS1	2	2	0	1
CLYBL	3	2	1	0.6666666666666666
CMA1	1	0	1	1
CMAS	3	1	2	0.6666666666666666
CMBL	2	0	2	1
CMC1	3	0	3	1
CMC2	3	3	0	1
CMC4	3	3	0	1
CMIP	3	3	0	1
CMKLR1	1	0	1	1
CMPK1	3	1	2	0.6666666666666666
CMPK2	3	0	3	1
CMSS1	3	2	1	0.6666666666666666
CMTM1	3	1	2	0.6666666666666666
CMTM2	1	0	1	1
CMTM3	3	2	1	0.6666666666666666
CMTM4	3	0	3	1
CMTM6	3	0	3	1
CMTM7	3	1	2	0.6666666666666666
CMTM8	3	0	3	1
CMTR1	3	2	1	0.6666666666666666
CMTR2	3	0	3	1
CMYA5	3	1	2	0.6666666666666666
CNBD1	1	0	1	1
CNBD2	2	2	0	1
CNBP	3	1	2	0.6666666666666666
CNDP1	1	0	1	1
CNDP2	3	1	2	0.6666666666666666
CNEP1R1	3	1	2	0.6666666666666666
CNFN	3	1	2	0.6666666666666666
CNGA1	3	2	1	0.6666666666666666
CNGA3	1	1	0	1
CNGA4	2	1	1	0.5
CNGB1	3	3	0	1
CNGB3	1	1	0	1
CNIH1	3	1	2	0.6666666666666666
CNIH2	3	0	3	1
CNIH3	3	1	2	0.6666666666666666
CNIH4	3	1	2	0.6666666666666666
CNKSR1	3	3	0	1
CNKSR2	3	0	3	1
CNKSR3	3	1	2	0.6666666666666666
CNMD	1	0	1	1
CNN1	2	1	1	0.5
CNN2	3	2	1	0.6666666666666666
CNN3	3	1	2	0.6666666666666666
CNNM1	3	1	2	0.6666666666666666
CNNM2	3	2	1	0.6666666666666666
CNNM3	3	2	1	0.6666666666666666
CNNM3-DT	1	0	1	1
CNNM4	3	0	3	1
CNOT1	3	2	1	0.6666666666666666
CNOT10	3	0	3	1
CNOT11	3	2	1	0.6666666666666666
CNOT2	3	1	2	0.6666666666666666
CNOT2-DT	1	1	0	1
CNOT3	3	0	3	1
CNOT4	3	2	1	0.6666666666666666
CNOT6	3	2	1	0.6666666666666666
CNOT6L	3	0	3	1
CNOT7	3	2	1	0.6666666666666666
CNOT8	3	2	1	0.6666666666666666
CNOT9	2	0	2	1
CNP	3	3	0	1
CNPPD1	3	1	2	0.6666666666666666
CNPY1	1	0	1	1
CNPY2	3	0	3	1
CNPY3	3	1	2	0.6666666666666666
CNPY4	3	1	2	0.6666666666666666
CNR1	3	1	2	0.6666666666666666
CNR2	1	0	1	1
CNRIP1	2	1	1	0.5
CNST	3	1	2	0.6666666666666666
CNTD1	3	2	1	0.6666666666666666
CNTD2	2	2	0	1
CNTF	2	2	0	1
CNTFR	1	0	1	1
CNTLN	3	2	1	0.6666666666666666
CNTN1	3	1	2	0.6666666666666666
CNTN2	1	0	1	1
CNTN3	2	0	2	1
CNTN4	2	1	1	0.5
CNTN5	2	0	2	1
CNTNAP1	3	1	2	0.6666666666666666
CNTNAP2	3	0	3	1
CNTNAP3	3	2	1	0.6666666666666666
CNTNAP3B	3	3	0	1
CNTNAP4	1	1	0	1
CNTRL	3	1	2	0.6666666666666666
CNTROB	3	3	0	1
COA1	3	0	3	1
COA3	3	3	0	1
COA4	3	3	0	1
COA5	3	3	0	1
COA6	3	2	1	0.6666666666666666
COA6-AS1	1	1	0	1
COA7	2	0	2	1
COA8	1	0	1	1
COASY	3	1	2	0.6666666666666666
COBL	3	1	2	0.6666666666666666
COBLL1	3	1	2	0.6666666666666666
COCH	3	1	2	0.6666666666666666
COG1	3	2	1	0.6666666666666666
COG2	3	3	0	1
COG3	3	2	1	0.6666666666666666
COG4	3	3	0	1
COG5	3	1	2	0.6666666666666666
COG6	3	1	2	0.6666666666666666
COG7	3	1	2	0.6666666666666666
COG8	3	3	0	1
COIL	3	2	1	0.6666666666666666
COL10A1	2	0	2	1
COL11A1	1	0	1	1
COL11A2	3	2	1	0.6666666666666666
COL12A1	3	1	2	0.6666666666666666
COL13A1	2	0	2	1
COL14A1	2	0	2	1
COL15A1	2	1	1	0.5
COL16A1	3	3	0	1
COL17A1	3	3	0	1
COL18A1	3	1	2	0.6666666666666666
COL19A1	1	0	1	1
COL1A1	3	2	1	0.6666666666666666
COL1A2	2	0	2	1
COL20A1	1	0	1	1
COL21A1	1	0	1	1
COL22A1	2	1	1	0.5
COL23A1	1	0	1	1
COL24A1	1	0	1	1
COL25A1	3	1	2	0.6666666666666666
COL26A1	2	1	1	0.5
COL27A1	3	2	1	0.6666666666666666
COL28A1	2	1	1	0.5
COL2A1	1	0	1	1
COL3A1	2	1	1	0.5
COL4A1	3	2	1	0.6666666666666666
COL4A2	3	3	0	1
COL4A2-AS2	1	1	0	1
COL4A3	3	1	2	0.6666666666666666
COL4A3BP	2	0	2	1
COL4A4	3	1	2	0.6666666666666666
COL4A5	3	2	1	0.6666666666666666
COL4A6	3	1	2	0.6666666666666666
COL5A1	2	0	2	1
COL5A2	3	2	1	0.6666666666666666
COL5A3	1	0	1	1
COL6A1	3	2	1	0.6666666666666666
COL6A2	2	1	1	0.5
COL6A3	3	1	2	0.6666666666666666
COL6A4P1	1	1	0	1
COL6A4P2	1	0	1	1
COL6A6	1	0	1	1
COL7A1	3	3	0	1
COL8A1	3	0	3	1
COL8A2	1	1	0	1
COL9A1	1	0	1	1
COL9A2	3	1	2	0.6666666666666666
COL9A3	3	3	0	1
COLCA1	1	1	0	1
COLCA2	1	1	0	1
COLEC10	1	0	1	1
COLEC11	1	0	1	1
COLEC12	2	1	1	0.5
COLGALT1	3	1	2	0.6666666666666666
COLGALT2	3	0	3	1
COLQ	3	1	2	0.6666666666666666
COMMD1	3	2	1	0.6666666666666666
COMMD10	3	1	2	0.6666666666666666
COMMD2	3	1	2	0.6666666666666666
COMMD3	3	1	2	0.6666666666666666
COMMD3-BMI1	1	1	0	1
COMMD4	3	3	0	1
COMMD5	3	1	2	0.6666666666666666
COMMD6	3	3	0	1
COMMD7	3	0	3	1
COMMD8	3	2	1	0.6666666666666666
COMMD9	3	3	0	1
COMP	1	0	1	1
COMT	3	3	0	1
COMTD1	3	2	1	0.6666666666666666
COP1	1	0	1	1
COPA	3	1	2	0.6666666666666666
COPB1	3	1	2	0.6666666666666666
COPB2	3	1	2	0.6666666666666666
COPE	3	3	0	1
COPG1	3	2	1	0.6666666666666666
COPG2	3	1	2	0.6666666666666666
COPRS	3	1	2	0.6666666666666666
COPS2	3	0	3	1
COPS3	3	1	2	0.6666666666666666
COPS4	3	1	2	0.6666666666666666
COPS5	3	1	2	0.6666666666666666
COPS6	3	2	1	0.6666666666666666
COPS7A	3	2	1	0.6666666666666666
COPS7B	3	1	2	0.6666666666666666
COPS8	3	2	1	0.6666666666666666
COPS9	2	1	1	0.5
COPZ1	3	1	2	0.6666666666666666
COPZ2	3	3	0	1
COQ10A	3	1	2	0.6666666666666666
COQ10B	3	2	1	0.6666666666666666
COQ2	3	2	1	0.6666666666666666
COQ3	3	1	2	0.6666666666666666
COQ4	3	2	1	0.6666666666666666
COQ5	3	1	2	0.6666666666666666
COQ6	3	1	2	0.6666666666666666
COQ7	3	2	1	0.6666666666666666
COQ8A	2	2	0	1
COQ8B	2	1	1	0.5
COQ9	3	2	1	0.6666666666666666
CORIN	3	3	0	1
CORO1A	3	1	2	0.6666666666666666
CORO1B	3	3	0	1
CORO1C	3	1	2	0.6666666666666666
CORO2A	3	2	1	0.6666666666666666
CORO2B	3	2	1	0.6666666666666666
CORO6	3	2	1	0.6666666666666666
CORO7	3	2	1	0.6666666666666666
CORO7-PAM16	1	1	0	1
CORT	2	1	1	0.5
COTL1	3	1	2	0.6666666666666666
COX10	3	3	0	1
COX10-AS1	1	1	0	1
COX11	3	1	2	0.6666666666666666
COX14	3	1	2	0.6666666666666666
COX15	3	3	0	1
COX16	3	2	1	0.6666666666666666
COX17	3	1	2	0.6666666666666666
COX18	3	1	2	0.6666666666666666
COX19	3	1	2	0.6666666666666666
COX20	3	1	2	0.6666666666666666
COX4I1	3	2	1	0.6666666666666666
COX4I2	1	1	0	1
COX5A	3	1	2	0.6666666666666666
COX5B	3	2	1	0.6666666666666666
COX6A1	3	2	1	0.6666666666666666
COX6A1P2	1	1	0	1
COX6A2	1	0	1	1
COX6B1	3	1	2	0.6666666666666666
COX6B2	1	0	1	1
COX6C	3	1	2	0.6666666666666666
COX7A1	1	1	0	1
COX7A2	3	1	2	0.6666666666666666
COX7A2L	3	2	1	0.6666666666666666
COX7B	3	1	2	0.6666666666666666
COX7C	3	2	1	0.6666666666666666
COX8A	3	3	0	1
COX8C	1	0	1	1
CP	3	0	3	1
CPA1	1	1	0	1
CPA2	1	1	0	1
CPA3	1	0	1	1
CPA4	3	1	2	0.6666666666666666
CPA5	2	2	0	1
CPAMD8	3	2	1	0.6666666666666666
CPB1	1	0	1	1
CPB2	2	1	1	0.5
CPB2-AS1	1	0	1	1
CPD	3	1	2	0.6666666666666666
CPE	3	1	2	0.6666666666666666
CPEB1	2	0	2	1
CPEB2	3	1	2	0.6666666666666666
CPEB3	3	0	3	1
CPEB4	3	2	1	0.6666666666666666
CPED1	3	1	2	0.6666666666666666
CPLANE1	1	1	0	1
CPLANE2	1	1	0	1
CPLX1	3	0	3	1
CPLX2	1	0	1	1
CPLX3	1	0	1	1
CPLX4	1	1	0	1
CPM	3	0	3	1
CPN1	1	1	0	1
CPN2	2	2	0	1
CPNE1	3	2	1	0.6666666666666666
CPNE2	3	1	2	0.6666666666666666
CPNE3	3	1	2	0.6666666666666666
CPNE4	3	0	3	1
CPNE5	2	1	1	0.5
CPNE6	1	0	1	1
CPNE7	3	1	2	0.6666666666666666
CPNE8	3	1	2	0.6666666666666666
CPNE9	2	2	0	1
CPO	2	1	1	0.5
CPOX	3	3	0	1
CPPED1	3	3	0	1
CPQ	3	1	2	0.6666666666666666
CPS1	3	0	3	1
CPSF1	3	2	1	0.6666666666666666
CPSF2	3	0	3	1
CPSF3	3	0	3	1
CPSF3L	1	1	0	1
CPSF4	3	2	1	0.6666666666666666
CPSF4L	2	1	1	0.5
CPSF6	3	2	1	0.6666666666666666
CPSF7	3	2	1	0.6666666666666666
CPT1A	3	1	2	0.6666666666666666
CPT1B	2	0	2	1
CPT1C	3	1	2	0.6666666666666666
CPT2	3	2	1	0.6666666666666666
CPTP	2	1	1	0.5
CPVL	3	2	1	0.6666666666666666
CPXCR1	1	1	0	1
CPXM1	2	2	0	1
CPXM2	1	0	1	1
CPZ	2	2	0	1
CR1	2	1	1	0.5
CR1L	2	1	1	0.5
CR2	2	0	2	1
CRABP1	1	1	0	1
CRABP2	3	1	2	0.6666666666666666
CRACD	1	0	1	1
CRACR2A	2	1	1	0.5
CRACR2B	2	1	1	0.5
CRADD	3	1	2	0.6666666666666666
CRAMP1	2	0	2	1
CRAMP1L	1	1	0	1
CRAT	3	2	1	0.6666666666666666
CRB1	2	0	2	1
CRB2	2	1	1	0.5
CRB3	3	3	0	1
CRBN	3	1	2	0.6666666666666666
CRCP	3	0	3	1
CRCT1	1	1	0	1
CREB1	3	1	2	0.6666666666666666
CREB3	3	2	1	0.6666666666666666
CREB3L1	2	1	1	0.5
CREB3L2	3	1	2	0.6666666666666666
CREB3L3	1	1	0	1
CREB3L4	3	0	3	1
CREB5	3	1	2	0.6666666666666666
CREBBP	3	2	1	0.6666666666666666
CREBL2	3	1	2	0.6666666666666666
CREBRF	3	2	1	0.6666666666666666
CREBZF	3	2	1	0.6666666666666666
CREG1	3	0	3	1
CREG2	3	1	2	0.6666666666666666
CRELD1	3	1	2	0.6666666666666666
CRELD2	3	1	2	0.6666666666666666
CREM	3	0	3	1
CRH	1	1	0	1
CRHBP	1	1	0	1
CRHR1	2	1	1	0.5
CRHR1-IT1-CRHR1	1	1	0	1
CRHR2	1	1	0	1
CRIM1	3	1	2	0.6666666666666666
CRIM1-DT	1	1	0	1
CRIP1	3	1	2	0.6666666666666666
CRIP2	3	1	2	0.6666666666666666
CRIP3	3	1	2	0.6666666666666666
CRIPAK	2	0	2	1
CRIPT	3	1	2	0.6666666666666666
CRISP2	1	1	0	1
CRISP3	1	1	0	1
CRISPLD1	3	1	2	0.6666666666666666
CRISPLD2	3	2	1	0.6666666666666666
CRK	3	2	1	0.6666666666666666
CRKL	3	2	1	0.6666666666666666
CRLF1	3	1	2	0.6666666666666666
CRLF2	1	0	1	1
CRLF3	3	1	2	0.6666666666666666
CRLS1	3	1	2	0.6666666666666666
CRMP1	3	1	2	0.6666666666666666
CRNDE	2	2	0	1
CRNKL1	3	1	2	0.6666666666666666
CROCC	3	2	1	0.6666666666666666
CROCCP2	1	1	0	1
CROCCP3	1	1	0	1
CROT	3	3	0	1
CRSP8P	1	0	1	1
CRTAC1	2	0	2	1
CRTAM	1	0	1	1
CRTAP	3	0	3	1
CRTC1	3	1	2	0.6666666666666666
CRTC2	3	1	2	0.6666666666666666
CRTC3	3	1	2	0.6666666666666666
CRTC3-AS1	1	0	1	1
CRY1	3	1	2	0.6666666666666666
CRY2	3	2	1	0.6666666666666666
CRYAA	1	0	1	1
CRYAB	3	0	3	1
CRYBA1	1	1	0	1
CRYBA2	2	1	1	0.5
CRYBA4	1	0	1	1
CRYBB1	1	0	1	1
CRYBB2	1	1	0	1
CRYBB2P1	1	1	0	1
CRYBB3	3	3	0	1
CRYBG1	1	1	0	1
CRYBG2	1	0	1	1
CRYBG3	3	2	1	0.6666666666666666
CRYGC	1	0	1	1
CRYGD	1	0	1	1
CRYGN	1	1	0	1
CRYGS	3	1	2	0.6666666666666666
CRYL1	3	3	0	1
CRYM	1	0	1	1
CRYM-AS1	1	1	0	1
CRYZ	3	1	2	0.6666666666666666
CRYZL1	3	1	2	0.6666666666666666
CRYZL2P	1	1	0	1
CS	3	1	2	0.6666666666666666
CSAD	3	1	2	0.6666666666666666
CSDC2	2	0	2	1
CSDE1	3	0	3	1
CSE1L	3	2	1	0.6666666666666666
CSF1	3	0	3	1
CSF1R	2	2	0	1
CSF2	2	2	0	1
CSF2RA	3	2	1	0.6666666666666666
CSF2RB	1	0	1	1
CSF3	1	1	0	1
CSF3R	1	1	0	1
CSGALNACT1	2	0	2	1
CSGALNACT2	3	1	2	0.6666666666666666
CSH2	1	0	1	1
CSK	3	3	0	1
CSKMT	1	1	0	1
CSMD1	1	0	1	1
CSMD2	2	2	0	1
CSMD3	1	1	0	1
CSNK1A1	3	1	2	0.6666666666666666
CSNK1A1L	1	0	1	1
CSNK1D	3	3	0	1
CSNK1E	2	1	1	0.5
CSNK1G1	3	3	0	1
CSNK1G2	3	2	1	0.6666666666666666
CSNK1G3	3	1	2	0.6666666666666666
CSNK2A1	3	1	2	0.6666666666666666
CSNK2A2	3	0	3	1
CSNK2A3	3	1	2	0.6666666666666666
CSNK2B	3	2	1	0.6666666666666666
CSNK2B-LY6G5B-1181	1	1	0	1
CSPG4	3	1	2	0.6666666666666666
CSPG5	2	1	1	0.5
CSPP1	3	2	1	0.6666666666666666
CSRNP1	3	1	2	0.6666666666666666
CSRNP2	3	1	2	0.6666666666666666
CSRNP3	3	0	3	1
CSRP1	3	2	1	0.6666666666666666
CSRP2	3	1	2	0.6666666666666666
CSRP2BP	1	1	0	1
CSRP3	1	1	0	1
CST3	3	2	1	0.6666666666666666
CST6	3	3	0	1
CST7	1	1	0	1
CST9	1	1	0	1
CST9L	1	0	1	1
CSTA	3	1	2	0.6666666666666666
CSTB	3	3	0	1
CSTF1	3	2	1	0.6666666666666666
CSTF2	3	2	1	0.6666666666666666
CSTF2T	3	1	2	0.6666666666666666
CSTF3	3	2	1	0.6666666666666666
CSTF3-DT	1	1	0	1
CSTL1	1	1	0	1
CT45A9	1	0	1	1
CT55	1	0	1	1
CT62	2	2	0	1
CT75	1	1	0	1
CTAG1A	1	1	0	1
CTAG1B	1	1	0	1
CTAG2	1	1	0	1
CTAGE1	2	1	1	0.5
CTAGE15	2	2	0	1
CTAGE4	3	3	0	1
CTAGE5	1	0	1	1
CTAGE6	2	2	0	1
CTAGE7P	1	1	0	1
CTAGE8	3	3	0	1
CTAGE9	2	2	0	1
CTB-102L5.4	1	0	1	1
CTB-134H23.2	1	0	1	1
CTB-54O9.9	1	1	0	1
CTB-58E17.5	1	1	0	1
CTBP1	3	1	2	0.6666666666666666
CTBP1-AS	1	1	0	1
CTBP1-DT	1	1	0	1
CTBP2	3	0	3	1
CTBS	3	0	3	1
CTC-241N9.1	1	1	0	1
CTC-260F20.3	1	0	1	1
CTC-273B12.7	1	0	1	1
CTC-326K19.6	1	0	1	1
CTC-338M12.4	1	1	0	1
CTC-349C3.1	1	0	1	1
CTC-360G5.1	1	0	1	1
CTC-360G5.8	1	0	1	1
CTC-398G3.6	1	0	1	1
CTC-429P9.4	1	0	1	1
CTC-432M15.3	1	1	0	1
CTC-435M10.3	1	0	1	1
CTC-454I21.3	1	0	1	1
CTC-479C5.12	1	1	0	1
CTC-487M23.8	1	1	0	1
CTC-490E21.12	1	1	0	1
CTC-512J12.6	1	0	1	1
CTC-534A2.2	1	0	1	1
CTC-554D6.1	1	1	0	1
CTC1	3	2	1	0.6666666666666666
CTCF	3	1	2	0.6666666666666666
CTCFL	1	0	1	1
CTD-2006C1.10	1	0	1	1
CTD-2054N24.2	1	0	1	1
CTD-2116N17.1	1	1	0	1
CTD-2132N18.3	1	1	0	1
CTD-2140B24.4	1	1	0	1
CTD-2162K18.4	1	0	1	1
CTD-2192J16.20	1	0	1	1
CTD-2192J16.22	1	0	1	1
CTD-2192J16.24	1	0	1	1
CTD-2207O23.10	1	0	1	1
CTD-2207O23.12	1	0	1	1
CTD-2207O23.3	1	1	0	1
CTD-2215E18.1	1	0	1	1
CTD-2228K2.5	1	1	0	1
CTD-2260A17.2	1	1	0	1
CTD-2267D19.3	1	1	0	1
CTD-2278I10.6	1	1	0	1
CTD-2330K9.3	1	1	0	1
CTD-2349B8.1	1	1	0	1
CTD-2368P22.1	1	0	1	1
CTD-2369P2.10	1	1	0	1
CTD-2369P2.12	1	0	1	1
CTD-2410N18.5	1	1	0	1
CTD-2510F5.6	1	1	0	1
CTD-2528L19.4	1	0	1	1
CTD-2535L24.2	1	1	0	1
CTD-2545G14.7	1	1	0	1
CTD-2545M3.6	1	0	1	1
CTD-2561J22.3	1	0	1	1
CTD-2583A14.10	1	0	1	1
CTD-2583A14.9	1	0	1	1
CTD-2587H24.4	1	0	1	1
CTD-2600O9.1	1	0	1	1
CTD-2616J11.11	1	0	1	1
CTD-3074O7.11	1	1	0	1
CTD-3088G3.8	1	1	0	1
CTD-3105H18.14	1	1	0	1
CTD-3105H18.16	1	1	0	1
CTD-3105H18.18	1	1	0	1
CTD-3138B18.4	1	0	1	1
CTD-3148I10.9	1	0	1	1
CTD-3193O13.9	1	1	0	1
CTD-3203P2.2	1	0	1	1
CTD-3214H19.16	1	0	1	1
CTD-3214H19.4	1	0	1	1
CTD-3222D19.2	1	1	0	1
CTDNEP1	3	1	2	0.6666666666666666
CTDP1	3	1	2	0.6666666666666666
CTDSP1	3	1	2	0.6666666666666666
CTDSP2	3	0	3	1
CTDSPL	3	2	1	0.6666666666666666
CTDSPL2	3	0	3	1
CTF1	3	1	2	0.6666666666666666
CTGF	2	0	2	1
CTH	3	1	2	0.6666666666666666
CTHRC1	3	2	1	0.6666666666666666
CTIF	3	2	1	0.6666666666666666
CTNNA1	3	1	2	0.6666666666666666
CTNNA2	2	1	1	0.5
CTNNA3	2	0	2	1
CTNNAL1	3	1	2	0.6666666666666666
CTNNB1	3	0	3	1
CTNNBIP1	3	3	0	1
CTNNBL1	3	2	1	0.6666666666666666
CTNND1	3	2	1	0.6666666666666666
CTNND2	3	1	2	0.6666666666666666
CTNS	3	2	1	0.6666666666666666
CTPS1	3	1	2	0.6666666666666666
CTPS2	3	2	1	0.6666666666666666
CTR9	3	2	1	0.6666666666666666
CTRB1	1	1	0	1
CTRB2	1	1	0	1
CTRC	2	2	0	1
CTRL	3	3	0	1
CTSA	3	2	1	0.6666666666666666
CTSB	3	3	0	1
CTSC	3	0	3	1
CTSD	3	2	1	0.6666666666666666
CTSE	1	1	0	1
CTSF	2	1	1	0.5
CTSG	1	0	1	1
CTSH	3	2	1	0.6666666666666666
CTSK	3	0	3	1
CTSL	3	2	1	0.6666666666666666
CTSO	3	1	2	0.6666666666666666
CTSS	3	2	1	0.6666666666666666
CTSV	3	1	2	0.6666666666666666
CTSW	2	0	2	1
CTSZ	3	2	1	0.6666666666666666
CTTN	3	2	1	0.6666666666666666
CTTNBP2	2	2	0	1
CTTNBP2NL	3	0	3	1
CTU1	3	2	1	0.6666666666666666
CTU2	3	2	1	0.6666666666666666
CTXN1	3	1	2	0.6666666666666666
CTXN2	2	1	1	0.5
CTXN3	1	1	0	1
CUBN	3	1	2	0.6666666666666666
CUEDC1	3	2	1	0.6666666666666666
CUEDC2	3	3	0	1
CUL1	3	1	2	0.6666666666666666
CUL2	3	1	2	0.6666666666666666
CUL3	3	0	3	1
CUL4A	3	1	2	0.6666666666666666
CUL4B	3	0	3	1
CUL5	3	1	2	0.6666666666666666
CUL7	3	2	1	0.6666666666666666
CUL9	3	2	1	0.6666666666666666
CUTA	3	2	1	0.6666666666666666
CUTALP	1	1	0	1
CUTC	3	2	1	0.6666666666666666
CUX1	3	2	1	0.6666666666666666
CUX2	2	1	1	0.5
CUZD1	2	1	1	0.5
CWC15	3	2	1	0.6666666666666666
CWC22	3	2	1	0.6666666666666666
CWC25	3	3	0	1
CWC27	3	1	2	0.6666666666666666
CWF19L1	3	2	1	0.6666666666666666
CWF19L2	3	2	1	0.6666666666666666
CWH43	1	0	1	1
CX3CL1	2	2	0	1
CX3CR1	1	1	0	1
CXADR	3	0	3	1
CXCL1	3	0	3	1
CXCL10	3	1	2	0.6666666666666666
CXCL11	3	1	2	0.6666666666666666
CXCL12	1	1	0	1
CXCL13	1	0	1	1
CXCL14	1	1	0	1
CXCL16	3	1	2	0.6666666666666666
CXCL17	1	1	0	1
CXCL2	3	1	2	0.6666666666666666
CXCL3	3	1	2	0.6666666666666666
CXCL5	2	0	2	1
CXCL8	2	1	1	0.5
CXCL9	1	0	1	1
CXCR1	1	1	0	1
CXCR2	1	0	1	1
CXCR3	1	0	1	1
CXCR4	2	1	1	0.5
CXCR5	2	0	2	1
CXCR6	3	2	1	0.6666666666666666
CXXC1	3	2	1	0.6666666666666666
CXXC4	2	0	2	1
CXXC5	3	1	2	0.6666666666666666
CXorf23	2	2	0	1
CXorf24	1	0	1	1
CXorf36	1	0	1	1
CXorf38	3	2	1	0.6666666666666666
CXorf40A	3	2	1	0.6666666666666666
CXorf40B	3	2	1	0.6666666666666666
CXorf49	1	1	0	1
CXorf56	3	1	2	0.6666666666666666
CXorf57	2	2	0	1
CXorf58	2	1	1	0.5
CXorf65	1	0	1	1
CYB561	3	2	1	0.6666666666666666
CYB561A3	3	2	1	0.6666666666666666
CYB561D1	3	2	1	0.6666666666666666
CYB561D2	3	2	1	0.6666666666666666
CYB5A	3	1	2	0.6666666666666666
CYB5B	3	3	0	1
CYB5D1	3	2	1	0.6666666666666666
CYB5D2	3	2	1	0.6666666666666666
CYB5R1	3	1	2	0.6666666666666666
CYB5R2	3	1	2	0.6666666666666666
CYB5R3	3	2	1	0.6666666666666666
CYB5R4	3	3	0	1
CYB5RL	3	1	2	0.6666666666666666
CYBA	3	2	1	0.6666666666666666
CYBB	3	1	2	0.6666666666666666
CYBC1	1	1	0	1
CYBRD1	3	2	1	0.6666666666666666
CYC1	3	2	1	0.6666666666666666
CYCS	3	0	3	1
CYFIP1	3	1	2	0.6666666666666666
CYFIP2	3	2	1	0.6666666666666666
CYGB	3	3	0	1
CYHR1	3	1	2	0.6666666666666666
CYLC1	1	0	1	1
CYLD	3	2	1	0.6666666666666666
CYP11A1	1	1	0	1
CYP11B1	1	1	0	1
CYP17A1	1	1	0	1
CYP19A1	1	1	0	1
CYP1A1	2	2	0	1
CYP1A2	3	2	1	0.6666666666666666
CYP1B1	3	1	2	0.6666666666666666
CYP20A1	3	1	2	0.6666666666666666
CYP21A2	1	0	1	1
CYP24A1	3	2	1	0.6666666666666666
CYP26A1	2	0	2	1
CYP26B1	2	1	1	0.5
CYP26C1	1	0	1	1
CYP27A1	3	1	2	0.6666666666666666
CYP27B1	3	1	2	0.6666666666666666
CYP27C1	2	0	2	1
CYP2A6	1	1	0	1
CYP2A7	1	0	1	1
CYP2C18	1	1	0	1
CYP2C19	1	0	1	1
CYP2C8	1	0	1	1
CYP2C9	1	0	1	1
CYP2D6	3	1	2	0.6666666666666666
CYP2D7	1	0	1	1
CYP2E1	3	2	1	0.6666666666666666
CYP2F1	1	1	0	1
CYP2J2	3	2	1	0.6666666666666666
CYP2R1	3	2	1	0.6666666666666666
CYP2S1	3	2	1	0.6666666666666666
CYP2T1P	1	0	1	1
CYP2U1	3	2	1	0.6666666666666666
CYP2W1	2	0	2	1
CYP39A1	2	2	0	1
CYP3A4	1	1	0	1
CYP3A43	1	1	0	1
CYP3A5	3	2	1	0.6666666666666666
CYP3A7	2	1	1	0.5
CYP46A1	2	1	1	0.5
CYP4A22	1	0	1	1
CYP4B1	3	1	2	0.6666666666666666
CYP4F11	3	2	1	0.6666666666666666
CYP4F12	1	1	0	1
CYP4F2	1	1	0	1
CYP4F22	1	0	1	1
CYP4F29P	1	1	0	1
CYP4F3	3	2	1	0.6666666666666666
CYP4V2	3	1	2	0.6666666666666666
CYP4X1	3	1	2	0.6666666666666666
CYP4Z1	2	2	0	1
CYP51A1	3	0	3	1
CYP7B1	3	0	3	1
CYP8B1	1	0	1	1
CYR61	2	1	1	0.5
CYREN	1	1	0	1
CYS1	1	1	0	1
CYSLTR1	1	0	1	1
CYSLTR2	1	0	1	1
CYSRT1	2	2	0	1
CYSTM1	3	0	3	1
CYTH1	3	2	1	0.6666666666666666
CYTH2	3	1	2	0.6666666666666666
CYTH3	3	3	0	1
CYTH4	2	2	0	1
CYTIP	1	0	1	1
CYTL1	1	1	0	1
CYTOR	1	1	0	1
CYYR1	3	2	1	0.6666666666666666
CZIB	1	0	1	1
D2HGDH	3	2	1	0.6666666666666666
DAAM1	3	2	1	0.6666666666666666
DAAM2	3	1	2	0.6666666666666666
DAB1	1	1	0	1
DAB2	3	3	0	1
DAB2IP	3	2	1	0.6666666666666666
DACH1	2	0	2	1
DACH2	1	0	1	1
DACT1	3	1	2	0.6666666666666666
DACT2	1	1	0	1
DACT3	2	1	1	0.5
DAD1	3	1	2	0.6666666666666666
DAG1	3	2	1	0.6666666666666666
DAGLA	3	1	2	0.6666666666666666
DAGLB	3	1	2	0.6666666666666666
DAK	1	1	0	1
DALRD3	3	2	1	0.6666666666666666
DANCR	1	1	0	1
DAND5	2	1	1	0.5
DANT2	1	1	0	1
DAP	3	2	1	0.6666666666666666
DAP3	3	1	2	0.6666666666666666
DAPK1	3	2	1	0.6666666666666666
DAPK2	2	0	2	1
DAPK3	3	2	1	0.6666666666666666
DAPL1	1	1	0	1
DAPP1	3	2	1	0.6666666666666666
DARS	2	1	1	0.5
DARS-AS1	1	1	0	1
DARS1	1	0	1	1
DARS2	3	2	1	0.6666666666666666
DAW1	2	1	1	0.5
DAXX	3	2	1	0.6666666666666666
DAZAP1	3	1	2	0.6666666666666666
DAZAP2	3	1	2	0.6666666666666666
DBF4	3	1	2	0.6666666666666666
DBF4B	3	3	0	1
DBH	1	0	1	1
DBI	3	2	1	0.6666666666666666
DBIL5P	1	1	0	1
DBN1	3	2	1	0.6666666666666666
DBNDD1	3	1	2	0.6666666666666666
DBNDD2	3	1	2	0.6666666666666666
DBNL	3	2	1	0.6666666666666666
DBP	3	1	2	0.6666666666666666
DBR1	3	2	1	0.6666666666666666
DBT	3	1	2	0.6666666666666666
DBX2	1	0	1	1
DCAF1	2	2	0	1
DCAF10	3	1	2	0.6666666666666666
DCAF11	3	1	2	0.6666666666666666
DCAF12	3	1	2	0.6666666666666666
DCAF12L1	1	0	1	1
DCAF12L2	3	0	3	1
DCAF13	3	1	2	0.6666666666666666
DCAF15	3	2	1	0.6666666666666666
DCAF16	3	2	1	0.6666666666666666
DCAF17	3	1	2	0.6666666666666666
DCAF4	3	2	1	0.6666666666666666
DCAF4L1	3	2	1	0.6666666666666666
DCAF5	3	1	2	0.6666666666666666
DCAF6	3	1	2	0.6666666666666666
DCAF7	3	3	0	1
DCAF8	3	0	3	1
DCAF8L1	1	1	0	1
DCAF8L2	1	0	1	1
DCAKD	3	3	0	1
DCBLD1	3	1	2	0.6666666666666666
DCBLD2	3	2	1	0.6666666666666666
DCC	1	0	1	1
DCDC1	2	2	0	1
DCDC2	3	0	3	1
DCDC2B	3	1	2	0.6666666666666666
DCDC5	1	1	0	1
DCHS1	2	2	0	1
DCHS2	3	2	1	0.6666666666666666
DCK	3	2	1	0.6666666666666666
DCLK1	3	2	1	0.6666666666666666
DCLK2	2	1	1	0.5
DCLRE1A	3	0	3	1
DCLRE1B	3	2	1	0.6666666666666666
DCLRE1C	3	2	1	0.6666666666666666
DCN	1	0	1	1
DCP1A	3	1	2	0.6666666666666666
DCP1B	3	0	3	1
DCP2	3	1	2	0.6666666666666666
DCPS	3	1	2	0.6666666666666666
DCST1	2	1	1	0.5
DCST1-AS1	1	0	1	1
DCST2	3	0	3	1
DCSTAMP	1	1	0	1
DCT	1	0	1	1
DCTD	3	1	2	0.6666666666666666
DCTN1	3	3	0	1
DCTN1-AS1	1	1	0	1
DCTN2	3	1	2	0.6666666666666666
DCTN3	3	2	1	0.6666666666666666
DCTN4	3	3	0	1
DCTN5	3	2	1	0.6666666666666666
DCTN6	3	0	3	1
DCTPP1	3	2	1	0.6666666666666666
DCUN1D1	3	0	3	1
DCUN1D2	3	1	2	0.6666666666666666
DCUN1D3	3	1	2	0.6666666666666666
DCUN1D4	3	1	2	0.6666666666666666
DCUN1D5	3	1	2	0.6666666666666666
DCX	1	1	0	1
DCXR	3	2	1	0.6666666666666666
DDA1	3	2	1	0.6666666666666666
DDAH1	3	1	2	0.6666666666666666
DDAH2	3	2	1	0.6666666666666666
DDB1	3	2	1	0.6666666666666666
DDB2	3	2	1	0.6666666666666666
DDC	2	1	1	0.5
DDC8	1	1	0	1
DDHD1	3	2	1	0.6666666666666666
DDHD2	3	1	2	0.6666666666666666
DDI1	1	1	0	1
DDI2	3	2	1	0.6666666666666666
DDIAS	2	1	1	0.5
DDIT3	3	1	2	0.6666666666666666
DDIT4	3	1	2	0.6666666666666666
DDIT4L	2	2	0	1
DDN	3	1	2	0.6666666666666666
DDN-AS1	1	0	1	1
DDO	3	2	1	0.6666666666666666
DDOST	3	0	3	1
DDR1	3	2	1	0.6666666666666666
DDR2	3	1	2	0.6666666666666666
DDRGK1	3	1	2	0.6666666666666666
DDT	3	3	0	1
DDTL	3	3	0	1
DDX1	3	2	1	0.6666666666666666
DDX10	3	1	2	0.6666666666666666
DDX11	3	2	1	0.6666666666666666
DDX11-AS1	1	1	0	1
DDX11L2	1	1	0	1
DDX12P	1	0	1	1
DDX17	3	3	0	1
DDX18	3	2	1	0.6666666666666666
DDX19A	3	2	1	0.6666666666666666
DDX19B	3	2	1	0.6666666666666666
DDX20	3	2	1	0.6666666666666666
DDX21	3	0	3	1
DDX23	3	2	1	0.6666666666666666
DDX24	3	1	2	0.6666666666666666
DDX25	2	1	1	0.5
DDX26B	1	0	1	1
DDX27	3	2	1	0.6666666666666666
DDX28	3	3	0	1
DDX31	3	3	0	1
DDX39A	3	2	1	0.6666666666666666
DDX39B	2	1	1	0.5
DDX3X	3	2	1	0.6666666666666666
DDX4	1	0	1	1
DDX41	3	2	1	0.6666666666666666
DDX42	3	2	1	0.6666666666666666
DDX43	3	2	1	0.6666666666666666
DDX46	3	1	2	0.6666666666666666
DDX47	3	2	1	0.6666666666666666
DDX49	3	2	1	0.6666666666666666
DDX5	3	3	0	1
DDX50	3	2	1	0.6666666666666666
DDX51	3	2	1	0.6666666666666666
DDX52	3	3	0	1
DDX54	3	2	1	0.6666666666666666
DDX55	3	1	2	0.6666666666666666
DDX56	3	2	1	0.6666666666666666
DDX58	2	2	0	1
DDX59	3	0	3	1
DDX6	3	1	2	0.6666666666666666
DDX60	3	1	2	0.6666666666666666
DDX60L	3	1	2	0.6666666666666666
DEAF1	3	1	2	0.6666666666666666
DECR1	3	2	1	0.6666666666666666
DECR2	3	2	1	0.6666666666666666
DEDD	3	1	2	0.6666666666666666
DEDD2	3	2	1	0.6666666666666666
DEF6	3	3	0	1
DEF8	3	1	2	0.6666666666666666
DEFA6	1	1	0	1
DEFB1	2	1	1	0.5
DEFB103A	1	1	0	1
DEFB103B	1	1	0	1
DEFB108B	1	1	0	1
DEFB123	1	0	1	1
DEFB126	1	1	0	1
DEFB129	1	0	1	1
DEFB132	1	1	0	1
DEFB134	1	0	1	1
DEFB4B	1	1	0	1
DEGS1	3	2	1	0.6666666666666666
DEGS2	1	0	1	1
DEK	3	2	1	0.6666666666666666
DELE1	1	1	0	1
DENND10	1	0	1	1
DENND10P1	1	0	1	1
DENND11	1	1	0	1
DENND1A	3	2	1	0.6666666666666666
DENND1B	3	0	3	1
DENND1C	3	2	1	0.6666666666666666
DENND2A	3	3	0	1
DENND2B	1	1	0	1
DENND2C	3	2	1	0.6666666666666666
DENND2D	3	2	1	0.6666666666666666
DENND3	3	3	0	1
DENND4A	3	2	1	0.6666666666666666
DENND4B	3	1	2	0.6666666666666666
DENND4C	3	1	2	0.6666666666666666
DENND5A	3	2	1	0.6666666666666666
DENND5B	3	1	2	0.6666666666666666
DENND6A	3	1	2	0.6666666666666666
DENND6B	3	2	1	0.6666666666666666
DENR	3	2	1	0.6666666666666666
DEPDC1	3	1	2	0.6666666666666666
DEPDC1-AS1	1	0	1	1
DEPDC1B	3	1	2	0.6666666666666666
DEPDC4	3	0	3	1
DEPDC5	3	3	0	1
DEPDC7	3	1	2	0.6666666666666666
DEPP1	1	0	1	1
DEPTOR	3	1	2	0.6666666666666666
DERA	3	1	2	0.6666666666666666
DERL1	3	1	2	0.6666666666666666
DERL2	3	2	1	0.6666666666666666
DERL3	3	1	2	0.6666666666666666
DES	1	0	1	1
DESI1	3	2	1	0.6666666666666666
DESI2	3	1	2	0.6666666666666666
DET1	3	2	1	0.6666666666666666
DEUP1	2	0	2	1
DEXI	3	3	0	1
DFFA	3	3	0	1
DFFB	3	3	0	1
DFNA5	2	2	0	1
DFNB31	1	0	1	1
DFNB59	2	1	1	0.5
DGAT1	3	2	1	0.6666666666666666
DGAT2	3	1	2	0.6666666666666666
DGAT2L6	1	0	1	1
DGCR11	1	1	0	1
DGCR14	2	2	0	1
DGCR2	3	2	1	0.6666666666666666
DGCR5	1	1	0	1
DGCR6	3	1	2	0.6666666666666666
DGCR6L	3	2	1	0.6666666666666666
DGCR8	3	2	1	0.6666666666666666
DGKA	3	2	1	0.6666666666666666
DGKB	1	0	1	1
DGKD	3	2	1	0.6666666666666666
DGKE	3	0	3	1
DGKG	3	0	3	1
DGKH	3	2	1	0.6666666666666666
DGKI	3	2	1	0.6666666666666666
DGKK	1	0	1	1
DGKQ	3	1	2	0.6666666666666666
DGKZ	3	3	0	1
DGLUCY	1	1	0	1
DGUOK	3	1	2	0.6666666666666666
DGUOK-AS1	1	0	1	1
DHCR24	3	2	1	0.6666666666666666
DHCR7	3	2	1	0.6666666666666666
DHDDS	3	3	0	1
DHDH	3	1	2	0.6666666666666666
DHFR	3	2	1	0.6666666666666666
DHFR2	2	2	0	1
DHFRL1	1	0	1	1
DHH	2	1	1	0.5
DHODH	3	2	1	0.6666666666666666
DHPS	3	2	1	0.6666666666666666
DHRS1	3	3	0	1
DHRS11	3	2	1	0.6666666666666666
DHRS12	3	3	0	1
DHRS13	3	2	1	0.6666666666666666
DHRS2	2	1	1	0.5
DHRS3	3	0	3	1
DHRS4	3	1	2	0.6666666666666666
DHRS4-AS1	2	0	2	1
DHRS4L1	2	1	1	0.5
DHRS4L2	3	2	1	0.6666666666666666
DHRS7	3	2	1	0.6666666666666666
DHRS7B	3	2	1	0.6666666666666666
DHRS9	1	1	0	1
DHRSX	3	0	3	1
DHTKD1	3	1	2	0.6666666666666666
DHX15	3	1	2	0.6666666666666666
DHX16	3	2	1	0.6666666666666666
DHX29	3	0	3	1
DHX30	3	2	1	0.6666666666666666
DHX32	3	0	3	1
DHX33	3	3	0	1
DHX34	3	2	1	0.6666666666666666
DHX35	3	2	1	0.6666666666666666
DHX36	3	0	3	1
DHX37	3	3	0	1
DHX38	3	3	0	1
DHX40	3	2	1	0.6666666666666666
DHX57	3	0	3	1
DHX58	3	2	1	0.6666666666666666
DHX8	3	2	1	0.6666666666666666
DHX9	3	1	2	0.6666666666666666
DIABLO	3	1	2	0.6666666666666666
DIAPH1	3	2	1	0.6666666666666666
DIAPH2	3	0	3	1
DIAPH3	3	2	1	0.6666666666666666
DICER1	3	2	1	0.6666666666666666
DICER1-AS1	1	0	1	1
DIDO1	3	2	1	0.6666666666666666
DIEXF	2	2	0	1
DIMT1	3	0	3	1
DIO1	1	0	1	1
DIO2	1	1	0	1
DIO3	1	1	0	1
DIP2A	3	3	0	1
DIP2B	3	2	1	0.6666666666666666
DIP2C	3	1	2	0.6666666666666666
DIPK1A	1	0	1	1
DIPK1B	1	1	0	1
DIPK2A	1	0	1	1
DIRAS1	1	0	1	1
DIRAS2	3	1	2	0.6666666666666666
DIRAS3	2	1	1	0.5
DIRC1	1	0	1	1
DIRC2	2	1	1	0.5
DIS3	3	2	1	0.6666666666666666
DIS3L	3	1	2	0.6666666666666666
DIS3L2	3	2	1	0.6666666666666666
DISC1	3	2	1	0.6666666666666666
DISP1	3	1	2	0.6666666666666666
DISP2	3	3	0	1
DISP3	1	1	0	1
DIXDC1	3	0	3	1
DKC1	3	1	2	0.6666666666666666
DKFZP434E1119	1	1	0	1
DKFZP547L112	1	1	0	1
DKFZP586I1420	1	1	0	1
DKFZP761J1410	1	1	0	1
DKFZP779J2370	1	1	0	1
DKFZP779L1853	1	0	1	1
DKK1	3	2	1	0.6666666666666666
DKK2	2	0	2	1
DKK3	3	3	0	1
DKK4	1	0	1	1
DKKL1	1	0	1	1
DLAT	3	1	2	0.6666666666666666
DLC1	3	3	0	1
DLD	3	1	2	0.6666666666666666
DLEC1	3	1	2	0.6666666666666666
DLEU1	2	1	1	0.5
DLEU2	1	1	0	1
DLEU2L	1	0	1	1
DLEU7	1	1	0	1
DLG1	3	2	1	0.6666666666666666
DLG1-AS1	1	0	1	1
DLG2	3	0	3	1
DLG3	3	1	2	0.6666666666666666
DLG4	3	2	1	0.6666666666666666
DLG5	3	3	0	1
DLG5-AS1	1	1	0	1
DLGAP1	3	1	2	0.6666666666666666
DLGAP1-AS1	1	1	0	1
DLGAP1-AS2	1	1	0	1
DLGAP2	1	0	1	1
DLGAP3	3	1	2	0.6666666666666666
DLGAP4	3	2	1	0.6666666666666666
DLGAP4-AS1	1	0	1	1
DLGAP5	3	2	1	0.6666666666666666
DLK1	1	1	0	1
DLK2	3	3	0	1
DLL1	1	1	0	1
DLL3	2	1	1	0.5
DLL4	1	0	1	1
DLST	3	0	3	1
DLSTP1	1	1	0	1
DLX1	3	2	1	0.6666666666666666
DLX2	3	2	1	0.6666666666666666
DLX3	3	2	1	0.6666666666666666
DLX4	2	1	1	0.5
DLX5	3	1	2	0.6666666666666666
DLX6	3	1	2	0.6666666666666666
DLX6-AS1	1	1	0	1
DMAC1	1	0	1	1
DMAC2	1	1	0	1
DMAC2L	1	1	0	1
DMAP1	3	2	1	0.6666666666666666
DMBT1	1	1	0	1
DMBX1	2	1	1	0.5
DMC1	3	0	3	1
DMD	3	2	1	0.6666666666666666
DMGDH	3	0	3	1
DMKN	3	0	3	1
DMP1	1	0	1	1
DMPK	3	1	2	0.6666666666666666
DMRT1	3	1	2	0.6666666666666666
DMRT2	2	1	1	0.5
DMRT3	1	1	0	1
DMRTA1	2	0	2	1
DMRTA2	1	1	0	1
DMTF1	3	0	3	1
DMTN	3	2	1	0.6666666666666666
DMWD	3	1	2	0.6666666666666666
DMXL1	3	1	2	0.6666666666666666
DMXL2	3	2	1	0.6666666666666666
DNA2	3	2	1	0.6666666666666666
DNAAF1	2	1	1	0.5
DNAAF2	3	2	1	0.6666666666666666
DNAAF3	3	3	0	1
DNAAF5	2	2	0	1
DNAH1	3	2	1	0.6666666666666666
DNAH10	3	0	3	1
DNAH10OS	1	0	1	1
DNAH11	3	1	2	0.6666666666666666
DNAH12	1	0	1	1
DNAH14	3	1	2	0.6666666666666666
DNAH17	3	1	2	0.6666666666666666
DNAH17-AS1	2	1	1	0.5
DNAH2	2	1	1	0.5
DNAH3	3	2	1	0.6666666666666666
DNAH5	3	3	0	1
DNAH6	3	2	1	0.6666666666666666
DNAH7	2	0	2	1
DNAH8	1	0	1	1
DNAH9	1	1	0	1
DNAI1	1	0	1	1
DNAI2	1	0	1	1
DNAJA1	3	2	1	0.6666666666666666
DNAJA2	3	1	2	0.6666666666666666
DNAJA3	3	3	0	1
DNAJA4	3	1	2	0.6666666666666666
DNAJB1	3	2	1	0.6666666666666666
DNAJB11	3	0	3	1
DNAJB12	3	2	1	0.6666666666666666
DNAJB13	2	1	1	0.5
DNAJB14	3	1	2	0.6666666666666666
DNAJB2	3	1	2	0.6666666666666666
DNAJB3	1	1	0	1
DNAJB4	3	0	3	1
DNAJB5	3	1	2	0.6666666666666666
DNAJB6	3	1	2	0.6666666666666666
DNAJB7	2	2	0	1
DNAJB8	1	1	0	1
DNAJB9	3	1	2	0.6666666666666666
DNAJC1	3	1	2	0.6666666666666666
DNAJC10	3	0	3	1
DNAJC11	3	3	0	1
DNAJC12	1	0	1	1
DNAJC13	3	2	1	0.6666666666666666
DNAJC14	3	2	1	0.6666666666666666
DNAJC15	2	1	1	0.5
DNAJC16	3	1	2	0.6666666666666666
DNAJC17	3	2	1	0.6666666666666666
DNAJC18	3	2	1	0.6666666666666666
DNAJC19	3	0	3	1
DNAJC2	3	1	2	0.6666666666666666
DNAJC21	3	0	3	1
DNAJC22	2	1	1	0.5
DNAJC24	3	2	1	0.6666666666666666
DNAJC25	3	1	2	0.6666666666666666
DNAJC25-GNG10	1	1	0	1
DNAJC27	3	0	3	1
DNAJC27-AS1	1	1	0	1
DNAJC28	3	2	1	0.6666666666666666
DNAJC3	3	1	2	0.6666666666666666
DNAJC3-DT	1	0	1	1
DNAJC30	3	3	0	1
DNAJC4	3	2	1	0.6666666666666666
DNAJC5	3	3	0	1
DNAJC5B	1	0	1	1
DNAJC5G	1	0	1	1
DNAJC6	3	1	2	0.6666666666666666
DNAJC7	3	2	1	0.6666666666666666
DNAJC8	3	1	2	0.6666666666666666
DNAJC9	3	3	0	1
DNAJC9-AS1	1	1	0	1
DNAL1	3	1	2	0.6666666666666666
DNAL4	3	3	0	1
DNALI1	2	2	0	1
DNASE1	3	2	1	0.6666666666666666
DNASE1L1	3	3	0	1
DNASE1L2	2	1	1	0.5
DNASE1L3	1	1	0	1
DNASE2	3	1	2	0.6666666666666666
DNASE2B	1	1	0	1
DND1	3	1	2	0.6666666666666666
DNER	2	1	1	0.5
DNHD1	3	1	2	0.6666666666666666
DNLZ	3	2	1	0.6666666666666666
DNM1	3	1	2	0.6666666666666666
DNM1L	3	0	3	1
DNM1P35	1	1	0	1
DNM2	3	2	1	0.6666666666666666
DNM3	3	1	2	0.6666666666666666
DNMBP	3	3	0	1
DNMT1	3	2	1	0.6666666666666666
DNMT3A	3	0	3	1
DNMT3B	3	1	2	0.6666666666666666
DNMT3L	1	0	1	1
DNPEP	3	1	2	0.6666666666666666
DNPH1	3	2	1	0.6666666666666666
DNTTIP1	3	2	1	0.6666666666666666
DNTTIP2	3	1	2	0.6666666666666666
DOC2A	3	3	0	1
DOC2B	1	0	1	1
DOCK1	3	2	1	0.6666666666666666
DOCK10	3	0	3	1
DOCK11	3	2	1	0.6666666666666666
DOCK2	3	3	0	1
DOCK3	3	1	2	0.6666666666666666
DOCK4	3	2	1	0.6666666666666666
DOCK5	3	2	1	0.6666666666666666
DOCK6	3	3	0	1
DOCK7	3	0	3	1
DOCK8	3	1	2	0.6666666666666666
DOCK9	3	1	2	0.6666666666666666
DOHH	3	2	1	0.6666666666666666
DOK1	3	2	1	0.6666666666666666
DOK2	1	0	1	1
DOK3	3	1	2	0.6666666666666666
DOK4	3	2	1	0.6666666666666666
DOK5	1	0	1	1
DOK6	2	0	2	1
DOK7	3	2	1	0.6666666666666666
DOLK	3	0	3	1
DOLPP1	3	1	2	0.6666666666666666
DONSON	3	2	1	0.6666666666666666
DOP1A	1	1	0	1
DOP1B	1	1	0	1
DOPEY1	2	1	1	0.5
DOPEY2	2	1	1	0.5
DOT1L	3	1	2	0.6666666666666666
DPAGT1	3	1	2	0.6666666666666666
DPCD	3	2	1	0.6666666666666666
DPCR1	2	1	1	0.5
DPEP1	1	0	1	1
DPEP2	1	0	1	1
DPEP3	1	0	1	1
DPF1	3	2	1	0.6666666666666666
DPF2	3	1	2	0.6666666666666666
DPF3	2	1	1	0.5
DPH1	3	2	1	0.6666666666666666
DPH2	3	2	1	0.6666666666666666
DPH3	3	2	1	0.6666666666666666
DPH3P1	2	2	0	1
DPH5	3	1	2	0.6666666666666666
DPH6	3	3	0	1
DPH6-DT	1	0	1	1
DPH7	3	3	0	1
DPM1	3	1	2	0.6666666666666666
DPM2	3	2	1	0.6666666666666666
DPM3	3	2	1	0.6666666666666666
DPP10	2	0	2	1
DPP10-AS1	1	0	1	1
DPP3	3	2	1	0.6666666666666666
DPP4	3	1	2	0.6666666666666666
DPP6	3	1	2	0.6666666666666666
DPP7	3	2	1	0.6666666666666666
DPP8	3	0	3	1
DPP9	3	2	1	0.6666666666666666
DPP9-AS1	2	1	1	0.5
DPPA2	1	0	1	1
DPPA4	1	0	1	1
DPPA5	1	0	1	1
DPRX	1	1	0	1
DPY19L1	3	3	0	1
DPY19L1P1	1	0	1	1
DPY19L1P2	1	1	0	1
DPY19L2	3	1	2	0.6666666666666666
DPY19L2P2	1	1	0	1
DPY19L3	3	1	2	0.6666666666666666
DPY19L4	3	2	1	0.6666666666666666
DPY30	3	0	3	1
DPYD	3	0	3	1
DPYS	1	0	1	1
DPYSL2	3	2	1	0.6666666666666666
DPYSL3	3	1	2	0.6666666666666666
DPYSL4	3	2	1	0.6666666666666666
DPYSL5	2	1	1	0.5
DQX1	3	2	1	0.6666666666666666
DR1	3	0	3	1
DRAIC	1	1	0	1
DRAM1	3	1	2	0.6666666666666666
DRAM2	3	1	2	0.6666666666666666
DRAP1	3	3	0	1
DRAXIN	2	2	0	1
DRC1	1	0	1	1
DRC3	2	2	0	1
DRC7	1	1	0	1
DRD1	2	0	2	1
DRD2	2	2	0	1
DRD4	2	1	1	0.5
DRD5	1	1	0	1
DRD5P2	1	0	1	1
DRG1	3	1	2	0.6666666666666666
DRG2	3	3	0	1
DRGX	1	1	0	1
DRICH1	1	0	1	1
DROSHA	3	2	1	0.6666666666666666
DRP2	3	1	2	0.6666666666666666
DSC1	2	0	2	1
DSC2	3	2	1	0.6666666666666666
DSC3	3	2	1	0.6666666666666666
DSCAM	2	1	1	0.5
DSCAML1	3	1	2	0.6666666666666666
DSCC1	3	1	2	0.6666666666666666
DSCR3	2	1	1	0.5
DSCR9	1	1	0	1
DSE	3	1	2	0.6666666666666666
DSEL	3	1	2	0.6666666666666666
DSG1	1	1	0	1
DSG2	3	2	1	0.6666666666666666
DSG3	1	1	0	1
DSG4	1	0	1	1
DSN1	3	2	1	0.6666666666666666
DSP	3	2	1	0.6666666666666666
DSPP	1	1	0	1
DST	3	3	0	1
DST-AS1	1	1	0	1
DSTN	3	0	3	1
DSTNP2	1	1	0	1
DSTYK	3	0	3	1
DTD1	3	1	2	0.6666666666666666
DTD2	3	1	2	0.6666666666666666
DTL	3	2	1	0.6666666666666666
DTNA	3	1	2	0.6666666666666666
DTNB	3	0	3	1
DTNBP1	3	2	1	0.6666666666666666
DTWD1	3	1	2	0.6666666666666666
DTWD2	3	1	2	0.6666666666666666
DTX1	2	0	2	1
DTX2	3	2	1	0.6666666666666666
DTX2P1-UPK3BP1-PMS2P11	1	1	0	1
DTX3	3	1	2	0.6666666666666666
DTX3L	3	1	2	0.6666666666666666
DTX4	3	1	2	0.6666666666666666
DTYMK	3	2	1	0.6666666666666666
DUBR	1	1	0	1
DUOX1	2	2	0	1
DUOX2	1	1	0	1
DUOXA1	2	2	0	1
DUOXA2	1	1	0	1
DUPD1	1	0	1	1
DUS1L	3	2	1	0.6666666666666666
DUS2	3	2	1	0.6666666666666666
DUS3L	3	3	0	1
DUS4L	3	1	2	0.6666666666666666
DUS4L-BCAP29	1	0	1	1
DUSP1	3	2	1	0.6666666666666666
DUSP10	3	3	0	1
DUSP11	3	2	1	0.6666666666666666
DUSP12	3	0	3	1
DUSP13	1	1	0	1
DUSP14	3	3	0	1
DUSP15	1	0	1	1
DUSP16	3	1	2	0.6666666666666666
DUSP18	3	2	1	0.6666666666666666
DUSP19	3	1	2	0.6666666666666666
DUSP2	3	2	1	0.6666666666666666
DUSP22	3	1	2	0.6666666666666666
DUSP23	3	2	1	0.6666666666666666
DUSP26	1	0	1	1
DUSP27	1	1	0	1
DUSP28	3	1	2	0.6666666666666666
DUSP3	3	2	1	0.6666666666666666
DUSP4	3	2	1	0.6666666666666666
DUSP5	3	1	2	0.6666666666666666
DUSP5P1	1	0	1	1
DUSP6	3	1	2	0.6666666666666666
DUSP7	3	3	0	1
DUSP8	3	2	1	0.6666666666666666
DUSP9	3	1	2	0.6666666666666666
DUT	3	2	1	0.6666666666666666
DUXA	1	0	1	1
DUXAP8	1	1	0	1
DUXAP9	1	1	0	1
DVL1	3	2	1	0.6666666666666666
DVL2	3	2	1	0.6666666666666666
DVL3	3	0	3	1
DXO	3	2	1	0.6666666666666666
DYDC2	1	0	1	1
DYM	3	1	2	0.6666666666666666
DYNAP	1	1	0	1
DYNC1H1	3	1	2	0.6666666666666666
DYNC1I1	3	3	0	1
DYNC1I2	3	3	0	1
DYNC1LI1	3	0	3	1
DYNC1LI2	3	1	2	0.6666666666666666
DYNC2H1	3	0	3	1
DYNC2LI1	3	1	2	0.6666666666666666
DYNLL1	3	1	2	0.6666666666666666
DYNLL2	3	2	1	0.6666666666666666
DYNLRB1	3	2	1	0.6666666666666666
DYNLRB2	2	2	0	1
DYNLT1	3	1	2	0.6666666666666666
DYNLT3	3	0	3	1
DYRK1A	3	1	2	0.6666666666666666
DYRK1B	3	1	2	0.6666666666666666
DYRK2	3	0	3	1
DYRK3	3	3	0	1
DYRK4	3	0	3	1
DYSF	3	2	1	0.6666666666666666
DYTN	1	1	0	1
DYX1C1	2	0	2	1
DZANK1	3	1	2	0.6666666666666666
DZIP1	3	1	2	0.6666666666666666
DZIP1L	3	2	1	0.6666666666666666
DZIP3	3	1	2	0.6666666666666666
E2F1	3	2	1	0.6666666666666666
E2F2	3	1	2	0.6666666666666666
E2F3	3	2	1	0.6666666666666666
E2F4	3	3	0	1
E2F5	3	1	2	0.6666666666666666
E2F6	3	0	3	1
E2F7	3	2	1	0.6666666666666666
E2F8	3	1	2	0.6666666666666666
E4F1	3	2	1	0.6666666666666666
EAF1	3	2	1	0.6666666666666666
EAF2	3	0	3	1
EAPP	3	2	1	0.6666666666666666
EARS2	3	2	1	0.6666666666666666
EBAG9	3	2	1	0.6666666666666666
EBF1	1	0	1	1
EBF2	2	1	1	0.5
EBF3	2	1	1	0.5
EBF4	3	1	2	0.6666666666666666
EBI3	3	2	1	0.6666666666666666
EBLN2	3	1	2	0.6666666666666666
EBLN3P	1	1	0	1
EBNA1BP2	3	1	2	0.6666666666666666
EBP	3	2	1	0.6666666666666666
EBPL	3	1	2	0.6666666666666666
ECD	3	2	1	0.6666666666666666
ECE1	3	1	2	0.6666666666666666
ECE1-AS1	1	0	1	1
ECE2	2	1	1	0.5
ECH1	3	0	3	1
ECHDC1	3	1	2	0.6666666666666666
ECHDC2	3	1	2	0.6666666666666666
ECHDC3	3	2	1	0.6666666666666666
ECHS1	3	2	1	0.6666666666666666
ECI1	3	1	2	0.6666666666666666
ECI2	3	1	2	0.6666666666666666
ECI2-DT	1	0	1	1
ECM1	3	1	2	0.6666666666666666
ECM2	3	2	1	0.6666666666666666
ECPAS	1	0	1	1
ECSCR	1	1	0	1
ECSIT	3	3	0	1
ECT2	3	0	3	1
ECT2L	2	0	2	1
EDA	3	0	3	1
EDA2R	1	0	1	1
EDAR	3	1	2	0.6666666666666666
EDARADD	3	2	1	0.6666666666666666
EDC3	3	2	1	0.6666666666666666
EDC4	3	3	0	1
EDEM1	3	1	2	0.6666666666666666
EDEM2	3	2	1	0.6666666666666666
EDEM3	3	1	2	0.6666666666666666
EDF1	3	2	1	0.6666666666666666
EDIL3	2	1	1	0.5
EDN1	3	3	0	1
EDN2	3	3	0	1
EDNRA	3	2	1	0.6666666666666666
EDNRB	1	0	1	1
EDRF1	2	2	0	1
EDRF1-DT	1	0	1	1
EEA1	3	1	2	0.6666666666666666
EED	3	2	1	0.6666666666666666
EEF1A1	3	3	0	1
EEF1A2	2	1	1	0.5
EEF1AKMT1	2	1	1	0.5
EEF1AKMT2	1	1	0	1
EEF1AKMT3	1	0	1	1
EEF1AKMT4	1	0	1	1
EEF1AKNMT	1	0	1	1
EEF1B2	3	3	0	1
EEF1D	3	2	1	0.6666666666666666
EEF1DP3	1	0	1	1
EEF1E1	3	0	3	1
EEF1E1-BLOC1S5	1	0	1	1
EEF1G	3	3	0	1
EEF2	3	3	0	1
EEF2K	3	2	1	0.6666666666666666
EEF2KMT	2	1	1	0.5
EEFSEC	3	3	0	1
EEPD1	3	2	1	0.6666666666666666
EFCAB1	2	0	2	1
EFCAB10	1	1	0	1
EFCAB11	3	1	2	0.6666666666666666
EFCAB12	2	2	0	1
EFCAB13	3	1	2	0.6666666666666666
EFCAB14	3	1	2	0.6666666666666666
EFCAB2	3	1	2	0.6666666666666666
EFCAB3	1	1	0	1
EFCAB4A	1	0	1	1
EFCAB4B	1	0	1	1
EFCAB5	3	1	2	0.6666666666666666
EFCAB6	3	2	1	0.6666666666666666
EFCAB7	3	1	2	0.6666666666666666
EFCAB9	1	0	1	1
EFCC1	1	0	1	1
EFEMP1	3	2	1	0.6666666666666666
EFEMP2	3	1	2	0.6666666666666666
EFHB	1	0	1	1
EFHC1	3	3	0	1
EFHC2	2	1	1	0.5
EFHD1	3	1	2	0.6666666666666666
EFHD2	3	3	0	1
EFL1	2	1	1	0.5
EFNA1	3	1	2	0.6666666666666666
EFNA2	1	0	1	1
EFNA3	3	2	1	0.6666666666666666
EFNA4	3	1	2	0.6666666666666666
EFNA5	3	0	3	1
EFNB1	3	1	2	0.6666666666666666
EFNB2	3	1	2	0.6666666666666666
EFNB3	3	1	2	0.6666666666666666
EFR3A	3	1	2	0.6666666666666666
EFR3B	3	2	1	0.6666666666666666
EFS	1	1	0	1
EFTUD1	1	0	1	1
EFTUD2	3	3	0	1
EGF	3	0	3	1
EGFL6	1	1	0	1
EGFL7	2	1	1	0.5
EGFL8	2	1	1	0.5
EGFLAM	3	2	1	0.6666666666666666
EGFR	3	2	1	0.6666666666666666
EGFR-AS1	1	0	1	1
EGLN1	3	2	1	0.6666666666666666
EGLN2	2	0	2	1
EGLN3	3	2	1	0.6666666666666666
EGR1	3	2	1	0.6666666666666666
EGR2	2	2	0	1
EGR3	1	0	1	1
EGR4	1	1	0	1
EHBP1	3	1	2	0.6666666666666666
EHBP1L1	3	3	0	1
EHD1	3	3	0	1
EHD2	3	3	0	1
EHD3	3	0	3	1
EHD4	3	2	1	0.6666666666666666
EHF	3	2	1	0.6666666666666666
EHHADH	3	2	1	0.6666666666666666
EHMT1	3	3	0	1
EHMT2	3	3	0	1
EI24	3	1	2	0.6666666666666666
EID1	3	1	2	0.6666666666666666
EID2	3	0	3	1
EID2B	3	2	1	0.6666666666666666
EID3	3	2	1	0.6666666666666666
EIF1	3	2	1	0.6666666666666666
EIF1AD	3	1	2	0.6666666666666666
EIF1AX	3	1	2	0.6666666666666666
EIF1B	3	0	3	1
EIF1B-AS1	1	0	1	1
EIF2A	3	1	2	0.6666666666666666
EIF2AK1	3	2	1	0.6666666666666666
EIF2AK2	3	1	2	0.6666666666666666
EIF2AK3	3	1	2	0.6666666666666666
EIF2AK3-DT	1	1	0	1
EIF2AK4	3	1	2	0.6666666666666666
EIF2B1	3	2	1	0.6666666666666666
EIF2B2	3	0	3	1
EIF2B3	3	1	2	0.6666666666666666
EIF2B4	3	0	3	1
EIF2B5	3	0	3	1
EIF2D	3	1	2	0.6666666666666666
EIF2S1	3	1	2	0.6666666666666666
EIF2S2	3	1	2	0.6666666666666666
EIF2S3	3	1	2	0.6666666666666666
EIF2S3B	1	0	1	1
EIF2S3L	1	0	1	1
EIF3A	3	2	1	0.6666666666666666
EIF3B	3	3	0	1
EIF3C	3	0	3	1
EIF3CL	3	2	1	0.6666666666666666
EIF3D	3	2	1	0.6666666666666666
EIF3E	3	2	1	0.6666666666666666
EIF3F	3	2	1	0.6666666666666666
EIF3G	3	3	0	1
EIF3H	3	2	1	0.6666666666666666
EIF3I	3	0	3	1
EIF3J	3	1	2	0.6666666666666666
EIF3J-DT	1	1	0	1
EIF3K	3	1	2	0.6666666666666666
EIF3L	3	1	2	0.6666666666666666
EIF3M	3	1	2	0.6666666666666666
EIF4A1	2	2	0	1
EIF4A2	3	1	2	0.6666666666666666
EIF4A3	3	1	2	0.6666666666666666
EIF4B	3	2	1	0.6666666666666666
EIF4E	3	0	3	1
EIF4E1B	1	0	1	1
EIF4E2	3	2	1	0.6666666666666666
EIF4E3	3	0	3	1
EIF4EBP1	3	2	1	0.6666666666666666
EIF4EBP2	3	2	1	0.6666666666666666
EIF4EBP3	2	0	2	1
EIF4ENIF1	3	2	1	0.6666666666666666
EIF4G1	3	2	1	0.6666666666666666
EIF4G2	3	1	2	0.6666666666666666
EIF4G3	3	2	1	0.6666666666666666
EIF4H	3	1	2	0.6666666666666666
EIF5	3	2	1	0.6666666666666666
EIF5A	3	2	1	0.6666666666666666
EIF5A2	3	2	1	0.6666666666666666
EIF5AL1	3	2	1	0.6666666666666666
EIF5B	3	2	1	0.6666666666666666
EIF6	3	2	1	0.6666666666666666
EIPR1	1	1	0	1
ELAC1	3	2	1	0.6666666666666666
ELAC2	3	2	1	0.6666666666666666
ELANE	1	0	1	1
ELAVL1	3	1	2	0.6666666666666666
ELAVL2	2	1	1	0.5
ELAVL3	2	1	1	0.5
ELAVL4	1	0	1	1
ELF1	3	1	2	0.6666666666666666
ELF2	3	2	1	0.6666666666666666
ELF3	3	1	2	0.6666666666666666
ELF3-AS1	1	0	1	1
ELF4	3	2	1	0.6666666666666666
ELF5	1	0	1	1
ELFN1	3	2	1	0.6666666666666666
ELFN1-AS1	1	1	0	1
ELFN2	3	3	0	1
ELK1	3	2	1	0.6666666666666666
ELK3	3	1	2	0.6666666666666666
ELK4	3	0	3	1
ELL	3	2	1	0.6666666666666666
ELL2	3	2	1	0.6666666666666666
ELL3	3	1	2	0.6666666666666666
ELMO1	3	1	2	0.6666666666666666
ELMO2	3	1	2	0.6666666666666666
ELMO3	3	2	1	0.6666666666666666
ELMOD1	3	2	1	0.6666666666666666
ELMOD2	3	2	1	0.6666666666666666
ELMOD3	3	1	2	0.6666666666666666
ELMSAN1	3	1	2	0.6666666666666666
ELN	2	2	0	1
ELOA	2	1	1	0.5
ELOA-AS1	1	1	0	1
ELOA2	1	0	1	1
ELOA3B	1	0	1	1
ELOB	2	2	0	1
ELOC	2	1	1	0.5
ELOF1	3	1	2	0.6666666666666666
ELOVL1	3	0	3	1
ELOVL2	3	1	2	0.6666666666666666
ELOVL3	1	1	0	1
ELOVL4	3	1	2	0.6666666666666666
ELOVL5	3	1	2	0.6666666666666666
ELOVL6	3	1	2	0.6666666666666666
ELOVL7	3	1	2	0.6666666666666666
ELP1	1	0	1	1
ELP2	3	3	0	1
ELP3	3	2	1	0.6666666666666666
ELP4	3	2	1	0.6666666666666666
ELP5	3	2	1	0.6666666666666666
ELP6	3	3	0	1
ELSPBP1	1	0	1	1
EMB	3	0	3	1
EMBP1	1	0	1	1
EMC1	3	1	2	0.6666666666666666
EMC1-AS1	1	0	1	1
EMC10	2	2	0	1
EMC2	3	1	2	0.6666666666666666
EMC3	3	1	2	0.6666666666666666
EMC3-AS1	1	1	0	1
EMC4	3	1	2	0.6666666666666666
EMC6	3	3	0	1
EMC7	3	0	3	1
EMC8	3	3	0	1
EMC9	3	0	3	1
EMCN	1	0	1	1
EMD	3	1	2	0.6666666666666666
EME1	3	2	1	0.6666666666666666
EME2	3	2	1	0.6666666666666666
EMG1	3	0	3	1
EMID1	3	1	2	0.6666666666666666
EMILIN1	3	2	1	0.6666666666666666
EMILIN2	1	1	0	1
EMILIN3	3	2	1	0.6666666666666666
EML1	3	1	2	0.6666666666666666
EML2	3	1	2	0.6666666666666666
EML2-AS1	1	0	1	1
EML3	3	3	0	1
EML4	3	0	3	1
EML5	3	2	1	0.6666666666666666
EML6	3	2	1	0.6666666666666666
EMP1	3	0	3	1
EMP2	3	1	2	0.6666666666666666
EMP3	3	1	2	0.6666666666666666
EMR2	1	0	1	1
EMSLR	1	0	1	1
EMSY	2	1	1	0.5
EMX1	1	0	1	1
EMX2	1	0	1	1
EN1	3	2	1	0.6666666666666666
EN2	2	0	2	1
ENAH	3	1	2	0.6666666666666666
ENAM	1	0	1	1
ENC1	3	3	0	1
ENDOD1	3	0	3	1
ENDOG	3	2	1	0.6666666666666666
ENDOU	3	2	1	0.6666666666666666
ENDOV	3	3	0	1
ENG	3	3	0	1
ENGASE	3	3	0	1
ENHO	3	1	2	0.6666666666666666
ENKD1	3	1	2	0.6666666666666666
ENKUR	3	1	2	0.6666666666666666
ENO1	3	2	1	0.6666666666666666
ENO1-AS1	1	1	0	1
ENO2	3	1	2	0.6666666666666666
ENO3	3	0	3	1
ENO4	2	1	1	0.5
ENOPH1	3	1	2	0.6666666666666666
ENOSF1	3	1	2	0.6666666666666666
ENOX1	3	2	1	0.6666666666666666
ENOX2	3	2	1	0.6666666666666666
ENPEP	3	2	1	0.6666666666666666
ENPP1	3	1	2	0.6666666666666666
ENPP2	2	1	1	0.5
ENPP3	2	0	2	1
ENPP4	3	2	1	0.6666666666666666
ENPP5	3	2	1	0.6666666666666666
ENPP6	1	0	1	1
ENPP7	1	0	1	1
ENSA	3	1	2	0.6666666666666666
ENTHD1	1	0	1	1
ENTHD2	1	0	1	1
ENTPD1	3	1	2	0.6666666666666666
ENTPD1-AS1	1	1	0	1
ENTPD2	3	2	1	0.6666666666666666
ENTPD3	3	1	2	0.6666666666666666
ENTPD3-AS1	1	1	0	1
ENTPD4	3	0	3	1
ENTPD5	3	1	2	0.6666666666666666
ENTPD6	3	1	2	0.6666666666666666
ENTPD7	3	2	1	0.6666666666666666
ENTPD8	2	1	1	0.5
ENTR1	1	0	1	1
ENY2	3	3	0	1
EOGT	3	1	2	0.6666666666666666
EOMES	3	1	2	0.6666666666666666
EP300	3	2	1	0.6666666666666666
EP300-AS1	1	0	1	1
EP400	3	3	0	1
EP400NL	1	1	0	1
EP400P1	1	1	0	1
EPAS1	3	1	2	0.6666666666666666
EPB41	3	1	2	0.6666666666666666
EPB41L1	3	2	1	0.6666666666666666
EPB41L2	3	1	2	0.6666666666666666
EPB41L3	3	1	2	0.6666666666666666
EPB41L4A	3	2	1	0.6666666666666666
EPB41L4A-AS1	1	1	0	1
EPB41L4A-AS2	1	0	1	1
EPB41L4A-DT	1	1	0	1
EPB41L4B	3	2	1	0.6666666666666666
EPB41L5	3	1	2	0.6666666666666666
EPB42	2	0	2	1
EPC1	3	1	2	0.6666666666666666
EPC2	3	1	2	0.6666666666666666
EPCAM	3	1	2	0.6666666666666666
EPCAM-DT	1	1	0	1
EPDR1	3	1	2	0.6666666666666666
EPG5	3	2	1	0.6666666666666666
EPGN	2	2	0	1
EPHA1	3	3	0	1
EPHA1-AS1	1	0	1	1
EPHA10	3	1	2	0.6666666666666666
EPHA2	3	2	1	0.6666666666666666
EPHA3	2	1	1	0.5
EPHA4	3	1	2	0.6666666666666666
EPHA5	2	1	1	0.5
EPHA6	2	0	2	1
EPHA7	3	1	2	0.6666666666666666
EPHA8	2	1	1	0.5
EPHB1	3	1	2	0.6666666666666666
EPHB2	3	3	0	1
EPHB3	3	1	2	0.6666666666666666
EPHB4	3	2	1	0.6666666666666666
EPHB6	3	2	1	0.6666666666666666
EPHX1	3	2	1	0.6666666666666666
EPHX2	3	3	0	1
EPHX3	3	0	3	1
EPHX4	3	1	2	0.6666666666666666
EPM2A	3	1	2	0.6666666666666666
EPM2AIP1	3	1	2	0.6666666666666666
EPN1	3	2	1	0.6666666666666666
EPN2	3	3	0	1
EPN3	3	2	1	0.6666666666666666
EPO	1	1	0	1
EPOP	2	1	1	0.5
EPOR	3	2	1	0.6666666666666666
EPPK1	3	2	1	0.6666666666666666
EPRS	2	1	1	0.5
EPRS1	1	0	1	1
EPS15	3	0	3	1
EPS15L1	3	0	3	1
EPS8	3	1	2	0.6666666666666666
EPS8L1	3	2	1	0.6666666666666666
EPS8L2	3	2	1	0.6666666666666666
EPS8L3	1	0	1	1
EPSTI1	2	1	1	0.5
EPT1	1	0	1	1
EPX	3	2	1	0.6666666666666666
EPYC	1	0	1	1
EQTN	1	1	0	1
ERAL1	3	3	0	1
ERAP1	3	2	1	0.6666666666666666
ERAP2	3	1	2	0.6666666666666666
ERAS	1	0	1	1
ERBB2	3	2	1	0.6666666666666666
ERBB2IP	1	1	0	1
ERBB3	3	1	2	0.6666666666666666
ERBB4	2	2	0	1
ERBIN	2	0	2	1
ERC1	3	2	1	0.6666666666666666
ERC2	3	3	0	1
ERCC1	3	1	2	0.6666666666666666
ERCC2	3	2	1	0.6666666666666666
ERCC3	3	1	2	0.6666666666666666
ERCC4	3	2	1	0.6666666666666666
ERCC5	3	1	2	0.6666666666666666
ERCC6	3	2	1	0.6666666666666666
ERCC6-PGBD3	1	1	0	1
ERCC6L	3	2	1	0.6666666666666666
ERCC6L2	3	1	2	0.6666666666666666
ERCC8	3	1	2	0.6666666666666666
EREG	2	1	1	0.5
ERF	3	1	2	0.6666666666666666
ERFE	2	1	1	0.5
ERFL	1	1	0	1
ERG	3	2	1	0.6666666666666666
ERG28	1	0	1	1
ERGIC1	3	2	1	0.6666666666666666
ERGIC2	3	1	2	0.6666666666666666
ERGIC3	3	2	1	0.6666666666666666
ERH	3	1	2	0.6666666666666666
ERI1	3	1	2	0.6666666666666666
ERI2	3	1	2	0.6666666666666666
ERI3	3	2	1	0.6666666666666666
ERI3-IT1	1	0	1	1
ERICH1	3	2	1	0.6666666666666666
ERICH2	3	1	2	0.6666666666666666
ERICH3	2	1	1	0.5
ERICH4	1	0	1	1
ERICH5	2	1	1	0.5
ERICH6	1	0	1	1
ERICH6-AS1	1	0	1	1
ERLEC1	3	0	3	1
ERLIN1	3	2	1	0.6666666666666666
ERLIN2	3	1	2	0.6666666666666666
ERMAP	3	0	3	1
ERMARD	3	0	3	1
ERMN	1	1	0	1
ERMP1	3	1	2	0.6666666666666666
ERN1	3	1	2	0.6666666666666666
ERN2	2	1	1	0.5
ERO1A	2	1	1	0.5
ERO1B	2	0	2	1
ERO1L	1	1	0	1
ERO1LB	1	0	1	1
ERP27	3	1	2	0.6666666666666666
ERP29	3	0	3	1
ERP44	3	0	3	1
ERRFI1	3	1	2	0.6666666666666666
ERV3-1	3	1	2	0.6666666666666666
ERVFRD-1	1	0	1	1
ERVH48-1	2	0	2	1
ERVK13-1	1	1	0	1
ERVMER34-1	3	2	1	0.6666666666666666
ERVV-1	1	0	1	1
ERVV-2	1	0	1	1
ERVW-1	2	0	2	1
ESAM	3	1	2	0.6666666666666666
ESCO1	3	1	2	0.6666666666666666
ESCO2	3	1	2	0.6666666666666666
ESD	3	2	1	0.6666666666666666
ESF1	3	0	3	1
ESM1	2	1	1	0.5
ESPL1	3	2	1	0.6666666666666666
ESPN	3	3	0	1
ESPNL	1	0	1	1
ESR1	2	1	1	0.5
ESR2	3	2	1	0.6666666666666666
ESRP1	3	1	2	0.6666666666666666
ESRP2	3	2	1	0.6666666666666666
ESRRA	3	2	1	0.6666666666666666
ESRRB	1	1	0	1
ESRRG	3	2	1	0.6666666666666666
ESS2	1	1	0	1
ESYT1	3	1	2	0.6666666666666666
ESYT2	3	1	2	0.6666666666666666
ESYT3	3	3	0	1
ETAA1	3	1	2	0.6666666666666666
ETF1	3	2	1	0.6666666666666666
ETFA	3	2	1	0.6666666666666666
ETFB	3	2	1	0.6666666666666666
ETFBKMT	2	1	1	0.5
ETFDH	3	2	1	0.6666666666666666
ETFRF1	2	0	2	1
ETHE1	3	2	1	0.6666666666666666
ETNK1	3	0	3	1
ETNK2	3	0	3	1
ETNPPL	3	2	1	0.6666666666666666
ETS1	3	2	1	0.6666666666666666
ETS2	3	2	1	0.6666666666666666
ETV1	3	0	3	1
ETV2	2	1	1	0.5
ETV3	3	0	3	1
ETV3L	1	0	1	1
ETV4	3	2	1	0.6666666666666666
ETV5	3	1	2	0.6666666666666666
ETV6	3	1	2	0.6666666666666666
ETV7	3	3	0	1
EVA1A	3	2	1	0.6666666666666666
EVA1B	3	2	1	0.6666666666666666
EVA1C	3	2	1	0.6666666666666666
EVC	3	1	2	0.6666666666666666
EVC2	2	1	1	0.5
EVI2A	1	1	0	1
EVI2B	1	1	0	1
EVI5	3	1	2	0.6666666666666666
EVI5L	3	2	1	0.6666666666666666
EVL	3	1	2	0.6666666666666666
EVPL	3	2	1	0.6666666666666666
EVPLL	2	1	1	0.5
EVX1	1	1	0	1
EVX2	1	0	1	1
EWSR1	3	1	2	0.6666666666666666
EXD1	2	0	2	1
EXD2	3	1	2	0.6666666666666666
EXD3	3	3	0	1
EXO1	3	2	1	0.6666666666666666
EXO5	3	2	1	0.6666666666666666
EXOC1	3	2	1	0.6666666666666666
EXOC2	3	1	2	0.6666666666666666
EXOC3	3	3	0	1
EXOC3-AS1	1	1	0	1
EXOC3L1	2	2	0	1
EXOC3L2	1	1	0	1
EXOC3L4	1	1	0	1
EXOC4	3	3	0	1
EXOC5	3	2	1	0.6666666666666666
EXOC6	3	0	3	1
EXOC6B	3	2	1	0.6666666666666666
EXOC7	3	3	0	1
EXOC8	3	3	0	1
EXOG	3	0	3	1
EXOSC1	3	1	2	0.6666666666666666
EXOSC10	3	2	1	0.6666666666666666
EXOSC10-AS1	1	1	0	1
EXOSC2	3	2	1	0.6666666666666666
EXOSC3	3	2	1	0.6666666666666666
EXOSC4	3	2	1	0.6666666666666666
EXOSC5	3	2	1	0.6666666666666666
EXOSC6	3	3	0	1
EXOSC7	3	0	3	1
EXOSC8	3	1	2	0.6666666666666666
EXOSC9	3	2	1	0.6666666666666666
EXPH5	3	0	3	1
EXT1	3	3	0	1
EXT2	3	1	2	0.6666666666666666
EXTL1	2	1	1	0.5
EXTL2	3	0	3	1
EXTL3	3	2	1	0.6666666666666666
EXTL3-AS1	1	0	1	1
EYA1	3	0	3	1
EYA2	2	2	0	1
EYA3	3	1	2	0.6666666666666666
EYA4	3	1	2	0.6666666666666666
EYS	3	2	1	0.6666666666666666
EZH1	3	3	0	1
EZH2	3	1	2	0.6666666666666666
EZR	3	1	2	0.6666666666666666
F10	2	0	2	1
F11R	3	2	1	0.6666666666666666
F12	3	1	2	0.6666666666666666
F13A1	1	0	1	1
F13B	1	0	1	1
F2	1	0	1	1
F2R	3	2	1	0.6666666666666666
F2RL1	3	2	1	0.6666666666666666
F2RL2	2	1	1	0.5
F2RL3	2	0	2	1
F3	3	2	1	0.6666666666666666
F5	2	0	2	1
F7	1	0	1	1
F8	3	2	1	0.6666666666666666
F8A1	3	2	1	0.6666666666666666
F8A2	2	1	1	0.5
F8A3	2	1	1	0.5
FA2H	3	3	0	1
FAAH	3	2	1	0.6666666666666666
FAAH2	3	0	3	1
FAAP100	2	2	0	1
FAAP20	2	1	1	0.5
FAAP24	2	1	1	0.5
FABP1	1	0	1	1
FABP2	1	0	1	1
FABP3	3	1	2	0.6666666666666666
FABP4	1	0	1	1
FABP5	3	2	1	0.6666666666666666
FABP6	2	1	1	0.5
FABP7	1	0	1	1
FADD	3	2	1	0.6666666666666666
FADS1	3	1	2	0.6666666666666666
FADS2	3	1	2	0.6666666666666666
FADS3	3	3	0	1
FADS6	1	1	0	1
FAF1	3	1	2	0.6666666666666666
FAF2	3	2	1	0.6666666666666666
FAH	3	0	3	1
FAHD1	3	1	2	0.6666666666666666
FAHD2A	3	1	2	0.6666666666666666
FAHD2B	3	3	0	1
FAHD2CP	1	1	0	1
FAIM	3	1	2	0.6666666666666666
FAIM2	1	0	1	1
FAIM3	1	0	1	1
FALEC	1	1	0	1
FAM101A	1	1	0	1
FAM101B	1	0	1	1
FAM102A	3	2	1	0.6666666666666666
FAM102B	3	0	3	1
FAM103A1	2	1	1	0.5
FAM104A	3	3	0	1
FAM104B	3	3	0	1
FAM105A	2	0	2	1
FAM105B	1	1	0	1
FAM106A	2	0	2	1
FAM106B	1	1	0	1
FAM106CP	1	1	0	1
FAM107A	3	1	2	0.6666666666666666
FAM107B	3	0	3	1
FAM109A	2	0	2	1
FAM109B	2	0	2	1
FAM110A	3	1	2	0.6666666666666666
FAM110B	3	2	1	0.6666666666666666
FAM110C	3	1	2	0.6666666666666666
FAM110D	1	0	1	1
FAM111A	3	2	1	0.6666666666666666
FAM111A-DT	1	0	1	1
FAM111B	3	1	2	0.6666666666666666
FAM114A1	3	0	3	1
FAM114A2	3	1	2	0.6666666666666666
FAM115A	1	1	0	1
FAM115C	1	1	0	1
FAM117A	3	2	1	0.6666666666666666
FAM117B	3	1	2	0.6666666666666666
FAM118A	3	2	1	0.6666666666666666
FAM118B	3	1	2	0.6666666666666666
FAM120A	3	3	0	1
FAM120AOS	3	1	2	0.6666666666666666
FAM120B	3	1	2	0.6666666666666666
FAM120C	3	0	3	1
FAM122A	3	2	1	0.6666666666666666
FAM122B	3	1	2	0.6666666666666666
FAM122C	3	2	1	0.6666666666666666
FAM124A	3	1	2	0.6666666666666666
FAM124B	1	0	1	1
FAM126A	3	1	2	0.6666666666666666
FAM126B	3	2	1	0.6666666666666666
FAM127A	2	2	0	1
FAM127B	2	1	1	0.5
FAM127C	2	2	0	1
FAM129A	2	0	2	1
FAM129B	2	2	0	1
FAM129C	1	0	1	1
FAM131A	3	2	1	0.6666666666666666
FAM131B	3	2	1	0.6666666666666666
FAM131C	3	1	2	0.6666666666666666
FAM132A	2	1	1	0.5
FAM132B	1	0	1	1
FAM133B	3	0	3	1
FAM133DP	1	1	0	1
FAM134A	2	1	1	0.5
FAM134B	2	1	1	0.5
FAM134C	2	2	0	1
FAM135A	3	0	3	1
FAM136A	3	2	1	0.6666666666666666
FAM13A	3	1	2	0.6666666666666666
FAM13B	3	3	0	1
FAM13C	2	0	2	1
FAM149A	3	1	2	0.6666666666666666
FAM149B1	3	0	3	1
FAM150B	2	2	0	1
FAM151A	2	1	1	0.5
FAM151B	3	1	2	0.6666666666666666
FAM153A	2	1	1	0.5
FAM153B	2	2	0	1
FAM154B	1	1	0	1
FAM155A	3	0	3	1
FAM155B	3	1	2	0.6666666666666666
FAM156A	2	1	1	0.5
FAM156B	3	2	1	0.6666666666666666
FAM157A	2	1	1	0.5
FAM157B	1	0	1	1
FAM159A	1	1	0	1
FAM159B	1	0	1	1
FAM160A1	3	2	1	0.6666666666666666
FAM160A2	3	3	0	1
FAM160B1	3	1	2	0.6666666666666666
FAM160B2	3	2	1	0.6666666666666666
FAM161A	3	1	2	0.6666666666666666
FAM161B	3	3	0	1
FAM162A	3	0	3	1
FAM162B	1	0	1	1
FAM163A	1	0	1	1
FAM163B	1	0	1	1
FAM166A	2	1	1	0.5
FAM166B	3	1	2	0.6666666666666666
FAM167A	3	0	3	1
FAM167B	3	1	2	0.6666666666666666
FAM168A	3	1	2	0.6666666666666666
FAM168B	3	2	1	0.6666666666666666
FAM169A	3	1	2	0.6666666666666666
FAM170A	1	1	0	1
FAM171A1	3	0	3	1
FAM171A2	3	1	2	0.6666666666666666
FAM171B	3	1	2	0.6666666666666666
FAM172A	3	1	2	0.6666666666666666
FAM172BP	1	0	1	1
FAM173A	2	1	1	0.5
FAM173B	2	2	0	1
FAM174A	3	1	2	0.6666666666666666
FAM174B	3	0	3	1
FAM174C	1	1	0	1
FAM175A	2	1	1	0.5
FAM175B	2	0	2	1
FAM177A1	3	1	2	0.6666666666666666
FAM177B	2	2	0	1
FAM178A	1	1	0	1
FAM178B	1	0	1	1
FAM179A	2	1	1	0.5
FAM179B	2	0	2	1
FAM180A	3	1	2	0.6666666666666666
FAM180B	1	0	1	1
FAM181B	1	1	0	1
FAM182B	1	0	1	1
FAM183A	1	1	0	1
FAM184A	3	0	3	1
FAM184B	3	1	2	0.6666666666666666
FAM185A	3	3	0	1
FAM185BP	1	1	0	1
FAM186A	1	1	0	1
FAM186B	3	1	2	0.6666666666666666
FAM187A	1	1	0	1
FAM187B	1	1	0	1
FAM188A	2	0	2	1
FAM188B	2	1	1	0.5
FAM188B2	1	1	0	1
FAM189A1	3	1	2	0.6666666666666666
FAM189A2	3	2	1	0.6666666666666666
FAM189B	3	0	3	1
FAM192A	2	1	1	0.5
FAM193A	3	1	2	0.6666666666666666
FAM193B	3	2	1	0.6666666666666666
FAM194B	1	1	0	1
FAM195A	1	0	1	1
FAM195B	1	0	1	1
FAM196A	1	0	1	1
FAM196B	2	2	0	1
FAM198A	2	0	2	1
FAM198B	2	0	2	1
FAM199X	3	2	1	0.6666666666666666
FAM19A2	2	2	0	1
FAM19A3	2	1	1	0.5
FAM19A4	2	0	2	1
FAM19A5	1	0	1	1
FAM200A	3	2	1	0.6666666666666666
FAM200B	3	2	1	0.6666666666666666
FAM201A	1	1	0	1
FAM203A	1	0	1	1
FAM203B	1	0	1	1
FAM204A	3	1	2	0.6666666666666666
FAM205A	1	0	1	1
FAM205C	1	0	1	1
FAM206A	2	1	1	0.5
FAM207A	3	3	0	1
FAM208A	2	1	1	0.5
FAM208B	2	0	2	1
FAM209A	2	1	1	0.5
FAM209B	2	0	2	1
FAM20A	3	0	3	1
FAM20B	3	0	3	1
FAM20C	2	1	1	0.5
FAM210A	3	2	1	0.6666666666666666
FAM210B	3	2	1	0.6666666666666666
FAM211A	1	0	1	1
FAM211B	1	1	0	1
FAM212A	2	1	1	0.5
FAM212B	2	2	0	1
FAM213A	2	2	0	1
FAM213B	2	0	2	1
FAM214A	3	1	2	0.6666666666666666
FAM214B	3	2	1	0.6666666666666666
FAM216A	3	1	2	0.6666666666666666
FAM217A	1	0	1	1
FAM217B	3	2	1	0.6666666666666666
FAM218A	3	2	1	0.6666666666666666
FAM219A	3	1	2	0.6666666666666666
FAM219B	3	1	2	0.6666666666666666
FAM21A	1	1	0	1
FAM21B	1	1	0	1
FAM21C	1	1	0	1
FAM21EP	1	0	1	1
FAM220A	3	1	2	0.6666666666666666
FAM221A	3	1	2	0.6666666666666666
FAM221B	1	0	1	1
FAM222A	3	1	2	0.6666666666666666
FAM222A-AS1	1	0	1	1
FAM222B	3	2	1	0.6666666666666666
FAM227A	3	1	2	0.6666666666666666
FAM227B	3	2	1	0.6666666666666666
FAM228A	1	0	1	1
FAM228B	3	2	1	0.6666666666666666
FAM229A	2	1	1	0.5
FAM229B	3	2	1	0.6666666666666666
FAM231B	1	0	1	1
FAM231D	1	0	1	1
FAM234A	2	1	1	0.5
FAM234B	2	0	2	1
FAM241A	1	0	1	1
FAM241B	1	1	0	1
FAM243A	1	1	0	1
FAM24A	1	1	0	1
FAM24B	3	2	1	0.6666666666666666
FAM24B-CUZD1	1	1	0	1
FAM25A	3	3	0	1
FAM25C	2	2	0	1
FAM25G	1	1	0	1
FAM26D	1	0	1	1
FAM26E	2	1	1	0.5
FAM26F	2	0	2	1
FAM27A	1	0	1	1
FAM27B	1	0	1	1
FAM27E1	1	1	0	1
FAM27E2	1	1	0	1
FAM27E3	2	1	1	0.5
FAM32A	3	3	0	1
FAM35A	2	1	1	0.5
FAM3A	3	2	1	0.6666666666666666
FAM3C	3	1	2	0.6666666666666666
FAM3D	2	2	0	1
FAM43A	3	2	1	0.6666666666666666
FAM45A	2	1	1	0.5
FAM46A	2	1	1	0.5
FAM46B	2	2	0	1
FAM46C	2	0	2	1
FAM47E	3	1	2	0.6666666666666666
FAM47E-STBD1	1	0	1	1
FAM49A	3	1	2	0.6666666666666666
FAM49B	3	1	2	0.6666666666666666
FAM50A	3	1	2	0.6666666666666666
FAM50B	2	1	1	0.5
FAM53A	3	1	2	0.6666666666666666
FAM53B	3	1	2	0.6666666666666666
FAM53C	3	2	1	0.6666666666666666
FAM57A	2	1	1	0.5
FAM57B	2	1	1	0.5
FAM58A	2	1	1	0.5
FAM60A	2	0	2	1
FAM63A	2	0	2	1
FAM63B	2	2	0	1
FAM64A	2	2	0	1
FAM65A	2	1	1	0.5
FAM65B	1	1	0	1
FAM65C	2	0	2	1
FAM66B	1	1	0	1
FAM69A	2	0	2	1
FAM69B	2	1	1	0.5
FAM69C	1	0	1	1
FAM71A	1	0	1	1
FAM71C	1	0	1	1
FAM71D	2	1	1	0.5
FAM71E1	2	2	0	1
FAM71E2	1	0	1	1
FAM71F1	1	0	1	1
FAM71F2	3	1	2	0.6666666666666666
FAM72A	3	1	2	0.6666666666666666
FAM72B	3	2	1	0.6666666666666666
FAM72C	3	0	3	1
FAM72D	3	1	2	0.6666666666666666
FAM73A	1	0	1	1
FAM73B	1	0	1	1
FAM76A	3	0	3	1
FAM76B	3	0	3	1
FAM78A	3	2	1	0.6666666666666666
FAM78B	3	1	2	0.6666666666666666
FAM81A	3	1	2	0.6666666666666666
FAM81B	1	0	1	1
FAM83A	3	1	2	0.6666666666666666
FAM83B	3	2	1	0.6666666666666666
FAM83C	1	1	0	1
FAM83D	3	1	2	0.6666666666666666
FAM83E	1	1	0	1
FAM83F	3	2	1	0.6666666666666666
FAM83G	3	3	0	1
FAM83H	3	2	1	0.6666666666666666
FAM83H-AS1	1	0	1	1
FAM84A	2	1	1	0.5
FAM84B	2	1	1	0.5
FAM86A	1	1	0	1
FAM86B1	3	3	0	1
FAM86B2	3	2	1	0.6666666666666666
FAM86B3P	1	0	1	1
FAM86C1	3	2	1	0.6666666666666666
FAM86C2P	1	0	1	1
FAM86DP	1	0	1	1
FAM86EP	1	1	0	1
FAM86FP	1	1	0	1
FAM86HP	1	1	0	1
FAM86JP	1	1	0	1
FAM89A	3	2	1	0.6666666666666666
FAM89B	3	2	1	0.6666666666666666
FAM8A1	3	1	2	0.6666666666666666
FAM90A1	3	2	1	0.6666666666666666
FAM90A26	1	1	0	1
FAM91A1	3	1	2	0.6666666666666666
FAM92A	2	1	1	0.5
FAM92A1	1	0	1	1
FAM92B	1	0	1	1
FAM95C	1	1	0	1
FAM96A	2	1	1	0.5
FAM96B	2	1	1	0.5
FAM98A	3	1	2	0.6666666666666666
FAM98B	3	1	2	0.6666666666666666
FAM98C	3	1	2	0.6666666666666666
FAM9B	1	0	1	1
FAM9C	1	0	1	1
FAN1	3	1	2	0.6666666666666666
FANCA	3	3	0	1
FANCB	3	3	0	1
FANCC	3	3	0	1
FANCD2	3	2	1	0.6666666666666666
FANCD2OS	2	1	1	0.5
FANCE	3	3	0	1
FANCF	3	1	2	0.6666666666666666
FANCG	3	2	1	0.6666666666666666
FANCI	3	1	2	0.6666666666666666
FANCL	3	2	1	0.6666666666666666
FANCM	3	2	1	0.6666666666666666
FANK1	3	2	1	0.6666666666666666
FAP	2	0	2	1
FAR1	3	0	3	1
FAR2	3	0	3	1
FARP1	3	1	2	0.6666666666666666
FARP2	3	1	2	0.6666666666666666
FARS2	3	2	1	0.6666666666666666
FARSA	3	1	2	0.6666666666666666
FARSB	3	1	2	0.6666666666666666
FAS	3	1	2	0.6666666666666666
FASLG	1	0	1	1
FASN	3	2	1	0.6666666666666666
FASTK	3	3	0	1
FASTKD1	3	2	1	0.6666666666666666
FASTKD2	3	1	2	0.6666666666666666
FASTKD3	3	3	0	1
FASTKD5	3	1	2	0.6666666666666666
FAT1	3	2	1	0.6666666666666666
FAT2	3	1	2	0.6666666666666666
FAT3	3	0	3	1
FAT4	3	2	1	0.6666666666666666
FAU	3	3	0	1
FAXC	3	2	1	0.6666666666666666
FAXDC2	3	2	1	0.6666666666666666
FBF1	3	2	1	0.6666666666666666
FBH1	1	0	1	1
FBL	3	1	2	0.6666666666666666
FBLIM1	3	3	0	1
FBLL1	1	0	1	1
FBLN1	3	2	1	0.6666666666666666
FBLN2	2	2	0	1
FBLN5	3	0	3	1
FBLN7	3	1	2	0.6666666666666666
FBN1	3	1	2	0.6666666666666666
FBN2	3	3	0	1
FBN3	2	1	1	0.5
FBP1	2	1	1	0.5
FBP2	2	0	2	1
FBRS	3	1	2	0.6666666666666666
FBRSL1	3	2	1	0.6666666666666666
FBXL12	3	2	1	0.6666666666666666
FBXL13	3	1	2	0.6666666666666666
FBXL14	3	1	2	0.6666666666666666
FBXL15	3	2	1	0.6666666666666666
FBXL16	3	2	1	0.6666666666666666
FBXL17	3	2	1	0.6666666666666666
FBXL18	3	3	0	1
FBXL19	3	2	1	0.6666666666666666
FBXL19-AS1	1	1	0	1
FBXL2	3	2	1	0.6666666666666666
FBXL20	3	3	0	1
FBXL21P	1	1	0	1
FBXL22	3	2	1	0.6666666666666666
FBXL3	3	2	1	0.6666666666666666
FBXL4	3	1	2	0.6666666666666666
FBXL5	3	1	2	0.6666666666666666
FBXL6	3	2	1	0.6666666666666666
FBXL7	3	0	3	1
FBXL8	3	3	0	1
FBXO10	3	2	1	0.6666666666666666
FBXO11	3	0	3	1
FBXO15	3	3	0	1
FBXO16	3	2	1	0.6666666666666666
FBXO17	3	2	1	0.6666666666666666
FBXO18	2	1	1	0.5
FBXO2	3	1	2	0.6666666666666666
FBXO21	3	2	1	0.6666666666666666
FBXO22	3	2	1	0.6666666666666666
FBXO24	3	1	2	0.6666666666666666
FBXO25	3	2	1	0.6666666666666666
FBXO27	3	0	3	1
FBXO28	3	2	1	0.6666666666666666
FBXO3	3	2	1	0.6666666666666666
FBXO30	3	0	3	1
FBXO31	3	2	1	0.6666666666666666
FBXO32	3	2	1	0.6666666666666666
FBXO33	3	2	1	0.6666666666666666
FBXO34	3	2	1	0.6666666666666666
FBXO36	3	1	2	0.6666666666666666
FBXO38	3	2	1	0.6666666666666666
FBXO4	3	1	2	0.6666666666666666
FBXO40	1	0	1	1
FBXO41	3	2	1	0.6666666666666666
FBXO42	3	2	1	0.6666666666666666
FBXO43	3	1	2	0.6666666666666666
FBXO44	3	3	0	1
FBXO45	3	1	2	0.6666666666666666
FBXO46	3	1	2	0.6666666666666666
FBXO47	1	1	0	1
FBXO48	3	2	1	0.6666666666666666
FBXO5	3	2	1	0.6666666666666666
FBXO6	3	1	2	0.6666666666666666
FBXO7	3	2	1	0.6666666666666666
FBXO8	3	2	1	0.6666666666666666
FBXO9	3	3	0	1
FBXW10	3	2	1	0.6666666666666666
FBXW11	3	2	1	0.6666666666666666
FBXW12	2	2	0	1
FBXW2	3	1	2	0.6666666666666666
FBXW4	3	2	1	0.6666666666666666
FBXW5	3	3	0	1
FBXW7	3	2	1	0.6666666666666666
FBXW8	3	1	2	0.6666666666666666
FBXW9	3	2	1	0.6666666666666666
FCAMR	1	1	0	1
FCAR	1	0	1	1
FCER1G	2	1	1	0.5
FCER2	1	0	1	1
FCF1	3	1	2	0.6666666666666666
FCF1P2	1	0	1	1
FCGBP	3	2	1	0.6666666666666666
FCGR1A	1	0	1	1
FCGR1B	1	1	0	1
FCGR2A	1	1	0	1
FCGR2B	1	0	1	1
FCGR3B	1	0	1	1
FCGRT	3	3	0	1
FCHO1	3	2	1	0.6666666666666666
FCHO2	3	0	3	1
FCHSD1	3	1	2	0.6666666666666666
FCHSD2	3	2	1	0.6666666666666666
FCMR	1	1	0	1
FCN3	1	0	1	1
FCRL3	1	0	1	1
FCRL5	1	0	1	1
FCRL6	1	1	0	1
FCRLA	1	0	1	1
FCRLB	3	1	2	0.6666666666666666
FCSK	1	1	0	1
FDCSP	1	0	1	1
FDFT1	3	2	1	0.6666666666666666
FDPS	3	2	1	0.6666666666666666
FDX1	3	0	3	1
FDX1L	2	1	1	0.5
FDX2	1	1	0	1
FDXACB1	3	2	1	0.6666666666666666
FDXR	3	2	1	0.6666666666666666
FECH	3	2	1	0.6666666666666666
FEM1A	3	1	2	0.6666666666666666
FEM1B	3	0	3	1
FEM1C	3	1	2	0.6666666666666666
FEN1	3	2	1	0.6666666666666666
FER	3	2	1	0.6666666666666666
FER1L4	1	1	0	1
FER1L5	1	0	1	1
FER1L6	2	2	0	1
FERMT1	3	1	2	0.6666666666666666
FERMT2	3	1	2	0.6666666666666666
FERMT3	3	1	2	0.6666666666666666
FES	3	1	2	0.6666666666666666
FETUB	2	1	1	0.5
FEZ1	3	2	1	0.6666666666666666
FEZ2	3	1	2	0.6666666666666666
FEZF1	2	2	0	1
FEZF1-AS1	1	1	0	1
FFAR1	1	1	0	1
FFAR2	1	0	1	1
FFAR3	1	1	0	1
FFAR4	2	1	1	0.5
FGA	1	0	1	1
FGB	1	0	1	1
FGD1	3	2	1	0.6666666666666666
FGD2	2	2	0	1
FGD3	3	2	1	0.6666666666666666
FGD4	3	0	3	1
FGD5	2	1	1	0.5
FGD5-AS1	1	1	0	1
FGD6	3	1	2	0.6666666666666666
FGF1	2	2	0	1
FGF10	1	0	1	1
FGF11	3	1	2	0.6666666666666666
FGF12	3	0	3	1
FGF12-AS2	1	1	0	1
FGF13	3	1	2	0.6666666666666666
FGF14	2	1	1	0.5
FGF14-AS2	1	0	1	1
FGF16	1	1	0	1
FGF17	2	1	1	0.5
FGF18	3	2	1	0.6666666666666666
FGF19	1	0	1	1
FGF2	3	1	2	0.6666666666666666
FGF20	1	0	1	1
FGF21	1	0	1	1
FGF22	1	0	1	1
FGF23	1	0	1	1
FGF3	1	0	1	1
FGF4	1	0	1	1
FGF5	3	1	2	0.6666666666666666
FGF6	1	1	0	1
FGF7	1	0	1	1
FGF7P3	1	0	1	1
FGF8	1	0	1	1
FGF9	2	1	1	0.5
FGFBP1	3	1	2	0.6666666666666666
FGFBP2	1	0	1	1
FGFBP3	3	0	3	1
FGFR1	3	2	1	0.6666666666666666
FGFR1OP	3	1	2	0.6666666666666666
FGFR1OP2	3	1	2	0.6666666666666666
FGFR2	3	1	2	0.6666666666666666
FGFR3	2	2	0	1
FGFR4	3	2	1	0.6666666666666666
FGFRL1	3	1	2	0.6666666666666666
FGG	1	0	1	1
FGGY	3	2	1	0.6666666666666666
FGL1	1	1	0	1
FGL2	1	1	0	1
FGR	1	1	0	1
FH	3	2	1	0.6666666666666666
FHAD1	3	2	1	0.6666666666666666
FHAD1-AS1	1	0	1	1
FHDC1	3	1	2	0.6666666666666666
FHIT	3	2	1	0.6666666666666666
FHL1	3	1	2	0.6666666666666666
FHL2	3	2	1	0.6666666666666666
FHL3	3	2	1	0.6666666666666666
FHOD1	3	2	1	0.6666666666666666
FHOD3	3	2	1	0.6666666666666666
FIBCD1	1	0	1	1
FIBIN	1	0	1	1
FIBP	3	3	0	1
FICD	3	1	2	0.6666666666666666
FIG4	3	3	0	1
FIGN	3	3	0	1
FIGNL1	3	1	2	0.6666666666666666
FIGNL2	1	1	0	1
FILIP1	2	0	2	1
FILIP1L	3	1	2	0.6666666666666666
FIP1L1	3	2	1	0.6666666666666666
FIRRE	1	0	1	1
FIS1	3	2	1	0.6666666666666666
FITM1	2	2	0	1
FITM2	3	2	1	0.6666666666666666
FIZ1	3	1	2	0.6666666666666666
FJX1	3	3	0	1
FKBP10	3	0	3	1
FKBP11	3	1	2	0.6666666666666666
FKBP14	3	1	2	0.6666666666666666
FKBP15	3	3	0	1
FKBP1A	3	1	2	0.6666666666666666
FKBP1B	3	1	2	0.6666666666666666
FKBP1C	1	0	1	1
FKBP2	2	1	1	0.5
FKBP3	3	1	2	0.6666666666666666
FKBP4	3	1	2	0.6666666666666666
FKBP5	3	2	1	0.6666666666666666
FKBP6	2	2	0	1
FKBP7	3	2	1	0.6666666666666666
FKBP8	3	2	1	0.6666666666666666
FKBP9	3	0	3	1
FKBP9P1	1	0	1	1
FKBPL	3	3	0	1
FKRP	3	1	2	0.6666666666666666
FKTN	3	1	2	0.6666666666666666
FLACC1	1	0	1	1
FLAD1	3	2	1	0.6666666666666666
FLCN	3	2	1	0.6666666666666666
FLG	2	1	1	0.5
FLG2	1	1	0	1
FLI1	1	1	0	1
FLII	3	3	0	1
FLJ00104	1	1	0	1
FLJ00418	1	1	0	1
FLJ20021	1	1	0	1
FLJ20306	1	1	0	1
FLJ20373	1	0	1	1
FLJ22447	1	0	1	1
FLJ27365	1	0	1	1
FLJ30679	1	1	0	1
FLJ31104	1	1	0	1
FLJ31356	1	1	0	1
FLJ32255	1	0	1	1
FLJ37201	1	1	0	1
FLJ37453	1	1	0	1
FLJ39095	1	0	1	1
FLJ42351	1	0	1	1
FLJ42627	1	0	1	1
FLJ42969	1	0	1	1
FLJ44635	1	0	1	1
FLJ45513	2	1	1	0.5
FLJ46875	1	0	1	1
FLJ46906	1	1	0	1
FLNA	3	3	0	1
FLNB	3	2	1	0.6666666666666666
FLNB-AS1	1	0	1	1
FLNC	3	2	1	0.6666666666666666
FLNC-AS1	1	0	1	1
FLOT1	3	0	3	1
FLOT2	3	3	0	1
FLRT1	3	2	1	0.6666666666666666
FLRT2	3	1	2	0.6666666666666666
FLRT3	3	0	3	1
FLT1	3	0	3	1
FLT3	3	1	2	0.6666666666666666
FLT3LG	3	2	1	0.6666666666666666
FLT4	3	1	2	0.6666666666666666
FLVCR1	3	1	2	0.6666666666666666
FLVCR1-DT	1	1	0	1
FLVCR2	3	2	1	0.6666666666666666
FLYWCH1	3	3	0	1
FLYWCH2	3	2	1	0.6666666666666666
FMC1	2	2	0	1
FMN1	3	1	2	0.6666666666666666
FMN2	2	1	1	0.5
FMNL1	3	1	2	0.6666666666666666
FMNL2	3	1	2	0.6666666666666666
FMNL3	3	1	2	0.6666666666666666
FMO1	1	1	0	1
FMO2	1	1	0	1
FMO3	1	0	1	1
FMO4	3	2	1	0.6666666666666666
FMO5	3	0	3	1
FMOD	2	0	2	1
FMR1	3	2	1	0.6666666666666666
FMR1-AS1	1	0	1	1
FMR1NB	1	0	1	1
FN1	3	2	1	0.6666666666666666
FN3K	3	1	2	0.6666666666666666
FN3KRP	3	3	0	1
FNBP1	3	2	1	0.6666666666666666
FNBP1L	3	2	1	0.6666666666666666
FNBP4	3	1	2	0.6666666666666666
FNDC1	1	0	1	1
FNDC10	2	1	1	0.5
FNDC11	2	2	0	1
FNDC3A	3	1	2	0.6666666666666666
FNDC3B	3	1	2	0.6666666666666666
FNDC4	3	1	2	0.6666666666666666
FNDC5	1	0	1	1
FNDC7	1	0	1	1
FNDC8	2	2	0	1
FNDC9	1	1	0	1
FNIP1	3	2	1	0.6666666666666666
FNIP2	3	1	2	0.6666666666666666
FNTA	3	1	2	0.6666666666666666
FNTB	3	3	0	1
FOCAD	3	2	1	0.6666666666666666
FOLH1	3	0	3	1
FOLH1B	1	0	1	1
FOLR1	2	0	2	1
FOLR2	2	1	1	0.5
FOLR3	1	1	0	1
FOPNL	3	2	1	0.6666666666666666
FOS	3	1	2	0.6666666666666666
FOSB	3	1	2	0.6666666666666666
FOSL1	3	2	1	0.6666666666666666
FOSL2	3	3	0	1
FOXA1	3	1	2	0.6666666666666666
FOXA2	3	1	2	0.6666666666666666
FOXA3	1	0	1	1
FOXB1	3	2	1	0.6666666666666666
FOXB2	1	0	1	1
FOXC1	3	0	3	1
FOXC2	2	2	0	1
FOXD1	3	0	3	1
FOXD2	2	0	2	1
FOXD2-AS1	1	1	0	1
FOXD3	2	0	2	1
FOXD3-AS1	1	1	0	1
FOXD4	2	1	1	0.5
FOXD4L1	1	1	0	1
FOXD4L3	1	0	1	1
FOXD4L4	1	0	1	1
FOXD4L5	1	0	1	1
FOXD4L6	1	0	1	1
FOXE1	3	1	2	0.6666666666666666
FOXE3	2	1	1	0.5
FOXF1	1	1	0	1
FOXF2	2	2	0	1
FOXG1	3	0	3	1
FOXG1-AS1	1	0	1	1
FOXH1	2	0	2	1
FOXI1	2	1	1	0.5
FOXI3	1	0	1	1
FOXJ1	1	1	0	1
FOXJ2	3	0	3	1
FOXJ3	3	0	3	1
FOXK1	3	2	1	0.6666666666666666
FOXK2	3	2	1	0.6666666666666666
FOXL1	3	3	0	1
FOXL2	2	1	1	0.5
FOXL2NB	2	1	1	0.5
FOXM1	3	1	2	0.6666666666666666
FOXN1	1	1	0	1
FOXN2	3	0	3	1
FOXN3	3	1	2	0.6666666666666666
FOXN3-AS1	1	1	0	1
FOXN4	1	0	1	1
FOXO1	3	1	2	0.6666666666666666
FOXO3	3	2	1	0.6666666666666666
FOXO3B	1	1	0	1
FOXO4	3	1	2	0.6666666666666666
FOXO6	3	1	2	0.6666666666666666
FOXP1	3	2	1	0.6666666666666666
FOXP2	2	0	2	1
FOXP3	3	2	1	0.6666666666666666
FOXP4	3	2	1	0.6666666666666666
FOXP4-AS1	1	1	0	1
FOXQ1	2	2	0	1
FOXR1	1	0	1	1
FOXRED1	3	2	1	0.6666666666666666
FOXRED2	3	3	0	1
FOXS1	1	1	0	1
FP15737	1	0	1	1
FPGS	3	3	0	1
FPGT	3	2	1	0.6666666666666666
FPGT-TNNI3K	1	1	0	1
FPR1	1	0	1	1
FPR2	1	0	1	1
FPR3	1	0	1	1
FRA10AC1	3	1	2	0.6666666666666666
FRAS1	3	2	1	0.6666666666666666
FRAT1	3	1	2	0.6666666666666666
FRAT2	3	2	1	0.6666666666666666
FREM1	1	0	1	1
FREM2	3	2	1	0.6666666666666666
FREM3	1	0	1	1
FRG1	3	1	2	0.6666666666666666
FRG1-DT	1	1	0	1
FRG1B	1	0	1	1
FRG1BP	1	1	0	1
FRG1HP	1	1	0	1
FRG1JP	1	0	1	1
FRG2	1	0	1	1
FRG2B	1	0	1	1
FRG2C	1	0	1	1
FRK	3	1	2	0.6666666666666666
FRMD3	3	1	2	0.6666666666666666
FRMD4A	3	0	3	1
FRMD4B	3	2	1	0.6666666666666666
FRMD5	3	2	1	0.6666666666666666
FRMD6	3	3	0	1
FRMD6-AS1	1	1	0	1
FRMD7	1	1	0	1
FRMD8	3	2	1	0.6666666666666666
FRMPD1	1	0	1	1
FRMPD2	1	1	0	1
FRMPD3	2	1	1	0.5
FRMPD4	1	1	0	1
FRRS1	3	0	3	1
FRS2	3	1	2	0.6666666666666666
FRS3	3	2	1	0.6666666666666666
FRY	3	0	3	1
FRYL	3	2	1	0.6666666666666666
FRZB	2	0	2	1
FSBP	1	0	1	1
FSCB	1	1	0	1
FSCN1	3	3	0	1
FSCN2	3	2	1	0.6666666666666666
FSCN3	2	1	1	0.5
FSD1	2	1	1	0.5
FSD1L	3	1	2	0.6666666666666666
FSD2	3	0	3	1
FSIP1	2	2	0	1
FSIP2	2	1	1	0.5
FST	2	1	1	0.5
FSTL1	3	3	0	1
FSTL3	3	2	1	0.6666666666666666
FSTL4	1	1	0	1
FSTL5	1	0	1	1
FTCD	2	1	1	0.5
FTCDNL1	2	2	0	1
FTH1	3	2	1	0.6666666666666666
FTH1P3	1	0	1	1
FTL	3	2	1	0.6666666666666666
FTO	3	2	1	0.6666666666666666
FTO-IT1	1	0	1	1
FTSJ1	3	2	1	0.6666666666666666
FTSJ2	1	1	0	1
FTSJ3	3	3	0	1
FTX	1	1	0	1
FUBP1	3	1	2	0.6666666666666666
FUBP3	3	2	1	0.6666666666666666
FUCA1	3	1	2	0.6666666666666666
FUCA2	3	1	2	0.6666666666666666
FUK	2	1	1	0.5
FUNDC1	3	2	1	0.6666666666666666
FUNDC2	3	3	0	1
FUOM	3	2	1	0.6666666666666666
FURIN	3	2	1	0.6666666666666666
FUS	3	2	1	0.6666666666666666
FUT1	3	1	2	0.6666666666666666
FUT10	3	0	3	1
FUT11	3	0	3	1
FUT2	3	1	2	0.6666666666666666
FUT3	3	2	1	0.6666666666666666
FUT4	3	1	2	0.6666666666666666
FUT5	2	1	1	0.5
FUT6	2	2	0	1
FUT7	1	0	1	1
FUT8	3	2	1	0.6666666666666666
FUT8-AS1	1	1	0	1
FUT9	2	0	2	1
FUZ	3	0	3	1
FXN	3	1	2	0.6666666666666666
FXR1	3	1	2	0.6666666666666666
FXR2	3	1	2	0.6666666666666666
FXYD1	2	1	1	0.5
FXYD2	1	0	1	1
FXYD3	2	1	1	0.5
FXYD4	1	0	1	1
FXYD5	3	1	2	0.6666666666666666
FXYD6	3	1	2	0.6666666666666666
FXYD6-FXYD2	1	0	1	1
FXYD7	2	1	1	0.5
FYB	1	1	0	1
FYB2	1	0	1	1
FYCO1	3	3	0	1
FYN	3	1	2	0.6666666666666666
FYTTD1	3	1	2	0.6666666666666666
FZD1	3	0	3	1
FZD10	1	1	0	1
FZD2	3	2	1	0.6666666666666666
FZD3	3	0	3	1
FZD4	3	2	1	0.6666666666666666
FZD4-DT	1	0	1	1
FZD5	3	1	2	0.6666666666666666
FZD6	3	2	1	0.6666666666666666
FZD7	3	0	3	1
FZD8	3	0	3	1
FZD9	3	1	2	0.6666666666666666
FZR1	3	3	0	1
G0S2	2	1	1	0.5
G2E3	3	2	1	0.6666666666666666
G3BP1	3	2	1	0.6666666666666666
G3BP2	3	1	2	0.6666666666666666
G6PC	1	1	0	1
G6PC3	3	1	2	0.6666666666666666
G6PD	3	1	2	0.6666666666666666
GAA	3	2	1	0.6666666666666666
GAB1	3	2	1	0.6666666666666666
GAB2	3	1	2	0.6666666666666666
GAB3	3	2	1	0.6666666666666666
GABARAP	3	2	1	0.6666666666666666
GABARAPL1	3	0	3	1
GABARAPL2	3	3	0	1
GABBR1	3	1	2	0.6666666666666666
GABBR2	3	2	1	0.6666666666666666
GABPA	3	1	2	0.6666666666666666
GABPB1	3	0	3	1
GABPB1-AS1	1	1	0	1
GABPB1-IT1	1	1	0	1
GABPB2	3	0	3	1
GABRA1	1	0	1	1
GABRA2	2	0	2	1
GABRA3	2	1	1	0.5
GABRA4	1	0	1	1
GABRA5	2	0	2	1
GABRB1	3	0	3	1
GABRB2	1	1	0	1
GABRB3	3	2	1	0.6666666666666666
GABRD	1	0	1	1
GABRE	3	1	2	0.6666666666666666
GABRG1	1	0	1	1
GABRG3	2	1	1	0.5
GABRP	2	2	0	1
GABRQ	2	1	1	0.5
GABRR1	1	0	1	1
GABRR2	3	0	3	1
GABRR3	1	1	0	1
GAD1	3	3	0	1
GADD45A	3	1	2	0.6666666666666666
GADD45B	3	3	0	1
GADD45G	3	2	1	0.6666666666666666
GADD45GIP1	3	2	1	0.6666666666666666
GADL1	1	1	0	1
GAGE10	1	0	1	1
GAGE12G	1	0	1	1
GAGE12H	1	0	1	1
GAGE12I	1	0	1	1
GAGE12J	1	0	1	1
GAGE2B	1	0	1	1
GAGE2C	1	0	1	1
GAGE2D	1	0	1	1
GAK	3	1	2	0.6666666666666666
GAL	3	2	1	0.6666666666666666
GAL3ST1	1	0	1	1
GAL3ST2	2	0	2	1
GAL3ST3	3	2	1	0.6666666666666666
GAL3ST4	2	1	1	0.5
GALC	3	0	3	1
GALE	3	3	0	1
GALK1	3	1	2	0.6666666666666666
GALK2	3	2	1	0.6666666666666666
GALM	3	0	3	1
GALNS	3	2	1	0.6666666666666666
GALNT1	3	2	1	0.6666666666666666
GALNT10	3	2	1	0.6666666666666666
GALNT11	3	2	1	0.6666666666666666
GALNT12	3	2	1	0.6666666666666666
GALNT13	2	0	2	1
GALNT14	3	1	2	0.6666666666666666
GALNT15	1	1	0	1
GALNT16	3	2	1	0.6666666666666666
GALNT17	1	1	0	1
GALNT18	3	2	1	0.6666666666666666
GALNT2	3	3	0	1
GALNT3	3	2	1	0.6666666666666666
GALNT4	2	0	2	1
GALNT5	1	0	1	1
GALNT6	3	2	1	0.6666666666666666
GALNT7	3	2	1	0.6666666666666666
GALNT8	1	0	1	1
GALNT9	1	0	1	1
GALNTL6	2	1	1	0.5
GALP	1	0	1	1
GALR2	2	0	2	1
GALR3	1	1	0	1
GALT	3	2	1	0.6666666666666666
GAMT	3	2	1	0.6666666666666666
GAN	3	1	2	0.6666666666666666
GANAB	3	2	1	0.6666666666666666
GANC	3	1	2	0.6666666666666666
GAP43	1	1	0	1
GAPDH	3	2	1	0.6666666666666666
GAPDHS	3	1	2	0.6666666666666666
GAPT	1	0	1	1
GAPVD1	3	2	1	0.6666666666666666
GAR1	3	1	2	0.6666666666666666
GAREM	1	0	1	1
GAREM1	2	1	1	0.5
GAREM2	2	1	1	0.5
GAREML	1	0	1	1
GARNL3	3	2	1	0.6666666666666666
GARS	2	1	1	0.5
GARS-DT	1	1	0	1
GARS1	1	0	1	1
GART	3	0	3	1
GAS1	3	0	3	1
GAS2	3	2	1	0.6666666666666666
GAS2L1	3	2	1	0.6666666666666666
GAS2L2	1	1	0	1
GAS2L3	3	1	2	0.6666666666666666
GAS5	1	0	1	1
GAS6	3	2	1	0.6666666666666666
GAS6-AS1	1	0	1	1
GAS6-DT	1	1	0	1
GAS7	3	1	2	0.6666666666666666
GAS8	3	2	1	0.6666666666666666
GAS8-AS1	1	1	0	1
GASAL1	1	1	0	1
GASK1A	1	0	1	1
GASK1B	1	1	0	1
GAST	1	1	0	1
GATA1	1	1	0	1
GATA2	2	1	1	0.5
GATA3	3	1	2	0.6666666666666666
GATA4	2	1	1	0.5
GATA6	3	2	1	0.6666666666666666
GATAD1	3	1	2	0.6666666666666666
GATAD2A	3	2	1	0.6666666666666666
GATAD2B	3	0	3	1
GATB	2	2	0	1
GATC	3	1	2	0.6666666666666666
GATD1	1	1	0	1
GATD3A	1	1	0	1
GATM	3	0	3	1
GATS	2	1	1	0.5
GATSL1	1	1	0	1
GATSL2	2	1	1	0.5
GATSL3	2	1	1	0.5
GBA	3	1	2	0.6666666666666666
GBA2	3	1	2	0.6666666666666666
GBAP1	1	1	0	1
GBAS	2	0	2	1
GBAT2	1	1	0	1
GBE1	3	2	1	0.6666666666666666
GBF1	3	2	1	0.6666666666666666
GBGT1	2	2	0	1
GBP1	3	1	2	0.6666666666666666
GBP2	3	0	3	1
GBP3	3	1	2	0.6666666666666666
GBP4	3	0	3	1
GBP5	2	0	2	1
GBP6	1	1	0	1
GBP7	1	0	1	1
GBX1	1	0	1	1
GBX2	2	1	1	0.5
GCA	3	1	2	0.6666666666666666
GCAT	3	2	1	0.6666666666666666
GCC1	3	2	1	0.6666666666666666
GCC2	3	0	3	1
GCC2-AS1	1	0	1	1
GCDH	3	3	0	1
GCFC2	3	0	3	1
GCG	2	0	2	1
GCGR	1	0	1	1
GCH1	3	2	1	0.6666666666666666
GCHFR	2	0	2	1
GCK	2	1	1	0.5
GCKR	1	0	1	1
GCLC	3	1	2	0.6666666666666666
GCLM	3	1	2	0.6666666666666666
GCM1	1	1	0	1
GCM2	1	0	1	1
GCN1	2	1	1	0.5
GCN1L1	1	1	0	1
GCNA	2	0	2	1
GCNT1	3	2	1	0.6666666666666666
GCNT2	3	1	2	0.6666666666666666
GCNT3	3	1	2	0.6666666666666666
GCNT4	2	2	0	1
GCNT7	3	3	0	1
GCOM1	1	1	0	1
GCSAM	3	2	1	0.6666666666666666
GCSH	3	1	2	0.6666666666666666
GDA	3	1	2	0.6666666666666666
GDAP1	3	0	3	1
GDAP1L1	1	0	1	1
GDAP2	3	1	2	0.6666666666666666
GDE1	3	1	2	0.6666666666666666
GDF1	1	0	1	1
GDF11	3	1	2	0.6666666666666666
GDF15	3	2	1	0.6666666666666666
GDF2	1	1	0	1
GDF5	1	1	0	1
GDF6	3	2	1	0.6666666666666666
GDF7	1	1	0	1
GDF9	3	2	1	0.6666666666666666
GDI1	3	2	1	0.6666666666666666
GDI2	3	1	2	0.6666666666666666
GDNF	1	0	1	1
GDNF-AS1	1	0	1	1
GDPD1	3	0	3	1
GDPD2	1	1	0	1
GDPD3	3	2	1	0.6666666666666666
GDPD4	1	1	0	1
GDPD5	3	2	1	0.6666666666666666
GDPGP1	3	1	2	0.6666666666666666
GEM	3	1	2	0.6666666666666666
GEMIN2	3	2	1	0.6666666666666666
GEMIN4	3	2	1	0.6666666666666666
GEMIN5	3	2	1	0.6666666666666666
GEMIN6	3	2	1	0.6666666666666666
GEMIN7	3	0	3	1
GEMIN8	3	3	0	1
GEMIN8P4	1	0	1	1
GEN1	3	1	2	0.6666666666666666
GET1	1	0	1	1
GET3	1	1	0	1
GET4	3	2	1	0.6666666666666666
GFAP	2	2	0	1
GFER	3	2	1	0.6666666666666666
GFI1	2	1	1	0.5
GFI1B	1	0	1	1
GFM1	3	1	2	0.6666666666666666
GFM2	3	0	3	1
GFOD1	3	1	2	0.6666666666666666
GFOD2	3	3	0	1
GFPT1	3	1	2	0.6666666666666666
GFPT2	3	0	3	1
GFRA1	3	1	2	0.6666666666666666
GFRA2	1	0	1	1
GFRA3	1	0	1	1
GFRA4	1	0	1	1
GFRAL	1	1	0	1
GFY	1	0	1	1
GGA1	3	1	2	0.6666666666666666
GGA2	3	0	3	1
GGA3	3	2	1	0.6666666666666666
GGACT	3	1	2	0.6666666666666666
GGCT	3	2	1	0.6666666666666666
GGCX	3	0	3	1
GGH	3	1	2	0.6666666666666666
GGN	2	1	1	0.5
GGNBP2	3	1	2	0.6666666666666666
GGPS1	3	1	2	0.6666666666666666
GGT1	2	1	1	0.5
GGT5	1	1	0	1
GGT6	1	1	0	1
GGT7	3	0	3	1
GGTLC1	2	1	1	0.5
GGTLC2	2	1	1	0.5
GH1	1	1	0	1
GH2	1	0	1	1
GHDC	3	3	0	1
GHET1	1	1	0	1
GHITM	3	1	2	0.6666666666666666
GHR	3	1	2	0.6666666666666666
GHRH	1	1	0	1
GHRHR	1	0	1	1
GHRL	2	0	2	1
GHRLOS	1	1	0	1
GHSR	1	0	1	1
GID4	3	1	2	0.6666666666666666
GID8	3	1	2	0.6666666666666666
GIF	1	0	1	1
GIGYF1	3	1	2	0.6666666666666666
GIGYF2	3	2	1	0.6666666666666666
GIHCG	1	0	1	1
GIMAP1	1	0	1	1
GIMAP2	3	1	2	0.6666666666666666
GIMD1	1	1	0	1
GIN1	3	2	1	0.6666666666666666
GINM1	3	0	3	1
GINS1	3	1	2	0.6666666666666666
GINS2	3	2	1	0.6666666666666666
GINS3	3	1	2	0.6666666666666666
GINS4	3	2	1	0.6666666666666666
GIP	1	0	1	1
GIPC1	3	1	2	0.6666666666666666
GIPC2	3	1	2	0.6666666666666666
GIPC3	2	2	0	1
GIPR	3	1	2	0.6666666666666666
GIT1	3	2	1	0.6666666666666666
GIT2	3	1	2	0.6666666666666666
GJA1	3	1	2	0.6666666666666666
GJA10	1	1	0	1
GJA3	2	2	0	1
GJA4	3	2	1	0.6666666666666666
GJA5	3	0	3	1
GJA9	2	1	1	0.5
GJB1	1	0	1	1
GJB2	3	2	1	0.6666666666666666
GJB3	3	3	0	1
GJB4	2	2	0	1
GJB5	3	3	0	1
GJB6	2	0	2	1
GJB7	2	2	0	1
GJC1	3	1	2	0.6666666666666666
GJC2	3	2	1	0.6666666666666666
GJC3	1	1	0	1
GJD3	3	1	2	0.6666666666666666
GJD4	2	1	1	0.5
GK	3	2	1	0.6666666666666666
GK5	3	0	3	1
GKAP1	3	1	2	0.6666666666666666
GKN1	1	1	0	1
GLA	3	0	3	1
GLB1	3	0	3	1
GLB1L	3	2	1	0.6666666666666666
GLB1L2	3	1	2	0.6666666666666666
GLB1L3	1	1	0	1
GLCCI1	3	1	2	0.6666666666666666
GLCE	3	1	2	0.6666666666666666
GLDC	3	0	3	1
GLDN	1	1	0	1
GLE1	3	2	1	0.6666666666666666
GLG1	3	1	2	0.6666666666666666
GLI1	1	0	1	1
GLI2	3	1	2	0.6666666666666666
GLI3	3	2	1	0.6666666666666666
GLI4	3	2	1	0.6666666666666666
GLIDR	1	1	0	1
GLIPR1	3	2	1	0.6666666666666666
GLIPR1L1	1	1	0	1
GLIPR1L2	2	1	1	0.5
GLIPR2	3	1	2	0.6666666666666666
GLIS1	1	0	1	1
GLIS2	3	2	1	0.6666666666666666
GLIS3	3	1	2	0.6666666666666666
GLMN	3	0	3	1
GLMP	2	1	1	0.5
GLO1	3	2	1	0.6666666666666666
GLOD4	3	2	1	0.6666666666666666
GLOD5	1	1	0	1
GLP2R	3	2	1	0.6666666666666666
GLRA1	1	1	0	1
GLRA2	1	1	0	1
GLRA3	1	1	0	1
GLRB	3	2	1	0.6666666666666666
GLRX	3	1	2	0.6666666666666666
GLRX2	3	1	2	0.6666666666666666
GLRX3	3	1	2	0.6666666666666666
GLRX5	3	1	2	0.6666666666666666
GLS	3	1	2	0.6666666666666666
GLS2	3	2	1	0.6666666666666666
GLT1D1	1	0	1	1
GLT8D1	3	2	1	0.6666666666666666
GLT8D2	3	1	2	0.6666666666666666
GLTP	3	2	1	0.6666666666666666
GLTPD1	1	1	0	1
GLTPD2	2	1	1	0.5
GLTSCR1	2	0	2	1
GLTSCR1L	2	0	2	1
GLTSCR2	2	1	1	0.5
GLUD1	3	3	0	1
GLUD1P3	1	1	0	1
GLUD2	3	1	2	0.6666666666666666
GLUL	3	1	2	0.6666666666666666
GLYAT	1	1	0	1
GLYATL1	2	1	1	0.5
GLYATL2	1	1	0	1
GLYATL3	1	1	0	1
GLYCTK	3	1	2	0.6666666666666666
GLYR1	3	3	0	1
GM2A	3	3	0	1
GMCL1	3	2	1	0.6666666666666666
GMDS	3	0	3	1
GMDS-DT	1	1	0	1
GMEB1	3	1	2	0.6666666666666666
GMEB2	3	2	1	0.6666666666666666
GMFB	3	1	2	0.6666666666666666
GMFG	2	2	0	1
GMIP	3	3	0	1
GMNC	1	0	1	1
GMNN	3	2	1	0.6666666666666666
GMPPA	3	1	2	0.6666666666666666
GMPPB	3	2	1	0.6666666666666666
GMPR	3	1	2	0.6666666666666666
GMPR2	3	1	2	0.6666666666666666
GMPS	3	1	2	0.6666666666666666
GNA11	3	2	1	0.6666666666666666
GNA12	3	2	1	0.6666666666666666
GNA13	3	1	2	0.6666666666666666
GNA14	2	2	0	1
GNA15	3	1	2	0.6666666666666666
GNAI1	3	0	3	1
GNAI2	3	3	0	1
GNAI3	3	2	1	0.6666666666666666
GNAL	3	0	3	1
GNAO1	3	2	1	0.6666666666666666
GNAQ	3	0	3	1
GNAS	3	2	1	0.6666666666666666
GNAS-AS1	1	1	0	1
GNAT1	1	0	1	1
GNAT2	3	0	3	1
GNAT3	1	0	1	1
GNAZ	3	2	1	0.6666666666666666
GNB1	3	2	1	0.6666666666666666
GNB1L	3	3	0	1
GNB2	3	2	1	0.6666666666666666
GNB2L1	1	0	1	1
GNB3	3	0	3	1
GNB4	3	0	3	1
GNB5	3	3	0	1
GNE	3	1	2	0.6666666666666666
GNG10	3	2	1	0.6666666666666666
GNG11	3	2	1	0.6666666666666666
GNG12	3	1	2	0.6666666666666666
GNG12-AS1	1	0	1	1
GNG13	2	1	1	0.5
GNG14	1	1	0	1
GNG2	3	2	1	0.6666666666666666
GNG3	3	1	2	0.6666666666666666
GNG4	3	2	1	0.6666666666666666
GNG5	3	0	3	1
GNG7	3	2	1	0.6666666666666666
GNG8	1	0	1	1
GNGT1	2	1	1	0.5
GNGT2	1	0	1	1
GNL1	3	2	1	0.6666666666666666
GNL2	3	1	2	0.6666666666666666
GNL3	3	2	1	0.6666666666666666
GNL3L	3	2	1	0.6666666666666666
GNLY	1	1	0	1
GNMT	1	0	1	1
GNPAT	3	2	1	0.6666666666666666
GNPDA1	3	3	0	1
GNPDA2	3	0	3	1
GNPNAT1	3	2	1	0.6666666666666666
GNPTAB	3	1	2	0.6666666666666666
GNPTG	3	2	1	0.6666666666666666
GNRH1	3	1	2	0.6666666666666666
GNRH2	1	0	1	1
GNRHR	1	1	0	1
GNRHR2	1	0	1	1
GNS	3	1	2	0.6666666666666666
GOLGA1	3	3	0	1
GOLGA2	3	2	1	0.6666666666666666
GOLGA2P5	1	0	1	1
GOLGA2P7	1	0	1	1
GOLGA3	3	2	1	0.6666666666666666
GOLGA4	3	0	3	1
GOLGA5	3	2	1	0.6666666666666666
GOLGA6A	1	0	1	1
GOLGA6B	1	0	1	1
GOLGA6C	1	0	1	1
GOLGA6D	1	0	1	1
GOLGA6L1	1	0	1	1
GOLGA6L10	1	0	1	1
GOLGA6L2	1	1	0	1
GOLGA6L3	1	0	1	1
GOLGA6L4	2	1	1	0.5
GOLGA6L5P	1	1	0	1
GOLGA6L9	1	0	1	1
GOLGA7	3	2	1	0.6666666666666666
GOLGA7B	3	1	2	0.6666666666666666
GOLGA8A	3	1	2	0.6666666666666666
GOLGA8B	3	1	2	0.6666666666666666
GOLGA8H	1	0	1	1
GOLGA8J	1	0	1	1
GOLGA8K	2	0	2	1
GOLGA8M	1	0	1	1
GOLGA8N	2	1	1	0.5
GOLGA8O	1	0	1	1
GOLGA8R	1	0	1	1
GOLGB1	3	2	1	0.6666666666666666
GOLIM4	3	1	2	0.6666666666666666
GOLM1	3	1	2	0.6666666666666666
GOLPH3	3	2	1	0.6666666666666666
GOLPH3L	3	0	3	1
GOLT1A	3	0	3	1
GOLT1B	3	1	2	0.6666666666666666
GON4L	3	0	3	1
GON7	2	2	0	1
GOPC	3	2	1	0.6666666666666666
GORAB	3	2	1	0.6666666666666666
GORASP1	3	1	2	0.6666666666666666
GORASP2	3	1	2	0.6666666666666666
GOSR1	3	2	1	0.6666666666666666
GOSR2	3	2	1	0.6666666666666666
GOT1	3	2	1	0.6666666666666666
GOT2	3	1	2	0.6666666666666666
GP1BA	3	1	2	0.6666666666666666
GP1BB	2	0	2	1
GP5	2	2	0	1
GP6	2	2	0	1
GP9	1	0	1	1
GPA33	1	1	0	1
GPAA1	3	1	2	0.6666666666666666
GPALPP1	3	3	0	1
GPAM	3	3	0	1
GPANK1	3	3	0	1
GPAT2	2	2	0	1
GPAT3	2	0	2	1
GPAT4	2	1	1	0.5
GPATCH1	3	0	3	1
GPATCH11	3	2	1	0.6666666666666666
GPATCH2	3	2	1	0.6666666666666666
GPATCH2L	3	2	1	0.6666666666666666
GPATCH3	3	2	1	0.6666666666666666
GPATCH4	3	0	3	1
GPATCH8	3	2	1	0.6666666666666666
GPBAR1	2	0	2	1
GPBP1	3	0	3	1
GPBP1L1	3	0	3	1
GPC1	3	2	1	0.6666666666666666
GPC2	3	1	2	0.6666666666666666
GPC3	3	1	2	0.6666666666666666
GPC4	3	1	2	0.6666666666666666
GPC5	2	0	2	1
GPC6	3	1	2	0.6666666666666666
GPCPD1	3	1	2	0.6666666666666666
GPD1	3	1	2	0.6666666666666666
GPD1L	3	2	1	0.6666666666666666
GPD2	3	1	2	0.6666666666666666
GPER1	2	1	1	0.5
GPHA2	2	1	1	0.5
GPHB5	1	1	0	1
GPHN	3	0	3	1
GPI	3	2	1	0.6666666666666666
GPIHBP1	1	0	1	1
GPKOW	3	3	0	1
GPLD1	3	1	2	0.6666666666666666
GPM6A	2	1	1	0.5
GPM6B	3	1	2	0.6666666666666666
GPN1	3	1	2	0.6666666666666666
GPN2	3	3	0	1
GPN3	3	1	2	0.6666666666666666
GPNMB	3	1	2	0.6666666666666666
GPR1	3	2	1	0.6666666666666666
GPR107	3	2	1	0.6666666666666666
GPR108	3	2	1	0.6666666666666666
GPR110	1	0	1	1
GPR111	1	0	1	1
GPR113	1	0	1	1
GPR115	1	1	0	1
GPR116	1	1	0	1
GPR119	1	0	1	1
GPR12	1	0	1	1
GPR124	1	1	0	1
GPR125	1	0	1	1
GPR126	1	1	0	1
GPR132	3	2	1	0.6666666666666666
GPR135	3	1	2	0.6666666666666666
GPR137	3	2	1	0.6666666666666666
GPR137B	3	3	0	1
GPR137C	3	2	1	0.6666666666666666
GPR141	1	1	0	1
GPR142	1	0	1	1
GPR143	3	1	2	0.6666666666666666
GPR146	2	1	1	0.5
GPR148	1	0	1	1
GPR15	1	0	1	1
GPR150	1	0	1	1
GPR151	1	1	0	1
GPR152	1	0	1	1
GPR153	3	2	1	0.6666666666666666
GPR155	3	2	1	0.6666666666666666
GPR156	3	1	2	0.6666666666666666
GPR157	3	1	2	0.6666666666666666
GPR158	2	0	2	1
GPR160	3	0	3	1
GPR161	3	2	1	0.6666666666666666
GPR162	1	0	1	1
GPR17	2	0	2	1
GPR173	3	3	0	1
GPR174	1	0	1	1
GPR176	3	2	1	0.6666666666666666
GPR179	3	2	1	0.6666666666666666
GPR18	1	1	0	1
GPR180	3	2	1	0.6666666666666666
GPR182	1	0	1	1
GPR183	1	1	0	1
GPR19	3	2	1	0.6666666666666666
GPR20	1	0	1	1
GPR21	1	0	1	1
GPR22	1	0	1	1
GPR25	1	0	1	1
GPR27	3	0	3	1
GPR3	3	1	2	0.6666666666666666
GPR32	1	1	0	1
GPR33	1	1	0	1
GPR34	1	0	1	1
GPR35	3	0	3	1
GPR37	3	2	1	0.6666666666666666
GPR37L1	2	2	0	1
GPR39	3	2	1	0.6666666666666666
GPR4	1	0	1	1
GPR45	3	1	2	0.6666666666666666
GPR52	1	0	1	1
GPR55	2	1	1	0.5
GPR56	1	0	1	1
GPR61	2	1	1	0.5
GPR62	2	1	1	0.5
GPR63	3	0	3	1
GPR64	1	0	1	1
GPR65	1	0	1	1
GPR68	2	2	0	1
GPR75	3	2	1	0.6666666666666666
GPR75-ASB3	1	0	1	1
GPR78	2	1	1	0.5
GPR82	1	0	1	1
GPR83	2	0	2	1
GPR84	1	1	0	1
GPR85	3	2	1	0.6666666666666666
GPR87	3	1	2	0.6666666666666666
GPR88	1	0	1	1
GPR89A	3	0	3	1
GPR89B	3	0	3	1
GPR98	1	0	1	1
GPRASP1	3	0	3	1
GPRASP2	2	2	0	1
GPRC5A	3	2	1	0.6666666666666666
GPRC5B	3	3	0	1
GPRC5C	2	0	2	1
GPRC5D	3	3	0	1
GPRC5D-AS1	1	1	0	1
GPRIN1	3	3	0	1
GPRIN2	3	2	1	0.6666666666666666
GPRIN3	1	0	1	1
GPS1	3	3	0	1
GPS2	3	1	2	0.6666666666666666
GPSM1	3	2	1	0.6666666666666666
GPSM2	3	1	2	0.6666666666666666
GPSM3	3	3	0	1
GPT	3	1	2	0.6666666666666666
GPT2	3	1	2	0.6666666666666666
GPX1	3	3	0	1
GPX2	2	2	0	1
GPX3	3	2	1	0.6666666666666666
GPX4	3	2	1	0.6666666666666666
GPX5	1	0	1	1
GPX6	1	0	1	1
GPX7	3	0	3	1
GPX8	3	0	3	1
GRAMD1A	3	1	2	0.6666666666666666
GRAMD1B	3	2	1	0.6666666666666666
GRAMD1C	3	3	0	1
GRAMD2	2	1	1	0.5
GRAMD2A	1	0	1	1
GRAMD2B	1	1	0	1
GRAMD3	2	1	1	0.5
GRAMD4	3	1	2	0.6666666666666666
GRAP	1	1	0	1
GRAP2	1	0	1	1
GRASP	2	0	2	1
GRB10	3	2	1	0.6666666666666666
GRB14	3	1	2	0.6666666666666666
GRB2	3	1	2	0.6666666666666666
GRB7	3	1	2	0.6666666666666666
GREB1	3	2	1	0.6666666666666666
GREB1L	3	0	3	1
GREM1	3	2	1	0.6666666666666666
GREM2	2	0	2	1
GRHL1	3	1	2	0.6666666666666666
GRHL2	3	1	2	0.6666666666666666
GRHL3	2	1	1	0.5
GRHPR	3	3	0	1
GRIA2	1	0	1	1
GRIA3	1	1	0	1
GRIA4	2	0	2	1
GRID1	2	1	1	0.5
GRID2	1	0	1	1
GRID2IP	3	2	1	0.6666666666666666
GRIFIN	1	0	1	1
GRIK1	2	1	1	0.5
GRIK2	2	0	2	1
GRIK3	1	0	1	1
GRIK4	1	0	1	1
GRIK5	2	0	2	1
GRIN1	2	1	1	0.5
GRIN2A	2	0	2	1
GRIN2B	3	1	2	0.6666666666666666
GRIN2C	2	0	2	1
GRIN2D	2	1	1	0.5
GRIN3A	2	1	1	0.5
GRIN3B	2	0	2	1
GRINA	3	1	2	0.6666666666666666
GRIP1	3	1	2	0.6666666666666666
GRIP2	1	0	1	1
GRIPAP1	3	3	0	1
GRK1	1	0	1	1
GRK2	2	2	0	1
GRK3	2	1	1	0.5
GRK4	3	1	2	0.6666666666666666
GRK5	3	3	0	1
GRK6	3	2	1	0.6666666666666666
GRK7	1	1	0	1
GRM1	1	1	0	1
GRM2	2	1	1	0.5
GRM3	1	1	0	1
GRM4	1	0	1	1
GRM5	1	1	0	1
GRM6	1	0	1	1
GRM8	1	1	0	1
GRN	3	3	0	1
GRP	1	1	0	1
GRPEL1	3	2	1	0.6666666666666666
GRPEL2	3	1	2	0.6666666666666666
GRPR	2	2	0	1
GRSF1	3	0	3	1
GRTP1	3	2	1	0.6666666666666666
GRWD1	3	2	1	0.6666666666666666
GRXCR2	1	0	1	1
GS1-124K5.11	1	1	0	1
GS1-124K5.4	1	1	0	1
GS1-259H13.10	1	1	0	1
GS1-259H13.2	1	0	1	1
GSAP	3	2	1	0.6666666666666666
GSC	2	1	1	0.5
GSC2	1	0	1	1
GSDMA	2	2	0	1
GSDMB	3	1	2	0.6666666666666666
GSDMC	3	2	1	0.6666666666666666
GSDMD	3	2	1	0.6666666666666666
GSDME	1	1	0	1
GSE1	3	1	2	0.6666666666666666
GSEC	1	1	0	1
GSG1	1	0	1	1
GSG1L	2	2	0	1
GSG1L2	1	1	0	1
GSG2	2	1	1	0.5
GSK3A	3	1	2	0.6666666666666666
GSK3B	3	1	2	0.6666666666666666
GSKIP	3	1	2	0.6666666666666666
GSN	3	1	2	0.6666666666666666
GSN-AS1	1	1	0	1
GSPT1	3	2	1	0.6666666666666666
GSPT2	3	0	3	1
GSR	3	0	3	1
GSS	3	3	0	1
GSTA1	1	0	1	1
GSTA2	1	0	1	1
GSTA3	1	1	0	1
GSTA4	3	1	2	0.6666666666666666
GSTA5	1	0	1	1
GSTCD	3	2	1	0.6666666666666666
GSTK1	3	3	0	1
GSTM1	1	0	1	1
GSTM2	1	0	1	1
GSTM3	1	0	1	1
GSTM4	3	0	3	1
GSTM5	1	0	1	1
GSTO1	3	2	1	0.6666666666666666
GSTO2	3	1	2	0.6666666666666666
GSTP1	3	3	0	1
GSTT1	2	2	0	1
GSTT2	2	2	0	1
GSTT2B	3	3	0	1
GSTZ1	3	2	1	0.6666666666666666
GSX1	1	0	1	1
GSX2	1	1	0	1
GTDC1	3	1	2	0.6666666666666666
GTF2A1	3	0	3	1
GTF2A2	3	1	2	0.6666666666666666
GTF2B	3	0	3	1
GTF2E1	3	1	2	0.6666666666666666
GTF2E2	3	0	3	1
GTF2F1	3	3	0	1
GTF2F2	3	2	1	0.6666666666666666
GTF2H1	3	1	2	0.6666666666666666
GTF2H2	3	0	3	1
GTF2H2B	1	0	1	1
GTF2H2C	3	0	3	1
GTF2H3	3	1	2	0.6666666666666666
GTF2H4	3	2	1	0.6666666666666666
GTF2H5	3	1	2	0.6666666666666666
GTF2I	3	1	2	0.6666666666666666
GTF2IP1	1	0	1	1
GTF2IP12	1	1	0	1
GTF2IP20	1	1	0	1
GTF2IP23	1	1	0	1
GTF2IP4	1	0	1	1
GTF2IP7	1	0	1	1
GTF2IRD1	3	2	1	0.6666666666666666
GTF2IRD2	3	1	2	0.6666666666666666
GTF2IRD2B	3	0	3	1
GTF3A	3	1	2	0.6666666666666666
GTF3C1	3	2	1	0.6666666666666666
GTF3C2	3	2	1	0.6666666666666666
GTF3C3	3	2	1	0.6666666666666666
GTF3C4	3	3	0	1
GTF3C5	3	3	0	1
GTF3C6	3	0	3	1
GTPBP1	3	2	1	0.6666666666666666
GTPBP10	3	0	3	1
GTPBP2	3	1	2	0.6666666666666666
GTPBP3	3	2	1	0.6666666666666666
GTPBP4	3	1	2	0.6666666666666666
GTPBP6	3	1	2	0.6666666666666666
GTPBP8	3	3	0	1
GTSE1	3	2	1	0.6666666666666666
GTSE1-DT	1	0	1	1
GTSF1L	1	0	1	1
GUCA1A	1	1	0	1
GUCA1B	3	0	3	1
GUCA1C	1	1	0	1
GUCA2A	1	1	0	1
GUCD1	3	3	0	1
GUCY1A1	1	0	1	1
GUCY1A2	3	0	3	1
GUCY1A3	2	0	2	1
GUCY1B1	1	1	0	1
GUCY1B2	1	0	1	1
GUCY1B3	2	1	1	0.5
GUCY2C	2	1	1	0.5
GUCY2D	1	1	0	1
GUF1	3	1	2	0.6666666666666666
GUK1	3	2	1	0.6666666666666666
GULP1	3	0	3	1
GUSB	3	0	3	1
GUSBP1	1	1	0	1
GUSBP11	1	1	0	1
GUSBP14	1	1	0	1
GUSBP2	1	1	0	1
GUSBP4	1	0	1	1
GUSBP5	1	0	1	1
GVINP1	1	1	0	1
GVQW1	1	1	0	1
GVQW2	2	2	0	1
GVQW3	1	1	0	1
GXYLT1	3	1	2	0.6666666666666666
GXYLT2	3	0	3	1
GYG1	3	2	1	0.6666666666666666
GYG2	1	0	1	1
GYPC	2	1	1	0.5
GYS1	3	1	2	0.6666666666666666
GYS2	1	0	1	1
GZF1	3	1	2	0.6666666666666666
GZMM	2	1	1	0.5
H1-0	1	0	1	1
H1-10	1	1	0	1
H1-2	1	1	0	1
H1-3	1	0	1	1
H1F0	2	0	2	1
H1FNT	1	0	1	1
H1FOO	1	1	0	1
H1FX	2	0	2	1
H1FX-AS1	1	1	0	1
H2AC11	1	1	0	1
H2AC6	1	1	0	1
H2AC8	1	1	0	1
H2AFJ	2	2	0	1
H2AFV	2	0	2	1
H2AFX	2	1	1	0.5
H2AFY	2	0	2	1
H2AFY2	2	0	2	1
H2AFZ	2	2	0	1
H2AJ	1	1	0	1
H2AW	1	1	0	1
H2AX	1	1	0	1
H2AZ1	1	1	0	1
H2AZ2	1	1	0	1
H2BC11	1	1	0	1
H2BC12	1	1	0	1
H2BC15	1	1	0	1
H2BC20P	1	1	0	1
H2BC21	1	1	0	1
H2BC4	1	1	0	1
H2BC5	1	1	0	1
H2BC8	1	1	0	1
H2BC9	1	1	0	1
H2BU1	1	1	0	1
H3-2	1	0	1	1
H3-3A	1	0	1	1
H3-3B	1	1	0	1
H3-5	1	1	0	1
H3C10	1	1	0	1
H3C4	1	1	0	1
H3C6	1	1	0	1
H3C8	1	1	0	1
H3F3A	2	2	0	1
H3F3B	2	0	2	1
H3F3C	2	0	2	1
H3P6	1	0	1	1
H4C5	1	1	0	1
H4C8	1	1	0	1
H6PD	3	2	1	0.6666666666666666
HAAO	1	0	1	1
HABP2	1	1	0	1
HABP4	3	0	3	1
HACD1	2	0	2	1
HACD2	2	0	2	1
HACD3	2	0	2	1
HACD4	2	1	1	0.5
HACE1	3	1	2	0.6666666666666666
HACL1	3	1	2	0.6666666666666666
HADH	3	2	1	0.6666666666666666
HADHA	3	0	3	1
HADHB	3	0	3	1
HAGH	3	2	1	0.6666666666666666
HAGHL	3	1	2	0.6666666666666666
HAGLR	1	0	1	1
HAGLROS	1	0	1	1
HAL	2	1	1	0.5
HAMP	1	0	1	1
HAND1	1	0	1	1
HAND2	3	1	2	0.6666666666666666
HAO1	1	1	0	1
HAO2	1	1	0	1
HAP1	3	3	0	1
HAPLN1	1	0	1	1
HAPLN2	1	0	1	1
HAPLN3	3	1	2	0.6666666666666666
HAPLN4	1	0	1	1
HARBI1	3	1	2	0.6666666666666666
HARS	2	1	1	0.5
HARS1	1	1	0	1
HARS2	3	2	1	0.6666666666666666
HAS1	1	0	1	1
HAS2	1	0	1	1
HAS3	3	2	1	0.6666666666666666
HASPIN	1	1	0	1
HAT1	3	2	1	0.6666666666666666
HAUS1	3	3	0	1
HAUS2	3	1	2	0.6666666666666666
HAUS3	3	1	2	0.6666666666666666
HAUS4	3	0	3	1
HAUS5	3	2	1	0.6666666666666666
HAUS6	3	1	2	0.6666666666666666
HAUS7	3	3	0	1
HAUS8	3	2	1	0.6666666666666666
HAVCR1	1	0	1	1
HAVCR2	2	1	1	0.5
HAX1	3	0	3	1
HBA1	1	0	1	1
HBA2	1	0	1	1
HBE1	1	1	0	1
HBEGF	3	0	3	1
HBM	1	0	1	1
HBP1	3	2	1	0.6666666666666666
HBQ1	2	1	1	0.5
HBS1L	3	2	1	0.6666666666666666
HBZ	1	0	1	1
HCAR1	3	2	1	0.6666666666666666
HCAR2	2	2	0	1
HCAR3	3	2	1	0.6666666666666666
HCCS	3	1	2	0.6666666666666666
HCFC1	3	3	0	1
HCFC1R1	3	1	2	0.6666666666666666
HCFC2	3	1	2	0.6666666666666666
HCG11	1	0	1	1
HCG15	1	1	0	1
HCG17	1	0	1	1
HCG18	1	1	0	1
HCG22	1	0	1	1
HCG27	1	0	1	1
HCG4	1	1	0	1
HCK	1	0	1	1
HCLS1	3	2	1	0.6666666666666666
HCN1	1	1	0	1
HCN2	3	2	1	0.6666666666666666
HCN3	3	2	1	0.6666666666666666
HCN4	2	1	1	0.5
HCP5	1	0	1	1
HCRT	1	0	1	1
HCRTR1	2	2	0	1
HCRTR2	1	0	1	1
HCST	2	0	2	1
HDAC1	3	3	0	1
HDAC10	3	2	1	0.6666666666666666
HDAC11	3	1	2	0.6666666666666666
HDAC2	3	1	2	0.6666666666666666
HDAC2-AS2	1	1	0	1
HDAC3	3	2	1	0.6666666666666666
HDAC4	3	1	2	0.6666666666666666
HDAC5	3	2	1	0.6666666666666666
HDAC6	3	1	2	0.6666666666666666
HDAC7	3	1	2	0.6666666666666666
HDAC8	3	0	3	1
HDAC9	3	1	2	0.6666666666666666
HDC	1	1	0	1
HDDC2	3	2	1	0.6666666666666666
HDDC3	3	0	3	1
HDGF	3	1	2	0.6666666666666666
HDGFL2	1	1	0	1
HDGFL3	1	0	1	1
HDGFRP2	2	2	0	1
HDGFRP3	2	0	2	1
HDHD1	1	1	0	1
HDHD2	3	1	2	0.6666666666666666
HDHD3	3	2	1	0.6666666666666666
HDHD5	1	1	0	1
HDLBP	3	1	2	0.6666666666666666
HDX	3	1	2	0.6666666666666666
HEATR1	3	2	1	0.6666666666666666
HEATR2	1	0	1	1
HEATR3	3	1	2	0.6666666666666666
HEATR4	3	1	2	0.6666666666666666
HEATR5A	3	2	1	0.6666666666666666
HEATR5B	3	1	2	0.6666666666666666
HEATR6	3	1	2	0.6666666666666666
HEATR9	1	1	0	1
HEBP1	3	1	2	0.6666666666666666
HEBP2	3	0	3	1
HECA	3	1	2	0.6666666666666666
HECTD1	3	1	2	0.6666666666666666
HECTD2	3	1	2	0.6666666666666666
HECTD3	3	2	1	0.6666666666666666
HECTD4	3	1	2	0.6666666666666666
HECW1	3	2	1	0.6666666666666666
HECW2	2	1	1	0.5
HEG1	3	2	1	0.6666666666666666
HEIH	1	1	0	1
HELB	3	2	1	0.6666666666666666
HELLS	3	3	0	1
HELQ	3	3	0	1
HELT	1	0	1	1
HELZ	3	3	0	1
HELZ2	3	2	1	0.6666666666666666
HEMGN	1	1	0	1
HEMK1	3	2	1	0.6666666666666666
HENMT1	3	2	1	0.6666666666666666
HEPACAM	1	1	0	1
HEPACAM2	1	1	0	1
HEPH	1	0	1	1
HEPHL1	3	2	1	0.6666666666666666
HERC1	3	3	0	1
HERC2	3	2	1	0.6666666666666666
HERC2P2	1	1	0	1
HERC2P3	1	1	0	1
HERC2P7	1	1	0	1
HERC2P9	1	1	0	1
HERC3	3	2	1	0.6666666666666666
HERC4	3	2	1	0.6666666666666666
HERC5	3	0	3	1
HERC6	3	1	2	0.6666666666666666
HERPUD1	3	0	3	1
HERPUD2	3	2	1	0.6666666666666666
HES1	3	1	2	0.6666666666666666
HES2	2	2	0	1
HES3	1	0	1	1
HES4	3	2	1	0.6666666666666666
HES5	1	0	1	1
HES6	3	1	2	0.6666666666666666
HES7	2	0	2	1
HESX1	2	1	1	0.5
HEXA	3	0	3	1
HEXA-AS1	1	1	0	1
HEXB	3	1	2	0.6666666666666666
HEXD	1	1	0	1
HEXDC	2	2	0	1
HEXIM1	3	2	1	0.6666666666666666
HEXIM2	3	3	0	1
HEY1	3	1	2	0.6666666666666666
HEY2	1	0	1	1
HEYL	2	1	1	0.5
HFE	3	1	2	0.6666666666666666
HFE2	1	0	1	1
HFM1	1	0	1	1
HGC6.3	1	0	1	1
HGD	1	1	0	1
HGF	2	1	1	0.5
HGFAC	1	0	1	1
HGH1	2	1	1	0.5
HGS	3	3	0	1
HGSNAT	3	2	1	0.6666666666666666
HHAT	3	1	2	0.6666666666666666
HHATL	1	0	1	1
HHEX	3	0	3	1
HHIP	3	2	1	0.6666666666666666
HHIP-AS1	1	1	0	1
HHIPL1	2	1	1	0.5
HHIPL2	2	2	0	1
HHLA1	1	1	0	1
HHLA2	1	1	0	1
HHLA3	3	2	1	0.6666666666666666
HIAT1	1	0	1	1
HIATL1	1	0	1	1
HIATL2	1	1	0	1
HIBADH	3	1	2	0.6666666666666666
HIBCH	3	3	0	1
HIC1	3	2	1	0.6666666666666666
HIC2	3	2	1	0.6666666666666666
HID1	3	1	2	0.6666666666666666
HIF1A	3	2	1	0.6666666666666666
HIF1A-AS3	1	0	1	1
HIF1AN	3	3	0	1
HIF3A	2	0	2	1
HIGD1A	3	0	3	1
HIGD1B	2	1	1	0.5
HIGD1C	1	0	1	1
HIGD2A	3	1	2	0.6666666666666666
HIKESHI	2	0	2	1
HILPDA	3	3	0	1
HINFP	3	1	2	0.6666666666666666
HINT1	3	1	2	0.6666666666666666
HINT2	3	2	1	0.6666666666666666
HINT3	3	1	2	0.6666666666666666
HIP1	3	1	2	0.6666666666666666
HIP1R	3	3	0	1
HIPK1	3	1	2	0.6666666666666666
HIPK1-AS1	1	1	0	1
HIPK2	3	2	1	0.6666666666666666
HIPK3	3	0	3	1
HIPK4	2	1	1	0.5
HIRA	3	2	1	0.6666666666666666
HIRIP3	3	2	1	0.6666666666666666
HIST1H1A	1	0	1	1
HIST1H1B	2	1	1	0.5
HIST1H1C	2	0	2	1
HIST1H1D	2	0	2	1
HIST1H1E	2	0	2	1
HIST1H1T	1	0	1	1
HIST1H2AB	1	1	0	1
HIST1H2AC	2	1	1	0.5
HIST1H2AD	2	2	0	1
HIST1H2AE	2	1	1	0.5
HIST1H2AG	2	0	2	1
HIST1H2AH	2	1	1	0.5
HIST1H2AI	2	0	2	1
HIST1H2AJ	2	0	2	1
HIST1H2AK	2	1	1	0.5
HIST1H2AL	2	1	1	0.5
HIST1H2AM	2	1	1	0.5
HIST1H2BB	2	0	2	1
HIST1H2BC	2	0	2	1
HIST1H2BD	2	1	1	0.5
HIST1H2BE	2	0	2	1
HIST1H2BF	1	0	1	1
HIST1H2BG	2	0	2	1
HIST1H2BH	2	1	1	0.5
HIST1H2BI	2	1	1	0.5
HIST1H2BJ	2	1	1	0.5
HIST1H2BK	2	1	1	0.5
HIST1H2BL	1	1	0	1
HIST1H2BM	2	0	2	1
HIST1H2BN	2	1	1	0.5
HIST1H2BO	2	1	1	0.5
HIST1H3A	2	1	1	0.5
HIST1H3B	2	0	2	1
HIST1H3C	2	0	2	1
HIST1H3D	2	0	2	1
HIST1H3E	2	1	1	0.5
HIST1H3F	2	1	1	0.5
HIST1H3G	2	1	1	0.5
HIST1H3H	2	0	2	1
HIST1H3I	2	1	1	0.5
HIST1H3J	2	1	1	0.5
HIST1H4A	1	1	0	1
HIST1H4B	2	0	2	1
HIST1H4C	2	1	1	0.5
HIST1H4D	1	1	0	1
HIST1H4E	2	1	1	0.5
HIST1H4H	2	1	1	0.5
HIST1H4I	1	1	0	1
HIST1H4J	2	0	2	1
HIST1H4K	2	0	2	1
HIST1H4L	2	0	2	1
HIST2H2AA3	2	1	1	0.5
HIST2H2AA4	2	0	2	1
HIST2H2AB	1	1	0	1
HIST2H2AC	2	0	2	1
HIST2H2BE	2	1	1	0.5
HIST2H2BF	2	1	1	0.5
HIST2H3A	2	2	0	1
HIST2H3C	1	0	1	1
HIST2H3D	1	1	0	1
HIST2H3PS2	1	0	1	1
HIST2H4A	2	1	1	0.5
HIST2H4B	2	2	0	1
HIST3H2A	2	1	1	0.5
HIST3H2BB	2	1	1	0.5
HIST3H3	1	1	0	1
HIST4H4	2	1	1	0.5
HIVEP1	3	1	2	0.6666666666666666
HIVEP2	3	0	3	1
HIVEP3	3	2	1	0.6666666666666666
HJURP	3	2	1	0.6666666666666666
HK1	3	2	1	0.6666666666666666
HK2	3	1	2	0.6666666666666666
HK3	1	1	0	1
HKDC1	3	0	3	1
HKR1	2	0	2	1
HLA-A	3	2	1	0.6666666666666666
HLA-B	3	2	1	0.6666666666666666
HLA-C	3	1	2	0.6666666666666666
HLA-DMA	3	1	2	0.6666666666666666
HLA-DMB	3	0	3	1
HLA-DOA	1	1	0	1
HLA-DOB	3	2	1	0.6666666666666666
HLA-DPA1	1	0	1	1
HLA-DPB1	1	0	1	1
HLA-DQA1	1	0	1	1
HLA-DQA2	1	0	1	1
HLA-DQB1	2	1	1	0.5
HLA-DRB1	2	0	2	1
HLA-DRB5	2	0	2	1
HLA-E	3	3	0	1
HLA-F	3	3	0	1
HLA-F-AS1	1	1	0	1
HLA-G	2	0	2	1
HLA-H	1	1	0	1
HLA-J	1	1	0	1
HLA-L	1	1	0	1
HLA-V	1	0	1	1
HLCS	3	0	3	1
HLF	2	0	2	1
HLTF	3	2	1	0.6666666666666666
HLX	2	1	1	0.5
HM13	3	2	1	0.6666666666666666
HM13-AS1	1	0	1	1
HMBOX1	3	2	1	0.6666666666666666
HMBS	3	2	1	0.6666666666666666
HMCES	3	1	2	0.6666666666666666
HMCN1	3	0	3	1
HMCN2	1	1	0	1
HMG20A	3	1	2	0.6666666666666666
HMG20B	3	3	0	1
HMGA1	3	3	0	1
HMGA2	3	1	2	0.6666666666666666
HMGA2-AS1	1	1	0	1
HMGB1	3	1	2	0.6666666666666666
HMGB2	3	2	1	0.6666666666666666
HMGB3	3	0	3	1
HMGCL	3	1	2	0.6666666666666666
HMGCLL1	2	1	1	0.5
HMGCR	3	1	2	0.6666666666666666
HMGCS1	3	1	2	0.6666666666666666
HMGCS2	1	0	1	1
HMGN1	3	3	0	1
HMGN2	3	1	2	0.6666666666666666
HMGN3	3	2	1	0.6666666666666666
HMGN3-AS1	1	1	0	1
HMGN4	3	1	2	0.6666666666666666
HMGN5	3	0	3	1
HMGXB3	3	2	1	0.6666666666666666
HMGXB4	3	1	2	0.6666666666666666
HMHA1	1	0	1	1
HMMR	3	3	0	1
HMMR-AS1	1	1	0	1
HMOX1	3	1	2	0.6666666666666666
HMOX2	3	3	0	1
HMP19	1	1	0	1
HMSD	2	1	1	0.5
HMX1	1	0	1	1
HMX2	1	0	1	1
HMX3	1	0	1	1
HN1	2	2	0	1
HN1L	2	2	0	1
HNF1A	2	0	2	1
HNF1B	1	1	0	1
HNF4A	1	0	1	1
HNF4G	3	1	2	0.6666666666666666
HNMT	2	0	2	1
HNRNPA0	3	1	2	0.6666666666666666
HNRNPA1	3	1	2	0.6666666666666666
HNRNPA1L2	3	2	1	0.6666666666666666
HNRNPA1P10	1	0	1	1
HNRNPA1P33	1	1	0	1
HNRNPA2B1	3	1	2	0.6666666666666666
HNRNPA3	3	1	2	0.6666666666666666
HNRNPA3P1	1	1	0	1
HNRNPAB	3	2	1	0.6666666666666666
HNRNPC	3	1	2	0.6666666666666666
HNRNPCL1	2	1	1	0.5
HNRNPD	3	1	2	0.6666666666666666
HNRNPDL	3	1	2	0.6666666666666666
HNRNPF	3	1	2	0.6666666666666666
HNRNPH1	3	2	1	0.6666666666666666
HNRNPH2	3	0	3	1
HNRNPH3	3	1	2	0.6666666666666666
HNRNPK	3	1	2	0.6666666666666666
HNRNPL	3	0	3	1
HNRNPLL	3	0	3	1
HNRNPM	3	1	2	0.6666666666666666
HNRNPR	3	1	2	0.6666666666666666
HNRNPU	3	2	1	0.6666666666666666
HNRNPUL1	3	1	2	0.6666666666666666
HNRNPUL2	3	0	3	1
HNRNPUL2-BSCL2	1	0	1	1
HOGA1	1	1	0	1
HOMER1	3	0	3	1
HOMER2	3	1	2	0.6666666666666666
HOMER3	3	3	0	1
HOMER3-AS1	1	1	0	1
HOMEZ	3	2	1	0.6666666666666666
HOOK1	3	1	2	0.6666666666666666
HOOK2	3	2	1	0.6666666666666666
HOOK3	3	1	2	0.6666666666666666
HOPX	2	2	0	1
HORMAD1	1	1	0	1
HORMAD2	1	0	1	1
HOTAIRM1	1	0	1	1
HOTS	1	1	0	1
HOXA1	3	2	1	0.6666666666666666
HOXA10	3	0	3	1
HOXA10-AS	1	1	0	1
HOXA11	2	0	2	1
HOXA11-AS	1	0	1	1
HOXA13	2	1	1	0.5
HOXA2	3	2	1	0.6666666666666666
HOXA3	3	1	2	0.6666666666666666
HOXA4	2	1	1	0.5
HOXA5	3	0	3	1
HOXA6	2	0	2	1
HOXA7	3	1	2	0.6666666666666666
HOXA9	2	1	1	0.5
HOXB-AS1	1	0	1	1
HOXB1	1	1	0	1
HOXB13	2	1	1	0.5
HOXB2	3	0	3	1
HOXB3	3	0	3	1
HOXB4	3	1	2	0.6666666666666666
HOXB5	1	0	1	1
HOXB6	3	1	2	0.6666666666666666
HOXB7	3	1	2	0.6666666666666666
HOXB8	2	1	1	0.5
HOXB9	3	1	2	0.6666666666666666
HOXC10	2	0	2	1
HOXC11	1	1	0	1
HOXC12	1	1	0	1
HOXC13	3	2	1	0.6666666666666666
HOXC4	3	1	2	0.6666666666666666
HOXC5	1	0	1	1
HOXC6	2	1	1	0.5
HOXC8	2	0	2	1
HOXC9	2	0	2	1
HOXD-AS2	1	0	1	1
HOXD1	3	1	2	0.6666666666666666
HOXD10	2	1	1	0.5
HOXD11	2	2	0	1
HOXD12	1	0	1	1
HOXD13	3	1	2	0.6666666666666666
HOXD3	3	1	2	0.6666666666666666
HOXD4	3	1	2	0.6666666666666666
HOXD8	3	1	2	0.6666666666666666
HOXD9	2	2	0	1
HP	1	0	1	1
HP09053	1	1	0	1
HP1BP3	3	2	1	0.6666666666666666
HPCA	2	1	1	0.5
HPCAL1	3	2	1	0.6666666666666666
HPCAL4	2	0	2	1
HPD	3	1	2	0.6666666666666666
HPDL	3	1	2	0.6666666666666666
HPF1	2	1	1	0.5
HPGD	2	2	0	1
HPGDS	1	1	0	1
HPN	2	1	1	0.5
HPR	1	1	0	1
HPRT1	3	1	2	0.6666666666666666
HPS1	3	0	3	1
HPS3	3	0	3	1
HPS4	3	2	1	0.6666666666666666
HPS5	3	2	1	0.6666666666666666
HPS6	3	2	1	0.6666666666666666
HPSE	3	3	0	1
HPSE2	1	0	1	1
HPX	2	1	1	0.5
HR	3	2	1	0.6666666666666666
HRAS	3	1	2	0.6666666666666666
HRASLS	2	2	0	1
HRASLS2	1	1	0	1
HRASLS5	1	1	0	1
HRC	1	0	1	1
HRCT1	3	1	2	0.6666666666666666
HRG	2	2	0	1
HRH1	3	2	1	0.6666666666666666
HRH2	3	1	2	0.6666666666666666
HRH3	1	0	1	1
HRH4	1	1	0	1
HRK	3	0	3	1
HRNR	1	1	0	1
HROB	1	1	0	1
HRSP12	1	1	0	1
HS1BP3	3	1	2	0.6666666666666666
HS1BP3-IT1	1	1	0	1
HS2ST1	3	0	3	1
HS3ST1	3	2	1	0.6666666666666666
HS3ST2	2	2	0	1
HS3ST3A1	3	3	0	1
HS3ST3B1	3	3	0	1
HS3ST5	3	3	0	1
HS3ST6	1	0	1	1
HS6ST1	3	3	0	1
HS6ST2	3	0	3	1
HS6ST3	1	0	1	1
HSBP1	3	3	0	1
HSBP1L1	3	1	2	0.6666666666666666
HSCB	3	2	1	0.6666666666666666
HSD11B1	1	0	1	1
HSD11B1L	3	1	2	0.6666666666666666
HSD11B2	3	3	0	1
HSD17B1	2	2	0	1
HSD17B10	3	2	1	0.6666666666666666
HSD17B11	3	1	2	0.6666666666666666
HSD17B12	3	1	2	0.6666666666666666
HSD17B13	2	1	1	0.5
HSD17B14	3	1	2	0.6666666666666666
HSD17B2	1	1	0	1
HSD17B3	1	1	0	1
HSD17B4	3	2	1	0.6666666666666666
HSD17B6	3	0	3	1
HSD17B7	3	2	1	0.6666666666666666
HSD17B7P2	1	0	1	1
HSD17B8	3	2	1	0.6666666666666666
HSD3B7	3	2	1	0.6666666666666666
HSDL1	3	1	2	0.6666666666666666
HSDL2	3	2	1	0.6666666666666666
HSF1	3	1	2	0.6666666666666666
HSF2	3	1	2	0.6666666666666666
HSF2BP	3	1	2	0.6666666666666666
HSF4	3	3	0	1
HSF5	1	0	1	1
HSFX1	1	0	1	1
HSFX2	1	1	0	1
HSFX4	1	0	1	1
HSH2D	3	2	1	0.6666666666666666
HSP90AA1	3	1	2	0.6666666666666666
HSP90AB1	3	1	2	0.6666666666666666
HSP90B1	3	0	3	1
HSP90B2P	1	0	1	1
HSPA12A	3	1	2	0.6666666666666666
HSPA12B	2	2	0	1
HSPA13	3	1	2	0.6666666666666666
HSPA14	3	1	2	0.6666666666666666
HSPA1A	3	2	1	0.6666666666666666
HSPA1B	3	2	1	0.6666666666666666
HSPA1L	3	2	1	0.6666666666666666
HSPA2	3	2	1	0.6666666666666666
HSPA4	3	2	1	0.6666666666666666
HSPA4L	3	0	3	1
HSPA5	3	0	3	1
HSPA6	2	0	2	1
HSPA8	3	1	2	0.6666666666666666
HSPA9	3	2	1	0.6666666666666666
HSPB1	3	3	0	1
HSPB11	3	3	0	1
HSPB2	3	2	1	0.6666666666666666
HSPB2-C11orf52	1	1	0	1
HSPB3	1	0	1	1
HSPB6	2	0	2	1
HSPB7	1	0	1	1
HSPB8	3	1	2	0.6666666666666666
HSPB9	2	1	1	0.5
HSPBAP1	3	1	2	0.6666666666666666
HSPBP1	3	1	2	0.6666666666666666
HSPD1	3	1	2	0.6666666666666666
HSPE1	3	1	2	0.6666666666666666
HSPE1-MOB4	1	0	1	1
HSPG2	3	3	0	1
HSPH1	3	2	1	0.6666666666666666
HTATIP2	3	2	1	0.6666666666666666
HTATSF1	3	1	2	0.6666666666666666
HTATSF1P2	1	1	0	1
HTR1B	1	0	1	1
HTR1D	3	2	1	0.6666666666666666
HTR1F	1	0	1	1
HTR2B	1	0	1	1
HTR2C	1	0	1	1
HTR3A	1	0	1	1
HTR3B	1	0	1	1
HTR3C	1	0	1	1
HTR3D	2	2	0	1
HTR4	1	1	0	1
HTR6	1	0	1	1
HTR7	3	1	2	0.6666666666666666
HTR7P1	1	0	1	1
HTRA1	3	3	0	1
HTRA2	3	3	0	1
HTRA3	1	1	0	1
HTRA4	2	2	0	1
HTT	3	2	1	0.6666666666666666
HUNK	3	2	1	0.6666666666666666
HUS1	3	1	2	0.6666666666666666
HUS1B	2	2	0	1
HUWE1	3	2	1	0.6666666666666666
HVCN1	2	1	1	0.5
HYAL1	3	2	1	0.6666666666666666
HYAL2	3	3	0	1
HYAL3	3	3	0	1
HYAL4	1	1	0	1
HYDIN	3	0	3	1
HYI	1	0	1	1
HYKK	3	2	1	0.6666666666666666
HYLS1	3	2	1	0.6666666666666666
HYOU1	3	0	3	1
HYPK	2	2	0	1
IAH1	3	1	2	0.6666666666666666
IAPP	1	0	1	1
IARS	2	1	1	0.5
IARS1	1	0	1	1
IARS2	3	2	1	0.6666666666666666
IBA57	3	1	2	0.6666666666666666
IBA57-AS1	1	1	0	1
IBA57-DT	1	1	0	1
IBTK	3	1	2	0.6666666666666666
ICA1	3	2	1	0.6666666666666666
ICA1L	3	1	2	0.6666666666666666
ICAM1	3	2	1	0.6666666666666666
ICAM2	2	2	0	1
ICAM3	3	3	0	1
ICAM4	1	1	0	1
ICAM5	2	1	1	0.5
ICE1	2	2	0	1
ICE2	2	1	1	0.5
ICK	2	0	2	1
ICMT	3	3	0	1
ICOSLG	3	2	1	0.6666666666666666
ICT1	1	1	0	1
ID1	3	2	1	0.6666666666666666
ID2	3	1	2	0.6666666666666666
ID2-AS1	1	1	0	1
ID3	3	1	2	0.6666666666666666
ID4	3	2	1	0.6666666666666666
IDE	3	1	2	0.6666666666666666
IDH1	3	1	2	0.6666666666666666
IDH1-AS1	1	0	1	1
IDH2	3	1	2	0.6666666666666666
IDH3A	3	1	2	0.6666666666666666
IDH3B	3	0	3	1
IDH3G	3	2	1	0.6666666666666666
IDI1	3	1	2	0.6666666666666666
IDI2	2	1	1	0.5
IDI2-AS1	1	0	1	1
IDNK	3	1	2	0.6666666666666666
IDO1	2	1	1	0.5
IDO2	1	1	0	1
IDS	3	0	3	1
IDUA	3	1	2	0.6666666666666666
IER2	3	2	1	0.6666666666666666
IER3	3	3	0	1
IER3IP1	3	1	2	0.6666666666666666
IER5	3	2	1	0.6666666666666666
IER5L	3	2	1	0.6666666666666666
IFFO1	2	0	2	1
IFFO2	3	3	0	1
IFI16	3	2	1	0.6666666666666666
IFI27	3	2	1	0.6666666666666666
IFI27L1	3	1	2	0.6666666666666666
IFI27L2	3	1	2	0.6666666666666666
IFI30	3	1	2	0.6666666666666666
IFI35	3	3	0	1
IFI44	3	2	1	0.6666666666666666
IFI44L	2	1	1	0.5
IFI6	3	1	2	0.6666666666666666
IFIH1	3	2	1	0.6666666666666666
IFIT1	3	1	2	0.6666666666666666
IFIT1B	1	0	1	1
IFIT2	3	2	1	0.6666666666666666
IFIT3	3	2	1	0.6666666666666666
IFIT5	3	1	2	0.6666666666666666
IFITM1	3	0	3	1
IFITM10	3	3	0	1
IFITM2	3	1	2	0.6666666666666666
IFITM3	3	0	3	1
IFITM5	1	0	1	1
IFNA1	1	0	1	1
IFNA14	1	0	1	1
IFNA16	1	0	1	1
IFNA17	1	0	1	1
IFNA2	1	0	1	1
IFNA4	1	0	1	1
IFNA5	1	0	1	1
IFNA8	1	1	0	1
IFNAR1	3	1	2	0.6666666666666666
IFNAR2	3	1	2	0.6666666666666666
IFNB1	1	1	0	1
IFNE	2	1	1	0.5
IFNG	1	0	1	1
IFNGR1	3	2	1	0.6666666666666666
IFNGR2	3	1	2	0.6666666666666666
IFNK	1	0	1	1
IFNL1	1	0	1	1
IFNL2	1	0	1	1
IFNL3	1	0	1	1
IFNLR1	3	2	1	0.6666666666666666
IFNW1	1	1	0	1
IFRD1	3	1	2	0.6666666666666666
IFRD2	3	2	1	0.6666666666666666
IFRG15	1	1	0	1
IFT122	3	2	1	0.6666666666666666
IFT140	3	2	1	0.6666666666666666
IFT172	3	2	1	0.6666666666666666
IFT20	3	2	1	0.6666666666666666
IFT22	2	2	0	1
IFT27	3	1	2	0.6666666666666666
IFT43	3	1	2	0.6666666666666666
IFT46	3	0	3	1
IFT52	3	1	2	0.6666666666666666
IFT57	3	1	2	0.6666666666666666
IFT74	3	2	1	0.6666666666666666
IFT80	3	2	1	0.6666666666666666
IFT81	3	2	1	0.6666666666666666
IFT88	3	1	2	0.6666666666666666
IGBP1	3	2	1	0.6666666666666666
IGDCC3	1	0	1	1
IGDCC4	3	0	3	1
IGF1	1	0	1	1
IGF1R	3	1	2	0.6666666666666666
IGF2	1	0	1	1
IGF2BP1	3	1	2	0.6666666666666666
IGF2BP2	3	1	2	0.6666666666666666
IGF2BP3	3	1	2	0.6666666666666666
IGF2R	3	1	2	0.6666666666666666
IGFALS	2	0	2	1
IGFBP1	2	1	1	0.5
IGFBP2	3	1	2	0.6666666666666666
IGFBP3	3	2	1	0.6666666666666666
IGFBP4	3	2	1	0.6666666666666666
IGFBP5	3	1	2	0.6666666666666666
IGFBP6	3	1	2	0.6666666666666666
IGFBP7	3	2	1	0.6666666666666666
IGFBPL1	2	0	2	1
IGFL1	2	2	0	1
IGFL2	1	1	0	1
IGFL2-AS1	1	0	1	1
IGFL3	1	0	1	1
IGFL4	1	0	1	1
IGFLR1	3	3	0	1
IGFN1	2	0	2	1
IGHMBP2	3	3	0	1
IGIP	3	2	1	0.6666666666666666
IGLL1	1	0	1	1
IGLON5	1	0	1	1
IGSF1	3	0	3	1
IGSF10	3	1	2	0.6666666666666666
IGSF11	2	1	1	0.5
IGSF22	2	1	1	0.5
IGSF23	3	2	1	0.6666666666666666
IGSF3	3	1	2	0.6666666666666666
IGSF5	1	0	1	1
IGSF6	1	0	1	1
IGSF8	3	2	1	0.6666666666666666
IGSF9	3	2	1	0.6666666666666666
IGSF9B	2	0	2	1
IHH	1	0	1	1
IK	3	3	0	1
IKBIP	3	2	1	0.6666666666666666
IKBKAP	2	2	0	1
IKBKB	3	1	2	0.6666666666666666
IKBKE	3	0	3	1
IKBKG	3	3	0	1
IKZF1	3	1	2	0.6666666666666666
IKZF2	3	1	2	0.6666666666666666
IKZF3	2	0	2	1
IKZF4	3	2	1	0.6666666666666666
IKZF5	3	2	1	0.6666666666666666
IL10RA	2	0	2	1
IL10RB	3	1	2	0.6666666666666666
IL11	2	1	1	0.5
IL11RA	3	2	1	0.6666666666666666
IL12A	3	1	2	0.6666666666666666
IL12B	2	1	1	0.5
IL12RB1	2	2	0	1
IL12RB2	3	1	2	0.6666666666666666
IL13	1	0	1	1
IL13RA1	3	0	3	1
IL13RA2	1	1	0	1
IL15	3	1	2	0.6666666666666666
IL15RA	3	1	2	0.6666666666666666
IL16	3	2	1	0.6666666666666666
IL17B	2	2	0	1
IL17C	1	1	0	1
IL17D	3	1	2	0.6666666666666666
IL17F	1	1	0	1
IL17RA	3	2	1	0.6666666666666666
IL17RB	3	0	3	1
IL17RC	3	2	1	0.6666666666666666
IL17RD	3	1	2	0.6666666666666666
IL17RE	3	3	0	1
IL17REL	1	0	1	1
IL18	3	1	2	0.6666666666666666
IL18BP	3	2	1	0.6666666666666666
IL18R1	3	1	2	0.6666666666666666
IL18RAP	1	1	0	1
IL1A	3	2	1	0.6666666666666666
IL1B	2	1	1	0.5
IL1F10	1	1	0	1
IL1R1	3	0	3	1
IL1R2	3	1	2	0.6666666666666666
IL1RAP	3	1	2	0.6666666666666666
IL1RAPL1	1	1	0	1
IL1RAPL2	1	1	0	1
IL1RL1	3	1	2	0.6666666666666666
IL1RL2	3	2	1	0.6666666666666666
IL1RN	3	2	1	0.6666666666666666
IL20	1	1	0	1
IL20RA	3	1	2	0.6666666666666666
IL20RB	3	2	1	0.6666666666666666
IL21R	1	0	1	1
IL22RA1	3	3	0	1
IL22RA2	1	0	1	1
IL23A	3	1	2	0.6666666666666666
IL23R	1	1	0	1
IL24	2	2	0	1
IL25	1	1	0	1
IL27	1	0	1	1
IL27RA	3	2	1	0.6666666666666666
IL2RB	2	1	1	0.5
IL2RG	1	0	1	1
IL3	1	1	0	1
IL31RA	1	1	0	1
IL32	3	1	2	0.6666666666666666
IL33	1	1	0	1
IL34	2	2	0	1
IL36A	1	1	0	1
IL36G	1	1	0	1
IL36RN	2	2	0	1
IL37	1	1	0	1
IL3RA	1	0	1	1
IL4	1	1	0	1
IL4I1	3	1	2	0.6666666666666666
IL4R	3	2	1	0.6666666666666666
IL5	1	1	0	1
IL5RA	1	0	1	1
IL6	3	2	1	0.6666666666666666
IL6-AS1	1	0	1	1
IL6R	3	2	1	0.6666666666666666
IL6ST	3	1	2	0.6666666666666666
IL7	3	3	0	1
IL7R	2	1	1	0.5
IL8	1	0	1	1
IL9R	1	1	0	1
ILDR1	3	2	1	0.6666666666666666
ILDR2	3	2	1	0.6666666666666666
ILF2	3	1	2	0.6666666666666666
ILF3	3	1	2	0.6666666666666666
ILF3-DT	1	1	0	1
ILK	3	1	2	0.6666666666666666
ILKAP	3	0	3	1
ILRUN	1	0	1	1
ILVBL	3	1	2	0.6666666666666666
IMMP1L	3	2	1	0.6666666666666666
IMMP2L	3	1	2	0.6666666666666666
IMMT	3	2	1	0.6666666666666666
IMP3	3	2	1	0.6666666666666666
IMP4	3	1	2	0.6666666666666666
IMPA1	3	1	2	0.6666666666666666
IMPA2	3	1	2	0.6666666666666666
IMPACT	3	1	2	0.6666666666666666
IMPAD1	3	1	2	0.6666666666666666
IMPDH1	3	3	0	1
IMPDH2	3	2	1	0.6666666666666666
IMPG1	2	1	1	0.5
IMPG2	2	1	1	0.5
INA	3	1	2	0.6666666666666666
INADL	1	0	1	1
INAFM1	2	1	1	0.5
INAFM2	2	0	2	1
INAVA	1	0	1	1
INCA1	3	2	1	0.6666666666666666
INCENP	3	3	0	1
INE1	1	1	0	1
INF2	3	2	1	0.6666666666666666
ING1	3	1	2	0.6666666666666666
ING2	3	1	2	0.6666666666666666
ING3	3	3	0	1
ING4	3	2	1	0.6666666666666666
ING5	3	2	1	0.6666666666666666
INHA	2	0	2	1
INHBA	3	2	1	0.6666666666666666
INHBB	3	2	1	0.6666666666666666
INHBC	2	0	2	1
INHBE	3	1	2	0.6666666666666666
INIP	3	1	2	0.6666666666666666
INKA2	1	1	0	1
INMT	1	1	0	1
INMT-FAM188B	1	0	1	1
INO80	3	2	1	0.6666666666666666
INO80B	2	1	1	0.5
INO80C	3	2	1	0.6666666666666666
INO80D	3	1	2	0.6666666666666666
INO80E	3	2	1	0.6666666666666666
INPP1	3	3	0	1
INPP4A	3	3	0	1
INPP4B	3	2	1	0.6666666666666666
INPP5A	3	1	2	0.6666666666666666
INPP5B	3	2	1	0.6666666666666666
INPP5D	1	1	0	1
INPP5E	3	3	0	1
INPP5F	3	1	2	0.6666666666666666
INPP5J	3	2	1	0.6666666666666666
INPP5K	3	2	1	0.6666666666666666
INPPL1	3	2	1	0.6666666666666666
INS-IGF2	1	0	1	1
INSC	1	1	0	1
INSIG1	3	2	1	0.6666666666666666
INSIG2	3	2	1	0.6666666666666666
INSL3	2	0	2	1
INSL4	1	0	1	1
INSL5	1	0	1	1
INSL6	1	1	0	1
INSM1	1	0	1	1
INSM2	1	1	0	1
INSR	3	1	2	0.6666666666666666
INSRR	1	0	1	1
INSYN2B	1	0	1	1
INTS1	3	3	0	1
INTS10	3	1	2	0.6666666666666666
INTS11	2	1	1	0.5
INTS12	3	1	2	0.6666666666666666
INTS13	2	1	1	0.5
INTS14	2	2	0	1
INTS2	3	2	1	0.6666666666666666
INTS3	3	0	3	1
INTS4	3	2	1	0.6666666666666666
INTS4P1	1	0	1	1
INTS4P2	1	0	1	1
INTS5	3	3	0	1
INTS6	3	2	1	0.6666666666666666
INTS6-AS1	1	1	0	1
INTS6L	2	0	2	1
INTS7	3	2	1	0.6666666666666666
INTS8	3	1	2	0.6666666666666666
INTS9	3	3	0	1
INTU	3	0	3	1
INVS	3	1	2	0.6666666666666666
IP6K1	3	2	1	0.6666666666666666
IP6K2	3	3	0	1
IP6K3	1	1	0	1
IPCEF1	1	1	0	1
IPMK	3	1	2	0.6666666666666666
IPO11	3	2	1	0.6666666666666666
IPO13	3	1	2	0.6666666666666666
IPO4	3	2	1	0.6666666666666666
IPO5	3	2	1	0.6666666666666666
IPO5P1	1	1	0	1
IPO7	3	2	1	0.6666666666666666
IPO8	3	1	2	0.6666666666666666
IPO9	3	0	3	1
IPP	3	2	1	0.6666666666666666
IPPK	3	2	1	0.6666666666666666
IPW	1	1	0	1
IQCA1	3	2	1	0.6666666666666666
IQCA1L	1	0	1	1
IQCB1	3	2	1	0.6666666666666666
IQCC	3	1	2	0.6666666666666666
IQCD	3	2	1	0.6666666666666666
IQCE	3	1	2	0.6666666666666666
IQCF1	1	0	1	1
IQCF3	1	0	1	1
IQCF5	1	1	0	1
IQCF6	1	0	1	1
IQCG	3	3	0	1
IQCH	3	2	1	0.6666666666666666
IQCH-AS1	1	1	0	1
IQCJ-SCHIP1	1	1	0	1
IQCK	3	2	1	0.6666666666666666
IQGAP1	3	1	2	0.6666666666666666
IQGAP2	1	0	1	1
IQGAP3	3	1	2	0.6666666666666666
IQSEC1	3	1	2	0.6666666666666666
IQSEC2	3	2	1	0.6666666666666666
IQSEC3	2	1	1	0.5
IQUB	2	2	0	1
IRAIN	1	0	1	1
IRAK1	3	2	1	0.6666666666666666
IRAK1BP1	3	2	1	0.6666666666666666
IRAK2	3	2	1	0.6666666666666666
IRAK3	2	0	2	1
IRAK4	3	1	2	0.6666666666666666
IREB2	3	0	3	1
IRF1	3	2	1	0.6666666666666666
IRF1-AS1	1	1	0	1
IRF2	3	2	1	0.6666666666666666
IRF2BP1	3	1	2	0.6666666666666666
IRF2BP2	3	0	3	1
IRF2BPL	3	0	3	1
IRF3	3	2	1	0.6666666666666666
IRF4	1	0	1	1
IRF5	3	3	0	1
IRF6	3	2	1	0.6666666666666666
IRF7	3	2	1	0.6666666666666666
IRF8	1	1	0	1
IRF9	3	2	1	0.6666666666666666
IRGC	1	0	1	1
IRGM	3	2	1	0.6666666666666666
IRGQ	3	0	3	1
IRS1	3	2	1	0.6666666666666666
IRS2	3	1	2	0.6666666666666666
IRS4	3	2	1	0.6666666666666666
IRX2	1	1	0	1
IRX3	3	2	1	0.6666666666666666
IRX4	1	1	0	1
IRX5	2	1	1	0.5
IRX6	2	1	1	0.5
ISCA1	3	1	2	0.6666666666666666
ISCA2	3	1	2	0.6666666666666666
ISCU	3	2	1	0.6666666666666666
ISG15	3	2	1	0.6666666666666666
ISG20	3	1	2	0.6666666666666666
ISG20L2	3	1	2	0.6666666666666666
ISL1	3	1	2	0.6666666666666666
ISL2	2	1	1	0.5
ISLR	1	0	1	1
ISLR2	1	0	1	1
ISM1	3	1	2	0.6666666666666666
ISM2	3	1	2	0.6666666666666666
ISOC1	3	2	1	0.6666666666666666
ISOC2	3	2	1	0.6666666666666666
ISPD	2	1	1	0.5
IST1	3	2	1	0.6666666666666666
ISX	1	0	1	1
ISY1	3	3	0	1
ISY1-RAB43	1	1	0	1
ISYNA1	3	3	0	1
ITCH	3	2	1	0.6666666666666666
ITFG1	3	0	3	1
ITFG2	3	1	2	0.6666666666666666
ITFG2-AS1	1	1	0	1
ITFG3	1	1	0	1
ITGA1	3	0	3	1
ITGA10	3	1	2	0.6666666666666666
ITGA11	2	2	0	1
ITGA2	3	1	2	0.6666666666666666
ITGA2B	2	1	1	0.5
ITGA3	3	2	1	0.6666666666666666
ITGA4	3	1	2	0.6666666666666666
ITGA5	3	1	2	0.6666666666666666
ITGA6	3	2	1	0.6666666666666666
ITGA7	3	1	2	0.6666666666666666
ITGA8	1	0	1	1
ITGA9	3	2	1	0.6666666666666666
ITGA9-AS1	1	0	1	1
ITGAD	2	1	1	0.5
ITGAE	3	1	2	0.6666666666666666
ITGAL	1	1	0	1
ITGAM	3	2	1	0.6666666666666666
ITGAV	3	2	1	0.6666666666666666
ITGAX	3	3	0	1
ITGB1	3	0	3	1
ITGB1BP1	3	0	3	1
ITGB1BP2	3	0	3	1
ITGB2	3	2	1	0.6666666666666666
ITGB2-AS1	1	1	0	1
ITGB3	3	1	2	0.6666666666666666
ITGB3BP	3	1	2	0.6666666666666666
ITGB4	3	2	1	0.6666666666666666
ITGB5	3	1	2	0.6666666666666666
ITGB6	3	2	1	0.6666666666666666
ITGB7	2	0	2	1
ITGB8	3	2	1	0.6666666666666666
ITGBL1	3	1	2	0.6666666666666666
ITIH1	1	0	1	1
ITIH2	1	0	1	1
ITIH3	1	0	1	1
ITIH4	2	1	1	0.5
ITIH5	3	0	3	1
ITIH6	1	1	0	1
ITK	1	0	1	1
ITLN1	1	1	0	1
ITLN2	1	0	1	1
ITM2A	3	1	2	0.6666666666666666
ITM2B	3	1	2	0.6666666666666666
ITM2C	3	1	2	0.6666666666666666
ITPA	3	0	3	1
ITPK1	3	3	0	1
ITPKA	3	2	1	0.6666666666666666
ITPKB	3	1	2	0.6666666666666666
ITPKC	3	1	2	0.6666666666666666
ITPR1	3	1	2	0.6666666666666666
ITPR1-DT	1	1	0	1
ITPR2	3	0	3	1
ITPR3	3	2	1	0.6666666666666666
ITPRID2	1	0	1	1
ITPRIP	3	2	1	0.6666666666666666
ITPRIPL1	1	0	1	1
ITPRIPL2	3	3	0	1
ITSN1	3	0	3	1
ITSN2	3	1	2	0.6666666666666666
IVD	3	2	1	0.6666666666666666
IVL	2	1	1	0.5
IVNS1ABP	3	1	2	0.6666666666666666
IWS1	3	0	3	1
IZUMO1	2	0	2	1
IZUMO1R	1	1	0	1
IZUMO2	1	1	0	1
IZUMO3	1	0	1	1
IZUMO4	3	2	1	0.6666666666666666
JADE1	2	1	1	0.5
JADE2	2	2	0	1
JADE3	2	0	2	1
JAG1	3	2	1	0.6666666666666666
JAG2	3	2	1	0.6666666666666666
JAGN1	3	1	2	0.6666666666666666
JAK1	3	2	1	0.6666666666666666
JAK2	3	1	2	0.6666666666666666
JAK3	3	1	2	0.6666666666666666
JAKMIP1	1	0	1	1
JAKMIP2	2	0	2	1
JAKMIP3	2	0	2	1
JAM2	3	2	1	0.6666666666666666
JAM3	3	2	1	0.6666666666666666
JAML	1	1	0	1
JARID2	3	3	0	1
JAZF1	3	1	2	0.6666666666666666
JCAD	1	0	1	1
JCHAIN	1	0	1	1
JDP2	3	0	3	1
JHDM1D	1	1	0	1
JHY	1	1	0	1
JKAMP	3	2	1	0.6666666666666666
JMJD1C	3	1	2	0.6666666666666666
JMJD1C-AS1	1	1	0	1
JMJD4	3	3	0	1
JMJD6	3	3	0	1
JMJD7	3	2	1	0.6666666666666666
JMJD7-PLA2G4B	1	0	1	1
JMJD8	3	2	1	0.6666666666666666
JMY	3	0	3	1
JOSD1	3	1	2	0.6666666666666666
JOSD2	3	1	2	0.6666666666666666
JPH1	3	1	2	0.6666666666666666
JPH2	3	1	2	0.6666666666666666
JPH3	3	2	1	0.6666666666666666
JPH4	2	1	1	0.5
JPT1	1	1	0	1
JPT2	1	0	1	1
JPX	1	0	1	1
JRK	2	2	0	1
JRKL	3	1	2	0.6666666666666666
JSRP1	2	0	2	1
JTB	3	0	3	1
JUN	3	3	0	1
JUNB	3	2	1	0.6666666666666666
JUND	3	1	2	0.6666666666666666
JUP	3	3	0	1
KAAG1	3	1	2	0.6666666666666666
KAL1	1	1	0	1
KALRN	3	1	2	0.6666666666666666
KANK1	3	1	2	0.6666666666666666
KANK2	3	2	1	0.6666666666666666
KANK3	3	1	2	0.6666666666666666
KANK4	2	1	1	0.5
KANSL1	3	3	0	1
KANSL1-AS1	1	1	0	1
KANSL1L	3	0	3	1
KANSL1L-AS1	1	1	0	1
KANSL2	3	2	1	0.6666666666666666
KANSL3	3	2	1	0.6666666666666666
KANTR	1	0	1	1
KARS	2	2	0	1
KARS1	1	0	1	1
KAT14	2	0	2	1
KAT2A	3	2	1	0.6666666666666666
KAT2B	3	2	1	0.6666666666666666
KAT5	3	2	1	0.6666666666666666
KAT6A	3	1	2	0.6666666666666666
KAT6B	3	1	2	0.6666666666666666
KAT7	3	2	1	0.6666666666666666
KAT8	3	2	1	0.6666666666666666
KATNA1	3	0	3	1
KATNAL1	3	3	0	1
KATNAL2	3	1	2	0.6666666666666666
KATNB1	3	2	1	0.6666666666666666
KATNBL1	3	1	2	0.6666666666666666
KAZALD1	3	0	3	1
KAZN	3	1	2	0.6666666666666666
KB-1507C5.2	1	1	0	1
KBTBD11	3	2	1	0.6666666666666666
KBTBD12	2	0	2	1
KBTBD13	1	0	1	1
KBTBD2	3	1	2	0.6666666666666666
KBTBD3	3	1	2	0.6666666666666666
KBTBD4	3	2	1	0.6666666666666666
KBTBD6	3	1	2	0.6666666666666666
KBTBD7	3	1	2	0.6666666666666666
KBTBD8	3	1	2	0.6666666666666666
KCMF1	3	1	2	0.6666666666666666
KCNA10	1	1	0	1
KCNA2	1	1	0	1
KCNA4	2	1	1	0.5
KCNA6	1	1	0	1
KCNA7	2	1	1	0.5
KCNAB1	3	1	2	0.6666666666666666
KCNAB2	3	3	0	1
KCNAB3	3	1	2	0.6666666666666666
KCNB1	3	2	1	0.6666666666666666
KCNB2	3	2	1	0.6666666666666666
KCNC1	2	0	2	1
KCNC3	3	1	2	0.6666666666666666
KCNC4	3	2	1	0.6666666666666666
KCND1	3	1	2	0.6666666666666666
KCND2	2	0	2	1
KCND3	2	1	1	0.5
KCNE1	2	0	2	1
KCNE1L	1	1	0	1
KCNE2	3	1	2	0.6666666666666666
KCNE3	1	1	0	1
KCNE4	1	0	1	1
KCNE5	1	1	0	1
KCNF1	3	1	2	0.6666666666666666
KCNG1	3	1	2	0.6666666666666666
KCNG2	2	0	2	1
KCNG3	3	0	3	1
KCNH1	1	0	1	1
KCNH2	3	1	2	0.6666666666666666
KCNH3	2	1	1	0.5
KCNH4	1	1	0	1
KCNH5	2	1	1	0.5
KCNH6	1	0	1	1
KCNH7	2	1	1	0.5
KCNH8	3	2	1	0.6666666666666666
KCNIP1	1	0	1	1
KCNIP2	3	2	1	0.6666666666666666
KCNIP3	3	1	2	0.6666666666666666
KCNIP4	3	1	2	0.6666666666666666
KCNJ1	1	1	0	1
KCNJ10	2	0	2	1
KCNJ11	3	1	2	0.6666666666666666
KCNJ12	3	1	2	0.6666666666666666
KCNJ13	2	0	2	1
KCNJ14	3	1	2	0.6666666666666666
KCNJ15	3	1	2	0.6666666666666666
KCNJ16	1	1	0	1
KCNJ2	3	2	1	0.6666666666666666
KCNJ2-AS1	1	1	0	1
KCNJ3	1	0	1	1
KCNJ4	1	0	1	1
KCNJ5	1	1	0	1
KCNJ8	2	1	1	0.5
KCNJ9	1	0	1	1
KCNK1	3	3	0	1
KCNK10	1	0	1	1
KCNK12	2	0	2	1
KCNK13	2	1	1	0.5
KCNK15	2	1	1	0.5
KCNK2	3	2	1	0.6666666666666666
KCNK3	1	1	0	1
KCNK4	1	0	1	1
KCNK5	3	2	1	0.6666666666666666
KCNK6	3	2	1	0.6666666666666666
KCNK7	2	2	0	1
KCNK9	2	1	1	0.5
KCNMA1	3	2	1	0.6666666666666666
KCNMB1	1	0	1	1
KCNMB2	1	0	1	1
KCNMB3	3	0	3	1
KCNMB4	3	0	3	1
KCNN1	2	1	1	0.5
KCNN2	3	2	1	0.6666666666666666
KCNN3	1	0	1	1
KCNN4	3	1	2	0.6666666666666666
KCNQ1	2	1	1	0.5
KCNQ1OT1	1	1	0	1
KCNQ2	1	0	1	1
KCNQ3	2	1	1	0.5
KCNQ4	2	0	2	1
KCNQ5	3	1	2	0.6666666666666666
KCNQ5-IT1	1	1	0	1
KCNRG	3	2	1	0.6666666666666666
KCNS1	2	1	1	0.5
KCNS2	2	1	1	0.5
KCNS3	3	3	0	1
KCNT1	1	0	1	1
KCNT2	3	1	2	0.6666666666666666
KCNV1	3	1	2	0.6666666666666666
KCNV2	1	0	1	1
KCP	2	2	0	1
KCTD1	3	1	2	0.6666666666666666
KCTD10	3	1	2	0.6666666666666666
KCTD11	3	2	1	0.6666666666666666
KCTD12	3	1	2	0.6666666666666666
KCTD13	3	2	1	0.6666666666666666
KCTD14	1	1	0	1
KCTD15	3	1	2	0.6666666666666666
KCTD16	3	3	0	1
KCTD17	3	2	1	0.6666666666666666
KCTD18	3	3	0	1
KCTD19	1	1	0	1
KCTD2	3	3	0	1
KCTD20	3	1	2	0.6666666666666666
KCTD21	3	3	0	1
KCTD21-AS1	1	1	0	1
KCTD3	3	1	2	0.6666666666666666
KCTD4	1	0	1	1
KCTD5	3	2	1	0.6666666666666666
KCTD6	3	1	2	0.6666666666666666
KCTD7	3	1	2	0.6666666666666666
KCTD8	3	1	2	0.6666666666666666
KCTD9	3	1	2	0.6666666666666666
KDELC1	2	2	0	1
KDELC2	2	1	1	0.5
KDELR1	3	0	3	1
KDELR2	3	1	2	0.6666666666666666
KDELR3	3	2	1	0.6666666666666666
KDF1	2	2	0	1
KDM1A	3	2	1	0.6666666666666666
KDM1B	3	1	2	0.6666666666666666
KDM2A	3	2	1	0.6666666666666666
KDM2B	3	0	3	1
KDM3A	3	1	2	0.6666666666666666
KDM3B	3	1	2	0.6666666666666666
KDM4A	3	0	3	1
KDM4A-AS1	1	1	0	1
KDM4B	3	2	1	0.6666666666666666
KDM4C	3	1	2	0.6666666666666666
KDM4D	3	2	1	0.6666666666666666
KDM4E	1	0	1	1
KDM5A	3	1	2	0.6666666666666666
KDM5B	3	1	2	0.6666666666666666
KDM5C	3	2	1	0.6666666666666666
KDM6A	3	2	1	0.6666666666666666
KDM6B	3	1	2	0.6666666666666666
KDM7A	2	0	2	1
KDM7A-DT	1	0	1	1
KDM8	3	2	1	0.6666666666666666
KDR	3	1	2	0.6666666666666666
KDSR	3	1	2	0.6666666666666666
KEAP1	3	2	1	0.6666666666666666
KEL	2	1	1	0.5
KERA	1	0	1	1
KHDC1	3	2	1	0.6666666666666666
KHDC1L	1	1	0	1
KHDC3L	1	0	1	1
KHDC4	1	0	1	1
KHDRBS1	3	1	2	0.6666666666666666
KHDRBS3	3	1	2	0.6666666666666666
KHK	3	2	1	0.6666666666666666
KHNYN	3	1	2	0.6666666666666666
KHSRP	3	2	1	0.6666666666666666
KIAA0020	1	1	0	1
KIAA0040	3	2	1	0.6666666666666666
KIAA0100	3	3	0	1
KIAA0101	1	1	0	1
KIAA0141	2	1	1	0.5
KIAA0195	1	0	1	1
KIAA0196	1	0	1	1
KIAA0226	1	1	0	1
KIAA0226L	1	1	0	1
KIAA0232	3	1	2	0.6666666666666666
KIAA0247	1	0	1	1
KIAA0319	3	1	2	0.6666666666666666
KIAA0319L	3	2	1	0.6666666666666666
KIAA0355	3	0	3	1
KIAA0368	2	1	1	0.5
KIAA0391	2	2	0	1
KIAA0408	1	0	1	1
KIAA0430	2	1	1	0.5
KIAA0513	3	1	2	0.6666666666666666
KIAA0556	3	2	1	0.6666666666666666
KIAA0586	3	2	1	0.6666666666666666
KIAA0753	3	3	0	1
KIAA0754	3	2	1	0.6666666666666666
KIAA0825	3	2	1	0.6666666666666666
KIAA0895	3	1	2	0.6666666666666666
KIAA0895L	3	2	1	0.6666666666666666
KIAA0907	2	1	1	0.5
KIAA0922	2	2	0	1
KIAA0930	3	3	0	1
KIAA0947	1	1	0	1
KIAA1009	1	1	0	1
KIAA1024	2	2	0	1
KIAA1033	1	1	0	1
KIAA1107	3	2	1	0.6666666666666666
KIAA1109	3	3	0	1
KIAA1143	3	2	1	0.6666666666666666
KIAA1147	2	2	0	1
KIAA1161	2	2	0	1
KIAA1191	3	3	0	1
KIAA1199	1	1	0	1
KIAA1210	1	0	1	1
KIAA1211	2	0	2	1
KIAA1211L	3	2	1	0.6666666666666666
KIAA1217	3	2	1	0.6666666666666666
KIAA1244	1	0	1	1
KIAA1257	3	1	2	0.6666666666666666
KIAA1279	1	1	0	1
KIAA1324	3	2	1	0.6666666666666666
KIAA1324L	3	1	2	0.6666666666666666
KIAA1328	3	3	0	1
KIAA1377	1	0	1	1
KIAA1407	1	1	0	1
KIAA1429	2	2	0	1
KIAA1430	1	1	0	1
KIAA1432	1	1	0	1
KIAA1456	2	1	1	0.5
KIAA1462	2	1	1	0.5
KIAA1467	1	0	1	1
KIAA1468	2	1	1	0.5
KIAA1522	3	2	1	0.6666666666666666
KIAA1524	2	2	0	1
KIAA1549	3	2	1	0.6666666666666666
KIAA1549L	3	2	1	0.6666666666666666
KIAA1551	2	1	1	0.5
KIAA1586	3	2	1	0.6666666666666666
KIAA1598	1	0	1	1
KIAA1614	3	2	1	0.6666666666666666
KIAA1644	1	0	1	1
KIAA1656	1	1	0	1
KIAA1671	3	3	0	1
KIAA1671-AS1	1	1	0	1
KIAA1683	2	1	1	0.5
KIAA1715	1	1	0	1
KIAA1731	1	1	0	1
KIAA1737	1	0	1	1
KIAA1755	2	2	0	1
KIAA1841	3	2	1	0.6666666666666666
KIAA1875	1	0	1	1
KIAA1919	1	1	0	1
KIAA1958	3	1	2	0.6666666666666666
KIAA1984	1	1	0	1
KIAA2012	1	0	1	1
KIAA2013	3	3	0	1
KIAA2018	1	0	1	1
KIAA2022	2	0	2	1
KIAA2026	3	0	3	1
KIDINS220	3	0	3	1
KIF11	3	1	2	0.6666666666666666
KIF12	3	2	1	0.6666666666666666
KIF13A	3	1	2	0.6666666666666666
KIF13B	3	2	1	0.6666666666666666
KIF14	3	1	2	0.6666666666666666
KIF15	3	2	1	0.6666666666666666
KIF16B	3	1	2	0.6666666666666666
KIF17	3	2	1	0.6666666666666666
KIF18A	3	0	3	1
KIF18B	3	2	1	0.6666666666666666
KIF19	1	0	1	1
KIF1A	3	1	2	0.6666666666666666
KIF1B	3	1	2	0.6666666666666666
KIF1BP	1	1	0	1
KIF1C	3	2	1	0.6666666666666666
KIF20A	3	2	1	0.6666666666666666
KIF20B	3	2	1	0.6666666666666666
KIF21A	3	0	3	1
KIF21B	2	1	1	0.5
KIF22	3	2	1	0.6666666666666666
KIF23	3	2	1	0.6666666666666666
KIF24	3	3	0	1
KIF25	1	0	1	1
KIF26A	2	0	2	1
KIF26B	3	1	2	0.6666666666666666
KIF27	3	0	3	1
KIF2A	3	0	3	1
KIF2C	3	1	2	0.6666666666666666
KIF3A	3	3	0	1
KIF3B	3	2	1	0.6666666666666666
KIF3C	3	2	1	0.6666666666666666
KIF4A	3	1	2	0.6666666666666666
KIF4B	2	0	2	1
KIF5A	2	0	2	1
KIF5B	3	1	2	0.6666666666666666
KIF5C	3	2	1	0.6666666666666666
KIF6	3	2	1	0.6666666666666666
KIF7	3	3	0	1
KIF9	3	2	1	0.6666666666666666
KIF9-AS1	1	0	1	1
KIFAP3	3	1	2	0.6666666666666666
KIFBP	1	0	1	1
KIFC1	3	3	0	1
KIFC2	3	1	2	0.6666666666666666
KIFC3	3	2	1	0.6666666666666666
KIN	3	1	2	0.6666666666666666
KIRREL	2	0	2	1
KIRREL1	1	1	0	1
KIRREL1-IT1	1	0	1	1
KIRREL2	1	0	1	1
KIRREL3	2	1	1	0.5
KISS1	2	2	0	1
KISS1R	1	1	0	1
KIT	2	0	2	1
KITLG	3	2	1	0.6666666666666666
KIZ	2	1	1	0.5
KL	1	0	1	1
KLB	3	0	3	1
KLC1	3	1	2	0.6666666666666666
KLC2	3	2	1	0.6666666666666666
KLC3	3	2	1	0.6666666666666666
KLC4	3	2	1	0.6666666666666666
KLF1	2	1	1	0.5
KLF10	3	2	1	0.6666666666666666
KLF11	3	1	2	0.6666666666666666
KLF12	3	3	0	1
KLF13	3	1	2	0.6666666666666666
KLF14	1	0	1	1
KLF15	3	1	2	0.6666666666666666
KLF16	3	2	1	0.6666666666666666
KLF2	3	1	2	0.6666666666666666
KLF3	3	2	1	0.6666666666666666
KLF3-AS1	1	1	0	1
KLF4	3	3	0	1
KLF5	3	1	2	0.6666666666666666
KLF6	3	1	2	0.6666666666666666
KLF7	3	3	0	1
KLF8	3	2	1	0.6666666666666666
KLF9	3	1	2	0.6666666666666666
KLHDC1	3	2	1	0.6666666666666666
KLHDC10	3	1	2	0.6666666666666666
KLHDC2	3	2	1	0.6666666666666666
KLHDC3	3	3	0	1
KLHDC4	3	2	1	0.6666666666666666
KLHDC7A	1	1	0	1
KLHDC7B	1	0	1	1
KLHDC8A	3	0	3	1
KLHDC8B	3	1	2	0.6666666666666666
KLHDC9	3	1	2	0.6666666666666666
KLHL1	1	0	1	1
KLHL10	2	1	1	0.5
KLHL11	3	1	2	0.6666666666666666
KLHL12	3	0	3	1
KLHL13	3	0	3	1
KLHL14	2	0	2	1
KLHL15	3	0	3	1
KLHL17	3	1	2	0.6666666666666666
KLHL18	3	1	2	0.6666666666666666
KLHL2	3	1	2	0.6666666666666666
KLHL20	3	1	2	0.6666666666666666
KLHL21	3	3	0	1
KLHL22	3	2	1	0.6666666666666666
KLHL23	2	1	1	0.5
KLHL24	3	1	2	0.6666666666666666
KLHL25	3	1	2	0.6666666666666666
KLHL26	3	1	2	0.6666666666666666
KLHL28	3	1	2	0.6666666666666666
KLHL29	3	1	2	0.6666666666666666
KLHL3	3	2	1	0.6666666666666666
KLHL30	2	2	0	1
KLHL31	3	1	2	0.6666666666666666
KLHL32	3	2	1	0.6666666666666666
KLHL33	1	1	0	1
KLHL35	3	1	2	0.6666666666666666
KLHL36	3	2	1	0.6666666666666666
KLHL38	1	1	0	1
KLHL4	1	0	1	1
KLHL40	1	0	1	1
KLHL41	2	1	1	0.5
KLHL42	3	1	2	0.6666666666666666
KLHL5	3	1	2	0.6666666666666666
KLHL6	1	0	1	1
KLHL7	3	1	2	0.6666666666666666
KLHL7-DT	1	1	0	1
KLHL8	3	1	2	0.6666666666666666
KLHL9	2	2	0	1
KLK1	1	0	1	1
KLK10	3	2	1	0.6666666666666666
KLK11	2	1	1	0.5
KLK12	1	1	0	1
KLK13	1	1	0	1
KLK14	2	0	2	1
KLK15	1	0	1	1
KLK3	1	0	1	1
KLK4	1	0	1	1
KLK5	3	2	1	0.6666666666666666
KLK6	3	1	2	0.6666666666666666
KLK7	2	1	1	0.5
KLK8	2	2	0	1
KLK9	2	1	1	0.5
KLKB1	2	1	1	0.5
KLLN	3	1	2	0.6666666666666666
KLRA1P	1	0	1	1
KLRB1	1	0	1	1
KLRC1	1	0	1	1
KLRC2	1	0	1	1
KLRC3	1	0	1	1
KLRC4	1	0	1	1
KLRC4-KLRK1	1	0	1	1
KLRD1	1	0	1	1
KLRF1	1	1	0	1
KLRF2	1	1	0	1
KLRG1	3	2	1	0.6666666666666666
KLRG2	3	2	1	0.6666666666666666
KM-PA-2	1	0	1	1
KMO	2	2	0	1
KMT2A	3	1	2	0.6666666666666666
KMT2B	3	2	1	0.6666666666666666
KMT2C	3	2	1	0.6666666666666666
KMT2D	3	1	2	0.6666666666666666
KMT2E	3	0	3	1
KMT2E-AS1	1	1	0	1
KMT5A	2	0	2	1
KMT5B	2	1	1	0.5
KMT5C	2	1	1	0.5
KNCN	1	0	1	1
KNDC1	2	1	1	0.5
KNG1	1	0	1	1
KNL1	2	0	2	1
KNOP1	3	2	1	0.6666666666666666
KNSTRN	3	1	2	0.6666666666666666
KNTC1	3	1	2	0.6666666666666666
KPNA1	3	2	1	0.6666666666666666
KPNA2	3	1	2	0.6666666666666666
KPNA3	3	2	1	0.6666666666666666
KPNA4	3	1	2	0.6666666666666666
KPNA5	3	1	2	0.6666666666666666
KPNA6	3	1	2	0.6666666666666666
KPNA7	2	2	0	1
KPNB1	3	2	1	0.6666666666666666
KPRP	1	0	1	1
KPTN	3	2	1	0.6666666666666666
KRAS	3	0	3	1
KRBA1	3	2	1	0.6666666666666666
KRBA2	3	1	2	0.6666666666666666
KRBOX1	3	2	1	0.6666666666666666
KRBOX4	3	1	2	0.6666666666666666
KRCC1	3	1	2	0.6666666666666666
KREMEN1	3	2	1	0.6666666666666666
KREMEN2	3	1	2	0.6666666666666666
KRI1	3	2	1	0.6666666666666666
KRIT1	3	1	2	0.6666666666666666
KRR1	3	1	2	0.6666666666666666
KRT1	1	1	0	1
KRT10	3	1	2	0.6666666666666666
KRT12	1	1	0	1
KRT13	3	2	1	0.6666666666666666
KRT14	2	2	0	1
KRT15	3	1	2	0.6666666666666666
KRT16	2	2	0	1
KRT17	3	3	0	1
KRT18	3	2	1	0.6666666666666666
KRT19	3	3	0	1
KRT2	1	1	0	1
KRT20	1	1	0	1
KRT222	2	1	1	0.5
KRT23	2	1	1	0.5
KRT24	1	0	1	1
KRT27	1	0	1	1
KRT3	2	1	1	0.5
KRT31	1	1	0	1
KRT32	2	2	0	1
KRT33A	1	1	0	1
KRT33B	2	2	0	1
KRT34	2	2	0	1
KRT35	1	1	0	1
KRT36	1	1	0	1
KRT37	2	2	0	1
KRT38	1	1	0	1
KRT39	1	1	0	1
KRT4	2	1	1	0.5
KRT40	1	1	0	1
KRT5	2	1	1	0.5
KRT6A	3	1	2	0.6666666666666666
KRT6B	3	1	2	0.6666666666666666
KRT6C	2	1	1	0.5
KRT7	3	3	0	1
KRT7-AS	1	0	1	1
KRT71	1	1	0	1
KRT72	1	1	0	1
KRT73	1	1	0	1
KRT74	1	1	0	1
KRT75	2	1	1	0.5
KRT76	2	1	1	0.5
KRT78	2	2	0	1
KRT79	2	2	0	1
KRT8	3	2	1	0.6666666666666666
KRT80	3	2	1	0.6666666666666666
KRT81	3	0	3	1
KRT83	2	1	1	0.5
KRT84	1	1	0	1
KRT85	2	2	0	1
KRT86	3	1	2	0.6666666666666666
KRT87P	1	0	1	1
KRT9	2	2	0	1
KRTAP1-5	1	1	0	1
KRTAP10-1	1	0	1	1
KRTAP10-11	1	1	0	1
KRTAP10-2	1	0	1	1
KRTAP12-4	1	0	1	1
KRTAP17-1	1	1	0	1
KRTAP2-1	1	1	0	1
KRTAP2-2	1	1	0	1
KRTAP2-3	3	2	1	0.6666666666666666
KRTAP2-4	2	2	0	1
KRTAP29-1	1	1	0	1
KRTAP3-1	1	1	0	1
KRTAP3-2	1	1	0	1
KRTAP3-3	1	1	0	1
KRTAP4-1	1	1	0	1
KRTAP4-11	1	1	0	1
KRTAP4-2	1	1	0	1
KRTAP4-7	1	1	0	1
KRTAP4-8	1	1	0	1
KRTAP4-9	2	2	0	1
KRTAP5-1	2	0	2	1
KRTAP5-10	1	1	0	1
KRTAP5-11	1	0	1	1
KRTAP5-2	2	0	2	1
KRTAP5-3	1	0	1	1
KRTAP5-5	1	0	1	1
KRTAP5-6	1	0	1	1
KRTAP5-7	1	1	0	1
KRTAP5-8	1	1	0	1
KRTAP5-9	2	2	0	1
KRTAP5-AS1	1	1	0	1
KRTAP9-1	1	1	0	1
KRTCAP2	3	1	2	0.6666666666666666
KRTCAP3	3	0	3	1
KRTDAP	2	2	0	1
KSR1	3	3	0	1
KSR2	3	0	3	1
KTI12	2	0	2	1
KTN1	3	2	1	0.6666666666666666
KTN1-AS1	1	1	0	1
KXD1	3	2	1	0.6666666666666666
KY	1	0	1	1
KYAT1	2	2	0	1
KYAT3	2	0	2	1
KYNU	1	1	0	1
L1CAM	3	1	2	0.6666666666666666
L1TD1	1	1	0	1
L2HGDH	3	2	1	0.6666666666666666
L34079.2	1	0	1	1
L3HYPDH	3	2	1	0.6666666666666666
L3MBTL1	3	1	2	0.6666666666666666
L3MBTL2	3	3	0	1
L3MBTL2-AS1	1	1	0	1
L3MBTL3	3	2	1	0.6666666666666666
L3MBTL4	2	1	1	0.5
LA16c-431H6.6	1	1	0	1
LACC1	3	2	1	0.6666666666666666
LACE1	2	1	1	0.5
LACTB	3	1	2	0.6666666666666666
LACTB2	3	0	3	1
LACTB2-AS1	1	0	1	1
LACTBL1	1	1	0	1
LAD1	3	1	2	0.6666666666666666
LAG3	1	0	1	1
LAGE3	3	0	3	1
LAIR1	1	0	1	1
LAMA1	3	1	2	0.6666666666666666
LAMA2	3	2	1	0.6666666666666666
LAMA3	3	2	1	0.6666666666666666
LAMA4	3	0	3	1
LAMA5	3	2	1	0.6666666666666666
LAMB1	3	0	3	1
LAMB2	3	2	1	0.6666666666666666
LAMB2P1	1	0	1	1
LAMB3	3	2	1	0.6666666666666666
LAMB4	1	1	0	1
LAMC1	3	1	2	0.6666666666666666
LAMC1-AS1	1	0	1	1
LAMC2	3	2	1	0.6666666666666666
LAMC3	2	1	1	0.5
LAMP1	3	1	2	0.6666666666666666
LAMP2	3	0	3	1
LAMP3	3	1	2	0.6666666666666666
LAMP5	1	0	1	1
LAMTOR1	3	2	1	0.6666666666666666
LAMTOR2	3	1	2	0.6666666666666666
LAMTOR3	3	1	2	0.6666666666666666
LAMTOR4	3	2	1	0.6666666666666666
LAMTOR5	3	1	2	0.6666666666666666
LAMTOR5-AS1	1	1	0	1
LANCL1	3	2	1	0.6666666666666666
LANCL2	3	1	2	0.6666666666666666
LANCL3	3	1	2	0.6666666666666666
LAP3	3	1	2	0.6666666666666666
LAPTM4A	3	0	3	1
LAPTM4B	3	0	3	1
LAPTM5	3	3	0	1
LARGE	1	1	0	1
LARGE1	2	1	1	0.5
LARGE2	2	2	0	1
LARP1	3	2	1	0.6666666666666666
LARP1B	3	1	2	0.6666666666666666
LARP4	3	1	2	0.6666666666666666
LARP4B	3	1	2	0.6666666666666666
LARP6	3	2	1	0.6666666666666666
LARP7	3	2	1	0.6666666666666666
LARS	2	0	2	1
LARS1	1	1	0	1
LARS2	3	3	0	1
LAS1L	3	2	1	0.6666666666666666
LASP1	3	3	0	1
LAT	3	2	1	0.6666666666666666
LAT2	3	2	1	0.6666666666666666
LATS1	3	1	2	0.6666666666666666
LATS2	3	2	1	0.6666666666666666
LAX1	1	1	0	1
LAYN	3	1	2	0.6666666666666666
LBH	3	1	2	0.6666666666666666
LBHD1	2	2	0	1
LBP	1	1	0	1
LBR	3	2	1	0.6666666666666666
LBX1	1	0	1	1
LBX2	2	1	1	0.5
LBX2-AS1	1	0	1	1
LCA10	1	0	1	1
LCA5	3	1	2	0.6666666666666666
LCA5L	3	1	2	0.6666666666666666
LCAL1	1	0	1	1
LCAT	3	3	0	1
LCE1B	1	1	0	1
LCE1C	1	1	0	1
LCE1E	1	1	0	1
LCE1F	1	1	0	1
LCE3C	1	1	0	1
LCE3D	1	1	0	1
LCE3E	1	1	0	1
LCE5A	1	1	0	1
LCK	3	2	1	0.6666666666666666
LCLAT1	3	1	2	0.6666666666666666
LCMT1	3	1	2	0.6666666666666666
LCMT1-AS1	1	1	0	1
LCMT1-AS2	1	0	1	1
LCMT2	3	1	2	0.6666666666666666
LCN1	1	0	1	1
LCN10	2	0	2	1
LCN12	3	2	1	0.6666666666666666
LCN15	1	0	1	1
LCN2	3	1	2	0.6666666666666666
LCN6	1	1	0	1
LCN8	1	0	1	1
LCNL1	1	0	1	1
LCOR	3	1	2	0.6666666666666666
LCORL	3	0	3	1
LCP1	3	3	0	1
LCP2	1	1	0	1
LCT	2	1	1	0.5
LCTL	3	2	1	0.6666666666666666
LDAH	2	1	1	0.5
LDB1	3	2	1	0.6666666666666666
LDB2	1	1	0	1
LDB3	2	1	1	0.5
LDHA	3	1	2	0.6666666666666666
LDHAL6A	2	1	1	0.5
LDHAL6B	2	2	0	1
LDHB	3	0	3	1
LDHC	3	2	1	0.6666666666666666
LDHD	2	0	2	1
LDLR	3	2	1	0.6666666666666666
LDLRAD1	1	1	0	1
LDLRAD2	2	1	1	0.5
LDLRAD3	3	2	1	0.6666666666666666
LDLRAD4	2	1	1	0.5
LDLRAP1	3	2	1	0.6666666666666666
LDOC1	3	1	2	0.6666666666666666
LDOC1L	2	0	2	1
LEAP2	3	1	2	0.6666666666666666
LEF1	3	2	1	0.6666666666666666
LEFTY1	1	1	0	1
LEFTY2	1	0	1	1
LEKR1	3	1	2	0.6666666666666666
LEMD1	2	1	1	0.5
LEMD1-AS1	1	0	1	1
LEMD2	3	3	0	1
LEMD3	3	1	2	0.6666666666666666
LENEP	1	0	1	1
LENG1	3	2	1	0.6666666666666666
LENG8	3	1	2	0.6666666666666666
LENG8-AS1	1	0	1	1
LENG9	3	2	1	0.6666666666666666
LEO1	3	0	3	1
LEP	1	1	0	1
LEPR	3	1	2	0.6666666666666666
LEPRE1	1	1	0	1
LEPREL1	1	0	1	1
LEPREL4	1	1	0	1
LEPROT	3	1	2	0.6666666666666666
LEPROTL1	3	0	3	1
LETM1	3	2	1	0.6666666666666666
LETM2	3	2	1	0.6666666666666666
LETMD1	3	1	2	0.6666666666666666
LEXM	1	1	0	1
LFNG	3	2	1	0.6666666666666666
LGALS1	3	2	1	0.6666666666666666
LGALS12	1	0	1	1
LGALS14	1	1	0	1
LGALS2	2	2	0	1
LGALS3	3	3	0	1
LGALS3BP	3	2	1	0.6666666666666666
LGALS4	1	0	1	1
LGALS7	1	0	1	1
LGALS7B	1	1	0	1
LGALS8	3	2	1	0.6666666666666666
LGALS9	3	3	0	1
LGALS9B	1	1	0	1
LGALS9C	1	1	0	1
LGALSL	3	1	2	0.6666666666666666
LGI1	1	1	0	1
LGI2	3	1	2	0.6666666666666666
LGI3	1	0	1	1
LGI4	2	1	1	0.5
LGMN	3	1	2	0.6666666666666666
LGR4	3	0	3	1
LGR5	2	1	1	0.5
LGR6	2	2	0	1
LGSN	1	0	1	1
LHB	2	0	2	1
LHFP	2	1	1	0.5
LHFPL1	2	0	2	1
LHFPL2	3	0	3	1
LHFPL3	1	1	0	1
LHFPL4	1	1	0	1
LHFPL5	2	1	1	0.5
LHFPL6	1	1	0	1
LHPP	3	2	1	0.6666666666666666
LHX1	3	3	0	1
LHX1-DT	1	1	0	1
LHX2	1	0	1	1
LHX3	1	1	0	1
LHX4	3	2	1	0.6666666666666666
LHX4-AS1	1	1	0	1
LHX5	1	1	0	1
LHX6	3	0	3	1
LHX8	1	0	1	1
LHX9	3	2	1	0.6666666666666666
LIAS	3	1	2	0.6666666666666666
LIF	3	0	3	1
LIFR	3	1	2	0.6666666666666666
LIG1	3	2	1	0.6666666666666666
LIG3	3	1	2	0.6666666666666666
LIG4	3	0	3	1
LILRA1	1	0	1	1
LILRA4	2	1	1	0.5
LILRA6	2	2	0	1
LILRB1	1	0	1	1
LILRB2	1	1	0	1
LILRB3	2	1	1	0.5
LILRB4	1	0	1	1
LILRB5	1	0	1	1
LIMA1	3	2	1	0.6666666666666666
LIMCH1	3	2	1	0.6666666666666666
LIMD1	3	2	1	0.6666666666666666
LIMD2	3	1	2	0.6666666666666666
LIME1	3	2	1	0.6666666666666666
LIMK1	3	2	1	0.6666666666666666
LIMK2	3	3	0	1
LIMS1	3	2	1	0.6666666666666666
LIMS1-AS1	1	0	1	1
LIMS2	3	2	1	0.6666666666666666
LIMS3	3	2	1	0.6666666666666666
LIMS3L	1	0	1	1
LIMS4	2	1	1	0.5
LIN28A	1	0	1	1
LIN28B	3	1	2	0.6666666666666666
LIN37	3	1	2	0.6666666666666666
LIN52	3	0	3	1
LIN54	3	1	2	0.6666666666666666
LIN7A	2	1	1	0.5
LIN7B	3	2	1	0.6666666666666666
LIN7C	3	0	3	1
LIN9	3	2	1	0.6666666666666666
LINC-PINT	1	0	1	1
LINC00106	1	1	0	1
LINC00115	1	1	0	1
LINC00173	1	0	1	1
LINC00174	1	1	0	1
LINC00176	1	1	0	1
LINC00205	1	1	0	1
LINC00216	1	1	0	1
LINC00239	1	1	0	1
LINC00240	1	1	0	1
LINC00243	1	1	0	1
LINC002481	1	1	0	1
LINC00265	1	1	0	1
LINC00271	1	0	1	1
LINC00294	1	0	1	1
LINC00324	1	0	1	1
LINC00337	1	1	0	1
LINC00339	1	0	1	1
LINC00342	1	1	0	1
LINC00346	1	1	0	1
LINC00365	1	1	0	1
LINC00412	1	1	0	1
LINC00449	1	0	1	1
LINC00452	2	1	1	0.5
LINC00461	1	0	1	1
LINC00467	1	1	0	1
LINC00471	1	1	0	1
LINC00472	1	1	0	1
LINC00476	1	1	0	1
LINC00491	1	0	1	1
LINC00501	1	0	1	1
LINC00513	1	1	0	1
LINC00514	1	0	1	1
LINC00525	1	0	1	1
LINC00526	1	0	1	1
LINC00537	1	0	1	1
LINC00543	1	1	0	1
LINC00562	1	0	1	1
LINC00565	1	1	0	1
LINC00571	1	1	0	1
LINC00578	1	0	1	1
LINC00592	1	0	1	1
LINC00598	1	0	1	1
LINC00607	1	0	1	1
LINC00621	1	0	1	1
LINC00629	1	0	1	1
LINC00630	1	0	1	1
LINC00632	2	0	2	1
LINC00634	1	1	0	1
LINC00638	1	1	0	1
LINC00641	1	0	1	1
LINC00653	1	1	0	1
LINC00654	1	0	1	1
LINC00662	1	0	1	1
LINC00663	1	1	0	1
LINC00664	1	0	1	1
LINC00665	1	0	1	1
LINC00667	1	1	0	1
LINC00672	1	0	1	1
LINC00673	1	0	1	1
LINC00674	1	1	0	1
LINC00680	1	1	0	1
LINC00685	1	0	1	1
LINC00702	1	1	0	1
LINC00707	1	0	1	1
LINC00824	1	0	1	1
LINC00839	1	1	0	1
LINC00842	1	1	0	1
LINC00847	1	1	0	1
LINC00852	1	1	0	1
LINC00857	1	0	1	1
LINC00858	1	1	0	1
LINC00863	1	1	0	1
LINC00865	1	0	1	1
LINC00869	1	0	1	1
LINC00880	1	0	1	1
LINC00882	1	1	0	1
LINC00884	1	0	1	1
LINC00886	1	0	1	1
LINC00887	1	0	1	1
LINC00888	1	0	1	1
LINC00893	1	1	0	1
LINC00894	1	1	0	1
LINC00896	1	1	0	1
LINC00899	1	1	0	1
LINC00908	1	1	0	1
LINC00909	1	1	0	1
LINC00910	1	1	0	1
LINC00920	1	0	1	1
LINC00921	1	1	0	1
LINC00933	1	0	1	1
LINC00938	1	0	1	1
LINC00941	1	0	1	1
LINC00944	1	1	0	1
LINC00957	1	0	1	1
LINC00958	1	0	1	1
LINC00961	1	0	1	1
LINC00963	1	1	0	1
LINC00987	1	1	0	1
LINC00997	1	1	0	1
LINC00998	1	1	0	1
LINC00999	2	1	1	0.5
LINC01000	1	1	0	1
LINC01001	1	1	0	1
LINC01002	1	1	0	1
LINC01003	1	1	0	1
LINC01004	1	1	0	1
LINC01006	1	1	0	1
LINC01011	1	1	0	1
LINC01012	1	0	1	1
LINC01023	1	1	0	1
LINC01061	1	1	0	1
LINC01089	1	0	1	1
LINC01094	1	0	1	1
LINC01096	1	1	0	1
LINC01102	1	0	1	1
LINC01106	1	0	1	1
LINC01111	1	0	1	1
LINC01115	1	1	0	1
LINC01116	1	0	1	1
LINC01117	1	0	1	1
LINC01119	1	0	1	1
LINC01121	1	0	1	1
LINC01123	1	0	1	1
LINC01124	1	1	0	1
LINC01126	1	1	0	1
LINC01127	1	1	0	1
LINC01128	1	1	0	1
LINC01132	1	1	0	1
LINC01133	1	0	1	1
LINC01134	1	1	0	1
LINC01135	1	1	0	1
LINC01137	1	1	0	1
LINC01138	1	0	1	1
LINC01139	1	0	1	1
LINC01140	1	0	1	1
LINC01144	1	1	0	1
LINC01151	1	1	0	1
LINC01159	1	1	0	1
LINC01160	1	0	1	1
LINC01176	1	0	1	1
LINC01184	1	1	0	1
LINC01186	1	0	1	1
LINC01191	1	1	0	1
LINC01206	1	0	1	1
LINC01220	1	1	0	1
LINC01224	1	1	0	1
LINC01232	1	0	1	1
LINC01234	1	1	0	1
LINC01235	1	0	1	1
LINC01237	1	1	0	1
LINC01238	1	1	0	1
LINC01239	1	0	1	1
LINC01252	1	0	1	1
LINC01260	1	0	1	1
LINC01270	1	0	1	1
LINC01272	1	1	0	1
LINC01273	1	0	1	1
LINC01277	1	1	0	1
LINC01278	1	0	1	1
LINC01301	1	0	1	1
LINC01311	1	1	0	1
LINC01315	1	1	0	1
LINC01347	1	1	0	1
LINC01355	1	0	1	1
LINC01356	1	0	1	1
LINC01366	1	1	0	1
LINC01372	1	0	1	1
LINC01376	1	0	1	1
LINC01405	1	0	1	1
LINC01410	1	0	1	1
LINC01411	1	1	0	1
LINC01424	1	1	0	1
LINC01447	1	0	1	1
LINC01456	1	1	0	1
LINC01460	1	0	1	1
LINC01473	1	0	1	1
LINC01503	1	0	1	1
LINC01504	1	1	0	1
LINC01508	1	0	1	1
LINC01515	1	0	1	1
LINC01521	1	1	0	1
LINC01524	1	1	0	1
LINC01530	1	1	0	1
LINC01534	1	1	0	1
LINC01535	1	0	1	1
LINC01537	1	0	1	1
LINC01547	1	1	0	1
LINC01551	1	0	1	1
LINC01559	1	1	0	1
LINC01560	1	1	0	1
LINC01569	1	1	0	1
LINC01572	1	0	1	1
LINC01578	1	0	1	1
LINC01588	1	0	1	1
LINC01589	1	0	1	1
LINC01590	1	0	1	1
LINC01605	1	0	1	1
LINC01607	1	0	1	1
LINC01635	1	1	0	1
LINC01637	1	1	0	1
LINC01671	1	1	0	1
LINC01694	1	1	0	1
LINC01703	1	0	1	1
LINC01711	1	1	0	1
LINC01714	1	0	1	1
LINC01715	1	1	0	1
LINC01719	1	1	0	1
LINC01772	1	0	1	1
LINC01776	1	1	0	1
LINC01801	1	1	0	1
LINC01814	1	1	0	1
LINC01816	1	0	1	1
LINC01833	1	0	1	1
LINC01835	1	1	0	1
LINC01842	1	1	0	1
LINC01843	1	1	0	1
LINC01847	1	1	0	1
LINC01852	1	0	1	1
LINC01881	1	0	1	1
LINC01886	1	0	1	1
LINC01910	1	0	1	1
LINC01931	1	0	1	1
LINC01936	1	1	0	1
LINC01963	1	1	0	1
LINC01968	1	1	0	1
LINC01970	1	1	0	1
LINC01983	1	0	1	1
LINC01989	1	1	0	1
LINC01992	1	0	1	1
LINC02004	1	0	1	1
LINC02006	1	0	1	1
LINC02009	1	0	1	1
LINC02012	1	0	1	1
LINC02014	1	1	0	1
LINC02015	1	0	1	1
LINC02021	1	1	0	1
LINC02029	1	0	1	1
LINC02035	1	0	1	1
LINC02041	1	0	1	1
LINC02043	1	1	0	1
LINC02054	1	0	1	1
LINC02067	1	1	0	1
LINC02085	1	0	1	1
LINC02101	1	0	1	1
LINC02154	1	0	1	1
LINC02167	1	0	1	1
LINC02175	1	1	0	1
LINC02210	1	1	0	1
LINC02225	1	0	1	1
LINC02227	1	1	0	1
LINC02246	1	0	1	1
LINC02257	1	0	1	1
LINC02273	1	1	0	1
LINC02282	1	0	1	1
LINC02298	1	1	0	1
LINC02302	1	0	1	1
LINC02323	1	0	1	1
LINC02343	1	1	0	1
LINC02347	1	0	1	1
LINC02363	1	0	1	1
LINC02387	1	0	1	1
LINC02449	1	0	1	1
LINC02450	1	0	1	1
LINC02453	1	0	1	1
LINC02454	1	0	1	1
LINC02461	1	0	1	1
LINC02474	1	1	0	1
LINC02482	1	1	0	1
LINC02535	1	0	1	1
LINC02551	1	0	1	1
LINC02569	1	1	0	1
LINC02582	1	1	0	1
LINC02603	1	0	1	1
LINC02604	1	1	0	1
LINC02606	1	1	0	1
LINC02609	1	0	1	1
LINC02610	1	1	0	1
LINC02615	1	1	0	1
LINC02649	1	0	1	1
LINC02657	1	0	1	1
LINC02683	1	0	1	1
LINC02693	1	0	1	1
LINC02709	1	0	1	1
LINC02728	1	0	1	1
LINC02762	1	0	1	1
LINC02783	1	1	0	1
LINC02825	1	0	1	1
LINC02861	1	0	1	1
LINC02870	1	1	0	1
LINC02874	1	0	1	1
LINGO1	1	0	1	1
LINGO2	3	0	3	1
LINGO3	1	0	1	1
LINGO4	1	0	1	1
LINP1	1	0	1	1
LINS	1	1	0	1
LINS1	2	0	2	1
LIPA	3	2	1	0.6666666666666666
LIPC	2	2	0	1
LIPE	3	3	0	1
LIPE-AS1	1	0	1	1
LIPG	3	1	2	0.6666666666666666
LIPH	3	1	2	0.6666666666666666
LIPI	1	1	0	1
LIPJ	1	0	1	1
LIPK	1	0	1	1
LIPM	2	1	1	0.5
LIPN	1	0	1	1
LIPT1	3	2	1	0.6666666666666666
LIPT2	3	1	2	0.6666666666666666
LITAF	3	3	0	1
LIX1	2	0	2	1
LIX1L	3	2	1	0.6666666666666666
LKAAEAR1	1	0	1	1
LLGL1	3	3	0	1
LLGL2	3	2	1	0.6666666666666666
LLPH	3	1	2	0.6666666666666666
LMAN1	3	0	3	1
LMAN1L	1	0	1	1
LMAN2	3	1	2	0.6666666666666666
LMAN2L	3	3	0	1
LMBR1	3	2	1	0.6666666666666666
LMBR1L	3	1	2	0.6666666666666666
LMBRD1	3	2	1	0.6666666666666666
LMBRD2	3	1	2	0.6666666666666666
LMCD1	3	2	1	0.6666666666666666
LMCD1-AS1	1	1	0	1
LMF1	3	2	1	0.6666666666666666
LMF2	3	2	1	0.6666666666666666
LMLN	3	1	2	0.6666666666666666
LMNA	3	2	1	0.6666666666666666
LMNB1	3	2	1	0.6666666666666666
LMNB2	3	3	0	1
LMNTD1	1	0	1	1
LMNTD2	2	1	1	0.5
LMNTD2-AS1	1	1	0	1
LMO1	2	0	2	1
LMO2	3	1	2	0.6666666666666666
LMO3	1	1	0	1
LMO4	3	0	3	1
LMO7	3	2	1	0.6666666666666666
LMO7-AS1	1	1	0	1
LMO7DN	1	0	1	1
LMOD1	1	0	1	1
LMOD2	1	1	0	1
LMOD3	1	0	1	1
LMTK2	3	0	3	1
LMTK3	3	2	1	0.6666666666666666
LMX1A	1	1	0	1
LMX1B	1	0	1	1
LNCAROD	1	0	1	1
LNCOC1	1	0	1	1
LNCOG	1	1	0	1
LNP1	3	0	3	1
LNPEP	3	0	3	1
LNPK	2	0	2	1
LNX1	3	3	0	1
LNX2	3	1	2	0.6666666666666666
LOC100126447	1	0	1	1
LOC100126784	1	0	1	1
LOC100128108	1	0	1	1
LOC100128288	1	1	0	1
LOC100128340	1	1	0	1
LOC100128398	1	1	0	1
LOC100128494	1	0	1	1
LOC100128653	1	1	0	1
LOC100128770	1	1	0	1
LOC100128882	1	1	0	1
LOC100128885	1	0	1	1
LOC100128966	1	1	0	1
LOC100128988	1	1	0	1
LOC100129034	1	1	0	1
LOC100129083	1	1	0	1
LOC100129203	1	1	0	1
LOC100129216	1	1	0	1
LOC100129434	1	1	0	1
LOC100129484	1	1	0	1
LOC100129534	1	1	0	1
LOC100129697	1	0	1	1
LOC100129917	1	1	0	1
LOC100129931	1	0	1	1
LOC100129940	1	0	1	1
LOC100130027	1	1	0	1
LOC100130111	1	1	0	1
LOC100130172	1	1	0	1
LOC100130283	1	1	0	1
LOC100130357	2	0	2	1
LOC100130370	1	0	1	1
LOC100130449	1	0	1	1
LOC100130451	1	1	0	1
LOC100130548	1	1	0	1
LOC100130691	1	0	1	1
LOC100130705	1	0	1	1
LOC100130744	1	0	1	1
LOC100130872	1	0	1	1
LOC100130880	1	0	1	1
LOC100130950	1	1	0	1
LOC100130987	1	0	1	1
LOC100130992	1	0	1	1
LOC100131107	1	1	0	1
LOC100131289	1	0	1	1
LOC100131303	1	1	0	1
LOC100131496	1	1	0	1
LOC100132215	1	0	1	1
LOC100132249	1	0	1	1
LOC100132356	1	1	0	1
LOC100132813	1	1	0	1
LOC100133091	1	1	0	1
LOC100133315	1	0	1	1
LOC100133331	1	1	0	1
LOC100134368	1	1	0	1
LOC100134868	1	0	1	1
LOC100268168	1	1	0	1
LOC100270746	1	1	0	1
LOC100272217	1	1	0	1
LOC100287015	1	1	0	1
LOC100287036	1	1	0	1
LOC100287042	1	1	0	1
LOC100287049	1	0	1	1
LOC100287387	1	1	0	1
LOC100287497	1	0	1	1
LOC100287808	1	1	0	1
LOC100287896	2	0	2	1
LOC100288069	1	1	0	1
LOC100288123	1	1	0	1
LOC100288175	1	1	0	1
LOC100288203	1	0	1	1
LOC100288570	1	1	0	1
LOC100288637	1	1	0	1
LOC100288748	1	1	0	1
LOC100288798	1	0	1	1
LOC100289230	1	1	0	1
LOC100289333	1	1	0	1
LOC100289361	1	1	0	1
LOC100289495	1	1	0	1
LOC100289561	2	2	0	1
LOC100294145	1	0	1	1
LOC100310756	1	1	0	1
LOC100379224	1	0	1	1
LOC100419583	1	0	1	1
LOC100420587	1	0	1	1
LOC100499489	1	0	1	1
LOC100505478	1	0	1	1
LOC100505501	1	1	0	1
LOC100505549	2	1	1	0.5
LOC100505715	1	1	0	1
LOC100505797	1	1	0	1
LOC100505841	1	1	0	1
LOC100505851	1	1	0	1
LOC100505938	1	1	0	1
LOC100506023	1	0	1	1
LOC100506071	1	0	1	1
LOC100506076	1	1	0	1
LOC100506083	1	1	0	1
LOC100506098	1	0	1	1
LOC100506100	1	1	0	1
LOC100506124	1	1	0	1
LOC100506127	1	1	0	1
LOC100506142	1	0	1	1
LOC100506178	1	0	1	1
LOC100506207	1	1	0	1
LOC100506271	1	1	0	1
LOC100506282	1	1	0	1
LOC100506302	1	1	0	1
LOC100506388	1	0	1	1
LOC100506472	1	1	0	1
LOC100506476	1	0	1	1
LOC100506497	1	0	1	1
LOC100506551	1	1	0	1
LOC100506606	1	0	1	1
LOC100506639	1	1	0	1
LOC100506691	1	1	0	1
LOC100506730	1	0	1	1
LOC100506804	1	1	0	1
LOC100506990	1	1	0	1
LOC100507002	1	0	1	1
LOC100507006	1	1	0	1
LOC100507053	1	1	0	1
LOC100507250	1	1	0	1
LOC100507283	1	1	0	1
LOC100507291	1	1	0	1
LOC100507373	1	0	1	1
LOC100507387	1	1	0	1
LOC100507437	1	1	0	1
LOC100507507	2	2	0	1
LOC100507516	1	1	0	1
LOC100507547	1	1	0	1
LOC100507551	1	0	1	1
LOC100507557	1	1	0	1
LOC100507564	1	1	0	1
LOC100507599	1	1	0	1
LOC100507634	1	1	0	1
LOC100652758	1	1	0	1
LOC100652768	1	1	0	1
LOC100653233	1	1	0	1
LOC100996419	1	1	0	1
LOC100996437	1	1	0	1
LOC100996634	1	1	0	1
LOC100996643	1	1	0	1
LOC100996693	1	0	1	1
LOC100996842	2	2	0	1
LOC101241902	1	1	0	1
LOC101559451	1	1	0	1
LOC101593348	1	0	1	1
LOC101926935	1	1	0	1
LOC101927018	1	0	1	1
LOC101927021	1	1	0	1
LOC101927040	1	1	0	1
LOC101927045	1	0	1	1
LOC101927050	1	1	0	1
LOC101927124	1	0	1	1
LOC101927151	1	1	0	1
LOC101927157	1	1	0	1
LOC101927189	1	0	1	1
LOC101927245	1	0	1	1
LOC101927267	1	0	1	1
LOC101927318	1	0	1	1
LOC101927322	2	2	0	1
LOC101927365	1	1	0	1
LOC101927377	1	0	1	1
LOC101927391	1	0	1	1
LOC101927394	1	1	0	1
LOC101927402	1	0	1	1
LOC101927420	1	0	1	1
LOC101927503	1	1	0	1
LOC101927543	1	1	0	1
LOC101927550	1	1	0	1
LOC101927572	2	1	1	0.5
LOC101927604	1	1	0	1
LOC101927635	1	1	0	1
LOC101927699	1	1	0	1
LOC101927751	1	0	1	1
LOC101927752	1	1	0	1
LOC101927769	1	1	0	1
LOC101927770	1	0	1	1
LOC101927789	1	0	1	1
LOC101927809	1	1	0	1
LOC101927811	1	0	1	1
LOC101927844	1	1	0	1
LOC101927919	1	0	1	1
LOC101927932	1	1	0	1
LOC101927974	1	1	0	1
LOC101927989	1	1	0	1
LOC101928000	1	0	1	1
LOC101928034	1	1	0	1
LOC101928053	1	0	1	1
LOC101928063	1	0	1	1
LOC101928068	1	0	1	1
LOC101928069	1	1	0	1
LOC101928075	1	0	1	1
LOC101928093	1	0	1	1
LOC101928120	1	0	1	1
LOC101928222	1	1	0	1
LOC101928279	1	1	0	1
LOC101928323	1	0	1	1
LOC101928414	1	1	0	1
LOC101928424	1	0	1	1
LOC101928436	1	0	1	1
LOC101928445	1	1	0	1
LOC101928489	1	0	1	1
LOC101928504	1	1	0	1
LOC101928525	1	1	0	1
LOC101928595	1	0	1	1
LOC101928673	1	0	1	1
LOC101928674	1	0	1	1
LOC101928725	1	1	0	1
LOC101928728	1	0	1	1
LOC101928764	1	1	0	1
LOC101928841	2	1	1	0.5
LOC101929054	1	0	1	1
LOC101929066	1	1	0	1
LOC101929099	1	0	1	1
LOC101929128	1	0	1	1
LOC101929140	1	1	0	1
LOC101929162	1	0	1	1
LOC101929188	1	1	0	1
LOC101929234	1	0	1	1
LOC101929243	1	1	0	1
LOC101929331	1	0	1	1
LOC101929340	1	1	0	1
LOC101929372	1	0	1	1
LOC101929479	1	1	0	1
LOC101929536	1	1	0	1
LOC101929574	1	0	1	1
LOC101929613	1	0	1	1
LOC101929626	1	0	1	1
LOC101929705	1	0	1	1
LOC101929709	1	1	0	1
LOC101929718	1	0	1	1
LOC101929719	1	1	0	1
LOC101929748	1	1	0	1
LOC101929767	1	1	0	1
LOC101929882	1	1	0	1
LOC101930085	1	1	0	1
LOC101930370	1	1	0	1
LOC102606465	1	0	1	1
LOC102723373	1	1	0	1
LOC102723566	1	0	1	1
LOC102723582	1	1	0	1
LOC102723665	1	1	0	1
LOC102723672	1	1	0	1
LOC102723753	1	0	1	1
LOC102724064	1	0	1	1
LOC102724156	1	0	1	1
LOC102724265	1	1	0	1
LOC102724378	1	1	0	1
LOC102724434	1	1	0	1
LOC102724467	1	1	0	1
LOC102724532	1	1	0	1
LOC102724708	1	1	0	1
LOC102724814	1	0	1	1
LOC102724849	1	1	0	1
LOC102724908	1	0	1	1
LOC102725021	1	1	0	1
LOC103344931	1	1	0	1
LOC103611081	1	0	1	1
LOC104968399	1	1	0	1
LOC105274304	1	1	0	1
LOC105369147	1	1	0	1
LOC105369201	1	0	1	1
LOC105369332	1	0	1	1
LOC105370203	1	1	0	1
LOC105370792	1	1	0	1
LOC105370941	1	1	0	1
LOC105371049	1	0	1	1
LOC105371083	1	1	0	1
LOC105371215	1	0	1	1
LOC105371267	1	1	0	1
LOC105371414	1	1	0	1
LOC105371592	1	1	0	1
LOC105371763	1	1	0	1
LOC105371795	1	0	1	1
LOC105371814	1	1	0	1
LOC105371855	1	1	0	1
LOC105371925	1	1	0	1
LOC105371998	1	0	1	1
LOC105372273	1	0	1	1
LOC105372280	1	0	1	1
LOC105372480	1	1	0	1
LOC105372493	1	1	0	1
LOC105372582	1	0	1	1
LOC105372795	1	1	0	1
LOC105373159	1	0	1	1
LOC105373311	1	0	1	1
LOC105373383	1	1	0	1
LOC105373759	1	1	0	1
LOC105373878	1	1	0	1
LOC105374297	1	0	1	1
LOC105374344	1	1	0	1
LOC105374378	1	0	1	1
LOC105374727	1	1	0	1
LOC105374952	1	1	0	1
LOC105375396	1	1	0	1
LOC105375401	1	0	1	1
LOC105375545	1	1	0	1
LOC105375690	1	1	0	1
LOC105375713	1	1	0	1
LOC105375787	1	0	1	1
LOC105375800	1	1	0	1
LOC105376114	1	1	0	1
LOC105376306	1	1	0	1
LOC105376731	1	0	1	1
LOC105376805	1	0	1	1
LOC105377342	1	0	1	1
LOC105377621	1	0	1	1
LOC105377763	1	1	0	1
LOC105378586	1	1	0	1
LOC105379152	1	1	0	1
LOC105747689	1	0	1	1
LOC106699570	1	1	0	1
LOC107984035	1	0	1	1
LOC107984036	1	1	0	1
LOC107984282	1	1	0	1
LOC107984640	1	0	1	1
LOC107984974	1	0	1	1
LOC107985246	1	0	1	1
LOC107985544	1	0	1	1
LOC107985939	1	0	1	1
LOC107986163	1	1	0	1
LOC108783645	1	1	0	1
LOC108783654	1	1	0	1
LOC110091776	1	1	0	1
LOC112268124	1	0	1	1
LOC112543491	1	1	0	1
LOC112694756	1	1	0	1
LOC143666	1	1	0	1
LOC145694	1	1	0	1
LOC145783	1	1	0	1
LOC148709	1	0	1	1
LOC150051	2	1	1	0.5
LOC150776	1	1	0	1
LOC152048	1	0	1	1
LOC153684	1	1	0	1
LOC155060	1	1	0	1
LOC171391	1	1	0	1
LOC200726	1	1	0	1
LOC202181	1	1	0	1
LOC220729	1	1	0	1
LOC254896	1	0	1	1
LOC257396	1	1	0	1
LOC283028	1	1	0	1
LOC283299	1	0	1	1
LOC283335	1	0	1	1
LOC283683	1	0	1	1
LOC283710	1	0	1	1
LOC283922	1	1	0	1
LOC284009	1	0	1	1
LOC284454	1	1	0	1
LOC284581	1	1	0	1
LOC285074	1	0	1	1
LOC286437	1	1	0	1
LOC339192	1	1	0	1
LOC339803	1	1	0	1
LOC339874	1	0	1	1
LOC374443	1	0	1	1
LOC388282	1	1	0	1
LOC388436	1	1	0	1
LOC388692	1	0	1	1
LOC388780	1	0	1	1
LOC388813	1	1	0	1
LOC389199	1	1	0	1
LOC389247	1	0	1	1
LOC389602	1	1	0	1
LOC389641	1	1	0	1
LOC389765	1	0	1	1
LOC389895	1	0	1	1
LOC389906	1	1	0	1
LOC390877	1	1	0	1
LOC391322	1	1	0	1
LOC392232	1	1	0	1
LOC399815	1	1	0	1
LOC399975	1	1	0	1
LOC400684	1	1	0	1
LOC400927-CSNK1E	1	0	1	1
LOC401052	1	1	0	1
LOC401127	1	0	1	1
LOC401261	1	0	1	1
LOC403312	1	1	0	1
LOC441087	1	0	1	1
LOC441155	2	0	2	1
LOC441204	1	1	0	1
LOC441242	1	0	1	1
LOC441455	1	0	1	1
LOC441666	1	1	0	1
LOC554206	1	1	0	1
LOC642361	1	1	0	1
LOC642366	1	1	0	1
LOC642484	1	0	1	1
LOC642846	1	1	0	1
LOC643072	1	0	1	1
LOC643201	1	1	0	1
LOC643387	1	0	1	1
LOC643802	1	1	0	1
LOC644215	1	1	0	1
LOC644656	1	1	0	1
LOC645177	1	1	0	1
LOC645513	1	0	1	1
LOC646214	1	1	0	1
LOC646471	1	1	0	1
LOC646626	1	0	1	1
LOC646762	1	0	1	1
LOC646903	1	0	1	1
LOC647070	1	0	1	1
LOC648987	1	0	1	1
LOC650226	1	1	0	1
LOC652276	1	0	1	1
LOC653160	1	0	1	1
LOC653513	1	1	0	1
LOC653653	1	0	1	1
LOC653712	1	1	0	1
LOC727751	1	1	0	1
LOC727896	1	0	1	1
LOC728024	1	0	1	1
LOC728392	1	0	1	1
LOC728485	2	1	1	0.5
LOC728554	1	1	0	1
LOC728613	1	1	0	1
LOC728673	1	0	1	1
LOC728715	1	0	1	1
LOC728743	1	0	1	1
LOC728752	1	1	0	1
LOC728975	1	1	0	1
LOC729218	1	1	0	1
LOC729291	1	1	0	1
LOC729603	1	0	1	1
LOC729683	1	1	0	1
LOC729737	1	1	0	1
LOC729867	1	1	0	1
LOC729970	1	0	1	1
LOC730098	2	1	1	0.5
LOC730101	1	1	0	1
LOC730159	1	0	1	1
LOC730183	2	2	0	1
LOC730202	1	1	0	1
LOC730234	1	1	0	1
LOC730268	1	0	1	1
LOC79999	1	1	0	1
LOC81691	1	1	0	1
LOC91370	1	0	1	1
LOC93429	1	0	1	1
LOC93622	1	1	0	1
LOH12CR1	1	0	1	1
LOH12CR2	2	1	1	0.5
LONP1	3	2	1	0.6666666666666666
LONP2	3	1	2	0.6666666666666666
LONRF1	3	0	3	1
LONRF2	3	1	2	0.6666666666666666
LONRF3	3	0	3	1
LOX	3	2	1	0.6666666666666666
LOXHD1	1	1	0	1
LOXL1	3	2	1	0.6666666666666666
LOXL1-AS1	1	1	0	1
LOXL2	3	2	1	0.6666666666666666
LOXL3	3	2	1	0.6666666666666666
LOXL4	3	2	1	0.6666666666666666
LPA	1	1	0	1
LPAL2	1	0	1	1
LPAR1	3	2	1	0.6666666666666666
LPAR2	3	2	1	0.6666666666666666
LPAR3	2	1	1	0.5
LPAR4	1	0	1	1
LPAR5	3	1	2	0.6666666666666666
LPAR6	2	1	1	0.5
LPCAT1	3	3	0	1
LPCAT2	2	2	0	1
LPCAT3	3	0	3	1
LPCAT4	3	1	2	0.6666666666666666
LPGAT1	3	0	3	1
LPHN1	1	0	1	1
LPHN2	1	0	1	1
LPIN1	3	0	3	1
LPIN2	3	0	3	1
LPIN3	3	2	1	0.6666666666666666
LPL	3	2	1	0.6666666666666666
LPO	2	0	2	1
LPP	3	1	2	0.6666666666666666
LPP-AS2	1	1	0	1
LPPR3	1	0	1	1
LPXN	3	2	1	0.6666666666666666
LRAT	3	2	1	0.6666666666666666
LRATD1	1	0	1	1
LRATD2	1	1	0	1
LRBA	3	2	1	0.6666666666666666
LRCH1	3	2	1	0.6666666666666666
LRCH2	3	1	2	0.6666666666666666
LRCH3	3	1	2	0.6666666666666666
LRCH4	3	1	2	0.6666666666666666
LRCOL1	1	0	1	1
LRFN1	3	1	2	0.6666666666666666
LRFN3	3	1	2	0.6666666666666666
LRFN4	3	2	1	0.6666666666666666
LRG1	2	1	1	0.5
LRGUK	3	2	1	0.6666666666666666
LRIF1	3	1	2	0.6666666666666666
LRIG1	3	1	2	0.6666666666666666
LRIG2	3	1	2	0.6666666666666666
LRIG2-DT	1	1	0	1
LRIG3	3	1	2	0.6666666666666666
LRIT3	2	1	1	0.5
LRMDA	1	0	1	1
LRMP	1	0	1	1
LRP1	3	2	1	0.6666666666666666
LRP10	3	0	3	1
LRP11	3	0	3	1
LRP12	3	1	2	0.6666666666666666
LRP1B	2	0	2	1
LRP2	2	0	2	1
LRP2BP	3	1	2	0.6666666666666666
LRP3	3	1	2	0.6666666666666666
LRP4	3	0	3	1
LRP4-AS1	1	1	0	1
LRP5	3	2	1	0.6666666666666666
LRP5L	3	1	2	0.6666666666666666
LRP6	3	0	3	1
LRP8	3	1	2	0.6666666666666666
LRPAP1	3	2	1	0.6666666666666666
LRPPRC	3	1	2	0.6666666666666666
LRR1	3	2	1	0.6666666666666666
LRRC1	3	1	2	0.6666666666666666
LRRC10	1	0	1	1
LRRC10B	1	0	1	1
LRRC14	3	2	1	0.6666666666666666
LRRC14B	1	0	1	1
LRRC15	2	1	1	0.5
LRRC16A	1	1	0	1
LRRC16B	1	0	1	1
LRRC17	2	0	2	1
LRRC19	1	1	0	1
LRRC2	3	3	0	1
LRRC2-AS1	1	1	0	1
LRRC20	3	2	1	0.6666666666666666
LRRC23	3	1	2	0.6666666666666666
LRRC24	1	0	1	1
LRRC25	1	1	0	1
LRRC26	1	0	1	1
LRRC27	3	1	2	0.6666666666666666
LRRC28	3	1	2	0.6666666666666666
LRRC29	3	3	0	1
LRRC3	3	3	0	1
LRRC31	1	0	1	1
LRRC32	3	2	1	0.6666666666666666
LRRC34	3	0	3	1
LRRC36	1	0	1	1
LRRC37A	3	2	1	0.6666666666666666
LRRC37A2	3	3	0	1
LRRC37A3	3	1	2	0.6666666666666666
LRRC37A4P	1	0	1	1
LRRC37A6P	1	0	1	1
LRRC37A8P	1	1	0	1
LRRC37B	3	1	2	0.6666666666666666
LRRC38	1	1	0	1
LRRC39	3	1	2	0.6666666666666666
LRRC3C	1	0	1	1
LRRC3DN	1	1	0	1
LRRC4	2	2	0	1
LRRC40	3	1	2	0.6666666666666666
LRRC41	3	1	2	0.6666666666666666
LRRC42	3	2	1	0.6666666666666666
LRRC43	2	1	1	0.5
LRRC45	3	2	1	0.6666666666666666
LRRC46	3	1	2	0.6666666666666666
LRRC47	3	3	0	1
LRRC48	1	1	0	1
LRRC49	3	1	2	0.6666666666666666
LRRC4B	1	0	1	1
LRRC56	3	2	1	0.6666666666666666
LRRC57	3	1	2	0.6666666666666666
LRRC58	3	1	2	0.6666666666666666
LRRC59	3	2	1	0.6666666666666666
LRRC6	3	2	1	0.6666666666666666
LRRC61	3	2	1	0.6666666666666666
LRRC63	2	1	1	0.5
LRRC66	2	1	1	0.5
LRRC69	3	2	1	0.6666666666666666
LRRC7	3	1	2	0.6666666666666666
LRRC70	3	1	2	0.6666666666666666
LRRC71	2	1	1	0.5
LRRC72	1	0	1	1
LRRC73	2	0	2	1
LRRC74B	1	0	1	1
LRRC75A	2	1	1	0.5
LRRC75B	2	1	1	0.5
LRRC8A	3	2	1	0.6666666666666666
LRRC8B	3	0	3	1
LRRC8C	3	1	2	0.6666666666666666
LRRC8D	3	0	3	1
LRRC8E	3	2	1	0.6666666666666666
LRRCC1	3	1	2	0.6666666666666666
LRRD1	2	1	1	0.5
LRRFIP1	3	2	1	0.6666666666666666
LRRFIP2	3	1	2	0.6666666666666666
LRRIQ1	3	1	2	0.6666666666666666
LRRIQ3	3	3	0	1
LRRIQ4	3	1	2	0.6666666666666666
LRRK1	3	0	3	1
LRRK2	3	0	3	1
LRRN1	3	2	1	0.6666666666666666
LRRN2	2	1	1	0.5
LRRN3	1	0	1	1
LRRN4	3	1	2	0.6666666666666666
LRRN4CL	2	1	1	0.5
LRRTM2	1	0	1	1
LRRTM3	1	0	1	1
LRRTM4	1	0	1	1
LRSAM1	3	3	0	1
LRTM2	1	1	0	1
LRTOMT	3	2	1	0.6666666666666666
LRWD1	3	3	0	1
LSAMP	2	1	1	0.5
LSG1	3	2	1	0.6666666666666666
LSM1	3	1	2	0.6666666666666666
LSM10	3	2	1	0.6666666666666666
LSM11	3	2	1	0.6666666666666666
LSM12	3	1	2	0.6666666666666666
LSM14A	3	0	3	1
LSM14B	3	2	1	0.6666666666666666
LSM2	3	1	2	0.6666666666666666
LSM3	3	2	1	0.6666666666666666
LSM4	3	2	1	0.6666666666666666
LSM5	3	2	1	0.6666666666666666
LSM6	3	1	2	0.6666666666666666
LSM7	3	3	0	1
LSM8	2	1	1	0.5
LSMD1	1	0	1	1
LSMEM1	3	1	2	0.6666666666666666
LSMEM2	2	1	1	0.5
LSP1	1	1	0	1
LSP1P4	1	1	0	1
LSP1P5	1	1	0	1
LSR	3	2	1	0.6666666666666666
LSS	3	2	1	0.6666666666666666
LST1	2	1	1	0.5
LTA	2	1	1	0.5
LTA4H	3	2	1	0.6666666666666666
LTB	3	1	2	0.6666666666666666
LTB4R	3	0	3	1
LTB4R2	3	1	2	0.6666666666666666
LTBP1	3	0	3	1
LTBP2	3	2	1	0.6666666666666666
LTBP3	3	0	3	1
LTBP4	3	2	1	0.6666666666666666
LTBR	3	2	1	0.6666666666666666
LTC4S	2	1	1	0.5
LTF	2	2	0	1
LTK	2	0	2	1
LTN1	3	2	1	0.6666666666666666
LTO1	1	1	0	1
LTV1	3	2	1	0.6666666666666666
LUC7L	3	1	2	0.6666666666666666
LUC7L2	3	3	0	1
LUC7L3	3	3	0	1
LUCAT1	1	1	0	1
LUM	1	0	1	1
LURAP1	1	0	1	1
LURAP1L	3	1	2	0.6666666666666666
LURAP1L-AS1	1	0	1	1
LUZP1	3	2	1	0.6666666666666666
LUZP2	2	2	0	1
LUZP6	1	0	1	1
LVRN	2	0	2	1
LXN	3	1	2	0.6666666666666666
LY6D	2	2	0	1
LY6E	3	2	1	0.6666666666666666
LY6G5B	3	3	0	1
LY6G5C	2	2	0	1
LY6G6C	2	0	2	1
LY6G6D	1	0	1	1
LY6G6F	1	0	1	1
LY6H	1	0	1	1
LY6K	3	1	2	0.6666666666666666
LY75	3	1	2	0.6666666666666666
LY75-CD302	1	1	0	1
LY9	1	1	0	1
LY96	2	0	2	1
LYAR	3	1	2	0.6666666666666666
LYG1	3	0	3	1
LYG2	3	2	1	0.6666666666666666
LYL1	1	1	0	1
LYN	3	2	1	0.6666666666666666
LYNX1	1	1	0	1
LYPD1	3	2	1	0.6666666666666666
LYPD2	1	1	0	1
LYPD3	3	3	0	1
LYPD4	1	0	1	1
LYPD5	3	2	1	0.6666666666666666
LYPD6	3	2	1	0.6666666666666666
LYPD6B	3	1	2	0.6666666666666666
LYPLA1	3	1	2	0.6666666666666666
LYPLA2	3	2	1	0.6666666666666666
LYPLA2P2	1	1	0	1
LYPLAL1	3	2	1	0.6666666666666666
LYPLAL1-DT	1	1	0	1
LYRM1	3	1	2	0.6666666666666666
LYRM2	3	1	2	0.6666666666666666
LYRM4	3	2	1	0.6666666666666666
LYRM4-AS1	1	1	0	1
LYRM5	1	1	0	1
LYRM7	3	3	0	1
LYRM9	3	2	1	0.6666666666666666
LYSMD1	3	0	3	1
LYSMD2	3	1	2	0.6666666666666666
LYSMD3	3	1	2	0.6666666666666666
LYSMD4	3	3	0	1
LYST	3	1	2	0.6666666666666666
LYZ	1	0	1	1
LYZL2	1	1	0	1
LYZL4	1	1	0	1
LYZL6	1	0	1	1
LZIC	3	2	1	0.6666666666666666
LZTFL1	3	2	1	0.6666666666666666
LZTR1	3	2	1	0.6666666666666666
LZTS1	2	0	2	1
LZTS2	3	1	2	0.6666666666666666
LZTS3	3	1	2	0.6666666666666666
M1AP	3	1	2	0.6666666666666666
M6PR	3	0	3	1
MAATS1	2	0	2	1
MAB21L1	1	0	1	1
MAB21L2	1	0	1	1
MAB21L3	2	1	1	0.5
MAB21L4	1	1	0	1
MACC1	3	2	1	0.6666666666666666
MACF1	3	2	1	0.6666666666666666
MACO1	1	1	0	1
MACROD1	3	3	0	1
MACROD2	3	2	1	0.6666666666666666
MACROH2A1	1	1	0	1
MACROH2A2	1	1	0	1
MAD1L1	3	3	0	1
MAD2L1	3	2	1	0.6666666666666666
MAD2L1BP	3	2	1	0.6666666666666666
MAD2L2	3	1	2	0.6666666666666666
MADCAM1	2	1	1	0.5
MADD	3	3	0	1
MAEA	3	2	1	0.6666666666666666
MAEL	1	0	1	1
MAF	2	2	0	1
MAF1	3	1	2	0.6666666666666666
MAFA	1	0	1	1
MAFB	3	2	1	0.6666666666666666
MAFF	3	1	2	0.6666666666666666
MAFG	3	2	1	0.6666666666666666
MAFG-DT	1	1	0	1
MAFK	3	1	2	0.6666666666666666
MAG	1	1	0	1
MAGEA1	1	0	1	1
MAGEA10	1	0	1	1
MAGEA11	1	0	1	1
MAGEA4	1	0	1	1
MAGEA6	1	0	1	1
MAGEA8	1	0	1	1
MAGEA9	1	0	1	1
MAGEA9B	1	0	1	1
MAGEB16	1	1	0	1
MAGEB17	1	0	1	1
MAGEB18	1	0	1	1
MAGEB2	1	0	1	1
MAGEB6	1	1	0	1
MAGEC1	1	0	1	1
MAGEC2	1	0	1	1
MAGEC3	1	0	1	1
MAGED1	3	1	2	0.6666666666666666
MAGED2	3	2	1	0.6666666666666666
MAGED4	3	2	1	0.6666666666666666
MAGED4B	3	2	1	0.6666666666666666
MAGEE1	3	0	3	1
MAGEE2	1	0	1	1
MAGEF1	3	1	2	0.6666666666666666
MAGEH1	3	2	1	0.6666666666666666
MAGEL2	2	1	1	0.5
MAGI1	3	1	2	0.6666666666666666
MAGI2	3	0	3	1
MAGI2-AS3	1	0	1	1
MAGI3	3	2	1	0.6666666666666666
MAGIX	3	2	1	0.6666666666666666
MAGOH	3	0	3	1
MAGOHB	3	1	2	0.6666666666666666
MAGT1	3	0	3	1
MAIP1	2	1	1	0.5
MAJIN	2	0	2	1
MAK	3	3	0	1
MAK16	3	0	3	1
MAL	3	1	2	0.6666666666666666
MAL2	3	1	2	0.6666666666666666
MAL2-AS1	1	1	0	1
MALAT1	1	1	0	1
MALINC1	1	1	0	1
MALL	3	1	2	0.6666666666666666
MALRD1	1	0	1	1
MALSU1	3	2	1	0.6666666666666666
MALT1	3	3	0	1
MAMDC2	3	2	1	0.6666666666666666
MAMDC2-AS1	1	1	0	1
MAMDC4	3	2	1	0.6666666666666666
MAML1	3	1	2	0.6666666666666666
MAML2	3	1	2	0.6666666666666666
MAML3	3	1	2	0.6666666666666666
MAMLD1	3	1	2	0.6666666666666666
MAMSTR	3	2	1	0.6666666666666666
MAN1A1	3	0	3	1
MAN1A2	3	1	2	0.6666666666666666
MAN1B1	3	3	0	1
MAN1B1-DT	1	1	0	1
MAN1C1	2	0	2	1
MAN2A1	3	1	2	0.6666666666666666
MAN2A2	3	0	3	1
MAN2B1	3	1	2	0.6666666666666666
MAN2B2	3	2	1	0.6666666666666666
MAN2C1	3	2	1	0.6666666666666666
MANBA	3	1	2	0.6666666666666666
MANBAL	3	2	1	0.6666666666666666
MANCR	1	1	0	1
MANEA	3	1	2	0.6666666666666666
MANEA-DT	1	0	1	1
MANEAL	3	2	1	0.6666666666666666
MANF	3	1	2	0.6666666666666666
MANSC1	3	0	3	1
MANSC4	1	0	1	1
MAOA	3	2	1	0.6666666666666666
MAOB	1	1	0	1
MAP10	3	2	1	0.6666666666666666
MAP11	1	1	0	1
MAP1A	3	2	1	0.6666666666666666
MAP1B	3	2	1	0.6666666666666666
MAP1LC3A	1	1	0	1
MAP1LC3B	3	2	1	0.6666666666666666
MAP1LC3B2	3	2	1	0.6666666666666666
MAP1LC3C	2	1	1	0.5
MAP1S	3	2	1	0.6666666666666666
MAP2	3	1	2	0.6666666666666666
MAP2K1	3	1	2	0.6666666666666666
MAP2K2	3	2	1	0.6666666666666666
MAP2K3	3	3	0	1
MAP2K4	3	1	2	0.6666666666666666
MAP2K5	3	2	1	0.6666666666666666
MAP2K6	3	1	2	0.6666666666666666
MAP2K7	3	2	1	0.6666666666666666
MAP3K1	3	1	2	0.6666666666666666
MAP3K10	3	1	2	0.6666666666666666
MAP3K11	3	3	0	1
MAP3K12	3	2	1	0.6666666666666666
MAP3K13	3	1	2	0.6666666666666666
MAP3K14	2	2	0	1
MAP3K14-AS1	1	1	0	1
MAP3K15	3	1	2	0.6666666666666666
MAP3K19	1	1	0	1
MAP3K2	3	2	1	0.6666666666666666
MAP3K20	1	0	1	1
MAP3K20-AS1	1	0	1	1
MAP3K21	2	1	1	0.5
MAP3K3	3	1	2	0.6666666666666666
MAP3K4	3	0	3	1
MAP3K5	3	1	2	0.6666666666666666
MAP3K6	3	3	0	1
MAP3K7	3	1	2	0.6666666666666666
MAP3K7CL	3	2	1	0.6666666666666666
MAP3K8	3	0	3	1
MAP3K9	3	2	1	0.6666666666666666
MAP4	3	1	2	0.6666666666666666
MAP4K1	3	2	1	0.6666666666666666
MAP4K2	3	2	1	0.6666666666666666
MAP4K3	3	0	3	1
MAP4K3-DT	1	0	1	1
MAP4K4	3	1	2	0.6666666666666666
MAP4K5	3	2	1	0.6666666666666666
MAP6	2	1	1	0.5
MAP6D1	3	1	2	0.6666666666666666
MAP7	3	1	2	0.6666666666666666
MAP7D1	3	2	1	0.6666666666666666
MAP7D2	3	0	3	1
MAP7D3	3	2	1	0.6666666666666666
MAP9	3	3	0	1
MAPK1	3	1	2	0.6666666666666666
MAPK10	3	1	2	0.6666666666666666
MAPK11	3	2	1	0.6666666666666666
MAPK12	3	1	2	0.6666666666666666
MAPK13	3	1	2	0.6666666666666666
MAPK14	3	1	2	0.6666666666666666
MAPK15	3	2	1	0.6666666666666666
MAPK1IP1L	3	3	0	1
MAPK3	3	3	0	1
MAPK4	2	0	2	1
MAPK6	3	2	1	0.6666666666666666
MAPK6-DT	1	1	0	1
MAPK7	3	3	0	1
MAPK8	3	1	2	0.6666666666666666
MAPK8IP1	3	2	1	0.6666666666666666
MAPK8IP2	3	1	2	0.6666666666666666
MAPK8IP3	3	2	1	0.6666666666666666
MAPK9	3	2	1	0.6666666666666666
MAPKAP1	3	3	0	1
MAPKAPK2	3	0	3	1
MAPKAPK3	3	1	2	0.6666666666666666
MAPKAPK5	3	2	1	0.6666666666666666
MAPKAPK5-AS1	1	0	1	1
MAPKBP1	3	2	1	0.6666666666666666
MAPRE1	3	2	1	0.6666666666666666
MAPRE2	3	2	1	0.6666666666666666
MAPRE3	3	1	2	0.6666666666666666
MAPT	3	1	2	0.6666666666666666
MARC1	1	0	1	1
MARC2	1	1	0	1
MARCH1	1	0	1	1
MARCH10	1	0	1	1
MARCH2	1	0	1	1
MARCH3	1	1	0	1
MARCH4	1	1	0	1
MARCH5	1	1	0	1
MARCH6	1	0	1	1
MARCH7	1	1	0	1
MARCH8	1	0	1	1
MARCH9	1	1	0	1
MARCHF1	1	0	1	1
MARCHF10	1	0	1	1
MARCHF2	1	1	0	1
MARCHF3	1	1	0	1
MARCHF4	1	1	0	1
MARCHF5	1	0	1	1
MARCHF6	1	0	1	1
MARCHF7	1	0	1	1
MARCHF8	1	0	1	1
MARCHF9	1	1	0	1
MARCKS	3	3	0	1
MARCKSL1	3	2	1	0.6666666666666666
MARCO	2	2	0	1
MARF1	1	1	0	1
MARK1	3	2	1	0.6666666666666666
MARK2	3	3	0	1
MARK3	3	1	2	0.6666666666666666
MARK4	3	1	2	0.6666666666666666
MARS	2	1	1	0.5
MARS1	1	0	1	1
MARS2	3	2	1	0.6666666666666666
MARVELD1	3	3	0	1
MARVELD2	3	1	2	0.6666666666666666
MARVELD3	3	2	1	0.6666666666666666
MASP1	2	0	2	1
MASP2	3	3	0	1
MAST1	3	2	1	0.6666666666666666
MAST2	3	2	1	0.6666666666666666
MAST3	3	2	1	0.6666666666666666
MAST4	3	2	1	0.6666666666666666
MAST4-AS1	1	0	1	1
MASTL	3	1	2	0.6666666666666666
MAT1A	2	1	1	0.5
MAT2A	3	2	1	0.6666666666666666
MAT2B	3	2	1	0.6666666666666666
MATK	3	1	2	0.6666666666666666
MATN1	2	1	1	0.5
MATN1-AS1	1	0	1	1
MATN2	3	1	2	0.6666666666666666
MATN3	3	2	1	0.6666666666666666
MATN4	2	1	1	0.5
MATR3	3	1	2	0.6666666666666666
MAU2	3	2	1	0.6666666666666666
MAVS	3	3	0	1
MAX	3	2	1	0.6666666666666666
MAZ	3	1	2	0.6666666666666666
MB	3	1	2	0.6666666666666666
MB21D1	2	2	0	1
MB21D2	3	1	2	0.6666666666666666
MBD1	3	3	0	1
MBD2	3	1	2	0.6666666666666666
MBD3	3	2	1	0.6666666666666666
MBD4	3	2	1	0.6666666666666666
MBD5	3	2	1	0.6666666666666666
MBD6	3	1	2	0.6666666666666666
MBIP	3	2	1	0.6666666666666666
MBL1P	1	1	0	1
MBL2	1	0	1	1
MBLAC1	3	1	2	0.6666666666666666
MBLAC2	3	1	2	0.6666666666666666
MBNL1	3	1	2	0.6666666666666666
MBNL1-AS1	1	0	1	1
MBNL2	3	1	2	0.6666666666666666
MBNL3	3	1	2	0.6666666666666666
MBOAT1	3	2	1	0.6666666666666666
MBOAT2	3	2	1	0.6666666666666666
MBOAT4	2	2	0	1
MBOAT7	3	2	1	0.6666666666666666
MBP	3	2	1	0.6666666666666666
MBTD1	3	2	1	0.6666666666666666
MBTPS1	3	3	0	1
MBTPS2	3	1	2	0.6666666666666666
MC1R	3	2	1	0.6666666666666666
MC4R	2	0	2	1
MC5R	1	1	0	1
MCAM	3	2	1	0.6666666666666666
MCAT	3	2	1	0.6666666666666666
MCC	3	3	0	1
MCCC1	3	1	2	0.6666666666666666
MCCC2	3	1	2	0.6666666666666666
MCCD1	2	1	1	0.5
MCEE	3	2	1	0.6666666666666666
MCEMP1	1	0	1	1
MCF2	2	1	1	0.5
MCF2L	3	1	2	0.6666666666666666
MCF2L-AS1	1	0	1	1
MCF2L2	3	1	2	0.6666666666666666
MCFD2	3	2	1	0.6666666666666666
MCHR1	1	0	1	1
MCHR2	1	1	0	1
MCIDAS	3	1	2	0.6666666666666666
MCL1	3	1	2	0.6666666666666666
MCM10	3	2	1	0.6666666666666666
MCM2	3	3	0	1
MCM3	3	2	1	0.6666666666666666
MCM3AP	3	3	0	1
MCM3AP-AS1	1	1	0	1
MCM4	3	3	0	1
MCM5	3	2	1	0.6666666666666666
MCM6	3	1	2	0.6666666666666666
MCM7	3	2	1	0.6666666666666666
MCM8	3	1	2	0.6666666666666666
MCM8-AS1	1	0	1	1
MCM9	3	1	2	0.6666666666666666
MCMBP	3	2	1	0.6666666666666666
MCMDC2	3	2	1	0.6666666666666666
MCOLN1	3	1	2	0.6666666666666666
MCOLN2	3	0	3	1
MCOLN3	3	0	3	1
MCPH1	3	1	2	0.6666666666666666
MCPH1-AS1	1	1	0	1
MCRIP1	2	1	1	0.5
MCRIP2	2	1	1	0.5
MCRS1	3	1	2	0.6666666666666666
MCTP1	3	0	3	1
MCTP2	3	1	2	0.6666666666666666
MCTS1	3	1	2	0.6666666666666666
MCU	3	1	2	0.6666666666666666
MCUB	2	1	1	0.5
MCUR1	3	1	2	0.6666666666666666
MDC1	3	2	1	0.6666666666666666
MDFI	3	3	0	1
MDFIC	3	3	0	1
MDGA1	2	1	1	0.5
MDGA2	3	2	1	0.6666666666666666
MDH1	3	1	2	0.6666666666666666
MDH1B	3	2	1	0.6666666666666666
MDH2	3	2	1	0.6666666666666666
MDK	3	3	0	1
MDM1	3	1	2	0.6666666666666666
MDM2	3	1	2	0.6666666666666666
MDM4	3	0	3	1
MDN1	3	2	1	0.6666666666666666
MDP1	3	1	2	0.6666666666666666
MDS2	2	1	1	0.5
ME1	3	2	1	0.6666666666666666
ME2	3	0	3	1
ME3	2	1	1	0.5
MEA1	3	2	1	0.6666666666666666
MEAF6	3	1	2	0.6666666666666666
MEAK7	1	1	0	1
MECOM	3	1	2	0.6666666666666666
MECP2	3	3	0	1
MECR	3	2	1	0.6666666666666666
MED1	3	2	1	0.6666666666666666
MED10	3	2	1	0.6666666666666666
MED11	3	3	0	1
MED12	3	0	3	1
MED12L	3	1	2	0.6666666666666666
MED13	3	1	2	0.6666666666666666
MED13L	3	1	2	0.6666666666666666
MED14	3	1	2	0.6666666666666666
MED14OS	1	0	1	1
MED15	3	2	1	0.6666666666666666
MED16	3	2	1	0.6666666666666666
MED17	3	1	2	0.6666666666666666
MED18	3	1	2	0.6666666666666666
MED19	3	1	2	0.6666666666666666
MED20	3	2	1	0.6666666666666666
MED21	3	1	2	0.6666666666666666
MED22	3	3	0	1
MED23	3	1	2	0.6666666666666666
MED24	3	2	1	0.6666666666666666
MED25	3	2	1	0.6666666666666666
MED26	3	2	1	0.6666666666666666
MED27	3	1	2	0.6666666666666666
MED28	3	2	1	0.6666666666666666
MED29	3	1	2	0.6666666666666666
MED30	3	2	1	0.6666666666666666
MED31	3	3	0	1
MED4	3	2	1	0.6666666666666666
MED6	3	1	2	0.6666666666666666
MED7	3	2	1	0.6666666666666666
MED8	3	1	2	0.6666666666666666
MED9	3	3	0	1
MEDAG	1	1	0	1
MEF2A	3	2	1	0.6666666666666666
MEF2B	2	1	1	0.5
MEF2BNB	1	1	0	1
MEF2BNB-MEF2B	1	1	0	1
MEF2C	3	1	2	0.6666666666666666
MEF2D	3	2	1	0.6666666666666666
MEFV	1	0	1	1
MEGF10	2	2	0	1
MEGF11	2	0	2	1
MEGF6	3	2	1	0.6666666666666666
MEGF8	3	1	2	0.6666666666666666
MEGF9	3	1	2	0.6666666666666666
MEI1	2	1	1	0.5
MEI4	2	1	1	0.5
MEIG1	2	1	1	0.5
MEIOB	3	1	2	0.6666666666666666
MEIOC	2	1	1	0.5
MEIS1	3	0	3	1
MEIS2	3	1	2	0.6666666666666666
MEIS3	2	1	1	0.5
MEIS3P1	1	1	0	1
MELK	3	2	1	0.6666666666666666
MELTF	2	1	1	0.5
MELTF-AS1	1	0	1	1
MEMO1	3	0	3	1
MEN1	3	3	0	1
MEOX1	3	1	2	0.6666666666666666
MEOX2	2	0	2	1
MEP1A	1	1	0	1
MEP1B	1	0	1	1
MEPCE	3	2	1	0.6666666666666666
MERTK	3	1	2	0.6666666666666666
MESD	1	0	1	1
MESDC1	2	1	1	0.5
MESDC2	2	1	1	0.5
MESP1	3	1	2	0.6666666666666666
MESP2	3	0	3	1
MEST	3	1	2	0.6666666666666666
MET	3	2	1	0.6666666666666666
METAP1	3	2	1	0.6666666666666666
METAP1D	3	3	0	1
METAP2	3	2	1	0.6666666666666666
METRN	3	1	2	0.6666666666666666
METRNL	3	2	1	0.6666666666666666
METTL1	3	2	1	0.6666666666666666
METTL10	2	0	2	1
METTL11B	1	0	1	1
METTL12	2	1	1	0.5
METTL13	2	1	1	0.5
METTL14	3	1	2	0.6666666666666666
METTL15	3	1	2	0.6666666666666666
METTL16	3	2	1	0.6666666666666666
METTL17	3	2	1	0.6666666666666666
METTL18	3	0	3	1
METTL20	1	0	1	1
METTL21A	3	0	3	1
METTL21B	2	1	1	0.5
METTL21C	1	1	0	1
METTL22	3	2	1	0.6666666666666666
METTL23	3	2	1	0.6666666666666666
METTL24	1	1	0	1
METTL25	3	0	3	1
METTL26	2	2	0	1
METTL27	1	1	0	1
METTL2A	3	3	0	1
METTL2B	3	2	1	0.6666666666666666
METTL3	3	2	1	0.6666666666666666
METTL4	3	0	3	1
METTL5	3	1	2	0.6666666666666666
METTL6	3	2	1	0.6666666666666666
METTL7A	2	1	1	0.5
METTL7B	3	0	3	1
METTL8	3	3	0	1
METTL9	3	0	3	1
MEX3A	3	0	3	1
MEX3B	3	2	1	0.6666666666666666
MEX3C	3	1	2	0.6666666666666666
MEX3D	3	2	1	0.6666666666666666
MFAP1	3	2	1	0.6666666666666666
MFAP2	3	2	1	0.6666666666666666
MFAP3	3	2	1	0.6666666666666666
MFAP3L	3	2	1	0.6666666666666666
MFAP4	2	1	1	0.5
MFAP5	3	2	1	0.6666666666666666
MFF	3	1	2	0.6666666666666666
MFF-DT	1	1	0	1
MFGE8	3	1	2	0.6666666666666666
MFHAS1	3	2	1	0.6666666666666666
MFI2	1	0	1	1
MFN1	3	0	3	1
MFN2	3	3	0	1
MFNG	3	1	2	0.6666666666666666
MFSD1	3	1	2	0.6666666666666666
MFSD10	3	2	1	0.6666666666666666
MFSD11	3	1	2	0.6666666666666666
MFSD12	3	2	1	0.6666666666666666
MFSD13A	2	2	0	1
MFSD14A	2	0	2	1
MFSD14B	2	0	2	1
MFSD14C	1	1	0	1
MFSD2A	3	1	2	0.6666666666666666
MFSD2B	2	0	2	1
MFSD3	3	2	1	0.6666666666666666
MFSD4	1	0	1	1
MFSD4A	2	0	2	1
MFSD4B	2	1	1	0.5
MFSD5	3	1	2	0.6666666666666666
MFSD6	3	3	0	1
MFSD6L	1	0	1	1
MFSD7	2	0	2	1
MFSD8	3	1	2	0.6666666666666666
MFSD9	3	2	1	0.6666666666666666
MGA	3	2	1	0.6666666666666666
MGAM	2	2	0	1
MGAM2	1	1	0	1
MGARP	2	0	2	1
MGAT1	3	3	0	1
MGAT2	3	2	1	0.6666666666666666
MGAT3	2	1	1	0.5
MGAT4A	3	0	3	1
MGAT4B	3	2	1	0.6666666666666666
MGAT4C	1	0	1	1
MGAT5	3	2	1	0.6666666666666666
MGAT5B	3	1	2	0.6666666666666666
MGC12916	1	1	0	1
MGC2889	1	0	1	1
MGC4294	1	1	0	1
MGC4771	1	0	1	1
MGEA5	2	0	2	1
MGLL	3	3	0	1
MGME1	3	2	1	0.6666666666666666
MGMT	3	2	1	0.6666666666666666
MGP	1	1	0	1
MGRN1	3	2	1	0.6666666666666666
MGST1	3	1	2	0.6666666666666666
MGST2	3	1	2	0.6666666666666666
MGST3	3	1	2	0.6666666666666666
MHENCR	1	1	0	1
MIA	2	1	1	0.5
MIA-RAB4B	1	0	1	1
MIA2	3	1	2	0.6666666666666666
MIA3	3	2	1	0.6666666666666666
MIAT	1	1	0	1
MIATNB	1	1	0	1
MIB1	3	0	3	1
MIB2	3	3	0	1
MICA	3	1	2	0.6666666666666666
MICA-AS1	1	1	0	1
MICAL1	3	2	1	0.6666666666666666
MICAL2	3	3	0	1
MICAL3	3	2	1	0.6666666666666666
MICALCL	3	3	0	1
MICALL1	3	3	0	1
MICALL2	3	3	0	1
MICB	3	1	2	0.6666666666666666
MICB-DT	1	1	0	1
MICOS10	1	0	1	1
MICOS13	1	1	0	1
MICU1	3	0	3	1
MICU2	3	1	2	0.6666666666666666
MICU3	3	0	3	1
MID1	3	1	2	0.6666666666666666
MID1IP1	3	1	2	0.6666666666666666
MID1IP1-AS1	1	1	0	1
MID2	3	1	2	0.6666666666666666
MIDN	3	2	1	0.6666666666666666
MIEF1	3	2	1	0.6666666666666666
MIEF2	3	3	0	1
MIEN1	3	1	2	0.6666666666666666
MIER1	3	0	3	1
MIER2	3	2	1	0.6666666666666666
MIER3	3	0	3	1
MIF	2	1	1	0.5
MIF-AS1	1	0	1	1
MIF4GD	3	1	2	0.6666666666666666
MIG7	1	0	1	1
MIGA1	2	0	2	1
MIGA2	2	2	0	1
MIIP	3	2	1	0.6666666666666666
MILR1	3	1	2	0.6666666666666666
MINA	1	1	0	1
MINAR1	1	0	1	1
MINCR	1	0	1	1
MINDY1	1	0	1	1
MINDY2	1	0	1	1
MINDY3	1	0	1	1
MINK1	3	3	0	1
MINOS1	2	2	0	1
MINOS1-NBL1	2	0	2	1
MINPP1	3	1	2	0.6666666666666666
MIOS	3	1	2	0.6666666666666666
MIOX	1	1	0	1
MIP	2	1	1	0.5
MIPEP	3	2	1	0.6666666666666666
MIPEPP3	1	1	0	1
MIPOL1	3	0	3	1
MIR1-1HG	1	0	1	1
MIR100HG	1	0	1	1
MIR1204	1	1	0	1
MIR12122	1	0	1	1
MIR12136	1	1	0	1
MIR1244-2	1	0	1	1
MIR1244-4	1	1	0	1
MIR1304	1	0	1	1
MIR155HG	1	0	1	1
MIR17HG	1	0	1	1
MIR181A2HG	1	1	0	1
MIR186	1	0	1	1
MIR1915HG	1	0	1	1
MIR193BHG	1	1	0	1
MIR200CHG	1	0	1	1
MIR210HG	1	1	0	1
MIR221	1	0	1	1
MIR22HG	1	1	0	1
MIR25	1	1	0	1
MIR29B2CHG	1	0	1	1
MIR3064	1	0	1	1
MIR30C2	1	1	0	1
MIR3142HG	1	1	0	1
MIR31HG	1	1	0	1
MIR324	1	0	1	1
MIR3654	2	1	1	0.5
MIR3916	1	0	1	1
MIR3934	1	1	0	1
MIR3936	1	1	0	1
MIR3936HG	1	1	0	1
MIR4263	1	1	0	1
MIR4292	1	1	0	1
MIR4426	1	1	0	1
MIR4435-2HG	1	0	1	1
MIR4442	1	1	0	1
MIR4444-2	1	0	1	1
MIR4453HG	1	1	0	1
MIR4458HG	1	0	1	1
MIR4517	1	0	1	1
MIR4653	1	1	0	1
MIR4712	1	1	0	1
MIR503HG	1	0	1	1
MIR5047	1	0	1	1
MIR559	1	0	1	1
MIR570	1	0	1	1
MIR570HG	1	1	0	1
MIR590	1	0	1	1
MIR600HG	1	0	1	1
MIR631	1	1	0	1
MIR635	1	1	0	1
MIR647	1	1	0	1
MIR6758	1	1	0	1
MIR6840	1	1	0	1
MIR6859-4	1	1	0	1
MIR7-1	1	0	1	1
MIR7161	1	1	0	1
MIR762HG	1	1	0	1
MIR9-3HG	1	0	1	1
MIR924HG	1	0	1	1
MIR99AHG	1	0	1	1
MIRLET7BHG	1	1	0	1
MIRLET7D	1	0	1	1
MIS12	3	2	1	0.6666666666666666
MIS18A	3	3	0	1
MIS18BP1	3	1	2	0.6666666666666666
MISP	3	3	0	1
MISP3	2	1	1	0.5
MITD1	3	2	1	0.6666666666666666
MITF	3	1	2	0.6666666666666666
MIXL1	1	0	1	1
MKI67	3	1	2	0.6666666666666666
MKI67IP	1	1	0	1
MKKS	3	0	3	1
MKL1	2	1	1	0.5
MKL2	2	2	0	1
MKLN1	3	1	2	0.6666666666666666
MKLN1-AS	1	1	0	1
MKNK1	3	2	1	0.6666666666666666
MKNK1-AS1	1	0	1	1
MKNK2	3	3	0	1
MKRN1	3	2	1	0.6666666666666666
MKRN2	3	2	1	0.6666666666666666
MKRN2OS	2	2	0	1
MKRN3	2	2	0	1
MKS1	3	2	1	0.6666666666666666
MKX	3	0	3	1
MLANA	2	1	1	0.5
MLC1	1	0	1	1
MLEC	3	0	3	1
MLF1	3	1	2	0.6666666666666666
MLF1IP	1	1	0	1
MLF2	3	1	2	0.6666666666666666
MLH1	3	1	2	0.6666666666666666
MLH3	3	2	1	0.6666666666666666
MLIP	1	0	1	1
MLK4	1	1	0	1
MLKL	3	2	1	0.6666666666666666
MLLT1	3	2	1	0.6666666666666666
MLLT10	3	1	2	0.6666666666666666
MLLT10P1	1	0	1	1
MLLT11	3	0	3	1
MLLT3	3	3	0	1
MLLT4	1	1	0	1
MLLT6	3	3	0	1
MLN	1	0	1	1
MLNR	1	1	0	1
MLPH	3	1	2	0.6666666666666666
MLST8	3	1	2	0.6666666666666666
MLTK	1	1	0	1
MLX	3	3	0	1
MLXIP	3	2	1	0.6666666666666666
MLXIPL	3	0	3	1
MLYCD	3	2	1	0.6666666666666666
MMAA	3	2	1	0.6666666666666666
MMAB	3	2	1	0.6666666666666666
MMACHC	3	1	2	0.6666666666666666
MMADHC	3	1	2	0.6666666666666666
MMADHC-DT	1	0	1	1
MMD	3	1	2	0.6666666666666666
MME	3	1	2	0.6666666666666666
MMEL1	2	1	1	0.5
MMGT1	3	0	3	1
MMP1	2	1	1	0.5
MMP10	1	0	1	1
MMP11	3	2	1	0.6666666666666666
MMP12	1	0	1	1
MMP13	1	0	1	1
MMP14	2	1	1	0.5
MMP15	3	2	1	0.6666666666666666
MMP16	3	3	0	1
MMP17	2	2	0	1
MMP19	2	0	2	1
MMP2	2	2	0	1
MMP20	1	0	1	1
MMP21	1	0	1	1
MMP23B	2	2	0	1
MMP24	3	2	1	0.6666666666666666
MMP24-AS1-EDEM2	1	1	0	1
MMP24OS	1	1	0	1
MMP25	3	2	1	0.6666666666666666
MMP25-AS1	1	1	0	1
MMP27	1	0	1	1
MMP28	1	1	0	1
MMP3	1	0	1	1
MMP7	1	1	0	1
MMP8	1	0	1	1
MMP9	3	2	1	0.6666666666666666
MMRN1	1	0	1	1
MMRN2	2	2	0	1
MMS19	3	3	0	1
MMS22L	3	2	1	0.6666666666666666
MMUT	1	0	1	1
MN1	3	1	2	0.6666666666666666
MNAT1	3	1	2	0.6666666666666666
MND1	3	2	1	0.6666666666666666
MNS1	3	1	2	0.6666666666666666
MNT	3	2	1	0.6666666666666666
MNX1	3	2	1	0.6666666666666666
MNX1-AS1	1	1	0	1
MOAP1	3	1	2	0.6666666666666666
MOB1A	3	1	2	0.6666666666666666
MOB1B	3	0	3	1
MOB2	3	1	2	0.6666666666666666
MOB3A	3	3	0	1
MOB3B	3	2	1	0.6666666666666666
MOB3C	3	2	1	0.6666666666666666
MOB4	3	1	2	0.6666666666666666
MOBP	1	0	1	1
MOCOS	3	2	1	0.6666666666666666
MOCS1	3	1	2	0.6666666666666666
MOCS2	3	2	1	0.6666666666666666
MOCS3	3	2	1	0.6666666666666666
MOG	1	0	1	1
MOGAT1	1	1	0	1
MOGAT2	1	0	1	1
MOGAT3	1	0	1	1
MOGS	3	1	2	0.6666666666666666
MOK	3	2	1	0.6666666666666666
MON1A	3	2	1	0.6666666666666666
MON1B	3	3	0	1
MON2	3	1	2	0.6666666666666666
MORC2	3	1	2	0.6666666666666666
MORC3	3	2	1	0.6666666666666666
MORC4	3	2	1	0.6666666666666666
MORF4L1	3	1	2	0.6666666666666666
MORF4L2	3	0	3	1
MORF4L2-AS1	1	0	1	1
MORN1	3	3	0	1
MORN2	3	1	2	0.6666666666666666
MORN3	3	1	2	0.6666666666666666
MORN4	3	3	0	1
MORN5	1	1	0	1
MOSMO	1	0	1	1
MOSPD1	3	1	2	0.6666666666666666
MOSPD2	3	2	1	0.6666666666666666
MOSPD3	3	2	1	0.6666666666666666
MOV10	3	2	1	0.6666666666666666
MOV10L1	2	1	1	0.5
MOXD1	3	1	2	0.6666666666666666
MPC1	3	0	3	1
MPC1L	1	0	1	1
MPC2	3	0	3	1
MPDU1	3	1	2	0.6666666666666666
MPDZ	3	1	2	0.6666666666666666
MPEG1	1	1	0	1
MPG	3	2	1	0.6666666666666666
MPHOSPH10	3	2	1	0.6666666666666666
MPHOSPH6	3	2	1	0.6666666666666666
MPHOSPH8	3	3	0	1
MPHOSPH9	3	2	1	0.6666666666666666
MPI	3	2	1	0.6666666666666666
MPIG6B	1	0	1	1
MPL	3	1	2	0.6666666666666666
MPLKIP	3	3	0	1
MPND	3	2	1	0.6666666666666666
MPO	1	0	1	1
MPP1	3	1	2	0.6666666666666666
MPP2	3	2	1	0.6666666666666666
MPP3	3	2	1	0.6666666666666666
MPP4	3	1	2	0.6666666666666666
MPP5	3	1	2	0.6666666666666666
MPP6	3	1	2	0.6666666666666666
MPP7	3	1	2	0.6666666666666666
MPPE1	3	1	2	0.6666666666666666
MPPED1	1	0	1	1
MPPED2	2	0	2	1
MPRIP	3	3	0	1
MPST	3	3	0	1
MPV17	3	3	0	1
MPV17L	3	1	2	0.6666666666666666
MPV17L2	3	2	1	0.6666666666666666
MPZ	2	2	0	1
MPZL1	3	0	3	1
MPZL2	3	1	2	0.6666666666666666
MPZL3	3	1	2	0.6666666666666666
MR1	3	2	1	0.6666666666666666
MRAP	2	1	1	0.5
MRAP2	3	1	2	0.6666666666666666
MRAS	3	2	1	0.6666666666666666
MRC1	1	0	1	1
MRC2	3	0	3	1
MRE11	2	1	1	0.5
MRE11A	1	1	0	1
MREG	3	1	2	0.6666666666666666
MRFAP1	3	2	1	0.6666666666666666
MRFAP1L1	3	1	2	0.6666666666666666
MRGBP	3	2	1	0.6666666666666666
MRGPRD	1	0	1	1
MRGPRF	2	2	0	1
MRGPRX2	1	1	0	1
MRGPRX3	1	1	0	1
MRI1	3	3	0	1
MRLN	1	1	0	1
MRM1	3	3	0	1
MRM2	2	1	1	0.5
MRM3	2	1	1	0.5
MRNIP	2	2	0	1
MRO	1	1	0	1
MROH1	3	2	1	0.6666666666666666
MROH2A	1	1	0	1
MROH2B	1	1	0	1
MROH5	1	0	1	1
MROH6	3	2	1	0.6666666666666666
MROH7	1	1	0	1
MROH7-TTC4	1	0	1	1
MROH8	3	1	2	0.6666666666666666
MRP63	1	1	0	1
MRPL1	3	1	2	0.6666666666666666
MRPL10	3	3	0	1
MRPL11	3	3	0	1
MRPL12	3	1	2	0.6666666666666666
MRPL13	3	2	1	0.6666666666666666
MRPL14	3	2	1	0.6666666666666666
MRPL15	3	2	1	0.6666666666666666
MRPL16	3	1	2	0.6666666666666666
MRPL17	3	3	0	1
MRPL18	3	1	2	0.6666666666666666
MRPL19	3	1	2	0.6666666666666666
MRPL2	3	2	1	0.6666666666666666
MRPL20	3	2	1	0.6666666666666666
MRPL20-AS1	1	1	0	1
MRPL21	3	2	1	0.6666666666666666
MRPL22	3	2	1	0.6666666666666666
MRPL23	3	2	1	0.6666666666666666
MRPL23-AS1	1	0	1	1
MRPL24	3	2	1	0.6666666666666666
MRPL27	3	2	1	0.6666666666666666
MRPL28	3	2	1	0.6666666666666666
MRPL3	3	1	2	0.6666666666666666
MRPL30	3	2	1	0.6666666666666666
MRPL32	3	2	1	0.6666666666666666
MRPL33	3	2	1	0.6666666666666666
MRPL34	3	2	1	0.6666666666666666
MRPL35	3	2	1	0.6666666666666666
MRPL36	3	3	0	1
MRPL37	3	2	1	0.6666666666666666
MRPL38	3	1	2	0.6666666666666666
MRPL39	3	2	1	0.6666666666666666
MRPL4	3	2	1	0.6666666666666666
MRPL40	3	1	2	0.6666666666666666
MRPL41	3	2	1	0.6666666666666666
MRPL42	3	1	2	0.6666666666666666
MRPL43	3	3	0	1
MRPL44	3	2	1	0.6666666666666666
MRPL45	3	3	0	1
MRPL45P2	1	1	0	1
MRPL46	3	2	1	0.6666666666666666
MRPL47	3	0	3	1
MRPL48	3	1	2	0.6666666666666666
MRPL49	3	2	1	0.6666666666666666
MRPL50	3	0	3	1
MRPL51	3	0	3	1
MRPL52	3	1	2	0.6666666666666666
MRPL53	3	2	1	0.6666666666666666
MRPL54	3	1	2	0.6666666666666666
MRPL55	3	3	0	1
MRPL57	2	2	0	1
MRPL58	2	1	1	0.5
MRPL9	3	0	3	1
MRPS10	3	2	1	0.6666666666666666
MRPS11	3	2	1	0.6666666666666666
MRPS12	3	1	2	0.6666666666666666
MRPS14	3	1	2	0.6666666666666666
MRPS15	3	2	1	0.6666666666666666
MRPS16	3	1	2	0.6666666666666666
MRPS17	3	1	2	0.6666666666666666
MRPS18A	3	3	0	1
MRPS18B	3	3	0	1
MRPS18C	3	1	2	0.6666666666666666
MRPS2	3	3	0	1
MRPS21	3	0	3	1
MRPS22	3	2	1	0.6666666666666666
MRPS23	3	3	0	1
MRPS24	2	1	1	0.5
MRPS25	3	2	1	0.6666666666666666
MRPS26	3	1	2	0.6666666666666666
MRPS27	3	3	0	1
MRPS28	3	2	1	0.6666666666666666
MRPS30	3	2	1	0.6666666666666666
MRPS30-DT	1	0	1	1
MRPS31	3	2	1	0.6666666666666666
MRPS31P5	1	0	1	1
MRPS33	3	3	0	1
MRPS34	3	2	1	0.6666666666666666
MRPS35	3	0	3	1
MRPS36	3	1	2	0.6666666666666666
MRPS5	3	2	1	0.6666666666666666
MRPS6	3	1	2	0.6666666666666666
MRPS7	3	3	0	1
MRPS9	3	2	1	0.6666666666666666
MRPS9-AS1	1	0	1	1
MRPS9-AS2	1	1	0	1
MRRF	3	2	1	0.6666666666666666
MRS2	3	2	1	0.6666666666666666
MRTFA	1	1	0	1
MRTFB	1	1	0	1
MRTO4	3	2	1	0.6666666666666666
MRVI1	3	2	1	0.6666666666666666
MS4A1	1	0	1	1
MS4A12	1	1	0	1
MS4A15	1	0	1	1
MS4A3	1	0	1	1
MSANTD1	3	1	2	0.6666666666666666
MSANTD2	3	1	2	0.6666666666666666
MSANTD3	3	1	2	0.6666666666666666
MSANTD3-TMEFF1	1	1	0	1
MSANTD4	3	2	1	0.6666666666666666
MSC	2	1	1	0.5
MSC-AS1	1	1	0	1
MSGN1	1	1	0	1
MSH2	3	1	2	0.6666666666666666
MSH3	3	2	1	0.6666666666666666
MSH4	2	1	1	0.5
MSH5	2	2	0	1
MSH5-SAPCD1	2	1	1	0.5
MSH6	3	1	2	0.6666666666666666
MSI1	3	1	2	0.6666666666666666
MSI2	3	2	1	0.6666666666666666
MSL1	3	2	1	0.6666666666666666
MSL2	3	0	3	1
MSL3	3	2	1	0.6666666666666666
MSL3P1	1	1	0	1
MSLN	3	2	1	0.6666666666666666
MSLNL	1	1	0	1
MSMO1	3	2	1	0.6666666666666666
MSMP	2	1	1	0.5
MSN	3	2	1	0.6666666666666666
MSR1	3	1	2	0.6666666666666666
MSRA	3	3	0	1
MSRB1	3	2	1	0.6666666666666666
MSRB2	3	1	2	0.6666666666666666
MSRB3	3	1	2	0.6666666666666666
MSS51	3	2	1	0.6666666666666666
MST1	3	1	2	0.6666666666666666
MST1L	1	0	1	1
MST1P2	1	1	0	1
MST1R	3	2	1	0.6666666666666666
MST4	1	1	0	1
MSTN	1	0	1	1
MSTO1	3	1	2	0.6666666666666666
MSTO2P	1	1	0	1
MSX1	3	1	2	0.6666666666666666
MSX2	3	2	1	0.6666666666666666
MT1A	3	0	3	1
MT1B	1	0	1	1
MT1E	2	1	1	0.5
MT1F	3	2	1	0.6666666666666666
MT1G	1	0	1	1
MT1H	1	0	1	1
MT1L	1	1	0	1
MT1M	2	1	1	0.5
MT1X	3	1	2	0.6666666666666666
MT2A	3	2	1	0.6666666666666666
MTA1	3	1	2	0.6666666666666666
MTA2	3	2	1	0.6666666666666666
MTA3	3	0	3	1
MTAP	2	1	1	0.5
MTARC1	1	0	1	1
MTARC2	1	0	1	1
MTBP	3	1	2	0.6666666666666666
MTCH1	3	2	1	0.6666666666666666
MTCH2	3	1	2	0.6666666666666666
MTCL1	2	2	0	1
MTCP1	3	2	1	0.6666666666666666
MTDH	3	0	3	1
MTERF	1	0	1	1
MTERF1	2	1	1	0.5
MTERF2	2	1	1	0.5
MTERF3	2	0	2	1
MTERF4	2	2	0	1
MTERFD1	1	1	0	1
MTERFD2	1	0	1	1
MTERFD3	1	1	0	1
MTF1	3	0	3	1
MTF2	3	1	2	0.6666666666666666
MTFMT	3	2	1	0.6666666666666666
MTFP1	3	3	0	1
MTFR1	3	1	2	0.6666666666666666
MTFR1L	3	2	1	0.6666666666666666
MTFR2	3	1	2	0.6666666666666666
MTG1	3	2	1	0.6666666666666666
MTG2	3	2	1	0.6666666666666666
MTHFD1	3	1	2	0.6666666666666666
MTHFD1L	3	0	3	1
MTHFD2	3	0	3	1
MTHFD2L	3	2	1	0.6666666666666666
MTHFR	3	2	1	0.6666666666666666
MTHFS	2	1	1	0.5
MTHFSD	3	2	1	0.6666666666666666
MTIF2	3	1	2	0.6666666666666666
MTIF3	3	3	0	1
MTL5	1	1	0	1
MTLN	1	1	0	1
MTM1	3	2	1	0.6666666666666666
MTMR1	3	2	1	0.6666666666666666
MTMR10	3	1	2	0.6666666666666666
MTMR11	3	0	3	1
MTMR12	3	1	2	0.6666666666666666
MTMR14	3	3	0	1
MTMR2	3	1	2	0.6666666666666666
MTMR3	3	2	1	0.6666666666666666
MTMR4	3	3	0	1
MTMR6	3	0	3	1
MTMR7	3	1	2	0.6666666666666666
MTMR8	2	1	1	0.5
MTMR9	3	0	3	1
MTMR9LP	1	1	0	1
MTNR1A	2	1	1	0.5
MTNR1B	1	1	0	1
MTO1	3	1	2	0.6666666666666666
MTOR	3	2	1	0.6666666666666666
MTPAP	3	0	3	1
MTPN	1	1	0	1
MTR	3	2	1	0.6666666666666666
MTRES1	1	0	1	1
MTREX	1	0	1	1
MTRF1	3	2	1	0.6666666666666666
MTRF1L	3	1	2	0.6666666666666666
MTRNR2L1	1	0	1	1
MTRNR2L12	1	0	1	1
MTRNR2L2	3	2	1	0.6666666666666666
MTRNR2L3	1	1	0	1
MTRNR2L4	2	1	1	0.5
MTRNR2L8	3	2	1	0.6666666666666666
MTRNR2L9	1	1	0	1
MTRR	3	3	0	1
MTSS1	3	2	1	0.6666666666666666
MTSS1L	2	2	0	1
MTSS2	1	1	0	1
MTTP	3	3	0	1
MTURN	2	1	1	0.5
MTUS1	3	1	2	0.6666666666666666
MTUS2	3	2	1	0.6666666666666666
MTX1	3	1	2	0.6666666666666666
MTX2	3	1	2	0.6666666666666666
MTX3	3	0	3	1
MUC1	3	2	1	0.6666666666666666
MUC12	2	1	1	0.5
MUC13	1	0	1	1
MUC15	1	0	1	1
MUC16	3	2	1	0.6666666666666666
MUC17	1	1	0	1
MUC19	1	1	0	1
MUC2	1	1	0	1
MUC20	3	2	1	0.6666666666666666
MUC22	1	1	0	1
MUC3A	1	0	1	1
MUC4	3	2	1	0.6666666666666666
MUC5AC	1	1	0	1
MUC5B	1	0	1	1
MUC6	1	0	1	1
MUC7	1	1	0	1
MUCL1	1	1	0	1
MUCL3	1	0	1	1
MUL1	3	3	0	1
MUM1	2	0	2	1
MUM1L1	2	0	2	1
MURC	2	1	1	0.5
MUS81	3	2	1	0.6666666666666666
MUSK	1	0	1	1
MUSTN1	2	1	1	0.5
MUT	2	2	0	1
MUTYH	3	3	0	1
MVB12A	3	3	0	1
MVB12B	3	2	1	0.6666666666666666
MVD	3	3	0	1
MVK	3	2	1	0.6666666666666666
MVP	3	3	0	1
MX1	3	2	1	0.6666666666666666
MX2	3	1	2	0.6666666666666666
MXD1	3	2	1	0.6666666666666666
MXD3	3	2	1	0.6666666666666666
MXD4	3	2	1	0.6666666666666666
MXI1	3	1	2	0.6666666666666666
MXRA5	1	1	0	1
MXRA7	3	1	2	0.6666666666666666
MXRA8	3	1	2	0.6666666666666666
MYADM	3	0	3	1
MYADML2	2	1	1	0.5
MYB	3	1	2	0.6666666666666666
MYBBP1A	3	3	0	1
MYBL1	3	2	1	0.6666666666666666
MYBL2	3	2	1	0.6666666666666666
MYBPC1	1	0	1	1
MYBPC2	2	0	2	1
MYBPC3	1	1	0	1
MYBPH	1	0	1	1
MYBPHL	1	1	0	1
MYC	3	2	1	0.6666666666666666
MYCBP	2	1	1	0.5
MYCBP2	3	2	1	0.6666666666666666
MYCBPAP	1	1	0	1
MYCL	3	0	3	1
MYCN	2	1	1	0.5
MYCT1	1	0	1	1
MYD88	3	3	0	1
MYDGF	2	1	1	0.5
MYEF2	3	1	2	0.6666666666666666
MYEOV	3	1	2	0.6666666666666666
MYEOV2	1	0	1	1
MYF5	1	0	1	1
MYF6	1	0	1	1
MYH10	3	3	0	1
MYH11	3	0	3	1
MYH14	3	2	1	0.6666666666666666
MYH15	3	1	2	0.6666666666666666
MYH16	1	0	1	1
MYH2	1	0	1	1
MYH3	3	1	2	0.6666666666666666
MYH4	1	0	1	1
MYH6	1	0	1	1
MYH7	1	0	1	1
MYH7B	3	2	1	0.6666666666666666
MYH9	3	3	0	1
MYL1	1	0	1	1
MYL10	1	0	1	1
MYL12A	3	2	1	0.6666666666666666
MYL12B	3	1	2	0.6666666666666666
MYL2	2	1	1	0.5
MYL3	1	0	1	1
MYL4	1	0	1	1
MYL5	3	1	2	0.6666666666666666
MYL6	3	2	1	0.6666666666666666
MYL6B	3	2	1	0.6666666666666666
MYL7	1	0	1	1
MYL9	2	1	1	0.5
MYLIP	3	1	2	0.6666666666666666
MYLK	3	1	2	0.6666666666666666
MYLK-AS1	1	0	1	1
MYLK2	3	2	1	0.6666666666666666
MYLK3	2	0	2	1
MYLK4	3	2	1	0.6666666666666666
MYLPF	2	0	2	1
MYNN	3	0	3	1
MYO10	3	3	0	1
MYO15A	3	2	1	0.6666666666666666
MYO15B	3	2	1	0.6666666666666666
MYO16	3	2	1	0.6666666666666666
MYO18A	3	3	0	1
MYO18B	1	0	1	1
MYO19	3	3	0	1
MYO1A	1	1	0	1
MYO1B	3	2	1	0.6666666666666666
MYO1C	3	2	1	0.6666666666666666
MYO1D	3	2	1	0.6666666666666666
MYO1E	3	1	2	0.6666666666666666
MYO1F	3	3	0	1
MYO1G	1	0	1	1
MYO1H	3	1	2	0.6666666666666666
MYO3A	2	0	2	1
MYO3B	3	1	2	0.6666666666666666
MYO5A	3	3	0	1
MYO5B	3	2	1	0.6666666666666666
MYO5C	3	1	2	0.6666666666666666
MYO6	3	1	2	0.6666666666666666
MYO7A	2	2	0	1
MYO7B	2	1	1	0.5
MYO9A	3	2	1	0.6666666666666666
MYO9B	3	3	0	1
MYOC	1	0	1	1
MYOCD	1	0	1	1
MYOD1	1	1	0	1
MYOF	3	2	1	0.6666666666666666
MYOG	1	0	1	1
MYOM1	2	0	2	1
MYOM2	3	2	1	0.6666666666666666
MYOM3	3	0	3	1
MYORG	1	1	0	1
MYOSLID	1	0	1	1
MYOSLID-AS1	1	0	1	1
MYOT	2	2	0	1
MYOZ1	2	1	1	0.5
MYOZ2	1	0	1	1
MYOZ3	3	1	2	0.6666666666666666
MYPN	3	2	1	0.6666666666666666
MYPOP	3	0	3	1
MYRF	3	1	2	0.6666666666666666
MYRFL	1	1	0	1
MYRIP	3	1	2	0.6666666666666666
MYSM1	3	0	3	1
MYT1	2	1	1	0.5
MYZAP	2	2	0	1
MZB1	1	1	0	1
MZF1	3	2	1	0.6666666666666666
MZF1-AS1	1	1	0	1
MZT1	3	2	1	0.6666666666666666
MZT2A	3	2	1	0.6666666666666666
MZT2B	3	1	2	0.6666666666666666
N4BP1	3	0	3	1
N4BP2	3	1	2	0.6666666666666666
N4BP2L1	3	1	2	0.6666666666666666
N4BP2L2	3	1	2	0.6666666666666666
N4BP2L2-IT2	1	0	1	1
N4BP3	3	1	2	0.6666666666666666
N6AMT1	3	2	1	0.6666666666666666
N6AMT2	1	1	0	1
NAA10	3	2	1	0.6666666666666666
NAA15	3	2	1	0.6666666666666666
NAA16	3	1	2	0.6666666666666666
NAA20	3	2	1	0.6666666666666666
NAA25	3	2	1	0.6666666666666666
NAA30	3	2	1	0.6666666666666666
NAA35	3	1	2	0.6666666666666666
NAA38	3	3	0	1
NAA40	3	3	0	1
NAA50	3	2	1	0.6666666666666666
NAA60	3	2	1	0.6666666666666666
NAA80	1	1	0	1
NAAA	3	0	3	1
NAALAD2	3	2	1	0.6666666666666666
NAALADL1	2	2	0	1
NAALADL2	3	1	2	0.6666666666666666
NAB1	3	3	0	1
NAB2	3	2	1	0.6666666666666666
NABP1	3	2	1	0.6666666666666666
NABP2	3	1	2	0.6666666666666666
NACA	3	1	2	0.6666666666666666
NACA2	2	0	2	1
NACA4P	1	0	1	1
NACAD	3	2	1	0.6666666666666666
NACC1	3	2	1	0.6666666666666666
NACC2	3	1	2	0.6666666666666666
NADK	3	2	1	0.6666666666666666
NADK2	3	0	3	1
NADSYN1	3	3	0	1
NAE1	3	1	2	0.6666666666666666
NAF1	3	1	2	0.6666666666666666
NAGA	3	1	2	0.6666666666666666
NAGK	3	2	1	0.6666666666666666
NAGLU	3	3	0	1
NAGPA	3	2	1	0.6666666666666666
NAGS	3	1	2	0.6666666666666666
NAIF1	3	1	2	0.6666666666666666
NAIP	2	0	2	1
NALCN	3	1	2	0.6666666666666666
NALT1	1	1	0	1
NAMPT	3	1	2	0.6666666666666666
NAMPTL	1	1	0	1
NANOG	1	0	1	1
NANOS1	3	1	2	0.6666666666666666
NANOS2	1	0	1	1
NANOS3	3	2	1	0.6666666666666666
NANP	3	2	1	0.6666666666666666
NANS	3	1	2	0.6666666666666666
NAP1L1	3	1	2	0.6666666666666666
NAP1L2	3	0	3	1
NAP1L3	3	1	2	0.6666666666666666
NAP1L4	3	3	0	1
NAP1L5	3	1	2	0.6666666666666666
NAPA	3	1	2	0.6666666666666666
NAPA-AS1	1	1	0	1
NAPB	3	1	2	0.6666666666666666
NAPEPLD	3	1	2	0.6666666666666666
NAPG	3	0	3	1
NAPRT	2	2	0	1
NAPRT1	1	0	1	1
NAPSA	1	0	1	1
NARF	3	3	0	1
NARFL	2	2	0	1
NARG2	1	1	0	1
NARS	2	0	2	1
NARS1	1	0	1	1
NARS2	3	2	1	0.6666666666666666
NASP	3	1	2	0.6666666666666666
NAT1	3	2	1	0.6666666666666666
NAT10	3	1	2	0.6666666666666666
NAT14	3	1	2	0.6666666666666666
NAT16	1	1	0	1
NAT2	1	1	0	1
NAT6	2	2	0	1
NAT8	1	0	1	1
NAT8L	3	0	3	1
NAT9	3	2	1	0.6666666666666666
NATD1	2	1	1	0.5
NAV1	3	1	2	0.6666666666666666
NAV2	3	1	2	0.6666666666666666
NAV3	3	2	1	0.6666666666666666
NAXD	2	1	1	0.5
NAXE	2	0	2	1
NBAS	3	0	3	1
NBAT1	1	0	1	1
NBDY	2	0	2	1
NBEA	3	2	1	0.6666666666666666
NBEAL1	3	2	1	0.6666666666666666
NBEAL2	3	2	1	0.6666666666666666
NBL1	2	1	1	0.5
NBN	3	1	2	0.6666666666666666
NBPF1	3	2	1	0.6666666666666666
NBPF10	3	1	2	0.6666666666666666
NBPF11	3	1	2	0.6666666666666666
NBPF12	2	1	1	0.5
NBPF14	1	1	0	1
NBPF15	3	1	2	0.6666666666666666
NBPF16	1	1	0	1
NBPF20	1	0	1	1
NBPF24	1	1	0	1
NBPF3	3	2	1	0.6666666666666666
NBPF8	1	0	1	1
NBPF9	3	1	2	0.6666666666666666
NBR1	3	2	1	0.6666666666666666
NBR2	1	1	0	1
NCALD	3	0	3	1
NCAM1	3	2	1	0.6666666666666666
NCAM2	3	0	3	1
NCAN	1	0	1	1
NCAPD2	3	1	2	0.6666666666666666
NCAPD3	3	2	1	0.6666666666666666
NCAPG	3	1	2	0.6666666666666666
NCAPG2	3	3	0	1
NCAPH	3	2	1	0.6666666666666666
NCAPH2	3	2	1	0.6666666666666666
NCBP1	3	1	2	0.6666666666666666
NCBP2	3	2	1	0.6666666666666666
NCBP2-AS1	1	0	1	1
NCBP2AS2	1	1	0	1
NCBP3	2	1	1	0.5
NCCRP1	3	0	3	1
NCDN	3	3	0	1
NCEH1	3	1	2	0.6666666666666666
NCF1	1	0	1	1
NCF2	3	2	1	0.6666666666666666
NCF4	1	1	0	1
NCK1	3	1	2	0.6666666666666666
NCK1-DT	1	0	1	1
NCK2	3	2	1	0.6666666666666666
NCKAP1	3	1	2	0.6666666666666666
NCKAP1L	1	1	0	1
NCKAP5	3	1	2	0.6666666666666666
NCKAP5L	3	2	1	0.6666666666666666
NCKIPSD	3	1	2	0.6666666666666666
NCL	3	2	1	0.6666666666666666
NCLN	3	2	1	0.6666666666666666
NCMAP	3	1	2	0.6666666666666666
NCOA1	3	0	3	1
NCOA2	3	0	3	1
NCOA3	3	2	1	0.6666666666666666
NCOA4	3	1	2	0.6666666666666666
NCOA5	3	2	1	0.6666666666666666
NCOA6	3	2	1	0.6666666666666666
NCOA7	3	1	2	0.6666666666666666
NCOR1	3	3	0	1
NCOR2	3	3	0	1
NCR3	1	0	1	1
NCR3LG1	3	0	3	1
NCS1	3	1	2	0.6666666666666666
NCSTN	3	1	2	0.6666666666666666
NDC1	3	1	2	0.6666666666666666
NDC80	3	1	2	0.6666666666666666
NDE1	3	2	1	0.6666666666666666
NDEL1	3	1	2	0.6666666666666666
NDFIP1	3	1	2	0.6666666666666666
NDFIP2	3	2	1	0.6666666666666666
NDN	3	2	1	0.6666666666666666
NDNF	1	0	1	1
NDNL2	1	0	1	1
NDOR1	3	3	0	1
NDRG1	3	2	1	0.6666666666666666
NDRG2	3	2	1	0.6666666666666666
NDRG3	3	2	1	0.6666666666666666
NDRG4	3	3	0	1
NDST1	3	2	1	0.6666666666666666
NDST2	3	1	2	0.6666666666666666
NDST3	2	2	0	1
NDST4	1	0	1	1
NDUFA1	3	0	3	1
NDUFA10	3	1	2	0.6666666666666666
NDUFA11	3	2	1	0.6666666666666666
NDUFA12	3	1	2	0.6666666666666666
NDUFA13	3	1	2	0.6666666666666666
NDUFA2	3	2	1	0.6666666666666666
NDUFA3	3	1	2	0.6666666666666666
NDUFA4	3	0	3	1
NDUFA4L2	3	2	1	0.6666666666666666
NDUFA5	3	1	2	0.6666666666666666
NDUFA6	3	1	2	0.6666666666666666
NDUFA6-DT	1	1	0	1
NDUFA7	3	2	1	0.6666666666666666
NDUFA8	3	1	2	0.6666666666666666
NDUFA9	3	1	2	0.6666666666666666
NDUFAB1	3	1	2	0.6666666666666666
NDUFAF1	3	1	2	0.6666666666666666
NDUFAF2	3	2	1	0.6666666666666666
NDUFAF3	3	2	1	0.6666666666666666
NDUFAF4	3	1	2	0.6666666666666666
NDUFAF5	3	0	3	1
NDUFAF6	3	2	1	0.6666666666666666
NDUFAF7	3	1	2	0.6666666666666666
NDUFAF8	2	2	0	1
NDUFB1	3	0	3	1
NDUFB10	3	1	2	0.6666666666666666
NDUFB11	3	1	2	0.6666666666666666
NDUFB2	3	2	1	0.6666666666666666
NDUFB2-AS1	1	1	0	1
NDUFB3	3	3	0	1
NDUFB4	3	1	2	0.6666666666666666
NDUFB5	3	2	1	0.6666666666666666
NDUFB6	3	3	0	1
NDUFB7	3	2	1	0.6666666666666666
NDUFB8	3	1	2	0.6666666666666666
NDUFB9	3	2	1	0.6666666666666666
NDUFC1	3	2	1	0.6666666666666666
NDUFC2	3	2	1	0.6666666666666666
NDUFC2-KCTD14	1	1	0	1
NDUFS1	3	2	1	0.6666666666666666
NDUFS2	3	1	2	0.6666666666666666
NDUFS3	3	2	1	0.6666666666666666
NDUFS4	3	2	1	0.6666666666666666
NDUFS5	3	0	3	1
NDUFS6	3	2	1	0.6666666666666666
NDUFS7	3	2	1	0.6666666666666666
NDUFS8	3	2	1	0.6666666666666666
NDUFV1	3	3	0	1
NDUFV2	3	0	3	1
NDUFV2-AS1	1	1	0	1
NDUFV3	3	2	1	0.6666666666666666
NEAT1	1	1	0	1
NEB	3	3	0	1
NEBL	3	0	3	1
NECAB1	1	0	1	1
NECAB2	2	0	2	1
NECAB3	3	2	1	0.6666666666666666
NECAP1	3	0	3	1
NECAP2	3	3	0	1
NECTIN1	2	2	0	1
NECTIN2	2	0	2	1
NECTIN3	2	2	0	1
NECTIN4	2	1	1	0.5
NEDD1	3	1	2	0.6666666666666666
NEDD4	3	2	1	0.6666666666666666
NEDD4L	3	2	1	0.6666666666666666
NEDD8	3	1	2	0.6666666666666666
NEDD8-MDP1	2	1	1	0.5
NEDD9	3	3	0	1
NEFH	2	1	1	0.5
NEFL	2	2	0	1
NEFM	3	0	3	1
NEGR1	3	0	3	1
NEIL1	3	1	2	0.6666666666666666
NEIL2	3	2	1	0.6666666666666666
NEIL3	3	2	1	0.6666666666666666
NEK1	3	2	1	0.6666666666666666
NEK10	3	2	1	0.6666666666666666
NEK11	3	3	0	1
NEK2	3	1	2	0.6666666666666666
NEK3	3	0	3	1
NEK4	3	1	2	0.6666666666666666
NEK5	2	1	1	0.5
NEK6	3	2	1	0.6666666666666666
NEK7	3	0	3	1
NEK8	3	2	1	0.6666666666666666
NEK9	3	1	2	0.6666666666666666
NELFA	3	2	1	0.6666666666666666
NELFB	3	3	0	1
NELFCD	3	2	1	0.6666666666666666
NELFE	3	3	0	1
NELL2	3	1	2	0.6666666666666666
NEMF	3	1	2	0.6666666666666666
NEMP1	2	1	1	0.5
NEMP2	2	2	0	1
NENF	3	2	1	0.6666666666666666
NEO1	3	1	2	0.6666666666666666
NEPRO	2	2	0	1
NES	3	2	1	0.6666666666666666
NET1	3	1	2	0.6666666666666666
NETO1	2	1	1	0.5
NETO2	2	1	1	0.5
NEU1	3	2	1	0.6666666666666666
NEU2	1	0	1	1
NEU3	3	2	1	0.6666666666666666
NEU4	1	0	1	1
NEURL	1	1	0	1
NEURL1	2	2	0	1
NEURL1B	3	2	1	0.6666666666666666
NEURL2	3	2	1	0.6666666666666666
NEURL3	2	1	1	0.5
NEURL4	3	1	2	0.6666666666666666
NEUROD2	1	0	1	1
NEUROD4	1	0	1	1
NEUROG2	2	0	2	1
NEXMIF	1	0	1	1
NEXN	3	1	2	0.6666666666666666
NEXN-AS1	1	0	1	1
NF1	3	3	0	1
NF2	2	1	1	0.5
NFAM1	2	1	1	0.5
NFASC	2	2	0	1
NFAT5	3	1	2	0.6666666666666666
NFATC1	3	1	2	0.6666666666666666
NFATC2	3	1	2	0.6666666666666666
NFATC2IP	3	3	0	1
NFATC3	3	2	1	0.6666666666666666
NFATC4	3	1	2	0.6666666666666666
NFE2	2	1	1	0.5
NFE2L1	3	1	2	0.6666666666666666
NFE2L2	3	3	0	1
NFE2L3	3	2	1	0.6666666666666666
NFE4	1	0	1	1
NFIA	3	0	3	1
NFIB	3	1	2	0.6666666666666666
NFIC	3	3	0	1
NFIL3	3	1	2	0.6666666666666666
NFIX	3	1	2	0.6666666666666666
NFKB1	3	1	2	0.6666666666666666
NFKB2	3	1	2	0.6666666666666666
NFKBIA	3	2	1	0.6666666666666666
NFKBIB	3	1	2	0.6666666666666666
NFKBID	3	1	2	0.6666666666666666
NFKBIE	3	1	2	0.6666666666666666
NFKBIL1	3	1	2	0.6666666666666666
NFKBIZ	3	2	1	0.6666666666666666
NFRKB	3	2	1	0.6666666666666666
NFS1	3	1	2	0.6666666666666666
NFU1	3	1	2	0.6666666666666666
NFX1	3	2	1	0.6666666666666666
NFXL1	3	1	2	0.6666666666666666
NFYA	3	2	1	0.6666666666666666
NFYB	3	1	2	0.6666666666666666
NFYC	3	1	2	0.6666666666666666
NFYC-AS1	1	1	0	1
NGB	1	0	1	1
NGDN	3	2	1	0.6666666666666666
NGEF	3	1	2	0.6666666666666666
NGF	2	2	0	1
NGFR	3	3	0	1
NGFRAP1	1	1	0	1
NGLY1	3	1	2	0.6666666666666666
NGRN	3	1	2	0.6666666666666666
NHEJ1	3	1	2	0.6666666666666666
NHLH1	3	2	1	0.6666666666666666
NHLH2	1	1	0	1
NHLRC1	3	2	1	0.6666666666666666
NHLRC2	3	0	3	1
NHLRC3	3	1	2	0.6666666666666666
NHLRC4	2	1	1	0.5
NHP2	3	2	1	0.6666666666666666
NHP2L1	1	0	1	1
NHS	3	3	0	1
NHSL1	3	1	2	0.6666666666666666
NHSL2	2	1	1	0.5
NIBAN1	1	0	1	1
NIBAN2	1	1	0	1
NICN1	3	2	1	0.6666666666666666
NID1	3	1	2	0.6666666666666666
NID2	3	1	2	0.6666666666666666
NIF3L1	3	3	0	1
NIFK	2	1	1	0.5
NIFK-AS1	1	1	0	1
NIM1	1	0	1	1
NIM1K	1	0	1	1
NIN	3	2	1	0.6666666666666666
NINJ1	3	3	0	1
NINJ2	3	2	1	0.6666666666666666
NINJ2-AS1	1	0	1	1
NINL	3	0	3	1
NIP7	3	2	1	0.6666666666666666
NIPA1	3	2	1	0.6666666666666666
NIPA2	3	1	2	0.6666666666666666
NIPAL1	3	1	2	0.6666666666666666
NIPAL2	3	3	0	1
NIPAL3	3	2	1	0.6666666666666666
NIPAL4	2	1	1	0.5
NIPBL	3	2	1	0.6666666666666666
NIPBL-DT	1	1	0	1
NIPSNAP1	3	3	0	1
NIPSNAP2	1	0	1	1
NIPSNAP3A	3	2	1	0.6666666666666666
NIPSNAP3B	3	0	3	1
NISCH	3	2	1	0.6666666666666666
NIT1	3	1	2	0.6666666666666666
NIT2	3	2	1	0.6666666666666666
NKAIN1	2	1	1	0.5
NKAIN2	2	2	0	1
NKAIN3	1	0	1	1
NKAIN4	3	2	1	0.6666666666666666
NKAP	3	1	2	0.6666666666666666
NKAPD1	1	0	1	1
NKAPL	1	1	0	1
NKAPP1	1	1	0	1
NKD1	2	0	2	1
NKD2	1	0	1	1
NKG7	1	0	1	1
NKILA	1	1	0	1
NKIRAS1	3	1	2	0.6666666666666666
NKIRAS2	3	3	0	1
NKPD1	3	0	3	1
NKRF	3	2	1	0.6666666666666666
NKTR	3	1	2	0.6666666666666666
NKX1-1	1	0	1	1
NKX1-2	1	1	0	1
NKX2-1	2	0	2	1
NKX2-2	1	0	1	1
NKX2-3	1	0	1	1
NKX2-4	2	0	2	1
NKX2-5	3	2	1	0.6666666666666666
NKX2-6	1	1	0	1
NKX2-8	2	1	1	0.5
NKX3-1	3	1	2	0.6666666666666666
NKX3-2	3	2	1	0.6666666666666666
NKX6-1	3	2	1	0.6666666666666666
NKX6-2	1	0	1	1
NKX6-3	1	1	0	1
NLE1	3	3	0	1
NLGN1	2	0	2	1
NLGN2	3	2	1	0.6666666666666666
NLGN3	3	1	2	0.6666666666666666
NLGN4X	2	2	0	1
NLGN4Y	1	1	0	1
NLK	3	3	0	1
NLN	3	1	2	0.6666666666666666
NLRC3	3	1	2	0.6666666666666666
NLRC4	3	2	1	0.6666666666666666
NLRC5	3	0	3	1
NLRP1	3	3	0	1
NLRP10	2	1	1	0.5
NLRP11	2	1	1	0.5
NLRP12	1	0	1	1
NLRP14	1	0	1	1
NLRP2	3	0	3	1
NLRP2B	1	0	1	1
NLRP3	3	1	2	0.6666666666666666
NLRP4	1	0	1	1
NLRP5	1	0	1	1
NLRP6	1	0	1	1
NLRP7	1	0	1	1
NLRP9	2	1	1	0.5
NLRX1	3	2	1	0.6666666666666666
NMB	3	0	3	1
NMBR	1	1	0	1
NMD3	3	1	2	0.6666666666666666
NME1	3	1	2	0.6666666666666666
NME1-NME2	1	0	1	1
NME2	3	2	1	0.6666666666666666
NME3	3	1	2	0.6666666666666666
NME4	3	1	2	0.6666666666666666
NME5	3	0	3	1
NME6	3	2	1	0.6666666666666666
NME7	3	1	2	0.6666666666666666
NME8	1	1	0	1
NME9	3	0	3	1
NMI	3	2	1	0.6666666666666666
NMNAT1	3	2	1	0.6666666666666666
NMNAT2	3	1	2	0.6666666666666666
NMNAT3	3	2	1	0.6666666666666666
NMRAL1	3	3	0	1
NMRAL2P	1	0	1	1
NMRK1	3	2	1	0.6666666666666666
NMRK2	1	0	1	1
NMT1	3	3	0	1
NMT2	3	2	1	0.6666666666666666
NMU	3	1	2	0.6666666666666666
NMUR1	1	0	1	1
NMUR2	1	0	1	1
NNAT	3	2	1	0.6666666666666666
NNMT	2	2	0	1
NNT	3	0	3	1
NNT-AS1	1	0	1	1
NOA1	3	2	1	0.6666666666666666
NOB1	3	3	0	1
NOC2L	3	2	1	0.6666666666666666
NOC3L	3	2	1	0.6666666666666666
NOC4L	3	1	2	0.6666666666666666
NOCT	2	0	2	1
NOD1	3	3	0	1
NOD2	2	0	2	1
NODAL	2	0	2	1
NOG	3	1	2	0.6666666666666666
NOL10	3	0	3	1
NOL11	3	2	1	0.6666666666666666
NOL12	3	2	1	0.6666666666666666
NOL3	3	2	1	0.6666666666666666
NOL4	2	2	0	1
NOL4L	2	1	1	0.5
NOL6	3	2	1	0.6666666666666666
NOL7	3	2	1	0.6666666666666666
NOL8	3	1	2	0.6666666666666666
NOL9	3	2	1	0.6666666666666666
NOLC1	3	3	0	1
NOM1	3	2	1	0.6666666666666666
NOMO1	3	0	3	1
NOMO2	3	0	3	1
NOMO3	3	1	2	0.6666666666666666
NONO	3	2	1	0.6666666666666666
NOP10	3	1	2	0.6666666666666666
NOP14	3	2	1	0.6666666666666666
NOP14-AS1	1	1	0	1
NOP16	3	2	1	0.6666666666666666
NOP2	3	0	3	1
NOP53	1	1	0	1
NOP56	3	1	2	0.6666666666666666
NOP58	3	1	2	0.6666666666666666
NOP9	3	2	1	0.6666666666666666
NORAD	1	1	0	1
NOS1	2	2	0	1
NOS1AP	3	3	0	1
NOS2	1	1	0	1
NOS3	3	0	3	1
NOSIP	3	2	1	0.6666666666666666
NOSTRIN	3	2	1	0.6666666666666666
NOTCH1	3	3	0	1
NOTCH2	3	1	2	0.6666666666666666
NOTCH2NL	2	0	2	1
NOTCH2NLA	1	0	1	1
NOTCH3	3	1	2	0.6666666666666666
NOTCH4	3	2	1	0.6666666666666666
NOTUM	1	0	1	1
NOV	2	1	1	0.5
NOVA1	3	1	2	0.6666666666666666
NOVA2	2	1	1	0.5
NOX1	3	1	2	0.6666666666666666
NOX3	1	0	1	1
NOX4	2	0	2	1
NOX5	2	2	0	1
NOXA1	3	2	1	0.6666666666666666
NOXO1	2	1	1	0.5
NOXRED1	3	1	2	0.6666666666666666
NPAS1	3	2	1	0.6666666666666666
NPAS2	3	2	1	0.6666666666666666
NPAS3	2	1	1	0.5
NPAS4	1	0	1	1
NPAT	3	1	2	0.6666666666666666
NPB	1	1	0	1
NPBWR1	3	2	1	0.6666666666666666
NPC1	3	1	2	0.6666666666666666
NPC1L1	3	1	2	0.6666666666666666
NPC2	3	0	3	1
NPDC1	3	2	1	0.6666666666666666
NPEPL1	2	2	0	1
NPEPPS	3	2	1	0.6666666666666666
NPEPPSP1	1	1	0	1
NPFF	2	1	1	0.5
NPFFR1	2	2	0	1
NPFFR2	1	0	1	1
NPHP1	3	2	1	0.6666666666666666
NPHP3	3	2	1	0.6666666666666666
NPHP4	3	2	1	0.6666666666666666
NPHS1	1	0	1	1
NPIPA1	2	0	2	1
NPIPA2	2	1	1	0.5
NPIPA3	2	1	1	0.5
NPIPA5	3	1	2	0.6666666666666666
NPIPA7	2	1	1	0.5
NPIPA8	2	0	2	1
NPIPB11	3	0	3	1
NPIPB12	1	0	1	1
NPIPB13	2	1	1	0.5
NPIPB15	3	1	2	0.6666666666666666
NPIPB2	1	1	0	1
NPIPB3	3	0	3	1
NPIPB4	3	0	3	1
NPIPB5	3	1	2	0.6666666666666666
NPIPB6	1	0	1	1
NPIPB7	1	1	0	1
NPIPB8	2	1	1	0.5
NPIPB9	1	0	1	1
NPL	2	0	2	1
NPLOC4	3	2	1	0.6666666666666666
NPM1	3	2	1	0.6666666666666666
NPM2	3	1	2	0.6666666666666666
NPM3	3	1	2	0.6666666666666666
NPNT	3	1	2	0.6666666666666666
NPPA	3	2	1	0.6666666666666666
NPPA-AS1	1	1	0	1
NPPB	1	0	1	1
NPPC	2	1	1	0.5
NPR1	3	0	3	1
NPR2	3	2	1	0.6666666666666666
NPR3	3	2	1	0.6666666666666666
NPRL2	3	1	2	0.6666666666666666
NPRL3	3	2	1	0.6666666666666666
NPSR1	1	1	0	1
NPTN	3	0	3	1
NPTN-IT1	1	1	0	1
NPTX1	2	2	0	1
NPTX2	2	1	1	0.5
NPTXR	3	0	3	1
NPW	1	0	1	1
NPY1R	3	1	2	0.6666666666666666
NPY4R	2	2	0	1
NPY5R	1	0	1	1
NQO1	3	2	1	0.6666666666666666
NQO2	3	2	1	0.6666666666666666
NR0B1	3	0	3	1
NR0B2	1	0	1	1
NR1D1	3	3	0	1
NR1D2	3	1	2	0.6666666666666666
NR1H2	3	2	1	0.6666666666666666
NR1H3	3	3	0	1
NR1I2	1	1	0	1
NR1I3	2	0	2	1
NR2C1	3	0	3	1
NR2C2	3	1	2	0.6666666666666666
NR2C2AP	3	2	1	0.6666666666666666
NR2E1	1	1	0	1
NR2E3	2	1	1	0.5
NR2F1	3	1	2	0.6666666666666666
NR2F1-AS1	1	0	1	1
NR2F2	3	2	1	0.6666666666666666
NR2F2-AS1	1	0	1	1
NR2F6	3	2	1	0.6666666666666666
NR3C1	3	1	2	0.6666666666666666
NR3C2	3	1	2	0.6666666666666666
NR4A1	3	1	2	0.6666666666666666
NR4A2	3	0	3	1
NR4A3	3	1	2	0.6666666666666666
NR5A1	1	0	1	1
NR5A2	3	1	2	0.6666666666666666
NR6A1	3	1	2	0.6666666666666666
NRAP	1	0	1	1
NRARP	3	1	2	0.6666666666666666
NRAS	3	1	2	0.6666666666666666
NRAV	1	1	0	1
NRBF2	3	1	2	0.6666666666666666
NRBP1	3	1	2	0.6666666666666666
NRBP2	3	2	1	0.6666666666666666
NRCAM	3	2	1	0.6666666666666666
NRD1	1	0	1	1
NRDC	2	1	1	0.5
NRDE2	3	1	2	0.6666666666666666
NREP	3	1	2	0.6666666666666666
NRF1	3	1	2	0.6666666666666666
NRG1	3	1	2	0.6666666666666666
NRG2	3	1	2	0.6666666666666666
NRG3	1	0	1	1
NRG4	3	0	3	1
NRGN	3	3	0	1
NRIP1	3	1	2	0.6666666666666666
NRIP2	3	2	1	0.6666666666666666
NRIP3	2	0	2	1
NRK	3	2	1	0.6666666666666666
NRL	3	0	3	1
NRM	3	2	1	0.6666666666666666
NRN1	2	1	1	0.5
NRN1L	2	1	1	0.5
NRP1	3	1	2	0.6666666666666666
NRP2	3	1	2	0.6666666666666666
NRROS	3	1	2	0.6666666666666666
NRSN2	3	1	2	0.6666666666666666
NRSN2-AS1	1	0	1	1
NRTN	3	1	2	0.6666666666666666
NRXN1	1	0	1	1
NRXN2	2	1	1	0.5
NRXN3	2	0	2	1
NSA2	3	0	3	1
NSD1	3	2	1	0.6666666666666666
NSD2	2	1	1	0.5
NSD3	2	0	2	1
NSDHL	3	2	1	0.6666666666666666
NSF	3	2	1	0.6666666666666666
NSFL1C	3	1	2	0.6666666666666666
NSFP1	1	0	1	1
NSG1	2	2	0	1
NSL1	3	3	0	1
NSMAF	3	1	2	0.6666666666666666
NSMCE1	3	3	0	1
NSMCE1-DT	1	0	1	1
NSMCE2	3	1	2	0.6666666666666666
NSMCE3	2	1	1	0.5
NSMCE4A	3	1	2	0.6666666666666666
NSMF	3	3	0	1
NSRP1	3	2	1	0.6666666666666666
NSUN2	3	2	1	0.6666666666666666
NSUN3	3	2	1	0.6666666666666666
NSUN4	3	0	3	1
NSUN5	3	2	1	0.6666666666666666
NSUN5P1	1	1	0	1
NSUN5P2	1	1	0	1
NSUN6	3	1	2	0.6666666666666666
NSUN7	3	1	2	0.6666666666666666
NT5C	3	2	1	0.6666666666666666
NT5C1A	1	0	1	1
NT5C1B	2	1	1	0.5
NT5C1B-RDH14	1	0	1	1
NT5C2	3	1	2	0.6666666666666666
NT5C3A	3	0	3	1
NT5C3B	3	2	1	0.6666666666666666
NT5DC1	3	2	1	0.6666666666666666
NT5DC2	3	3	0	1
NT5DC3	3	1	2	0.6666666666666666
NT5DC4	2	2	0	1
NT5E	3	2	1	0.6666666666666666
NT5M	3	1	2	0.6666666666666666
NTAN1	3	1	2	0.6666666666666666
NTF3	2	2	0	1
NTF4	3	3	0	1
NTHL1	3	3	0	1
NTM	1	1	0	1
NTMT1	3	3	0	1
NTN1	3	1	2	0.6666666666666666
NTN3	2	0	2	1
NTN4	3	1	2	0.6666666666666666
NTN5	2	2	0	1
NTNG1	3	1	2	0.6666666666666666
NTNG2	1	0	1	1
NTPCR	3	3	0	1
NTRK1	1	0	1	1
NTRK2	2	2	0	1
NTRK3	2	1	1	0.5
NTS	1	0	1	1
NTSR1	1	1	0	1
NTSR2	1	1	0	1
NUAK1	3	2	1	0.6666666666666666
NUAK2	3	2	1	0.6666666666666666
NUB1	3	1	2	0.6666666666666666
NUBP1	3	2	1	0.6666666666666666
NUBP2	3	3	0	1
NUBPL	3	1	2	0.6666666666666666
NUCB1	3	1	2	0.6666666666666666
NUCB2	3	0	3	1
NUCKS1	3	0	3	1
NUDC	3	3	0	1
NUDCD1	3	2	1	0.6666666666666666
NUDCD2	3	1	2	0.6666666666666666
NUDCD3	3	2	1	0.6666666666666666
NUDT1	3	3	0	1
NUDT10	3	1	2	0.6666666666666666
NUDT11	3	2	1	0.6666666666666666
NUDT12	3	1	2	0.6666666666666666
NUDT13	3	3	0	1
NUDT14	3	1	2	0.6666666666666666
NUDT15	3	3	0	1
NUDT16	3	1	2	0.6666666666666666
NUDT16L1	3	2	1	0.6666666666666666
NUDT16P1	1	0	1	1
NUDT17	3	0	3	1
NUDT18	3	2	1	0.6666666666666666
NUDT19	3	1	2	0.6666666666666666
NUDT2	3	3	0	1
NUDT21	3	1	2	0.6666666666666666
NUDT22	3	3	0	1
NUDT3	3	1	2	0.6666666666666666
NUDT4	3	1	2	0.6666666666666666
NUDT5	3	1	2	0.6666666666666666
NUDT6	3	2	1	0.6666666666666666
NUDT7	3	2	1	0.6666666666666666
NUDT8	3	3	0	1
NUDT9	3	1	2	0.6666666666666666
NUDT9P1	1	1	0	1
NUF2	3	1	2	0.6666666666666666
NUFIP1	3	2	1	0.6666666666666666
NUFIP2	3	1	2	0.6666666666666666
NUGGC	1	1	0	1
NUMA1	3	3	0	1
NUMB	3	1	2	0.6666666666666666
NUMBL	3	2	1	0.6666666666666666
NUP107	3	1	2	0.6666666666666666
NUP133	3	2	1	0.6666666666666666
NUP153	3	1	2	0.6666666666666666
NUP155	3	2	1	0.6666666666666666
NUP160	3	1	2	0.6666666666666666
NUP188	3	1	2	0.6666666666666666
NUP205	3	2	1	0.6666666666666666
NUP210	3	2	1	0.6666666666666666
NUP210L	2	2	0	1
NUP214	3	3	0	1
NUP35	3	2	1	0.6666666666666666
NUP37	3	1	2	0.6666666666666666
NUP42	1	0	1	1
NUP43	3	2	1	0.6666666666666666
NUP50	3	1	2	0.6666666666666666
NUP50-DT	1	0	1	1
NUP54	3	1	2	0.6666666666666666
NUP58	2	1	1	0.5
NUP62	3	0	3	1
NUP62CL	3	1	2	0.6666666666666666
NUP85	3	2	1	0.6666666666666666
NUP88	3	2	1	0.6666666666666666
NUP93	3	1	2	0.6666666666666666
NUP98	3	1	2	0.6666666666666666
NUPL1	1	1	0	1
NUPL2	2	1	1	0.5
NUPR1	3	1	2	0.6666666666666666
NUS1	3	0	3	1
NUSAP1	3	1	2	0.6666666666666666
NUTF2	3	2	1	0.6666666666666666
NUTM1	1	1	0	1
NUTM2A	2	1	1	0.5
NUTM2A-AS1	1	1	0	1
NUTM2B	2	1	1	0.5
NUTM2B-AS1	1	1	0	1
NUTM2D	2	1	1	0.5
NUTM2F	1	0	1	1
NUTM2G	2	1	1	0.5
NVL	3	2	1	0.6666666666666666
NWD1	3	3	0	1
NWD2	1	1	0	1
NXF1	3	3	0	1
NXF3	1	1	0	1
NXF5	1	0	1	1
NXN	3	1	2	0.6666666666666666
NXNL1	1	1	0	1
NXNL2	3	3	0	1
NXPE3	3	2	1	0.6666666666666666
NXPE4	1	1	0	1
NXPH1	1	1	0	1
NXPH2	1	1	0	1
NXPH3	3	1	2	0.6666666666666666
NXPH4	3	2	1	0.6666666666666666
NXT1	3	1	2	0.6666666666666666
NXT2	3	1	2	0.6666666666666666
NYAP1	2	1	1	0.5
NYAP2	2	1	1	0.5
NYNRIN	3	3	0	1
NYX	1	0	1	1
OAF	3	1	2	0.6666666666666666
OARD1	3	2	1	0.6666666666666666
OAS1	3	2	1	0.6666666666666666
OAS2	3	2	1	0.6666666666666666
OAS3	3	2	1	0.6666666666666666
OASL	3	0	3	1
OAT	3	1	2	0.6666666666666666
OAZ1	3	2	1	0.6666666666666666
OAZ2	3	2	1	0.6666666666666666
OAZ3	3	1	2	0.6666666666666666
OBFC1	1	1	0	1
OBI1	1	0	1	1
OBP2A	1	0	1	1
OBP2B	1	1	0	1
OBSCN	3	3	0	1
OBSCN-AS1	1	1	0	1
OBSL1	3	1	2	0.6666666666666666
OCA2	1	0	1	1
OCEL1	3	1	2	0.6666666666666666
OCIAD1	3	0	3	1
OCIAD1-AS1	1	0	1	1
OCIAD2	3	3	0	1
OCLM	2	0	2	1
OCLN	3	0	3	1
OCLNP1	1	1	0	1
OCM	1	0	1	1
OCRL	3	1	2	0.6666666666666666
OCSTAMP	1	0	1	1
ODC1	3	0	3	1
ODC1-DT	1	0	1	1
ODF2	3	2	1	0.6666666666666666
ODF2L	3	0	3	1
ODF3	1	0	1	1
ODF3B	2	1	1	0.5
ODF3L1	1	1	0	1
ODF3L2	1	0	1	1
ODF4	1	0	1	1
ODR4	1	0	1	1
OFD1	3	1	2	0.6666666666666666
OGA	1	1	0	1
OGDH	3	3	0	1
OGDHL	3	1	2	0.6666666666666666
OGFOD1	3	0	3	1
OGFOD2	3	3	0	1
OGFOD3	3	2	1	0.6666666666666666
OGFR	3	3	0	1
OGFRL1	3	1	2	0.6666666666666666
OGFRP1	1	1	0	1
OGG1	3	2	1	0.6666666666666666
OGN	1	0	1	1
OGT	3	0	3	1
OIP5	3	3	0	1
OIP5-AS1	1	0	1	1
OIT3	1	1	0	1
OLA1	3	1	2	0.6666666666666666
OLAH	3	3	0	1
OLFM1	1	0	1	1
OLFM2	3	2	1	0.6666666666666666
OLFM3	1	0	1	1
OLFM4	1	1	0	1
OLFML1	1	0	1	1
OLFML2A	3	1	2	0.6666666666666666
OLFML2B	3	0	3	1
OLFML3	3	2	1	0.6666666666666666
OLIG2	1	0	1	1
OLMALINC	1	0	1	1
OLR1	2	2	0	1
OMA1	3	2	1	0.6666666666666666
OMD	1	0	1	1
OMG	1	0	1	1
OMP	2	1	1	0.5
ONECUT1	2	0	2	1
ONECUT2	3	1	2	0.6666666666666666
ONECUT3	1	0	1	1
OOEP	2	1	1	0.5
OPA1	3	2	1	0.6666666666666666
OPA3	3	0	3	1
OPALIN	1	0	1	1
OPCML	1	0	1	1
OPHN1	3	1	2	0.6666666666666666
OPLAH	3	1	2	0.6666666666666666
OPN1LW	1	0	1	1
OPN1SW	2	0	2	1
OPN3	3	2	1	0.6666666666666666
OPN4	1	0	1	1
OPN5	1	0	1	1
OPRD1	1	1	0	1
OPRK1	2	1	1	0.5
OPRL1	3	2	1	0.6666666666666666
OPTC	1	1	0	1
OPTN	3	1	2	0.6666666666666666
OR10A3	1	1	0	1
OR10A4	1	0	1	1
OR10A6	1	1	0	1
OR10AD1	1	0	1	1
OR10H1	2	1	1	0.5
OR10S1	1	1	0	1
OR10V1	1	0	1	1
OR11A1	1	1	0	1
OR11H4	1	0	1	1
OR11H6	1	1	0	1
OR12D2	1	1	0	1
OR12D3	1	0	1	1
OR13A1	1	1	0	1
OR13C5	1	1	0	1
OR13F1	1	1	0	1
OR13J1	1	0	1	1
OR14K1	1	0	1	1
OR1B1	1	0	1	1
OR1D5	1	0	1	1
OR1F1	3	1	2	0.6666666666666666
OR1J1	2	2	0	1
OR1J2	1	1	0	1
OR1J4	1	1	0	1
OR1K1	1	1	0	1
OR1L8	1	1	0	1
OR1N1	1	1	0	1
OR1N2	1	1	0	1
OR1Q1	1	1	0	1
OR2A1	2	2	0	1
OR2A12	1	1	0	1
OR2A14	1	1	0	1
OR2A2	1	1	0	1
OR2A25	1	1	0	1
OR2A4	1	1	0	1
OR2A42	1	1	0	1
OR2A7	3	3	0	1
OR2AE1	1	0	1	1
OR2AG2	1	1	0	1
OR2AT4	1	0	1	1
OR2B6	2	1	1	0.5
OR2C1	1	0	1	1
OR2F1	1	0	1	1
OR2H1	1	0	1	1
OR2H2	1	0	1	1
OR2J2	1	0	1	1
OR2J3	1	0	1	1
OR2K2	1	1	0	1
OR2L13	2	1	1	0.5
OR2T33	1	0	1	1
OR2T8	3	1	2	0.6666666666666666
OR2V1	1	0	1	1
OR2V2	1	0	1	1
OR2W1	1	0	1	1
OR2W3	3	1	2	0.6666666666666666
OR4D1	1	0	1	1
OR4F15	1	0	1	1
OR4F21	1	0	1	1
OR4M2	1	1	0	1
OR4N2	1	1	0	1
OR4N4	1	1	0	1
OR51B2	1	1	0	1
OR51B4	1	1	0	1
OR51B5	1	1	0	1
OR52B2	1	0	1	1
OR52B4	1	1	0	1
OR52B6	1	1	0	1
OR52H1	1	1	0	1
OR52I1	1	1	0	1
OR52I2	1	0	1	1
OR52L1	1	1	0	1
OR52N4	1	1	0	1
OR52W1	1	1	0	1
OR56B4	1	1	0	1
OR5C1	1	0	1	1
OR5K1	1	1	0	1
OR5K2	1	1	0	1
OR5P2	1	1	0	1
OR5P3	1	1	0	1
OR5T2	1	0	1	1
OR6A2	1	1	0	1
OR6B2	1	0	1	1
OR6B3	1	1	0	1
OR6T1	1	1	0	1
OR7D2	2	2	0	1
OR7E14P	1	1	0	1
OR8S1	1	0	1	1
OR9A2	1	0	1	1
ORAI1	3	3	0	1
ORAI2	3	1	2	0.6666666666666666
ORAI3	3	3	0	1
ORAOV1	2	2	0	1
ORC1	3	1	2	0.6666666666666666
ORC2	3	1	2	0.6666666666666666
ORC3	3	2	1	0.6666666666666666
ORC4	3	1	2	0.6666666666666666
ORC5	3	1	2	0.6666666666666666
ORC6	3	1	2	0.6666666666666666
ORM1	1	1	0	1
ORM2	1	0	1	1
ORMDL1	3	2	1	0.6666666666666666
ORMDL2	3	0	3	1
ORMDL3	3	3	0	1
OS9	3	1	2	0.6666666666666666
OSBP	3	2	1	0.6666666666666666
OSBP2	3	1	2	0.6666666666666666
OSBPL10	3	3	0	1
OSBPL11	3	1	2	0.6666666666666666
OSBPL1A	3	1	2	0.6666666666666666
OSBPL2	3	2	1	0.6666666666666666
OSBPL3	3	2	1	0.6666666666666666
OSBPL5	3	3	0	1
OSBPL6	3	0	3	1
OSBPL7	3	3	0	1
OSBPL8	3	0	3	1
OSBPL9	3	0	3	1
OSCAR	3	1	2	0.6666666666666666
OSCP1	3	3	0	1
OSER1	3	1	2	0.6666666666666666
OSER1-DT	1	1	0	1
OSGEP	3	1	2	0.6666666666666666
OSGEPL1	3	3	0	1
OSGIN1	3	3	0	1
OSGIN2	3	1	2	0.6666666666666666
OSM	1	0	1	1
OSMR	3	2	1	0.6666666666666666
OSR1	2	1	1	0.5
OSR2	3	1	2	0.6666666666666666
OST4	3	1	2	0.6666666666666666
OSTC	3	1	2	0.6666666666666666
OSTF1	3	1	2	0.6666666666666666
OSTM1	3	1	2	0.6666666666666666
OSTN	1	0	1	1
OTOA	2	1	1	0.5
OTOF	1	0	1	1
OTOG	1	0	1	1
OTOGL	1	0	1	1
OTOL1	1	0	1	1
OTOP1	1	0	1	1
OTOP2	1	0	1	1
OTOP3	1	0	1	1
OTOR	1	1	0	1
OTOS	1	0	1	1
OTP	1	0	1	1
OTUB1	3	2	1	0.6666666666666666
OTUB2	3	2	1	0.6666666666666666
OTUD1	3	1	2	0.6666666666666666
OTUD3	3	0	3	1
OTUD4	3	2	1	0.6666666666666666
OTUD5	3	2	1	0.6666666666666666
OTUD6A	1	0	1	1
OTUD6B	3	1	2	0.6666666666666666
OTUD6B-AS1	1	1	0	1
OTUD7A	2	0	2	1
OTUD7B	3	1	2	0.6666666666666666
OTULIN	2	1	1	0.5
OTULINL	1	1	0	1
OTX1	3	1	2	0.6666666666666666
OVAAL	1	0	1	1
OVCA2	2	1	1	0.5
OVCH1	1	1	0	1
OVCH2	2	1	1	0.5
OVGP1	3	0	3	1
OVOL1	3	2	1	0.6666666666666666
OVOL2	3	2	1	0.6666666666666666
OVOL3	2	0	2	1
OVOS	1	0	1	1
OVOS2	1	0	1	1
OXA1L	3	2	1	0.6666666666666666
OXCT1	3	0	3	1
OXCT2	2	1	1	0.5
OXER1	1	0	1	1
OXGR1	1	1	0	1
OXLD1	3	2	1	0.6666666666666666
OXNAD1	3	1	2	0.6666666666666666
OXR1	3	1	2	0.6666666666666666
OXSM	3	1	2	0.6666666666666666
OXSR1	3	1	2	0.6666666666666666
OXT	1	1	0	1
OXTR	3	1	2	0.6666666666666666
P2RX1	1	0	1	1
P2RX2	2	0	2	1
P2RX3	1	1	0	1
P2RX4	3	0	3	1
P2RX5	3	2	1	0.6666666666666666
P2RX5-TAX1BP3	2	2	0	1
P2RX6	1	1	0	1
P2RX7	3	1	2	0.6666666666666666
P2RY1	3	1	2	0.6666666666666666
P2RY10	1	0	1	1
P2RY11	1	1	0	1
P2RY12	1	0	1	1
P2RY13	1	1	0	1
P2RY14	1	0	1	1
P2RY2	3	1	2	0.6666666666666666
P2RY4	1	0	1	1
P2RY6	3	2	1	0.6666666666666666
P3H1	2	1	1	0.5
P3H2	2	1	1	0.5
P3H3	2	0	2	1
P3H4	2	1	1	0.5
P4HA1	3	0	3	1
P4HA2	3	2	1	0.6666666666666666
P4HA3	3	2	1	0.6666666666666666
P4HB	3	1	2	0.6666666666666666
P4HTM	3	2	1	0.6666666666666666
PA2G4	3	2	1	0.6666666666666666
PA2G4P4	1	0	1	1
PAAF1	3	2	1	0.6666666666666666
PABPC1	3	1	2	0.6666666666666666
PABPC1L	3	1	2	0.6666666666666666
PABPC3	3	0	3	1
PABPC4	3	2	1	0.6666666666666666
PABPC4-AS1	1	0	1	1
PABPC4L	3	1	2	0.6666666666666666
PABPC5	2	1	1	0.5
PABPN1	3	0	3	1
PABPN1L	2	1	1	0.5
PACC1	1	0	1	1
PACRG	1	1	0	1
PACRGL	3	2	1	0.6666666666666666
PACS1	3	3	0	1
PACS2	3	1	2	0.6666666666666666
PACSIN1	3	1	2	0.6666666666666666
PACSIN2	3	1	2	0.6666666666666666
PACSIN3	3	3	0	1
PADI1	3	2	1	0.6666666666666666
PADI2	3	1	2	0.6666666666666666
PADI3	2	1	1	0.5
PADI4	1	1	0	1
PADI6	1	0	1	1
PAEP	1	1	0	1
PAF1	3	0	3	1
PAFAH1B1	3	1	2	0.6666666666666666
PAFAH1B2	3	0	3	1
PAFAH1B3	3	1	2	0.6666666666666666
PAFAH2	3	2	1	0.6666666666666666
PAG1	3	1	2	0.6666666666666666
PAGE1	1	0	1	1
PAGE2B	1	1	0	1
PAGE4	1	0	1	1
PAGR1	3	2	1	0.6666666666666666
PAH	1	0	1	1
PAICS	3	1	2	0.6666666666666666
PAIP1	3	0	3	1
PAIP2	3	2	1	0.6666666666666666
PAIP2B	3	1	2	0.6666666666666666
PAK1	3	1	2	0.6666666666666666
PAK1IP1	3	1	2	0.6666666666666666
PAK2	3	1	2	0.6666666666666666
PAK3	3	2	1	0.6666666666666666
PAK4	3	2	1	0.6666666666666666
PAK5	1	1	0	1
PAK6	2	1	1	0.5
PAK7	1	1	0	1
PALB2	3	1	2	0.6666666666666666
PALD1	3	0	3	1
PALLD	3	2	1	0.6666666666666666
PALM	3	2	1	0.6666666666666666
PALM2	2	0	2	1
PALM2-AKAP2	1	1	0	1
PALM2AKAP2	1	1	0	1
PALM3	3	1	2	0.6666666666666666
PALMD	2	0	2	1
PAM	3	1	2	0.6666666666666666
PAM16	2	1	1	0.5
PAMR1	1	1	0	1
PAN2	3	1	2	0.6666666666666666
PAN3	3	2	1	0.6666666666666666
PAN3-AS1	1	1	0	1
PANK1	3	0	3	1
PANK2	3	1	2	0.6666666666666666
PANK3	3	1	2	0.6666666666666666
PANK4	3	3	0	1
PANO1	2	0	2	1
PANTR1	1	0	1	1
PANX1	3	1	2	0.6666666666666666
PANX2	3	2	1	0.6666666666666666
PANX3	1	1	0	1
PAOX	3	1	2	0.6666666666666666
PAPD4	2	0	2	1
PAPD5	2	0	2	1
PAPD7	2	1	1	0.5
PAPL	1	1	0	1
PAPLN	3	1	2	0.6666666666666666
PAPOLA	3	1	2	0.6666666666666666
PAPOLB	1	0	1	1
PAPOLG	3	1	2	0.6666666666666666
PAPPA	3	2	1	0.6666666666666666
PAPPA-AS1	1	1	0	1
PAPPA2	3	1	2	0.6666666666666666
PAPSS1	3	3	0	1
PAPSS2	3	1	2	0.6666666666666666
PAQR3	3	1	2	0.6666666666666666
PAQR4	3	2	1	0.6666666666666666
PAQR5	3	1	2	0.6666666666666666
PAQR6	3	1	2	0.6666666666666666
PAQR7	3	2	1	0.6666666666666666
PAQR8	3	3	0	1
PAQR9	2	0	2	1
PARD3	3	1	2	0.6666666666666666
PARD3B	3	1	2	0.6666666666666666
PARD6A	3	1	2	0.6666666666666666
PARD6B	3	0	3	1
PARD6G	3	1	2	0.6666666666666666
PARG	2	2	0	1
PARGP1-AGAP4	1	0	1	1
PARK2	1	1	0	1
PARK7	3	2	1	0.6666666666666666
PARL	3	0	3	1
PARM1	3	1	2	0.6666666666666666
PARN	3	2	1	0.6666666666666666
PARP1	3	2	1	0.6666666666666666
PARP10	3	2	1	0.6666666666666666
PARP11	3	1	2	0.6666666666666666
PARP12	3	2	1	0.6666666666666666
PARP14	3	1	2	0.6666666666666666
PARP15	1	1	0	1
PARP16	3	2	1	0.6666666666666666
PARP2	3	1	2	0.6666666666666666
PARP3	3	2	1	0.6666666666666666
PARP4	3	2	1	0.6666666666666666
PARP6	3	2	1	0.6666666666666666
PARP8	3	1	2	0.6666666666666666
PARP9	3	1	2	0.6666666666666666
PARPBP	3	1	2	0.6666666666666666
PARS2	3	2	1	0.6666666666666666
PARTICL	1	0	1	1
PARVA	3	2	1	0.6666666666666666
PARVB	3	1	2	0.6666666666666666
PARVG	2	1	1	0.5
PASD1	1	0	1	1
PASK	3	2	1	0.6666666666666666
PATE2	3	2	1	0.6666666666666666
PATJ	2	0	2	1
PATL1	3	2	1	0.6666666666666666
PATL2	3	1	2	0.6666666666666666
PATZ1	3	1	2	0.6666666666666666
PAWR	3	1	2	0.6666666666666666
PAX1	2	0	2	1
PAX2	1	0	1	1
PAX3	1	1	0	1
PAX4	1	0	1	1
PAX5	2	1	1	0.5
PAX6	3	2	1	0.6666666666666666
PAX7	1	1	0	1
PAX8	3	3	0	1
PAX8-AS1	1	1	0	1
PAX9	3	0	3	1
PAXBP1	3	1	2	0.6666666666666666
PAXBP1-AS1	1	1	0	1
PAXIP1	3	2	1	0.6666666666666666
PAXIP1-AS1	1	1	0	1
PAXIP1-AS2	2	2	0	1
PAXX	1	1	0	1
PBDC1	3	1	2	0.6666666666666666
PBK	3	0	3	1
PBLD	3	2	1	0.6666666666666666
PBOV1	1	0	1	1
PBRM1	3	2	1	0.6666666666666666
PBX1	3	1	2	0.6666666666666666
PBX2	3	1	2	0.6666666666666666
PBX3	3	1	2	0.6666666666666666
PBX4	2	2	0	1
PBXIP1	3	2	1	0.6666666666666666
PC	3	2	1	0.6666666666666666
PCAT6	1	1	0	1
PCBD1	3	0	3	1
PCBD2	3	0	3	1
PCBP1	3	1	2	0.6666666666666666
PCBP1-AS1	1	1	0	1
PCBP2	3	1	2	0.6666666666666666
PCBP3	2	1	1	0.5
PCBP4	3	2	1	0.6666666666666666
PCCA	3	2	1	0.6666666666666666
PCCA-DT	1	1	0	1
PCCB	3	2	1	0.6666666666666666
PCDH1	3	2	1	0.6666666666666666
PCDH10	2	1	1	0.5
PCDH11X	1	0	1	1
PCDH11Y	1	0	1	1
PCDH12	3	2	1	0.6666666666666666
PCDH15	1	0	1	1
PCDH17	3	2	1	0.6666666666666666
PCDH18	2	1	1	0.5
PCDH19	3	0	3	1
PCDH20	2	1	1	0.5
PCDH7	3	0	3	1
PCDH8	1	0	1	1
PCDH9	3	1	2	0.6666666666666666
PCDHA1	3	1	2	0.6666666666666666
PCDHA10	3	1	2	0.6666666666666666
PCDHA11	2	0	2	1
PCDHA12	3	1	2	0.6666666666666666
PCDHA13	2	0	2	1
PCDHA2	3	1	2	0.6666666666666666
PCDHA3	3	1	2	0.6666666666666666
PCDHA4	3	1	2	0.6666666666666666
PCDHA5	3	1	2	0.6666666666666666
PCDHA6	3	1	2	0.6666666666666666
PCDHA7	3	1	2	0.6666666666666666
PCDHA8	3	0	3	1
PCDHA9	3	1	2	0.6666666666666666
PCDHAC1	3	1	2	0.6666666666666666
PCDHAC2	3	0	3	1
PCDHB10	3	1	2	0.6666666666666666
PCDHB11	3	1	2	0.6666666666666666
PCDHB12	2	0	2	1
PCDHB13	3	1	2	0.6666666666666666
PCDHB14	3	1	2	0.6666666666666666
PCDHB15	1	1	0	1
PCDHB16	3	0	3	1
PCDHB17	1	0	1	1
PCDHB17P	1	0	1	1
PCDHB2	3	1	2	0.6666666666666666
PCDHB3	3	1	2	0.6666666666666666
PCDHB4	2	0	2	1
PCDHB5	3	1	2	0.6666666666666666
PCDHB6	3	1	2	0.6666666666666666
PCDHB7	2	1	1	0.5
PCDHB8	3	0	3	1
PCDHB9	1	1	0	1
PCDHGA1	3	1	2	0.6666666666666666
PCDHGA10	2	1	1	0.5
PCDHGA11	2	1	1	0.5
PCDHGA12	2	0	2	1
PCDHGA2	2	0	2	1
PCDHGA3	2	0	2	1
PCDHGA4	3	2	1	0.6666666666666666
PCDHGA5	3	2	1	0.6666666666666666
PCDHGA6	3	2	1	0.6666666666666666
PCDHGA7	2	1	1	0.5
PCDHGA8	3	1	2	0.6666666666666666
PCDHGA9	3	2	1	0.6666666666666666
PCDHGB1	3	2	1	0.6666666666666666
PCDHGB2	3	2	1	0.6666666666666666
PCDHGB3	3	1	2	0.6666666666666666
PCDHGB4	3	2	1	0.6666666666666666
PCDHGB5	2	2	0	1
PCDHGB6	3	1	2	0.6666666666666666
PCDHGB7	2	1	1	0.5
PCDHGC3	3	1	2	0.6666666666666666
PCDHGC4	2	0	2	1
PCDHGC5	3	0	3	1
PCDP1	1	0	1	1
PCED1A	3	2	1	0.6666666666666666
PCED1B	3	1	2	0.6666666666666666
PCF11	3	0	3	1
PCGF1	3	0	3	1
PCGF2	3	1	2	0.6666666666666666
PCGF3	3	2	1	0.6666666666666666
PCGF5	3	2	1	0.6666666666666666
PCGF6	3	2	1	0.6666666666666666
PCID2	3	1	2	0.6666666666666666
PCIF1	3	2	1	0.6666666666666666
PCK1	1	1	0	1
PCK2	3	1	2	0.6666666666666666
PCLAF	2	1	1	0.5
PCLO	3	1	2	0.6666666666666666
PCM1	3	1	2	0.6666666666666666
PCMT1	3	1	2	0.6666666666666666
PCMTD1	3	2	1	0.6666666666666666
PCMTD2	3	1	2	0.6666666666666666
PCNA	3	1	2	0.6666666666666666
PCNP	3	2	1	0.6666666666666666
PCNT	3	2	1	0.6666666666666666
PCNX	1	1	0	1
PCNX1	2	0	2	1
PCNX2	2	2	0	1
PCNX3	2	2	0	1
PCNX4	2	1	1	0.5
PCNXL2	1	1	0	1
PCNXL3	1	1	0	1
PCNXL4	1	1	0	1
PCOLCE	3	2	1	0.6666666666666666
PCOLCE-AS1	1	0	1	1
PCOLCE2	3	0	3	1
PCOTH	1	1	0	1
PCP2	3	1	2	0.6666666666666666
PCP4	1	0	1	1
PCP4L1	1	0	1	1
PCSK1	1	1	0	1
PCSK1N	3	1	2	0.6666666666666666
PCSK2	1	1	0	1
PCSK4	3	2	1	0.6666666666666666
PCSK5	3	1	2	0.6666666666666666
PCSK6	3	1	2	0.6666666666666666
PCSK7	3	1	2	0.6666666666666666
PCSK9	2	1	1	0.5
PCTP	3	3	0	1
PCYOX1	3	2	1	0.6666666666666666
PCYOX1L	3	3	0	1
PCYT1A	3	1	2	0.6666666666666666
PCYT1B	3	1	2	0.6666666666666666
PCYT2	3	2	1	0.6666666666666666
PDAP1	3	2	1	0.6666666666666666
PDC	1	0	1	1
PDCD1	1	0	1	1
PDCD10	3	1	2	0.6666666666666666
PDCD11	3	3	0	1
PDCD1LG2	3	2	1	0.6666666666666666
PDCD2	3	1	2	0.6666666666666666
PDCD2L	3	0	3	1
PDCD4	3	1	2	0.6666666666666666
PDCD4-AS1	1	1	0	1
PDCD5	3	1	2	0.6666666666666666
PDCD6	3	2	1	0.6666666666666666
PDCD6IP	3	0	3	1
PDCD6IPP2	1	1	0	1
PDCD7	3	3	0	1
PDCL	3	1	2	0.6666666666666666
PDCL2	1	0	1	1
PDCL3	3	3	0	1
PDCL3P4	1	1	0	1
PDDC1	2	1	1	0.5
PDE10A	3	2	1	0.6666666666666666
PDE11A	2	1	1	0.5
PDE12	3	2	1	0.6666666666666666
PDE1A	2	0	2	1
PDE1B	1	1	0	1
PDE1C	3	1	2	0.6666666666666666
PDE2A	3	2	1	0.6666666666666666
PDE3A	1	0	1	1
PDE3B	3	2	1	0.6666666666666666
PDE4A	3	1	2	0.6666666666666666
PDE4B	2	0	2	1
PDE4C	3	0	3	1
PDE4D	3	0	3	1
PDE4DIP	3	2	1	0.6666666666666666
PDE5A	3	1	2	0.6666666666666666
PDE6A	3	2	1	0.6666666666666666
PDE6B	3	0	3	1
PDE6C	1	0	1	1
PDE6D	3	2	1	0.6666666666666666
PDE6G	2	1	1	0.5
PDE7A	3	2	1	0.6666666666666666
PDE7B	2	0	2	1
PDE8A	3	0	3	1
PDE8B	3	1	2	0.6666666666666666
PDE9A	2	1	1	0.5
PDF	3	2	1	0.6666666666666666
PDGFA	3	0	3	1
PDGFB	3	2	1	0.6666666666666666
PDGFC	3	1	2	0.6666666666666666
PDGFD	3	1	2	0.6666666666666666
PDGFRA	1	0	1	1
PDGFRB	2	0	2	1
PDGFRL	3	0	3	1
PDHA1	3	1	2	0.6666666666666666
PDHB	3	1	2	0.6666666666666666
PDHX	3	1	2	0.6666666666666666
PDIA2	1	0	1	1
PDIA3	3	0	3	1
PDIA3P1	1	1	0	1
PDIA4	3	0	3	1
PDIA5	3	1	2	0.6666666666666666
PDIA6	3	0	3	1
PDIK1L	3	0	3	1
PDK1	3	0	3	1
PDK2	3	3	0	1
PDK3	3	2	1	0.6666666666666666
PDK4	3	0	3	1
PDLIM1	3	2	1	0.6666666666666666
PDLIM2	3	2	1	0.6666666666666666
PDLIM3	3	2	1	0.6666666666666666
PDLIM4	3	2	1	0.6666666666666666
PDLIM5	3	1	2	0.6666666666666666
PDLIM7	3	1	2	0.6666666666666666
PDP1	3	2	1	0.6666666666666666
PDP2	3	1	2	0.6666666666666666
PDPK1	3	2	1	0.6666666666666666
PDPN	3	2	1	0.6666666666666666
PDPR	3	3	0	1
PDRG1	3	1	2	0.6666666666666666
PDS5A	3	1	2	0.6666666666666666
PDS5B	3	0	3	1
PDSS1	3	2	1	0.6666666666666666
PDSS2	3	1	2	0.6666666666666666
PDX1	3	2	1	0.6666666666666666
PDXDC1	3	2	1	0.6666666666666666
PDXDC2P-NPIPB14P	1	0	1	1
PDXK	3	3	0	1
PDXP	3	1	2	0.6666666666666666
PDZD11	3	1	2	0.6666666666666666
PDZD2	3	2	1	0.6666666666666666
PDZD3	1	1	0	1
PDZD4	3	2	1	0.6666666666666666
PDZD7	3	2	1	0.6666666666666666
PDZD8	3	2	1	0.6666666666666666
PDZD9	1	0	1	1
PDZK1	3	1	2	0.6666666666666666
PDZK1IP1	3	1	2	0.6666666666666666
PDZRN3	3	0	3	1
PDZRN4	2	0	2	1
PEA15	3	1	2	0.6666666666666666
PEAK1	3	1	2	0.6666666666666666
PEAR1	3	2	1	0.6666666666666666
PEBP1	3	1	2	0.6666666666666666
PEBP4	2	1	1	0.5
PECAM1	2	1	1	0.5
PECR	3	1	2	0.6666666666666666
PEF1	3	3	0	1
PEG10	3	1	2	0.6666666666666666
PEG3	2	1	1	0.5
PELI1	3	1	2	0.6666666666666666
PELI2	3	2	1	0.6666666666666666
PELI3	3	3	0	1
PELO	3	1	2	0.6666666666666666
PELP1	3	3	0	1
PEMT	3	2	1	0.6666666666666666
PEPD	3	1	2	0.6666666666666666
PER1	3	2	1	0.6666666666666666
PER2	3	2	1	0.6666666666666666
PER3	3	1	2	0.6666666666666666
PERM1	1	0	1	1
PERP	3	2	1	0.6666666666666666
PES1	3	2	1	0.6666666666666666
PET100	3	2	1	0.6666666666666666
PET112	1	1	0	1
PET117	3	2	1	0.6666666666666666
PEX1	3	2	1	0.6666666666666666
PEX10	3	3	0	1
PEX11A	3	2	1	0.6666666666666666
PEX11B	3	0	3	1
PEX11G	3	1	2	0.6666666666666666
PEX12	3	3	0	1
PEX13	3	1	2	0.6666666666666666
PEX14	3	2	1	0.6666666666666666
PEX16	3	3	0	1
PEX19	3	0	3	1
PEX2	3	2	1	0.6666666666666666
PEX26	3	1	2	0.6666666666666666
PEX3	3	2	1	0.6666666666666666
PEX5	3	0	3	1
PEX5L	3	1	2	0.6666666666666666
PEX6	3	3	0	1
PEX7	3	0	3	1
PFAS	3	2	1	0.6666666666666666
PFDN1	3	2	1	0.6666666666666666
PFDN2	3	1	2	0.6666666666666666
PFDN4	3	0	3	1
PFDN5	3	2	1	0.6666666666666666
PFDN6	3	1	2	0.6666666666666666
PFKFB1	3	2	1	0.6666666666666666
PFKFB2	3	1	2	0.6666666666666666
PFKFB3	3	2	1	0.6666666666666666
PFKFB4	3	2	1	0.6666666666666666
PFKL	3	2	1	0.6666666666666666
PFKM	3	1	2	0.6666666666666666
PFKP	3	3	0	1
PFN1	3	2	1	0.6666666666666666
PFN2	3	0	3	1
PFN3	1	0	1	1
PFN4	3	3	0	1
PGA4	1	0	1	1
PGA5	1	0	1	1
PGAM1	3	2	1	0.6666666666666666
PGAM2	2	1	1	0.5
PGAM4	3	2	1	0.6666666666666666
PGAM5	3	2	1	0.6666666666666666
PGAP1	3	1	2	0.6666666666666666
PGAP2	3	2	1	0.6666666666666666
PGAP3	3	2	1	0.6666666666666666
PGAP4	1	0	1	1
PGAP6	1	1	0	1
PGBD1	3	2	1	0.6666666666666666
PGBD2	3	3	0	1
PGBD3	1	1	0	1
PGBD4	3	1	2	0.6666666666666666
PGBD5	3	2	1	0.6666666666666666
PGC	1	0	1	1
PGD	3	2	1	0.6666666666666666
PGF	3	2	1	0.6666666666666666
PGGHG	2	0	2	1
PGGT1B	3	1	2	0.6666666666666666
PGK1	3	1	2	0.6666666666666666
PGK2	1	1	0	1
PGLS	3	3	0	1
PGLYRP1	2	1	1	0.5
PGLYRP2	1	1	0	1
PGLYRP3	1	1	0	1
PGLYRP4	1	1	0	1
PGM1	3	1	2	0.6666666666666666
PGM2	3	2	1	0.6666666666666666
PGM2L1	3	2	1	0.6666666666666666
PGM3	3	1	2	0.6666666666666666
PGM5	2	1	1	0.5
PGM5P2	1	0	1	1
PGP	3	2	1	0.6666666666666666
PGPEP1	3	2	1	0.6666666666666666
PGPEP1L	1	0	1	1
PGR	1	0	1	1
PGRMC1	3	1	2	0.6666666666666666
PGRMC2	3	2	1	0.6666666666666666
PGS1	3	2	1	0.6666666666666666
PHACTR1	3	1	2	0.6666666666666666
PHACTR2	3	1	2	0.6666666666666666
PHACTR3	2	2	0	1
PHACTR4	3	2	1	0.6666666666666666
PHAX	3	2	1	0.6666666666666666
PHB	3	2	1	0.6666666666666666
PHB2	3	1	2	0.6666666666666666
PHC1	3	0	3	1
PHC2	3	2	1	0.6666666666666666
PHC3	3	0	3	1
PHETA1	1	1	0	1
PHETA2	1	0	1	1
PHEX	3	1	2	0.6666666666666666
PHF1	3	2	1	0.6666666666666666
PHF10	3	0	3	1
PHF11	2	1	1	0.5
PHF12	3	1	2	0.6666666666666666
PHF13	3	2	1	0.6666666666666666
PHF14	3	1	2	0.6666666666666666
PHF15	1	0	1	1
PHF16	1	1	0	1
PHF17	1	0	1	1
PHF19	3	2	1	0.6666666666666666
PHF2	3	1	2	0.6666666666666666
PHF20	3	2	1	0.6666666666666666
PHF20L1	3	1	2	0.6666666666666666
PHF21A	3	1	2	0.6666666666666666
PHF21B	3	1	2	0.6666666666666666
PHF23	3	2	1	0.6666666666666666
PHF24	1	0	1	1
PHF3	3	1	2	0.6666666666666666
PHF5A	3	1	2	0.6666666666666666
PHF6	3	1	2	0.6666666666666666
PHF7	3	3	0	1
PHF8	3	1	2	0.6666666666666666
PHGDH	3	2	1	0.6666666666666666
PHGR1	1	1	0	1
PHIP	3	3	0	1
PHKA1	3	1	2	0.6666666666666666
PHKA2	3	2	1	0.6666666666666666
PHKB	3	1	2	0.6666666666666666
PHKG1	3	2	1	0.6666666666666666
PHKG2	3	2	1	0.6666666666666666
PHLDA1	3	2	1	0.6666666666666666
PHLDA2	3	2	1	0.6666666666666666
PHLDA3	2	1	1	0.5
PHLDB1	3	2	1	0.6666666666666666
PHLDB2	3	2	1	0.6666666666666666
PHLDB3	3	2	1	0.6666666666666666
PHLPP1	3	1	2	0.6666666666666666
PHLPP2	3	1	2	0.6666666666666666
PHOSPHO1	2	1	1	0.5
PHOSPHO2	3	3	0	1
PHOX2A	2	2	0	1
PHOX2B	1	0	1	1
PHPT1	3	2	1	0.6666666666666666
PHRF1	3	2	1	0.6666666666666666
PHTF1	3	1	2	0.6666666666666666
PHTF2	3	2	1	0.6666666666666666
PHYH	3	0	3	1
PHYHD1	2	0	2	1
PHYHIP	2	2	0	1
PHYHIPL	3	2	1	0.6666666666666666
PHYKPL	3	1	2	0.6666666666666666
PI15	1	0	1	1
PI16	1	1	0	1
PI3	3	1	2	0.6666666666666666
PI4K2A	3	3	0	1
PI4K2B	3	1	2	0.6666666666666666
PI4KA	3	2	1	0.6666666666666666
PI4KAP1	1	1	0	1
PI4KAP2	1	1	0	1
PI4KB	3	1	2	0.6666666666666666
PIANP	3	1	2	0.6666666666666666
PIAS1	3	0	3	1
PIAS2	3	1	2	0.6666666666666666
PIAS3	3	0	3	1
PIAS4	3	2	1	0.6666666666666666
PIBF1	3	3	0	1
PICALM	3	1	2	0.6666666666666666
PICART1	1	1	0	1
PICK1	3	1	2	0.6666666666666666
PID1	3	1	2	0.6666666666666666
PIDD	1	0	1	1
PIDD1	2	2	0	1
PIEZO1	3	3	0	1
PIEZO2	2	2	0	1
PIF1	3	2	1	0.6666666666666666
PIFO	2	1	1	0.5
PIGA	3	1	2	0.6666666666666666
PIGB	3	2	1	0.6666666666666666
PIGBOS1	2	0	2	1
PIGC	3	0	3	1
PIGF	3	0	3	1
PIGG	3	1	2	0.6666666666666666
PIGH	3	1	2	0.6666666666666666
PIGK	3	0	3	1
PIGL	3	0	3	1
PIGM	3	1	2	0.6666666666666666
PIGN	3	1	2	0.6666666666666666
PIGO	3	1	2	0.6666666666666666
PIGP	3	2	1	0.6666666666666666
PIGQ	3	1	2	0.6666666666666666
PIGR	1	0	1	1
PIGS	3	2	1	0.6666666666666666
PIGT	3	0	3	1
PIGU	3	1	2	0.6666666666666666
PIGV	3	2	1	0.6666666666666666
PIGW	3	2	1	0.6666666666666666
PIGX	3	1	2	0.6666666666666666
PIGY	1	1	0	1
PIGZ	3	1	2	0.6666666666666666
PIH1D1	3	2	1	0.6666666666666666
PIH1D2	3	1	2	0.6666666666666666
PIH1D3	1	1	0	1
PIK3AP1	3	1	2	0.6666666666666666
PIK3C2A	3	0	3	1
PIK3C2B	3	0	3	1
PIK3C2G	1	1	0	1
PIK3C3	3	2	1	0.6666666666666666
PIK3CA	3	0	3	1
PIK3CB	3	2	1	0.6666666666666666
PIK3CD	3	2	1	0.6666666666666666
PIK3CD-AS2	1	1	0	1
PIK3CG	2	0	2	1
PIK3IP1	3	1	2	0.6666666666666666
PIK3R1	3	2	1	0.6666666666666666
PIK3R2	3	3	0	1
PIK3R3	3	0	3	1
PIK3R4	3	1	2	0.6666666666666666
PIK3R5	2	1	1	0.5
PIK3R6	2	2	0	1
PIKFYVE	3	1	2	0.6666666666666666
PILRA	3	0	3	1
PILRB	3	1	2	0.6666666666666666
PIM1	3	1	2	0.6666666666666666
PIM2	3	2	1	0.6666666666666666
PIM3	3	1	2	0.6666666666666666
PIMREG	1	1	0	1
PIN1	3	2	1	0.6666666666666666
PIN4	3	2	1	0.6666666666666666
PIN4P1	1	1	0	1
PINCR	1	1	0	1
PINK1	3	2	1	0.6666666666666666
PINK1-AS	1	0	1	1
PINLYP	3	1	2	0.6666666666666666
PINX1	3	3	0	1
PIP4K2A	3	1	2	0.6666666666666666
PIP4K2B	3	3	0	1
PIP4K2C	3	1	2	0.6666666666666666
PIP4P1	1	0	1	1
PIP4P2	1	0	1	1
PIP5K1A	3	1	2	0.6666666666666666
PIP5K1B	3	1	2	0.6666666666666666
PIP5K1C	3	2	1	0.6666666666666666
PIP5KL1	3	2	1	0.6666666666666666
PIPOX	3	2	1	0.6666666666666666
PIPSL	1	0	1	1
PIR	3	1	2	0.6666666666666666
PIRT	1	0	1	1
PISD	3	3	0	1
PITHD1	3	2	1	0.6666666666666666
PITPNA	3	1	2	0.6666666666666666
PITPNA-AS1	1	1	0	1
PITPNB	3	2	1	0.6666666666666666
PITPNC1	3	3	0	1
PITPNM1	3	2	1	0.6666666666666666
PITPNM2	3	1	2	0.6666666666666666
PITPNM3	3	2	1	0.6666666666666666
PITRM1	3	1	2	0.6666666666666666
PITRM1-AS1	1	0	1	1
PITX1	3	3	0	1
PITX2	3	3	0	1
PITX3	1	0	1	1
PIWIL1	1	1	0	1
PIWIL2	2	1	1	0.5
PIWIL3	1	1	0	1
PIWIL4	3	2	1	0.6666666666666666
PJA1	3	2	1	0.6666666666666666
PJA2	3	1	2	0.6666666666666666
PJVK	1	1	0	1
PKD1	3	2	1	0.6666666666666666
PKD1L1	3	2	1	0.6666666666666666
PKD1L2	3	2	1	0.6666666666666666
PKD1L3	1	0	1	1
PKD1P1	1	1	0	1
PKD1P3-NPIPA1	1	1	0	1
PKD1P4-NPIPA8	1	1	0	1
PKD1P5-LOC105376752	1	1	0	1
PKD1P6-NPIPP1	1	1	0	1
PKD2	3	2	1	0.6666666666666666
PKD2L1	1	0	1	1
PKD2L2	2	2	0	1
PKDCC	2	0	2	1
PKDREJ	3	0	3	1
PKHD1	1	1	0	1
PKHD1L1	3	1	2	0.6666666666666666
PKIA	3	3	0	1
PKIB	3	0	3	1
PKIG	3	1	2	0.6666666666666666
PKLR	1	0	1	1
PKM	3	3	0	1
PKMYT1	3	3	0	1
PKN1	3	1	2	0.6666666666666666
PKN2	3	0	3	1
PKN2-AS1	1	0	1	1
PKN3	3	1	2	0.6666666666666666
PKNOX1	3	2	1	0.6666666666666666
PKNOX2	1	0	1	1
PKP1	3	1	2	0.6666666666666666
PKP2	3	1	2	0.6666666666666666
PKP3	3	2	1	0.6666666666666666
PKP4	3	1	2	0.6666666666666666
PKP4-AS1	1	0	1	1
PLA1A	1	1	0	1
PLA2G10	2	2	0	1
PLA2G12A	3	1	2	0.6666666666666666
PLA2G12B	1	0	1	1
PLA2G15	3	3	0	1
PLA2G16	2	1	1	0.5
PLA2G1B	1	1	0	1
PLA2G2A	1	0	1	1
PLA2G2C	1	1	0	1
PLA2G2E	1	1	0	1
PLA2G2F	1	1	0	1
PLA2G3	1	0	1	1
PLA2G4A	3	0	3	1
PLA2G4B	3	0	3	1
PLA2G4C	3	1	2	0.6666666666666666
PLA2G4D	1	1	0	1
PLA2G4E	1	1	0	1
PLA2G4E-AS1	1	1	0	1
PLA2G4F	1	1	0	1
PLA2G6	3	2	1	0.6666666666666666
PLA2G7	2	0	2	1
PLA2R1	3	2	1	0.6666666666666666
PLAA	3	1	2	0.6666666666666666
PLAAT1	1	0	1	1
PLAAT3	1	1	0	1
PLAAT4	1	1	0	1
PLAC1	3	2	1	0.6666666666666666
PLAC4	1	0	1	1
PLAC8	3	2	1	0.6666666666666666
PLAC8L1	3	2	1	0.6666666666666666
PLAC9	2	2	0	1
PLAG1	3	1	2	0.6666666666666666
PLAGL1	3	1	2	0.6666666666666666
PLAGL2	3	2	1	0.6666666666666666
PLAT	3	2	1	0.6666666666666666
PLAU	3	3	0	1
PLAUR	3	0	3	1
PLB1	3	3	0	1
PLBD1	3	1	2	0.6666666666666666
PLBD2	3	0	3	1
PLCB1	3	2	1	0.6666666666666666
PLCB2	2	2	0	1
PLCB3	3	2	1	0.6666666666666666
PLCB4	3	1	2	0.6666666666666666
PLCD1	3	2	1	0.6666666666666666
PLCD3	3	2	1	0.6666666666666666
PLCD4	2	1	1	0.5
PLCE1	3	2	1	0.6666666666666666
PLCG1	3	3	0	1
PLCG1-AS1	1	1	0	1
PLCG2	3	0	3	1
PLCH1	3	0	3	1
PLCH2	3	3	0	1
PLCL1	3	2	1	0.6666666666666666
PLCL2	3	1	2	0.6666666666666666
PLCXD1	3	2	1	0.6666666666666666
PLCXD2	3	2	1	0.6666666666666666
PLCXD3	2	0	2	1
PLCZ1	1	1	0	1
PLD1	3	1	2	0.6666666666666666
PLD2	3	3	0	1
PLD3	3	2	1	0.6666666666666666
PLD4	1	0	1	1
PLD5	2	1	1	0.5
PLD6	3	2	1	0.6666666666666666
PLEC	3	2	1	0.6666666666666666
PLEK	2	0	2	1
PLEK2	3	3	0	1
PLEKHA1	3	2	1	0.6666666666666666
PLEKHA2	3	2	1	0.6666666666666666
PLEKHA3	3	2	1	0.6666666666666666
PLEKHA4	3	2	1	0.6666666666666666
PLEKHA5	3	1	2	0.6666666666666666
PLEKHA6	3	1	2	0.6666666666666666
PLEKHA7	3	1	2	0.6666666666666666
PLEKHA8	3	1	2	0.6666666666666666
PLEKHA8P1	1	0	1	1
PLEKHB1	3	1	2	0.6666666666666666
PLEKHB2	3	1	2	0.6666666666666666
PLEKHD1	2	1	1	0.5
PLEKHF1	3	3	0	1
PLEKHF2	3	2	1	0.6666666666666666
PLEKHG1	3	2	1	0.6666666666666666
PLEKHG2	3	1	2	0.6666666666666666
PLEKHG3	3	3	0	1
PLEKHG4	3	2	1	0.6666666666666666
PLEKHG4B	3	1	2	0.6666666666666666
PLEKHG5	3	2	1	0.6666666666666666
PLEKHG6	3	2	1	0.6666666666666666
PLEKHG7	1	1	0	1
PLEKHH1	3	2	1	0.6666666666666666
PLEKHH2	3	0	3	1
PLEKHH3	3	2	1	0.6666666666666666
PLEKHJ1	3	2	1	0.6666666666666666
PLEKHM1	3	3	0	1
PLEKHM1P1	1	1	0	1
PLEKHM2	3	2	1	0.6666666666666666
PLEKHM3	3	2	1	0.6666666666666666
PLEKHN1	3	3	0	1
PLEKHO1	3	1	2	0.6666666666666666
PLEKHO2	3	2	1	0.6666666666666666
PLEKHS1	1	0	1	1
PLET1	1	0	1	1
PLG	1	1	0	1
PLGLB1	2	1	1	0.5
PLGLB2	2	2	0	1
PLGRKT	3	2	1	0.6666666666666666
PLIN1	1	1	0	1
PLIN2	3	1	2	0.6666666666666666
PLIN3	3	3	0	1
PLIN4	3	2	1	0.6666666666666666
PLIN5	1	0	1	1
PLK1	3	2	1	0.6666666666666666
PLK2	3	1	2	0.6666666666666666
PLK3	3	2	1	0.6666666666666666
PLK4	3	2	1	0.6666666666666666
PLK5	1	0	1	1
PLLP	3	0	3	1
PLN	1	0	1	1
PLOD1	3	0	3	1
PLOD2	3	2	1	0.6666666666666666
PLOD3	3	0	3	1
PLP2	3	2	1	0.6666666666666666
PLPBP	1	0	1	1
PLPP1	2	0	2	1
PLPP2	2	2	0	1
PLPP3	2	1	1	0.5
PLPP4	2	2	0	1
PLPP5	2	0	2	1
PLPP6	2	1	1	0.5
PLPP7	1	0	1	1
PLPPR1	1	0	1	1
PLPPR2	2	1	1	0.5
PLPPR3	1	0	1	1
PLPPR4	1	0	1	1
PLPPR5	1	0	1	1
PLRG1	3	1	2	0.6666666666666666
PLS1	3	0	3	1
PLS3	3	2	1	0.6666666666666666
PLS3-AS1	1	0	1	1
PLSCR1	3	1	2	0.6666666666666666
PLSCR2	1	1	0	1
PLSCR3	1	1	0	1
PLSCR4	3	2	1	0.6666666666666666
PLSCR5	1	1	0	1
PLTP	3	2	1	0.6666666666666666
PLVAP	2	1	1	0.5
PLXDC1	2	1	1	0.5
PLXDC2	3	0	3	1
PLXNA1	3	3	0	1
PLXNA2	3	2	1	0.6666666666666666
PLXNA3	3	2	1	0.6666666666666666
PLXNA4	3	1	2	0.6666666666666666
PLXNB1	3	2	1	0.6666666666666666
PLXNB2	3	2	1	0.6666666666666666
PLXNB3	3	2	1	0.6666666666666666
PLXNC1	3	1	2	0.6666666666666666
PLXND1	3	2	1	0.6666666666666666
PM20D1	1	0	1	1
PM20D2	3	1	2	0.6666666666666666
PMAIP1	3	1	2	0.6666666666666666
PMCH	2	1	1	0.5
PMEL	3	2	1	0.6666666666666666
PMEPA1	3	1	2	0.6666666666666666
PMF1	3	1	2	0.6666666666666666
PMF1-BGLAP	1	0	1	1
PMFBP1	3	3	0	1
PML	3	3	0	1
PMM1	3	1	2	0.6666666666666666
PMM2	3	3	0	1
PMP2	1	0	1	1
PMP22	3	1	2	0.6666666666666666
PMPCA	3	3	0	1
PMPCB	3	2	1	0.6666666666666666
PMS1	3	1	2	0.6666666666666666
PMS2	3	1	2	0.6666666666666666
PMS2CL	1	0	1	1
PMS2P1	1	0	1	1
PMS2P3	1	1	0	1
PMS2P4	1	1	0	1
PMS2P5	1	0	1	1
PMS2P7	1	1	0	1
PMS2P9	1	0	1	1
PMVK	3	1	2	0.6666666666666666
PNCK	2	0	2	1
PNISR	3	1	2	0.6666666666666666
PNKD	3	1	2	0.6666666666666666
PNKP	3	2	1	0.6666666666666666
PNLDC1	1	0	1	1
PNLIPRP1	1	1	0	1
PNLIPRP2	1	1	0	1
PNLIPRP3	1	1	0	1
PNMA1	3	0	3	1
PNMA2	3	2	1	0.6666666666666666
PNMA3	2	1	1	0.5
PNMA5	1	1	0	1
PNMA6A	1	0	1	1
PNMA8A	1	0	1	1
PNMAL1	2	0	2	1
PNMT	1	1	0	1
PNN	3	1	2	0.6666666666666666
PNO1	3	1	2	0.6666666666666666
PNOC	1	0	1	1
PNP	3	2	1	0.6666666666666666
PNPLA1	1	0	1	1
PNPLA2	3	3	0	1
PNPLA3	3	0	3	1
PNPLA4	3	3	0	1
PNPLA5	1	0	1	1
PNPLA6	3	2	1	0.6666666666666666
PNPLA7	3	2	1	0.6666666666666666
PNPLA8	3	1	2	0.6666666666666666
PNPO	3	2	1	0.6666666666666666
PNPT1	3	1	2	0.6666666666666666
PNRC1	3	2	1	0.6666666666666666
PNRC2	3	2	1	0.6666666666666666
POC1A	3	3	0	1
POC1B	3	0	3	1
POC1B-AS1	1	1	0	1
POC1B-GALNT4	1	0	1	1
POC5	3	1	2	0.6666666666666666
PODN	2	1	1	0.5
PODNL1	3	2	1	0.6666666666666666
PODXL	3	3	0	1
PODXL2	3	1	2	0.6666666666666666
POF1B	3	0	3	1
POFUT1	3	1	2	0.6666666666666666
POFUT2	3	2	1	0.6666666666666666
POGK	3	0	3	1
POGLUT1	3	0	3	1
POGLUT2	1	0	1	1
POGLUT3	1	0	1	1
POGZ	3	0	3	1
POLA1	3	3	0	1
POLA2	3	2	1	0.6666666666666666
POLB	3	1	2	0.6666666666666666
POLD1	3	2	1	0.6666666666666666
POLD2	3	1	2	0.6666666666666666
POLD3	3	2	1	0.6666666666666666
POLD4	3	2	1	0.6666666666666666
POLDIP2	3	3	0	1
POLDIP3	3	2	1	0.6666666666666666
POLE	3	2	1	0.6666666666666666
POLE2	3	2	1	0.6666666666666666
POLE3	3	2	1	0.6666666666666666
POLE4	3	2	1	0.6666666666666666
POLG	3	3	0	1
POLG2	3	3	0	1
POLH	3	2	1	0.6666666666666666
POLI	3	0	3	1
POLK	3	1	2	0.6666666666666666
POLL	3	3	0	1
POLM	3	3	0	1
POLN	3	1	2	0.6666666666666666
POLQ	3	2	1	0.6666666666666666
POLR1A	3	3	0	1
POLR1B	3	2	1	0.6666666666666666
POLR1C	3	2	1	0.6666666666666666
POLR1D	3	3	0	1
POLR1E	3	2	1	0.6666666666666666
POLR2A	3	0	3	1
POLR2B	3	0	3	1
POLR2C	3	2	1	0.6666666666666666
POLR2D	3	2	1	0.6666666666666666
POLR2E	3	2	1	0.6666666666666666
POLR2F	3	2	1	0.6666666666666666
POLR2G	3	2	1	0.6666666666666666
POLR2H	3	1	2	0.6666666666666666
POLR2I	3	1	2	0.6666666666666666
POLR2J	3	2	1	0.6666666666666666
POLR2J2	2	0	2	1
POLR2J3	3	2	1	0.6666666666666666
POLR2J4	1	1	0	1
POLR2K	3	0	3	1
POLR2L	3	2	1	0.6666666666666666
POLR2M	2	2	0	1
POLR3A	3	3	0	1
POLR3B	3	2	1	0.6666666666666666
POLR3C	3	1	2	0.6666666666666666
POLR3D	3	2	1	0.6666666666666666
POLR3E	3	1	2	0.6666666666666666
POLR3F	3	0	3	1
POLR3G	3	0	3	1
POLR3GL	3	1	2	0.6666666666666666
POLR3H	3	2	1	0.6666666666666666
POLR3K	3	1	2	0.6666666666666666
POLRMT	3	2	1	0.6666666666666666
POM121	3	2	1	0.6666666666666666
POM121C	3	2	1	0.6666666666666666
POM121L2	1	0	1	1
POMC	1	0	1	1
POMGNT1	3	3	0	1
POMGNT2	3	1	2	0.6666666666666666
POMK	3	0	3	1
POMP	3	2	1	0.6666666666666666
POMT1	3	2	1	0.6666666666666666
POMT2	3	0	3	1
POMZP3	3	1	2	0.6666666666666666
PON1	2	1	1	0.5
PON2	3	1	2	0.6666666666666666
PON3	3	0	3	1
POP1	3	2	1	0.6666666666666666
POP3	1	1	0	1
POP4	3	2	1	0.6666666666666666
POP5	3	2	1	0.6666666666666666
POP7	3	2	1	0.6666666666666666
POPDC2	3	2	1	0.6666666666666666
POPDC3	3	0	3	1
POR	3	2	1	0.6666666666666666
PORCN	3	2	1	0.6666666666666666
POSTN	2	0	2	1
POT1	3	2	1	0.6666666666666666
POT1-AS1	1	1	0	1
POTEB2	1	1	0	1
POTEC	1	1	0	1
POTED	1	1	0	1
POTEE	2	1	1	0.5
POTEF	2	0	2	1
POTEI	2	0	2	1
POTEJ	1	0	1	1
POU1F1	1	1	0	1
POU2AF1	2	2	0	1
POU2F1	3	0	3	1
POU2F2	3	2	1	0.6666666666666666
POU2F3	2	1	1	0.5
POU3F1	2	1	1	0.5
POU3F2	3	2	1	0.6666666666666666
POU3F3	2	0	2	1
POU4F1	3	1	2	0.6666666666666666
POU4F3	2	2	0	1
POU5F1	3	2	1	0.6666666666666666
POU5F1B	3	1	2	0.6666666666666666
POU5F2	1	0	1	1
POU6F1	3	2	1	0.6666666666666666
POU6F2	1	0	1	1
PP2D1	3	0	3	1
PPA1	3	1	2	0.6666666666666666
PPA2	3	1	2	0.6666666666666666
PPAN	3	1	2	0.6666666666666666
PPAN-P2RY11	1	0	1	1
PPAP2A	1	0	1	1
PPAP2B	1	0	1	1
PPAP2C	1	1	0	1
PPAPDC1A	1	0	1	1
PPAPDC1B	1	0	1	1
PPAPDC2	1	0	1	1
PPARA	3	2	1	0.6666666666666666
PPARD	3	2	1	0.6666666666666666
PPARG	3	1	2	0.6666666666666666
PPARGC1A	3	2	1	0.6666666666666666
PPARGC1B	3	1	2	0.6666666666666666
PPAT	3	1	2	0.6666666666666666
PPBP	1	0	1	1
PPCDC	3	1	2	0.6666666666666666
PPCS	3	1	2	0.6666666666666666
PPDPF	3	2	1	0.6666666666666666
PPEF1	1	0	1	1
PPEF2	1	0	1	1
PPFIA1	3	1	2	0.6666666666666666
PPFIA2	2	1	1	0.5
PPFIA3	3	2	1	0.6666666666666666
PPFIA4	3	0	3	1
PPFIBP1	3	0	3	1
PPFIBP2	3	2	1	0.6666666666666666
PPHLN1	3	1	2	0.6666666666666666
PPIA	3	2	1	0.6666666666666666
PPIAL4C	1	0	1	1
PPIAL4D	1	0	1	1
PPIAL4G	1	1	0	1
PPIB	3	0	3	1
PPIC	3	2	1	0.6666666666666666
PPID	3	1	2	0.6666666666666666
PPIE	3	0	3	1
PPIEL	1	0	1	1
PPIF	3	2	1	0.6666666666666666
PPIG	3	2	1	0.6666666666666666
PPIH	3	1	2	0.6666666666666666
PPIL1	3	1	2	0.6666666666666666
PPIL2	3	2	1	0.6666666666666666
PPIL3	3	1	2	0.6666666666666666
PPIL4	3	1	2	0.6666666666666666
PPIL6	3	0	3	1
PPIP5K1	3	2	1	0.6666666666666666
PPIP5K1P1-CATSPER2	1	1	0	1
PPIP5K2	3	1	2	0.6666666666666666
PPL	3	2	1	0.6666666666666666
PPM1A	3	1	2	0.6666666666666666
PPM1B	3	0	3	1
PPM1D	3	0	3	1
PPM1E	2	0	2	1
PPM1F	3	3	0	1
PPM1F-AS1	1	1	0	1
PPM1G	3	1	2	0.6666666666666666
PPM1H	3	0	3	1
PPM1J	3	2	1	0.6666666666666666
PPM1K	3	1	2	0.6666666666666666
PPM1L	3	0	3	1
PPM1M	3	2	1	0.6666666666666666
PPM1N	3	1	2	0.6666666666666666
PPME1	3	1	2	0.6666666666666666
PPOX	3	2	1	0.6666666666666666
PPP1CA	3	3	0	1
PPP1CB	3	0	3	1
PPP1CC	3	2	1	0.6666666666666666
PPP1R10	3	3	0	1
PPP1R11	3	2	1	0.6666666666666666
PPP1R12A	3	0	3	1
PPP1R12A-AS1	1	1	0	1
PPP1R12B	3	1	2	0.6666666666666666
PPP1R12C	3	1	2	0.6666666666666666
PPP1R13B	3	2	1	0.6666666666666666
PPP1R13L	3	3	0	1
PPP1R14A	2	0	2	1
PPP1R14B	3	2	1	0.6666666666666666
PPP1R14B-AS1	1	1	0	1
PPP1R14C	3	2	1	0.6666666666666666
PPP1R14D	1	0	1	1
PPP1R15A	3	1	2	0.6666666666666666
PPP1R15B	3	0	3	1
PPP1R16A	3	2	1	0.6666666666666666
PPP1R16B	2	1	1	0.5
PPP1R18	3	2	1	0.6666666666666666
PPP1R1A	1	0	1	1
PPP1R1B	2	2	0	1
PPP1R1C	2	1	1	0.5
PPP1R2	3	1	2	0.6666666666666666
PPP1R21	3	1	2	0.6666666666666666
PPP1R26	3	3	0	1
PPP1R26-AS1	1	1	0	1
PPP1R27	1	0	1	1
PPP1R32	2	2	0	1
PPP1R35	3	2	1	0.6666666666666666
PPP1R36	3	0	3	1
PPP1R37	3	2	1	0.6666666666666666
PPP1R3A	1	0	1	1
PPP1R3B	3	1	2	0.6666666666666666
PPP1R3C	3	0	3	1
PPP1R3D	3	2	1	0.6666666666666666
PPP1R3E	3	2	1	0.6666666666666666
PPP1R3F	3	1	2	0.6666666666666666
PPP1R3G	3	3	0	1
PPP1R42	2	0	2	1
PPP1R7	3	2	1	0.6666666666666666
PPP1R8	3	1	2	0.6666666666666666
PPP1R9A	3	0	3	1
PPP1R9B	3	1	2	0.6666666666666666
PPP2CA	3	2	1	0.6666666666666666
PPP2CB	3	1	2	0.6666666666666666
PPP2R1A	3	2	1	0.6666666666666666
PPP2R1B	3	1	2	0.6666666666666666
PPP2R2A	3	1	2	0.6666666666666666
PPP2R2B	2	2	0	1
PPP2R2C	3	1	2	0.6666666666666666
PPP2R2D	3	2	1	0.6666666666666666
PPP2R3A	3	2	1	0.6666666666666666
PPP2R3B	3	1	2	0.6666666666666666
PPP2R3C	3	1	2	0.6666666666666666
PPP2R4	1	0	1	1
PPP2R5A	3	1	2	0.6666666666666666
PPP2R5B	3	2	1	0.6666666666666666
PPP2R5C	3	0	3	1
PPP2R5D	3	3	0	1
PPP2R5E	3	1	2	0.6666666666666666
PPP3CA	3	2	1	0.6666666666666666
PPP3CB	3	0	3	1
PPP3CB-AS1	1	1	0	1
PPP3CC	3	1	2	0.6666666666666666
PPP3R1	3	0	3	1
PPP3R2	1	0	1	1
PPP4C	3	2	1	0.6666666666666666
PPP4R1	3	2	1	0.6666666666666666
PPP4R1L	2	1	1	0.5
PPP4R2	3	1	2	0.6666666666666666
PPP4R3A	2	0	2	1
PPP4R3B	2	1	1	0.5
PPP4R4	3	3	0	1
PPP5C	3	1	2	0.6666666666666666
PPP5D1	3	1	2	0.6666666666666666
PPP6C	3	2	1	0.6666666666666666
PPP6R1	3	1	2	0.6666666666666666
PPP6R2	3	2	1	0.6666666666666666
PPP6R3	3	2	1	0.6666666666666666
PPRC1	3	3	0	1
PPT1	3	0	3	1
PPT2	3	2	1	0.6666666666666666
PPT2-EGFL8	1	1	0	1
PPTC7	3	1	2	0.6666666666666666
PPWD1	3	1	2	0.6666666666666666
PPY	1	1	0	1
PQBP1	3	2	1	0.6666666666666666
PQLC1	2	0	2	1
PQLC2	2	1	1	0.5
PQLC2L	1	0	1	1
PQLC3	2	0	2	1
PRAC1	1	0	1	1
PRAC2	1	0	1	1
PRADC1	3	2	1	0.6666666666666666
PRAF2	3	1	2	0.6666666666666666
PRAG1	2	2	0	1
PRAM1	2	1	1	0.5
PRAME	3	1	2	0.6666666666666666
PRAMEF1	1	1	0	1
PRAMEF15	1	0	1	1
PRAMEF7	1	1	0	1
PRAP1	1	0	1	1
PRB2	1	1	0	1
PRB3	2	2	0	1
PRB4	1	1	0	1
PRC1	3	1	2	0.6666666666666666
PRC1-AS1	1	0	1	1
PRCC	3	0	3	1
PRCD	3	2	1	0.6666666666666666
PRCP	3	1	2	0.6666666666666666
PRDM1	3	3	0	1
PRDM10	3	1	2	0.6666666666666666
PRDM11	3	2	1	0.6666666666666666
PRDM12	2	1	1	0.5
PRDM13	2	1	1	0.5
PRDM14	1	1	0	1
PRDM15	3	3	0	1
PRDM16	1	0	1	1
PRDM2	3	2	1	0.6666666666666666
PRDM4	3	1	2	0.6666666666666666
PRDM5	3	1	2	0.6666666666666666
PRDM6	2	1	1	0.5
PRDM7	1	0	1	1
PRDM8	2	1	1	0.5
PRDM9	1	0	1	1
PRDX1	3	1	2	0.6666666666666666
PRDX2	3	2	1	0.6666666666666666
PRDX3	3	1	2	0.6666666666666666
PRDX4	3	0	3	1
PRDX5	3	3	0	1
PRDX6	3	1	2	0.6666666666666666
PREB	3	1	2	0.6666666666666666
PRELID1	3	2	1	0.6666666666666666
PRELID2	3	2	1	0.6666666666666666
PRELID3A	2	1	1	0.5
PRELID3B	2	2	0	1
PRELP	2	2	0	1
PREP	3	1	2	0.6666666666666666
PREPL	3	1	2	0.6666666666666666
PREX1	3	2	1	0.6666666666666666
PREX2	1	0	1	1
PRF1	1	1	0	1
PRG2	1	1	0	1
PRG4	2	0	2	1
PRH1	2	1	1	0.5
PRH1-TAS2R14	1	0	1	1
PRH2	1	0	1	1
PRICKLE1	3	1	2	0.6666666666666666
PRICKLE2	3	2	1	0.6666666666666666
PRICKLE3	3	3	0	1
PRICKLE4	3	1	2	0.6666666666666666
PRIM1	3	2	1	0.6666666666666666
PRIM2	3	2	1	0.6666666666666666
PRIMA1	2	1	1	0.5
PRIMPOL	3	2	1	0.6666666666666666
PRKAA1	3	2	1	0.6666666666666666
PRKAA2	3	0	3	1
PRKAB1	3	1	2	0.6666666666666666
PRKAB2	3	1	2	0.6666666666666666
PRKACA	3	2	1	0.6666666666666666
PRKACB	3	3	0	1
PRKAG1	3	1	2	0.6666666666666666
PRKAG2	3	1	2	0.6666666666666666
PRKAG2-AS1	1	1	0	1
PRKAG3	1	1	0	1
PRKAR1A	3	1	2	0.6666666666666666
PRKAR1B	3	3	0	1
PRKAR2A	3	2	1	0.6666666666666666
PRKAR2A-AS1	1	1	0	1
PRKAR2B	3	0	3	1
PRKCA	3	1	2	0.6666666666666666
PRKCB	2	1	1	0.5
PRKCD	3	1	2	0.6666666666666666
PRKCDBP	2	1	1	0.5
PRKCE	3	1	2	0.6666666666666666
PRKCG	2	0	2	1
PRKCH	3	1	2	0.6666666666666666
PRKCI	3	0	3	1
PRKCQ	3	1	2	0.6666666666666666
PRKCQ-AS1	1	0	1	1
PRKCSH	3	2	1	0.6666666666666666
PRKCZ	3	3	0	1
PRKCZ-AS1	1	1	0	1
PRKD1	3	1	2	0.6666666666666666
PRKD2	3	2	1	0.6666666666666666
PRKD3	3	1	2	0.6666666666666666
PRKDC	3	3	0	1
PRKG1	3	0	3	1
PRKG1-AS1	1	0	1	1
PRKG2	1	1	0	1
PRKN	1	0	1	1
PRKRA	3	1	2	0.6666666666666666
PRKRIP1	3	2	1	0.6666666666666666
PRKRIR	1	0	1	1
PRKX	3	2	1	0.6666666666666666
PRKXP1	1	1	0	1
PRL	1	0	1	1
PRLH	1	1	0	1
PRLHR	1	0	1	1
PRLR	2	0	2	1
PRM1	1	0	1	1
PRMT1	3	1	2	0.6666666666666666
PRMT10	1	1	0	1
PRMT2	3	3	0	1
PRMT3	3	1	2	0.6666666666666666
PRMT5	3	1	2	0.6666666666666666
PRMT5-AS1	1	0	1	1
PRMT6	3	1	2	0.6666666666666666
PRMT7	3	2	1	0.6666666666666666
PRMT8	1	1	0	1
PRMT9	2	0	2	1
PRNCR1	1	0	1	1
PRND	1	1	0	1
PRNP	3	1	2	0.6666666666666666
PROB1	3	1	2	0.6666666666666666
PROC	3	1	2	0.6666666666666666
PROCA1	3	2	1	0.6666666666666666
PROCR	3	2	1	0.6666666666666666
PRODH	1	1	0	1
PRODH2	1	0	1	1
PROK1	1	0	1	1
PROKR1	1	0	1	1
PROKR2	1	1	0	1
PROM1	2	1	1	0.5
PROM2	3	2	1	0.6666666666666666
PROP1	1	0	1	1
PRORP	1	0	1	1
PRORSD1P	1	1	0	1
PROS1	3	1	2	0.6666666666666666
PROSC	2	0	2	1
PROSER1	3	2	1	0.6666666666666666
PROSER2	3	2	1	0.6666666666666666
PROSER2-AS1	1	0	1	1
PROSER3	2	1	1	0.5
PROX1	3	3	0	1
PROX2	3	2	1	0.6666666666666666
PROZ	2	1	1	0.5
PRPF18	3	1	2	0.6666666666666666
PRPF19	3	1	2	0.6666666666666666
PRPF3	3	1	2	0.6666666666666666
PRPF31	3	2	1	0.6666666666666666
PRPF38A	3	1	2	0.6666666666666666
PRPF38B	3	1	2	0.6666666666666666
PRPF39	3	2	1	0.6666666666666666
PRPF4	3	2	1	0.6666666666666666
PRPF40A	3	2	1	0.6666666666666666
PRPF40B	3	0	3	1
PRPF4B	3	1	2	0.6666666666666666
PRPF6	3	2	1	0.6666666666666666
PRPF8	3	2	1	0.6666666666666666
PRPH	2	1	1	0.5
PRPH2	1	0	1	1
PRPS1	3	2	1	0.6666666666666666
PRPS2	3	2	1	0.6666666666666666
PRPSAP1	3	1	2	0.6666666666666666
PRPSAP2	3	1	2	0.6666666666666666
PRR11	3	2	1	0.6666666666666666
PRR12	3	1	2	0.6666666666666666
PRR13	3	1	2	0.6666666666666666
PRR14	3	1	2	0.6666666666666666
PRR14L	3	0	3	1
PRR15	3	2	1	0.6666666666666666
PRR15L	3	1	2	0.6666666666666666
PRR16	3	2	1	0.6666666666666666
PRR18	2	1	1	0.5
PRR19	3	1	2	0.6666666666666666
PRR22	3	2	1	0.6666666666666666
PRR23A	1	0	1	1
PRR23C	1	0	1	1
PRR23D1	1	0	1	1
PRR23D2	1	0	1	1
PRR24	1	0	1	1
PRR25	2	0	2	1
PRR29	1	1	0	1
PRR3	3	0	3	1
PRR30	1	1	0	1
PRR34	1	0	1	1
PRR34-AS1	1	1	0	1
PRR35	1	0	1	1
PRR36	2	1	1	0.5
PRR4	2	2	0	1
PRR5	3	1	2	0.6666666666666666
PRR5-ARHGAP8	1	0	1	1
PRR5L	3	2	1	0.6666666666666666
PRR7	3	2	1	0.6666666666666666
PRR7-AS1	1	1	0	1
PRR9	1	0	1	1
PRRC1	3	1	2	0.6666666666666666
PRRC2A	3	3	0	1
PRRC2B	3	3	0	1
PRRC2C	3	1	2	0.6666666666666666
PRRG1	3	1	2	0.6666666666666666
PRRG2	3	2	1	0.6666666666666666
PRRG4	3	1	2	0.6666666666666666
PRRT1	3	2	1	0.6666666666666666
PRRT2	3	1	2	0.6666666666666666
PRRT3	3	2	1	0.6666666666666666
PRRT3-AS1	1	1	0	1
PRRT4	1	0	1	1
PRRX1	2	0	2	1
PRRX2	1	0	1	1
PRSS1	2	1	1	0.5
PRSS12	3	1	2	0.6666666666666666
PRSS16	3	1	2	0.6666666666666666
PRSS21	3	1	2	0.6666666666666666
PRSS22	3	2	1	0.6666666666666666
PRSS23	3	2	1	0.6666666666666666
PRSS27	2	1	1	0.5
PRSS3	2	0	2	1
PRSS33	1	0	1	1
PRSS35	2	1	1	0.5
PRSS36	3	0	3	1
PRSS37	2	0	2	1
PRSS38	1	1	0	1
PRSS41	1	0	1	1
PRSS42	2	1	1	0.5
PRSS45	1	1	0	1
PRSS46	1	0	1	1
PRSS48	1	0	1	1
PRSS50	2	1	1	0.5
PRSS53	3	1	2	0.6666666666666666
PRSS54	2	1	1	0.5
PRSS56	1	0	1	1
PRSS57	1	1	0	1
PRSS8	3	3	0	1
PRTFDC1	3	2	1	0.6666666666666666
PRTG	3	0	3	1
PRTN3	1	0	1	1
PRUNE	1	0	1	1
PRUNE1	2	0	2	1
PRUNE2	3	2	1	0.6666666666666666
PRX	3	2	1	0.6666666666666666
PRXL2A	1	0	1	1
PRXL2B	1	1	0	1
PRXL2C	1	0	1	1
PSAP	3	1	2	0.6666666666666666
PSAPL1	1	1	0	1
PSAT1	3	0	3	1
PSCA	3	3	0	1
PSD	2	0	2	1
PSD2	1	0	1	1
PSD3	3	1	2	0.6666666666666666
PSD4	3	3	0	1
PSEN1	3	1	2	0.6666666666666666
PSEN2	3	2	1	0.6666666666666666
PSENEN	3	1	2	0.6666666666666666
PSG1	2	1	1	0.5
PSG11	1	0	1	1
PSG2	1	0	1	1
PSG3	1	0	1	1
PSG4	3	1	2	0.6666666666666666
PSG5	2	1	1	0.5
PSG6	1	0	1	1
PSG7	1	0	1	1
PSG8	1	0	1	1
PSG9	2	1	1	0.5
PSIP1	3	0	3	1
PSKH1	3	2	1	0.6666666666666666
PSKH2	1	0	1	1
PSMA1	3	2	1	0.6666666666666666
PSMA2	3	3	0	1
PSMA3	3	2	1	0.6666666666666666
PSMA3-AS1	1	1	0	1
PSMA4	3	1	2	0.6666666666666666
PSMA5	3	1	2	0.6666666666666666
PSMA6	3	1	2	0.6666666666666666
PSMA7	3	2	1	0.6666666666666666
PSMB1	3	1	2	0.6666666666666666
PSMB10	3	2	1	0.6666666666666666
PSMB11	1	1	0	1
PSMB2	3	1	2	0.6666666666666666
PSMB3	3	3	0	1
PSMB4	3	0	3	1
PSMB5	3	1	2	0.6666666666666666
PSMB6	3	2	1	0.6666666666666666
PSMB7	3	2	1	0.6666666666666666
PSMB8	3	2	1	0.6666666666666666
PSMB8-AS1	1	0	1	1
PSMB9	3	2	1	0.6666666666666666
PSMC1	3	0	3	1
PSMC2	3	1	2	0.6666666666666666
PSMC3	3	2	1	0.6666666666666666
PSMC3IP	3	3	0	1
PSMC4	3	0	3	1
PSMC5	3	2	1	0.6666666666666666
PSMC6	3	2	1	0.6666666666666666
PSMD1	3	1	2	0.6666666666666666
PSMD10	3	1	2	0.6666666666666666
PSMD11	3	2	1	0.6666666666666666
PSMD12	3	1	2	0.6666666666666666
PSMD13	3	1	2	0.6666666666666666
PSMD14	3	0	3	1
PSMD2	3	2	1	0.6666666666666666
PSMD3	3	3	0	1
PSMD4	3	0	3	1
PSMD5	3	1	2	0.6666666666666666
PSMD6	3	2	1	0.6666666666666666
PSMD6-AS2	1	0	1	1
PSMD7	3	1	2	0.6666666666666666
PSMD8	3	0	3	1
PSMD9	3	2	1	0.6666666666666666
PSME1	3	1	2	0.6666666666666666
PSME2	3	2	1	0.6666666666666666
PSME3	3	2	1	0.6666666666666666
PSME3IP1	1	0	1	1
PSME4	3	1	2	0.6666666666666666
PSMF1	3	1	2	0.6666666666666666
PSMG1	3	0	3	1
PSMG2	3	2	1	0.6666666666666666
PSMG3	3	2	1	0.6666666666666666
PSMG3-AS1	1	1	0	1
PSMG4	3	3	0	1
PSORS1C1	3	2	1	0.6666666666666666
PSORS1C2	3	3	0	1
PSORS1C3	1	1	0	1
PSPC1	3	2	1	0.6666666666666666
PSPH	3	2	1	0.6666666666666666
PSPN	2	2	0	1
PSRC1	3	1	2	0.6666666666666666
PSTK	3	0	3	1
PSTPIP1	1	1	0	1
PSTPIP2	3	1	2	0.6666666666666666
PTAFR	3	1	2	0.6666666666666666
PTAR1	3	1	2	0.6666666666666666
PTBP1	3	3	0	1
PTBP2	3	0	3	1
PTBP3	3	1	2	0.6666666666666666
PTCD1	2	0	2	1
PTCD2	3	1	2	0.6666666666666666
PTCD3	3	1	2	0.6666666666666666
PTCH1	3	0	3	1
PTCH2	2	1	1	0.5
PTCHD1	3	1	2	0.6666666666666666
PTCHD2	1	0	1	1
PTCHD4	2	2	0	1
PTCSC2	1	1	0	1
PTDSS1	3	2	1	0.6666666666666666
PTDSS2	3	1	2	0.6666666666666666
PTEN	3	1	2	0.6666666666666666
PTENP1	1	0	1	1
PTER	3	1	2	0.6666666666666666
PTGDR2	2	1	1	0.5
PTGDS	1	0	1	1
PTGER1	2	0	2	1
PTGER2	2	0	2	1
PTGER3	3	1	2	0.6666666666666666
PTGER4	3	2	1	0.6666666666666666
PTGER4P2-CDK2AP2P2	1	1	0	1
PTGES	3	2	1	0.6666666666666666
PTGES2	3	2	1	0.6666666666666666
PTGES2-AS1	1	1	0	1
PTGES3	3	2	1	0.6666666666666666
PTGES3L	3	2	1	0.6666666666666666
PTGES3L-AARSD1	2	0	2	1
PTGFR	2	2	0	1
PTGFRN	3	1	2	0.6666666666666666
PTGIR	2	1	1	0.5
PTGIS	3	2	1	0.6666666666666666
PTGR1	3	1	2	0.6666666666666666
PTGR2	3	2	1	0.6666666666666666
PTGS1	3	2	1	0.6666666666666666
PTGS2	2	2	0	1
PTH1R	1	0	1	1
PTH2	1	0	1	1
PTH2R	1	0	1	1
PTHLH	3	2	1	0.6666666666666666
PTK2	3	2	1	0.6666666666666666
PTK2B	3	3	0	1
PTK6	3	1	2	0.6666666666666666
PTK7	3	2	1	0.6666666666666666
PTMA	3	2	1	0.6666666666666666
PTMAP11	1	1	0	1
PTMS	3	0	3	1
PTN	3	1	2	0.6666666666666666
PTOV1	3	1	2	0.6666666666666666
PTOV1-AS1	1	0	1	1
PTOV1-AS2	1	1	0	1
PTP4A1	3	0	3	1
PTP4A2	3	1	2	0.6666666666666666
PTP4A3	3	1	2	0.6666666666666666
PTPA	2	0	2	1
PTPDC1	3	0	3	1
PTPLA	1	1	0	1
PTPLAD1	1	0	1	1
PTPLB	1	0	1	1
PTPMT1	3	2	1	0.6666666666666666
PTPN1	3	3	0	1
PTPN11	3	1	2	0.6666666666666666
PTPN12	3	1	2	0.6666666666666666
PTPN13	3	2	1	0.6666666666666666
PTPN14	3	2	1	0.6666666666666666
PTPN18	3	1	2	0.6666666666666666
PTPN2	3	1	2	0.6666666666666666
PTPN20	1	1	0	1
PTPN20A	1	1	0	1
PTPN20B	1	1	0	1
PTPN21	3	2	1	0.6666666666666666
PTPN22	1	0	1	1
PTPN23	3	2	1	0.6666666666666666
PTPN3	3	1	2	0.6666666666666666
PTPN4	3	1	2	0.6666666666666666
PTPN5	1	0	1	1
PTPN6	3	2	1	0.6666666666666666
PTPN7	1	0	1	1
PTPN9	3	2	1	0.6666666666666666
PTPRA	3	1	2	0.6666666666666666
PTPRB	3	2	1	0.6666666666666666
PTPRC	2	0	2	1
PTPRCAP	2	1	1	0.5
PTPRD	3	0	3	1
PTPRE	3	1	2	0.6666666666666666
PTPRF	3	2	1	0.6666666666666666
PTPRG	3	0	3	1
PTPRG-AS1	1	0	1	1
PTPRH	3	0	3	1
PTPRJ	3	1	2	0.6666666666666666
PTPRK	3	1	2	0.6666666666666666
PTPRM	3	3	0	1
PTPRN	1	0	1	1
PTPRN2	1	1	0	1
PTPRO	1	1	0	1
PTPRQ	1	0	1	1
PTPRR	3	2	1	0.6666666666666666
PTPRS	3	2	1	0.6666666666666666
PTPRT	1	1	0	1
PTPRU	3	2	1	0.6666666666666666
PTPRZ1	1	1	0	1
PTRF	2	2	0	1
PTRH1	2	0	2	1
PTRH2	3	1	2	0.6666666666666666
PTRHD1	3	1	2	0.6666666666666666
PTS	3	0	3	1
PTTG1	3	2	1	0.6666666666666666
PTTG1IP	3	2	1	0.6666666666666666
PTTG2	1	0	1	1
PTX3	3	0	3	1
PTX4	2	1	1	0.5
PUDP	2	1	1	0.5
PUF60	3	2	1	0.6666666666666666
PUM1	3	2	1	0.6666666666666666
PUM2	3	0	3	1
PUM3	2	1	1	0.5
PURA	3	1	2	0.6666666666666666
PURB	3	1	2	0.6666666666666666
PURG	2	1	1	0.5
PUS1	3	3	0	1
PUS10	3	1	2	0.6666666666666666
PUS3	3	0	3	1
PUS7	3	2	1	0.6666666666666666
PUS7L	3	1	2	0.6666666666666666
PUSL1	3	3	0	1
PVALB	1	0	1	1
PVR	3	1	2	0.6666666666666666
PVRIG	3	1	2	0.6666666666666666
PVRL1	1	0	1	1
PVRL2	1	0	1	1
PVRL3	1	1	0	1
PVRL4	1	0	1	1
PVT1	1	1	0	1
PWAR5	1	0	1	1
PWAR6	1	1	0	1
PWARSN	1	0	1	1
PWP1	3	1	2	0.6666666666666666
PWP2	3	2	1	0.6666666666666666
PWWP2A	3	2	1	0.6666666666666666
PWWP2B	3	1	2	0.6666666666666666
PWWP3A	1	1	0	1
PWWP3B	1	0	1	1
PXDC1	3	2	1	0.6666666666666666
PXDN	3	1	2	0.6666666666666666
PXDNL	2	1	1	0.5
PXK	3	1	2	0.6666666666666666
PXMP2	3	1	2	0.6666666666666666
PXMP4	3	3	0	1
PXN	3	3	0	1
PXN-AS1	1	1	0	1
PXT1	1	1	0	1
PXYLP1	2	0	2	1
PYCARD	3	3	0	1
PYCR1	3	2	1	0.6666666666666666
PYCR2	3	2	1	0.6666666666666666
PYCR3	1	1	0	1
PYCRL	2	1	1	0.5
PYDC1	1	1	0	1
PYGB	3	2	1	0.6666666666666666
PYGL	3	2	1	0.6666666666666666
PYGM	2	1	1	0.5
PYGO1	3	1	2	0.6666666666666666
PYGO2	3	1	2	0.6666666666666666
PYHIN1	1	1	0	1
PYM1	2	1	1	0.5
PYROXD1	3	0	3	1
PYROXD2	3	3	0	1
PYURF	1	1	0	1
PYY	2	1	1	0.5
PZP	1	0	1	1
QARS	2	1	1	0.5
QARS1	1	1	0	1
QDPR	3	1	2	0.6666666666666666
QKI	3	1	2	0.6666666666666666
QPCT	2	1	1	0.5
QPCTL	3	2	1	0.6666666666666666
QPRT	3	1	2	0.6666666666666666
QRFP	3	3	0	1
QRFPR	1	0	1	1
QRICH1	3	2	1	0.6666666666666666
QRICH2	3	2	1	0.6666666666666666
QRSL1	3	2	1	0.6666666666666666
QSER1	3	1	2	0.6666666666666666
QSOX1	3	1	2	0.6666666666666666
QSOX2	3	2	1	0.6666666666666666
QTRT1	3	1	2	0.6666666666666666
QTRT2	2	1	1	0.5
QTRTD1	1	1	0	1
R3HCC1	3	2	1	0.6666666666666666
R3HCC1L	3	2	1	0.6666666666666666
R3HDM1	3	1	2	0.6666666666666666
R3HDM2	3	1	2	0.6666666666666666
R3HDM4	3	2	1	0.6666666666666666
RAB10	3	0	3	1
RAB11A	3	0	3	1
RAB11B	3	1	2	0.6666666666666666
RAB11B-AS1	1	1	0	1
RAB11FIP1	3	0	3	1
RAB11FIP2	3	0	3	1
RAB11FIP3	3	2	1	0.6666666666666666
RAB11FIP4	3	3	0	1
RAB11FIP5	3	2	1	0.6666666666666666
RAB12	3	1	2	0.6666666666666666
RAB13	3	1	2	0.6666666666666666
RAB14	3	1	2	0.6666666666666666
RAB15	3	2	1	0.6666666666666666
RAB17	3	1	2	0.6666666666666666
RAB18	3	1	2	0.6666666666666666
RAB19	3	3	0	1
RAB1A	3	1	2	0.6666666666666666
RAB1B	3	3	0	1
RAB20	3	1	2	0.6666666666666666
RAB21	3	1	2	0.6666666666666666
RAB22A	3	3	0	1
RAB23	3	1	2	0.6666666666666666
RAB24	3	1	2	0.6666666666666666
RAB25	3	2	1	0.6666666666666666
RAB26	3	2	1	0.6666666666666666
RAB27A	3	1	2	0.6666666666666666
RAB27B	3	2	1	0.6666666666666666
RAB28	3	0	3	1
RAB29	2	0	2	1
RAB2A	3	1	2	0.6666666666666666
RAB2B	3	1	2	0.6666666666666666
RAB30	3	1	2	0.6666666666666666
RAB30-DT	1	1	0	1
RAB31	3	1	2	0.6666666666666666
RAB32	3	1	2	0.6666666666666666
RAB33A	1	0	1	1
RAB33B	3	2	1	0.6666666666666666
RAB34	3	2	1	0.6666666666666666
RAB35	3	2	1	0.6666666666666666
RAB36	2	2	0	1
RAB37	2	2	0	1
RAB38	2	1	1	0.5
RAB39A	2	0	2	1
RAB39B	3	1	2	0.6666666666666666
RAB3A	3	2	1	0.6666666666666666
RAB3B	3	1	2	0.6666666666666666
RAB3C	1	0	1	1
RAB3D	3	1	2	0.6666666666666666
RAB3GAP1	3	2	1	0.6666666666666666
RAB3GAP2	3	1	2	0.6666666666666666
RAB3IL1	3	2	1	0.6666666666666666
RAB3IP	3	0	3	1
RAB40A	3	2	1	0.6666666666666666
RAB40AL	2	0	2	1
RAB40B	3	2	1	0.6666666666666666
RAB40C	3	2	1	0.6666666666666666
RAB41	3	3	0	1
RAB42	3	1	2	0.6666666666666666
RAB43	3	2	1	0.6666666666666666
RAB44	1	1	0	1
RAB4A	3	2	1	0.6666666666666666
RAB4B	2	0	2	1
RAB4B-EGLN2	1	0	1	1
RAB5A	3	1	2	0.6666666666666666
RAB5B	3	1	2	0.6666666666666666
RAB5C	3	2	1	0.6666666666666666
RAB5IF	1	1	0	1
RAB6A	3	1	2	0.6666666666666666
RAB6B	3	2	1	0.6666666666666666
RAB6C	3	1	2	0.6666666666666666
RAB7A	3	1	2	0.6666666666666666
RAB7L1	1	1	0	1
RAB8A	3	2	1	0.6666666666666666
RAB8B	3	1	2	0.6666666666666666
RAB9A	3	1	2	0.6666666666666666
RAB9B	3	1	2	0.6666666666666666
RABAC1	3	1	2	0.6666666666666666
RABEP1	3	1	2	0.6666666666666666
RABEP2	3	2	1	0.6666666666666666
RABEPK	3	1	2	0.6666666666666666
RABGAP1	3	1	2	0.6666666666666666
RABGAP1L	3	0	3	1
RABGEF1	3	0	3	1
RABGGTA	3	2	1	0.6666666666666666
RABGGTB	3	2	1	0.6666666666666666
RABIF	3	0	3	1
RABL2A	3	2	1	0.6666666666666666
RABL2B	3	1	2	0.6666666666666666
RABL3	3	3	0	1
RABL5	1	0	1	1
RABL6	3	3	0	1
RAC1	3	1	2	0.6666666666666666
RAC2	3	1	2	0.6666666666666666
RAC3	3	1	2	0.6666666666666666
RACGAP1	3	2	1	0.6666666666666666
RACK1	2	2	0	1
RAD1	3	1	2	0.6666666666666666
RAD17	3	0	3	1
RAD18	3	2	1	0.6666666666666666
RAD21	3	1	2	0.6666666666666666
RAD21-AS1	1	1	0	1
RAD21L1	2	1	1	0.5
RAD23A	3	2	1	0.6666666666666666
RAD23B	3	1	2	0.6666666666666666
RAD50	3	2	1	0.6666666666666666
RAD51	3	2	1	0.6666666666666666
RAD51-AS1	1	1	0	1
RAD51AP1	3	1	2	0.6666666666666666
RAD51AP2	2	1	1	0.5
RAD51B	3	1	2	0.6666666666666666
RAD51C	3	3	0	1
RAD51D	3	3	0	1
RAD51L3-RFFL	1	1	0	1
RAD52	3	1	2	0.6666666666666666
RAD54B	3	1	2	0.6666666666666666
RAD54L	3	2	1	0.6666666666666666
RAD54L2	3	1	2	0.6666666666666666
RAD9A	3	2	1	0.6666666666666666
RAD9B	3	3	0	1
RADIL	2	0	2	1
RADX	1	0	1	1
RAE1	3	2	1	0.6666666666666666
RAET1E	3	1	2	0.6666666666666666
RAET1G	1	1	0	1
RAET1K	1	1	0	1
RAET1L	3	2	1	0.6666666666666666
RAF1	3	1	2	0.6666666666666666
RAG1	3	2	1	0.6666666666666666
RAG2	2	2	0	1
RAI1	3	1	2	0.6666666666666666
RAI14	3	2	1	0.6666666666666666
RAI2	3	1	2	0.6666666666666666
RALA	3	1	2	0.6666666666666666
RALB	3	2	1	0.6666666666666666
RALBP1	3	2	1	0.6666666666666666
RALGAPA1	3	2	1	0.6666666666666666
RALGAPA1P1	1	0	1	1
RALGAPA2	3	1	2	0.6666666666666666
RALGAPB	3	1	2	0.6666666666666666
RALGDS	3	3	0	1
RALGPS1	3	2	1	0.6666666666666666
RALGPS2	3	0	3	1
RALY	3	2	1	0.6666666666666666
RALY-AS1	1	1	0	1
RALYL	1	0	1	1
RAMAC	1	0	1	1
RAMP1	3	1	2	0.6666666666666666
RAMP2	2	0	2	1
RAMP2-AS1	1	0	1	1
RAN	3	2	1	0.6666666666666666
RANBP1	3	3	0	1
RANBP10	3	2	1	0.6666666666666666
RANBP17	3	1	2	0.6666666666666666
RANBP2	3	2	1	0.6666666666666666
RANBP3	3	3	0	1
RANBP3L	2	0	2	1
RANBP6	3	1	2	0.6666666666666666
RANBP9	3	1	2	0.6666666666666666
RANGAP1	3	3	0	1
RANGRF	3	2	1	0.6666666666666666
RAP1A	3	1	2	0.6666666666666666
RAP1B	3	1	2	0.6666666666666666
RAP1GAP	3	2	1	0.6666666666666666
RAP1GAP2	3	2	1	0.6666666666666666
RAP1GDS1	3	1	2	0.6666666666666666
RAP2A	3	2	1	0.6666666666666666
RAP2B	3	2	1	0.6666666666666666
RAP2C	3	1	2	0.6666666666666666
RAP2C-AS1	1	0	1	1
RAPGEF1	3	2	1	0.6666666666666666
RAPGEF2	3	2	1	0.6666666666666666
RAPGEF3	3	2	1	0.6666666666666666
RAPGEF4	3	1	2	0.6666666666666666
RAPGEF5	3	1	2	0.6666666666666666
RAPGEF6	3	3	0	1
RAPGEFL1	3	2	1	0.6666666666666666
RAPH1	3	1	2	0.6666666666666666
RAPSN	2	0	2	1
RARA	3	2	1	0.6666666666666666
RARA-AS1	1	1	0	1
RARB	2	1	1	0.5
RARG	3	0	3	1
RARRES1	3	1	2	0.6666666666666666
RARRES2	3	2	1	0.6666666666666666
RARRES3	2	2	0	1
RARS	2	1	1	0.5
RARS1	1	1	0	1
RARS2	3	1	2	0.6666666666666666
RASA1	3	0	3	1
RASA2	3	1	2	0.6666666666666666
RASA3	3	0	3	1
RASA4	3	1	2	0.6666666666666666
RASA4B	3	1	2	0.6666666666666666
RASA4CP	1	1	0	1
RASA4DP	1	0	1	1
RASAL1	3	0	3	1
RASAL2	3	0	3	1
RASAL2-AS1	1	0	1	1
RASAL3	1	0	1	1
RASD1	3	1	2	0.6666666666666666
RASD2	2	0	2	1
RASEF	3	1	2	0.6666666666666666
RASGEF1A	2	1	1	0.5
RASGEF1B	3	3	0	1
RASGEF1C	1	0	1	1
RASGRF1	2	2	0	1
RASGRF2	3	1	2	0.6666666666666666
RASGRP1	3	2	1	0.6666666666666666
RASGRP2	2	0	2	1
RASGRP3	3	0	3	1
RASGRP4	2	0	2	1
RASIP1	3	2	1	0.6666666666666666
RASL10A	1	0	1	1
RASL10B	3	0	3	1
RASL11A	3	1	2	0.6666666666666666
RASL11B	3	1	2	0.6666666666666666
RASL12	1	0	1	1
RASSF1	3	2	1	0.6666666666666666
RASSF10	1	1	0	1
RASSF2	3	1	2	0.6666666666666666
RASSF3	3	1	2	0.6666666666666666
RASSF4	3	1	2	0.6666666666666666
RASSF5	3	2	1	0.6666666666666666
RASSF6	3	1	2	0.6666666666666666
RASSF7	3	2	1	0.6666666666666666
RASSF8	3	1	2	0.6666666666666666
RASSF8-AS1	1	0	1	1
RASSF9	2	0	2	1
RAVER1	3	2	1	0.6666666666666666
RAVER2	3	0	3	1
RAX	1	0	1	1
RAX2	1	0	1	1
RB1	3	2	1	0.6666666666666666
RB1CC1	3	2	1	0.6666666666666666
RBAK	3	1	2	0.6666666666666666
RBAK-RBAKDN	2	1	1	0.5
RBBP4	3	1	2	0.6666666666666666
RBBP5	3	1	2	0.6666666666666666
RBBP6	3	1	2	0.6666666666666666
RBBP7	3	2	1	0.6666666666666666
RBBP8	3	0	3	1
RBBP8NL	3	2	1	0.6666666666666666
RBBP9	3	1	2	0.6666666666666666
RBCK1	3	2	1	0.6666666666666666
RBFA	3	1	2	0.6666666666666666
RBFOX2	3	1	2	0.6666666666666666
RBFOX3	2	2	0	1
RBIS	1	1	0	1
RBKS	3	2	1	0.6666666666666666
RBL1	3	1	2	0.6666666666666666
RBL2	3	2	1	0.6666666666666666
RBM10	3	3	0	1
RBM11	3	2	1	0.6666666666666666
RBM12	3	2	1	0.6666666666666666
RBM12B	3	1	2	0.6666666666666666
RBM12B-AS1	2	1	1	0.5
RBM14	3	2	1	0.6666666666666666
RBM14-RBM4	1	1	0	1
RBM15	3	3	0	1
RBM15-AS1	1	1	0	1
RBM15B	3	3	0	1
RBM17	3	1	2	0.6666666666666666
RBM18	3	2	1	0.6666666666666666
RBM19	3	3	0	1
RBM20	3	1	2	0.6666666666666666
RBM22	3	3	0	1
RBM23	3	2	1	0.6666666666666666
RBM24	3	1	2	0.6666666666666666
RBM25	3	0	3	1
RBM26	3	2	1	0.6666666666666666
RBM26-AS1	1	0	1	1
RBM27	3	2	1	0.6666666666666666
RBM28	3	1	2	0.6666666666666666
RBM3	3	1	2	0.6666666666666666
RBM33	3	2	1	0.6666666666666666
RBM34	3	1	2	0.6666666666666666
RBM38	3	2	1	0.6666666666666666
RBM39	3	2	1	0.6666666666666666
RBM4	3	3	0	1
RBM41	3	1	2	0.6666666666666666
RBM42	3	1	2	0.6666666666666666
RBM43	3	1	2	0.6666666666666666
RBM44	3	1	2	0.6666666666666666
RBM45	3	2	1	0.6666666666666666
RBM46	1	1	0	1
RBM47	3	1	2	0.6666666666666666
RBM48	3	1	2	0.6666666666666666
RBM4B	3	2	1	0.6666666666666666
RBM5	3	1	2	0.6666666666666666
RBM5-AS1	1	0	1	1
RBM6	3	1	2	0.6666666666666666
RBM7	3	2	1	0.6666666666666666
RBM8A	3	0	3	1
RBMS1	3	2	1	0.6666666666666666
RBMS2	3	1	2	0.6666666666666666
RBMS3	3	1	2	0.6666666666666666
RBMS3-AS3	1	0	1	1
RBMX	3	2	1	0.6666666666666666
RBMX2	3	1	2	0.6666666666666666
RBMXL1	3	0	3	1
RBMXL2	1	1	0	1
RBP1	3	1	2	0.6666666666666666
RBP2	1	0	1	1
RBP3	1	1	0	1
RBP4	1	1	0	1
RBP5	3	1	2	0.6666666666666666
RBP7	3	3	0	1
RBPJ	3	2	1	0.6666666666666666
RBPJL	1	0	1	1
RBPMS	3	2	1	0.6666666666666666
RBPMS2	2	1	1	0.5
RBSN	2	1	1	0.5
RBX1	3	3	0	1
RC3H1	3	1	2	0.6666666666666666
RC3H2	3	1	2	0.6666666666666666
RCAN1	3	1	2	0.6666666666666666
RCAN2	3	1	2	0.6666666666666666
RCAN3	3	1	2	0.6666666666666666
RCBTB1	3	1	2	0.6666666666666666
RCBTB2	3	3	0	1
RCC1	3	1	2	0.6666666666666666
RCC1L	2	1	1	0.5
RCC2	3	2	1	0.6666666666666666
RCCD1	3	2	1	0.6666666666666666
RCE1	3	2	1	0.6666666666666666
RCHY1	3	1	2	0.6666666666666666
RCL1	3	0	3	1
RCN1	3	0	3	1
RCN2	3	0	3	1
RCN3	2	1	1	0.5
RCOR1	3	1	2	0.6666666666666666
RCOR2	3	0	3	1
RCOR3	3	1	2	0.6666666666666666
RCSD1	1	1	0	1
RCVRN	1	0	1	1
RD3	1	0	1	1
RD3L	1	0	1	1
RDH10	3	0	3	1
RDH11	3	1	2	0.6666666666666666
RDH12	2	1	1	0.5
RDH13	3	2	1	0.6666666666666666
RDH14	2	0	2	1
RDH16	1	1	0	1
RDH5	2	1	1	0.5
RDH8	1	0	1	1
RDM1	3	3	0	1
RDM1P5	1	0	1	1
RDX	3	1	2	0.6666666666666666
REC114	1	0	1	1
REC8	3	0	3	1
RECK	3	1	2	0.6666666666666666
RECQL	3	1	2	0.6666666666666666
RECQL4	3	2	1	0.6666666666666666
RECQL5	3	2	1	0.6666666666666666
REEP1	3	1	2	0.6666666666666666
REEP2	3	2	1	0.6666666666666666
REEP3	3	1	2	0.6666666666666666
REEP4	3	2	1	0.6666666666666666
REEP5	3	1	2	0.6666666666666666
REEP6	3	3	0	1
REG3A	1	0	1	1
REG3G	1	0	1	1
REL	3	0	3	1
RELA	3	3	0	1
RELB	3	1	2	0.6666666666666666
RELCH	1	0	1	1
RELL1	3	2	1	0.6666666666666666
RELL2	3	3	0	1
RELN	2	2	0	1
RELT	3	3	0	1
REM1	1	0	1	1
REM2	3	1	2	0.6666666666666666
REN	3	1	2	0.6666666666666666
RENBP	2	0	2	1
REP15	3	1	2	0.6666666666666666
REPIN1	3	2	1	0.6666666666666666
REPS1	3	1	2	0.6666666666666666
REPS2	3	2	1	0.6666666666666666
RER1	3	3	0	1
RERE	3	2	1	0.6666666666666666
REREP3	1	1	0	1
RERG	3	0	3	1
RERGL	1	0	1	1
RESF1	1	0	1	1
REST	3	2	1	0.6666666666666666
RET	1	0	1	1
RETN	1	0	1	1
RETREG1	1	1	0	1
RETREG2	1	1	0	1
RETREG3	1	1	0	1
RETSAT	3	2	1	0.6666666666666666
REV1	3	1	2	0.6666666666666666
REV3L	3	0	3	1
REX1BD	1	1	0	1
REXO1	3	2	1	0.6666666666666666
REXO2	3	2	1	0.6666666666666666
REXO4	3	3	0	1
REXO5	1	0	1	1
RFC1	3	3	0	1
RFC2	3	1	2	0.6666666666666666
RFC3	3	2	1	0.6666666666666666
RFC4	3	2	1	0.6666666666666666
RFC5	3	2	1	0.6666666666666666
RFESD	3	1	2	0.6666666666666666
RFFL	3	2	1	0.6666666666666666
RFK	3	0	3	1
RFLNB	2	1	1	0.5
RFNG	3	2	1	0.6666666666666666
RFPL1	1	0	1	1
RFPL2	2	1	1	0.5
RFPL3	2	1	1	0.5
RFPL3S	1	1	0	1
RFPL4A	1	0	1	1
RFPL4AL1	1	1	0	1
RFPL4B	1	1	0	1
RFT1	3	2	1	0.6666666666666666
RFTN1	3	2	1	0.6666666666666666
RFTN2	3	3	0	1
RFWD2	2	1	1	0.5
RFWD3	3	2	1	0.6666666666666666
RFX1	3	1	2	0.6666666666666666
RFX2	3	1	2	0.6666666666666666
RFX3	3	2	1	0.6666666666666666
RFX3-AS1	1	1	0	1
RFX4	1	0	1	1
RFX5	3	0	3	1
RFX6	1	0	1	1
RFX7	3	0	3	1
RFX8	1	1	0	1
RFXANK	3	2	1	0.6666666666666666
RFXAP	3	2	1	0.6666666666666666
RGAG1	2	2	0	1
RGAG4	2	0	2	1
RGCC	3	1	2	0.6666666666666666
RGL1	3	1	2	0.6666666666666666
RGL2	3	1	2	0.6666666666666666
RGL3	3	2	1	0.6666666666666666
RGL4	3	1	2	0.6666666666666666
RGMA	3	1	2	0.6666666666666666
RGMB	3	2	1	0.6666666666666666
RGMB-AS1	1	1	0	1
RGN	1	0	1	1
RGP1	3	2	1	0.6666666666666666
RGPD1	2	2	0	1
RGPD2	3	2	1	0.6666666666666666
RGPD3	3	2	1	0.6666666666666666
RGPD4	3	1	2	0.6666666666666666
RGPD5	3	1	2	0.6666666666666666
RGPD6	3	2	1	0.6666666666666666
RGPD8	3	1	2	0.6666666666666666
RGS1	1	0	1	1
RGS10	3	1	2	0.6666666666666666
RGS11	2	0	2	1
RGS12	3	2	1	0.6666666666666666
RGS13	1	0	1	1
RGS14	3	1	2	0.6666666666666666
RGS16	2	0	2	1
RGS17	3	1	2	0.6666666666666666
RGS18	1	1	0	1
RGS19	3	3	0	1
RGS2	3	0	3	1
RGS20	3	2	1	0.6666666666666666
RGS21	1	0	1	1
RGS22	1	0	1	1
RGS3	3	2	1	0.6666666666666666
RGS4	3	1	2	0.6666666666666666
RGS5	3	2	1	0.6666666666666666
RGS6	1	1	0	1
RGS7	3	1	2	0.6666666666666666
RGS7BP	1	0	1	1
RGS8	1	0	1	1
RGS9	3	2	1	0.6666666666666666
RGS9BP	3	1	2	0.6666666666666666
RGSL1	1	1	0	1
RHAG	1	0	1	1
RHBDD1	3	0	3	1
RHBDD2	3	1	2	0.6666666666666666
RHBDD3	3	2	1	0.6666666666666666
RHBDF1	3	1	2	0.6666666666666666
RHBDF2	3	3	0	1
RHBDL1	2	1	1	0.5
RHBDL2	3	2	1	0.6666666666666666
RHBDL3	2	0	2	1
RHBG	1	1	0	1
RHCE	3	1	2	0.6666666666666666
RHCG	1	1	0	1
RHD	2	1	1	0.5
RHEB	3	1	2	0.6666666666666666
RHEBL1	3	1	2	0.6666666666666666
RHEX	1	0	1	1
RHNO1	3	0	3	1
RHO	1	1	0	1
RHOA	3	1	2	0.6666666666666666
RHOB	3	2	1	0.6666666666666666
RHOBTB1	3	2	1	0.6666666666666666
RHOBTB2	3	2	1	0.6666666666666666
RHOBTB3	3	2	1	0.6666666666666666
RHOC	3	2	1	0.6666666666666666
RHOD	3	2	1	0.6666666666666666
RHOF	3	2	1	0.6666666666666666
RHOG	3	3	0	1
RHOH	1	0	1	1
RHOJ	1	1	0	1
RHOQ	3	1	2	0.6666666666666666
RHOT1	3	1	2	0.6666666666666666
RHOT2	3	3	0	1
RHOU	3	0	3	1
RHOV	3	1	2	0.6666666666666666
RHOXF1	1	0	1	1
RHOXF2	1	1	0	1
RHPN1	3	2	1	0.6666666666666666
RHPN1-AS1	1	0	1	1
RHPN2	3	1	2	0.6666666666666666
RIBC1	3	2	1	0.6666666666666666
RIBC2	2	1	1	0.5
RIC1	2	0	2	1
RIC3	2	1	1	0.5
RIC8A	3	2	1	0.6666666666666666
RIC8B	3	2	1	0.6666666666666666
RICTOR	3	2	1	0.6666666666666666
RIDA	2	1	1	0.5
RIF1	3	1	2	0.6666666666666666
RIIAD1	1	0	1	1
RILP	3	2	1	0.6666666666666666
RILPL1	3	2	1	0.6666666666666666
RILPL2	3	1	2	0.6666666666666666
RIMBP3	2	1	1	0.5
RIMBP3B	2	1	1	0.5
RIMBP3C	1	1	0	1
RIMKLA	3	1	2	0.6666666666666666
RIMKLB	3	0	3	1
RIMS1	3	1	2	0.6666666666666666
RIMS2	3	1	2	0.6666666666666666
RIMS3	3	1	2	0.6666666666666666
RIMS4	3	1	2	0.6666666666666666
RIN1	3	3	0	1
RIN2	3	1	2	0.6666666666666666
RIN3	3	2	1	0.6666666666666666
RING1	3	2	1	0.6666666666666666
RINL	3	2	1	0.6666666666666666
RINT1	3	1	2	0.6666666666666666
RIOK1	3	1	2	0.6666666666666666
RIOK2	3	1	2	0.6666666666666666
RIOK3	3	1	2	0.6666666666666666
RIOX1	2	1	1	0.5
RIOX2	2	2	0	1
RIPK1	3	2	1	0.6666666666666666
RIPK2	3	1	2	0.6666666666666666
RIPK3	2	0	2	1
RIPK4	3	2	1	0.6666666666666666
RIPOR1	1	1	0	1
RIPPLY1	1	1	0	1
RIPPLY2	1	0	1	1
RIPPLY3	2	2	0	1
RIT1	3	1	2	0.6666666666666666
RITA1	2	1	1	0.5
RLBP1	1	0	1	1
RLF	3	1	2	0.6666666666666666
RLIM	3	0	3	1
RLN1	2	2	0	1
RLN2	3	2	1	0.6666666666666666
RLN3	1	1	0	1
RLTPR	1	1	0	1
RMC1	1	0	1	1
RMDN1	3	3	0	1
RMDN2	3	2	1	0.6666666666666666
RMDN3	3	2	1	0.6666666666666666
RMI1	3	1	2	0.6666666666666666
RMI2	3	3	0	1
RMND1	3	2	1	0.6666666666666666
RMND5A	3	0	3	1
RMND5B	3	2	1	0.6666666666666666
RMST	1	1	0	1
RN7SL1	1	0	1	1
RN7SL2	1	0	1	1
RN7SL3	1	0	1	1
RN7SL832P	1	1	0	1
RNASE1	1	0	1	1
RNASE10	1	1	0	1
RNASE13	1	0	1	1
RNASE3	1	1	0	1
RNASE4	3	0	3	1
RNASE7	1	1	0	1
RNASEH1	3	0	3	1
RNASEH1-AS1	1	1	0	1
RNASEH2A	3	3	0	1
RNASEH2B	3	2	1	0.6666666666666666
RNASEH2B-AS1	1	1	0	1
RNASEH2C	3	3	0	1
RNASEK	3	1	2	0.6666666666666666
RNASEK-C17orf49	1	1	0	1
RNASEL	3	1	2	0.6666666666666666
RNASET2	3	0	3	1
RND1	3	1	2	0.6666666666666666
RND2	3	0	3	1
RND3	3	2	1	0.6666666666666666
RNF10	3	1	2	0.6666666666666666
RNF103	3	0	3	1
RNF103-CHMP3	2	0	2	1
RNF11	3	0	3	1
RNF111	3	1	2	0.6666666666666666
RNF112	2	2	0	1
RNF113A	3	2	1	0.6666666666666666
RNF113B	1	1	0	1
RNF114	3	2	1	0.6666666666666666
RNF115	3	1	2	0.6666666666666666
RNF121	3	2	1	0.6666666666666666
RNF122	3	0	3	1
RNF123	3	3	0	1
RNF125	3	1	2	0.6666666666666666
RNF126	3	2	1	0.6666666666666666
RNF128	2	1	1	0.5
RNF13	3	0	3	1
RNF130	3	1	2	0.6666666666666666
RNF133	2	1	1	0.5
RNF135	3	1	2	0.6666666666666666
RNF138	3	1	2	0.6666666666666666
RNF139	3	1	2	0.6666666666666666
RNF139-AS1	1	1	0	1
RNF14	3	1	2	0.6666666666666666
RNF141	3	1	2	0.6666666666666666
RNF144A	3	0	3	1
RNF144B	3	1	2	0.6666666666666666
RNF145	3	2	1	0.6666666666666666
RNF146	3	2	1	0.6666666666666666
RNF148	2	1	1	0.5
RNF149	3	1	2	0.6666666666666666
RNF150	3	0	3	1
RNF151	1	0	1	1
RNF152	3	3	0	1
RNF157	3	1	2	0.6666666666666666
RNF157-AS1	1	1	0	1
RNF165	3	2	1	0.6666666666666666
RNF166	3	2	1	0.6666666666666666
RNF167	3	2	1	0.6666666666666666
RNF168	3	2	1	0.6666666666666666
RNF169	3	1	2	0.6666666666666666
RNF17	1	1	0	1
RNF170	3	1	2	0.6666666666666666
RNF180	3	0	3	1
RNF181	3	2	1	0.6666666666666666
RNF182	1	1	0	1
RNF183	2	1	1	0.5
RNF185	3	1	2	0.6666666666666666
RNF186	1	0	1	1
RNF187	3	2	1	0.6666666666666666
RNF19A	3	0	3	1
RNF19B	3	2	1	0.6666666666666666
RNF2	3	1	2	0.6666666666666666
RNF20	3	1	2	0.6666666666666666
RNF207	3	1	2	0.6666666666666666
RNF208	3	2	1	0.6666666666666666
RNF212	1	1	0	1
RNF212B	1	1	0	1
RNF213	3	1	2	0.6666666666666666
RNF213-AS1	1	0	1	1
RNF214	3	0	3	1
RNF215	3	1	2	0.6666666666666666
RNF216	3	1	2	0.6666666666666666
RNF216P1	1	0	1	1
RNF217	3	1	2	0.6666666666666666
RNF217-AS1	1	0	1	1
RNF219	2	1	1	0.5
RNF220	3	2	1	0.6666666666666666
RNF222	2	1	1	0.5
RNF223	3	1	2	0.6666666666666666
RNF224	3	1	2	0.6666666666666666
RNF225	1	1	0	1
RNF227	1	1	0	1
RNF24	3	0	3	1
RNF25	3	1	2	0.6666666666666666
RNF26	3	2	1	0.6666666666666666
RNF31	3	1	2	0.6666666666666666
RNF32	3	2	1	0.6666666666666666
RNF34	3	1	2	0.6666666666666666
RNF38	3	2	1	0.6666666666666666
RNF39	3	3	0	1
RNF4	3	1	2	0.6666666666666666
RNF40	3	3	0	1
RNF41	3	1	2	0.6666666666666666
RNF43	3	1	2	0.6666666666666666
RNF44	3	3	0	1
RNF5	3	2	1	0.6666666666666666
RNF5P1	1	1	0	1
RNF6	3	3	0	1
RNF7	3	2	1	0.6666666666666666
RNF8	3	2	1	0.6666666666666666
RNFT1	3	0	3	1
RNFT1-DT	1	1	0	1
RNFT2	3	2	1	0.6666666666666666
RNGTT	3	2	1	0.6666666666666666
RNH1	3	2	1	0.6666666666666666
RNLS	3	0	3	1
RNMT	3	0	3	1
RNMTL1	1	1	0	1
RNPC3	3	2	1	0.6666666666666666
RNPEP	3	1	2	0.6666666666666666
RNPEPL1	3	2	1	0.6666666666666666
RNPS1	3	2	1	0.6666666666666666
RNR1	1	0	1	1
RNR2	1	0	1	1
RNU6-1	1	0	1	1
RNU6-2	1	0	1	1
RNU6-8	1	0	1	1
RO60	1	0	1	1
ROBO1	3	1	2	0.6666666666666666
ROBO2	2	1	1	0.5
ROBO3	3	1	2	0.6666666666666666
ROBO4	3	2	1	0.6666666666666666
ROCK1	3	1	2	0.6666666666666666
ROCK1P1	1	1	0	1
ROCK2	3	0	3	1
ROGDI	3	1	2	0.6666666666666666
ROM1	3	2	1	0.6666666666666666
ROMO1	3	2	1	0.6666666666666666
ROPN1	1	0	1	1
ROPN1B	1	1	0	1
ROPN1L	2	2	0	1
ROR1	3	2	1	0.6666666666666666
ROR2	1	0	1	1
RORA	3	1	2	0.6666666666666666
RORA-AS1	1	1	0	1
RORB	3	2	1	0.6666666666666666
RORC	1	1	0	1
ROS1	1	1	0	1
RP1	3	2	1	0.6666666666666666
RP1-102H19.8	1	1	0	1
RP1-127H14.3	1	1	0	1
RP1-130H16.18	1	1	0	1
RP1-170O19.20	1	1	0	1
RP1-241P17.4	1	0	1	1
RP1-27O5.3	1	1	0	1
RP1-309K20.6	1	0	1	1
RP1-317E23.6	1	0	1	1
RP1-4G17.5	1	0	1	1
RP1-66C13.4	1	1	0	1
RP11-1012A1.4	1	1	0	1
RP11-101E3.5	1	0	1	1
RP11-1021N1.1	1	0	1	1
RP11-1035H13.3	1	0	1	1
RP11-1055B8.7	1	1	0	1
RP11-1084J3.4	1	1	0	1
RP11-1085N6.3	1	0	1	1
RP11-108K14.8	1	0	1	1
RP11-1099M24.7	1	1	0	1
RP11-10A14.4	1	1	0	1
RP11-10J21.3	1	0	1	1
RP11-1105G2.3	1	0	1	1
RP11-111M22.2	1	0	1	1
RP11-1167A19.2	1	0	1	1
RP11-1212A22.4	1	0	1	1
RP11-123K3.4	1	1	0	1
RP11-126K1.2	1	0	1	1
RP11-127H5.1	1	1	0	1
RP11-12J10.3	1	0	1	1
RP11-133K1.2	1	0	1	1
RP11-139J15.7	1	0	1	1
RP11-1407O15.2	1	0	1	1
RP11-144F15.1	1	1	0	1
RP11-152F13.10	1	0	1	1
RP11-155D18.14	1	1	0	1
RP11-156E8.1	1	1	0	1
RP11-156P1.2	1	1	0	1
RP11-159D12.5	1	0	1	1
RP11-159G9.5	1	1	0	1
RP11-162A12.2	1	1	0	1
RP11-162P23.2	1	0	1	1
RP11-166B2.1	1	1	0	1
RP11-176H8.1	1	1	0	1
RP11-178C3.1	1	0	1	1
RP11-178L8.4	1	1	0	1
RP11-17M16.1	1	0	1	1
RP11-181C3.1	1	1	0	1
RP11-182J1.16	1	0	1	1
RP11-192H23.4	1	1	0	1
RP11-195F19.5	1	1	0	1
RP11-196G11.1	1	0	1	1
RP11-201K10.3	1	0	1	1
RP11-20I23.1	1	1	0	1
RP11-210M15.2	1	1	0	1
RP11-211G3.3	1	0	1	1
RP11-212D19.4	1	1	0	1
RP11-216L13.17	1	1	0	1
RP11-219A15.1	1	0	1	1
RP11-219B4.5	1	1	0	1
RP11-231C14.4	1	0	1	1
RP11-234B24.6	1	0	1	1
RP11-257K9.8	1	0	1	1
RP11-268J15.5	1	1	0	1
RP11-279O9.4	1	1	0	1
RP11-286N22.8	1	1	0	1
RP11-287D1.3	1	1	0	1
RP11-293I14.2	1	0	1	1
RP11-295K3.1	1	0	1	1
RP11-295P9.3	1	0	1	1
RP11-296A16.1	1	1	0	1
RP11-297N6.4	1	1	0	1
RP11-298I3.5	1	1	0	1
RP11-302B13.5	1	0	1	1
RP11-302M6.4	1	0	1	1
RP11-307N16.6	1	0	1	1
RP11-315D16.2	1	0	1	1
RP11-318A15.7	1	1	0	1
RP11-321N4.5	1	1	0	1
RP11-322E11.6	1	1	0	1
RP11-332O19.5	1	0	1	1
RP11-343C2.11	1	1	0	1
RP11-343C2.12	1	1	0	1
RP11-343C2.7	1	1	0	1
RP11-343C2.9	1	1	0	1
RP11-345J4.5	1	0	1	1
RP11-347C12.1	1	0	1	1
RP11-347C12.3	1	0	1	1
RP11-366L20.2	1	1	0	1
RP11-368I7.4	1	1	0	1
RP11-371E8.4	1	1	0	1
RP11-382J12.1	1	0	1	1
RP11-383H13.1	1	1	0	1
RP11-385D13.1	1	1	0	1
RP11-399J13.3	1	1	0	1
RP11-403P17.5	1	1	0	1
RP11-404P21.8	1	1	0	1
RP11-407N17.3	1	0	1	1
RP11-41O4.1	1	0	1	1
RP11-422N16.3	1	1	0	1
RP11-426L16.10	1	0	1	1
RP11-432B6.3	1	1	0	1
RP11-434D12.1	1	0	1	1
RP11-438J1.1	1	0	1	1
RP11-444E17.6	1	0	1	1
RP11-446E24.4	1	1	0	1
RP11-447L10.1	1	1	0	1
RP11-458D21.5	1	0	1	1
RP11-45M22.4	1	1	0	1
RP11-463C8.4	1	1	0	1
RP11-463D19.2	1	1	0	1
RP11-468E2.2	1	0	1	1
RP11-468E2.4	1	0	1	1
RP11-468E2.6	1	1	0	1
RP11-474G23.1	1	1	0	1
RP11-47I22.3	1	1	0	1
RP11-47I22.4	1	1	0	1
RP11-480I12.4	1	1	0	1
RP11-481A20.11	1	0	1	1
RP11-497E19.2	1	1	0	1
RP11-500M8.7	1	0	1	1
RP11-505K9.4	1	0	1	1
RP11-507M3.1	1	1	0	1
RP11-508N12.4	1	1	0	1
RP11-512M8.5	1	1	0	1
RP11-514O12.4	1	0	1	1
RP11-514P8.6	1	0	1	1
RP11-514P8.7	1	0	1	1
RP11-51F16.8	1	1	0	1
RP11-529K1.3	1	1	0	1
RP11-542C16.2	1	0	1	1
RP11-552F3.12	1	0	1	1
RP11-565P22.6	1	0	1	1
RP11-571M6.15	1	1	0	1
RP11-574K11.31	1	1	0	1
RP11-57H12.6	1	0	1	1
RP11-598P20.5	1	1	0	1
RP11-599B13.6	1	1	0	1
RP11-5A19.5	1	1	0	1
RP11-603J24.9	1	1	0	1
RP11-613M10.8	1	0	1	1
RP11-613M10.9	1	1	0	1
RP11-618P17.4	1	0	1	1
RP11-637O19.3	1	1	0	1
RP11-644F5.10	1	1	0	1
RP11-664I21.6	1	1	0	1
RP11-683L23.1	1	0	1	1
RP11-691N7.6	1	1	0	1
RP11-697E2.6	1	1	0	1
RP11-706O15.1	1	0	1	1
RP11-712L6.5	1	0	1	1
RP11-723O4.6	1	0	1	1
RP11-724O16.1	1	0	1	1
RP11-729L2.2	1	1	0	1
RP11-73M18.2	1	1	0	1
RP11-761B3.1	1	1	0	1
RP11-762I7.5	1	1	0	1
RP11-770J1.5	1	0	1	1
RP11-77K12.1	1	1	0	1
RP11-77K12.7	1	1	0	1
RP11-793H13.10	1	1	0	1
RP11-795F19.5	1	0	1	1
RP11-796G6.2	1	1	0	1
RP11-80A15.1	1	0	1	1
RP11-831H9.11	1	0	1	1
RP11-849F2.7	1	1	0	1
RP11-849H4.2	1	1	0	1
RP11-863K10.7	1	0	1	1
RP11-867G23.8	1	0	1	1
RP11-872D17.8	1	1	0	1
RP11-87C12.2	1	1	0	1
RP11-886H22.1	1	0	1	1
RP11-894J14.5	1	1	0	1
RP11-944L7.5	1	1	0	1
RP11-96O20.4	1	1	0	1
RP11-977G19.10	1	1	0	1
RP11-986E7.7	1	1	0	1
RP13-279N23.2	1	1	0	1
RP13-512J5.1	1	0	1	1
RP13-672B3.2	1	0	1	1
RP1L1	2	2	0	1
RP2	3	2	1	0.6666666666666666
RP3-468K18.5	1	0	1	1
RP4-539M6.19	1	1	0	1
RP4-559A3.7	1	1	0	1
RP4-576H24.4	1	0	1	1
RP4-583P15.14	1	0	1	1
RP4-583P15.15	1	0	1	1
RP4-734P14.4	1	1	0	1
RP4-758J18.2	1	1	0	1
RP5-1021I20.4	1	1	0	1
RP5-1052I5.2	1	0	1	1
RP5-850E9.3	1	0	1	1
RP5-966M1.6	1	1	0	1
RP9	3	1	2	0.6666666666666666
RP9P	1	1	0	1
RPA1	3	2	1	0.6666666666666666
RPA2	3	2	1	0.6666666666666666
RPA3	3	3	0	1
RPA3-AS1	1	1	0	1
RPA4	2	1	1	0.5
RPAIN	3	2	1	0.6666666666666666
RPAP1	3	3	0	1
RPAP2	3	1	2	0.6666666666666666
RPAP3	3	1	2	0.6666666666666666
RPARP-AS1	1	0	1	1
RPE	3	1	2	0.6666666666666666
RPE65	2	2	0	1
RPEL1	1	0	1	1
RPF1	3	0	3	1
RPF2	3	1	2	0.6666666666666666
RPGR	3	0	3	1
RPGRIP1	2	2	0	1
RPGRIP1L	3	2	1	0.6666666666666666
RPH3A	1	0	1	1
RPH3AL	3	0	3	1
RPIA	3	0	3	1
RPL10	3	1	2	0.6666666666666666
RPL10A	3	2	1	0.6666666666666666
RPL11	3	2	1	0.6666666666666666
RPL12	3	2	1	0.6666666666666666
RPL13	3	2	1	0.6666666666666666
RPL13A	3	2	1	0.6666666666666666
RPL13AP20	1	0	1	1
RPL13AP5	1	1	0	1
RPL13P5	1	1	0	1
RPL14	3	2	1	0.6666666666666666
RPL15	3	2	1	0.6666666666666666
RPL17	3	2	1	0.6666666666666666
RPL17-C18orf32	1	0	1	1
RPL18	3	2	1	0.6666666666666666
RPL18A	3	2	1	0.6666666666666666
RPL19	3	2	1	0.6666666666666666
RPL21	3	2	1	0.6666666666666666
RPL21P28	1	0	1	1
RPL22	3	2	1	0.6666666666666666
RPL22L1	3	0	3	1
RPL23	3	3	0	1
RPL23A	3	2	1	0.6666666666666666
RPL23AP53	1	1	0	1
RPL23AP64	1	0	1	1
RPL23AP7	1	0	1	1
RPL23AP82	1	1	0	1
RPL23P8	1	1	0	1
RPL24	3	3	0	1
RPL26	3	3	0	1
RPL26L1	3	1	2	0.6666666666666666
RPL27	3	3	0	1
RPL27A	3	1	2	0.6666666666666666
RPL28	3	2	1	0.6666666666666666
RPL29	3	3	0	1
RPL3	3	2	1	0.6666666666666666
RPL30	3	1	2	0.6666666666666666
RPL31	3	2	1	0.6666666666666666
RPL32	3	2	1	0.6666666666666666
RPL32P3	1	1	0	1
RPL34	3	3	0	1
RPL35	3	2	1	0.6666666666666666
RPL35A	3	2	1	0.6666666666666666
RPL36	3	1	2	0.6666666666666666
RPL36A	3	2	1	0.6666666666666666
RPL36A-HNRNPH2	1	1	0	1
RPL36AL	3	2	1	0.6666666666666666
RPL37	3	3	0	1
RPL37A	3	2	1	0.6666666666666666
RPL38	3	3	0	1
RPL39	3	1	2	0.6666666666666666
RPL39L	3	2	1	0.6666666666666666
RPL3L	3	2	1	0.6666666666666666
RPL4	3	2	1	0.6666666666666666
RPL41	3	2	1	0.6666666666666666
RPL5	3	1	2	0.6666666666666666
RPL6	3	2	1	0.6666666666666666
RPL7	3	2	1	0.6666666666666666
RPL7A	3	3	0	1
RPL7L1	3	2	1	0.6666666666666666
RPL8	3	2	1	0.6666666666666666
RPL9	3	1	2	0.6666666666666666
RPLP0	3	1	2	0.6666666666666666
RPLP1	3	1	2	0.6666666666666666
RPLP2	3	1	2	0.6666666666666666
RPN1	3	0	3	1
RPN2	3	0	3	1
RPP14	3	1	2	0.6666666666666666
RPP21	2	2	0	1
RPP25	3	0	3	1
RPP25L	3	3	0	1
RPP30	3	2	1	0.6666666666666666
RPP38	3	1	2	0.6666666666666666
RPP38-DT	1	1	0	1
RPP40	3	2	1	0.6666666666666666
RPRD1A	3	2	1	0.6666666666666666
RPRD1B	3	1	2	0.6666666666666666
RPRD2	3	0	3	1
RPRM	2	0	2	1
RPRML	1	0	1	1
RPS10	3	2	1	0.6666666666666666
RPS10-NUDT3	1	0	1	1
RPS10P7	1	1	0	1
RPS11	3	1	2	0.6666666666666666
RPS12	3	1	2	0.6666666666666666
RPS13	3	1	2	0.6666666666666666
RPS14	3	2	1	0.6666666666666666
RPS14P3	1	1	0	1
RPS15	3	3	0	1
RPS15A	3	2	1	0.6666666666666666
RPS16	3	1	2	0.6666666666666666
RPS17	3	0	3	1
RPS17L	1	0	1	1
RPS18	3	3	0	1
RPS18P9	1	0	1	1
RPS19	3	2	1	0.6666666666666666
RPS19BP1	3	1	2	0.6666666666666666
RPS2	3	2	1	0.6666666666666666
RPS20	3	1	2	0.6666666666666666
RPS21	3	2	1	0.6666666666666666
RPS23	3	1	2	0.6666666666666666
RPS24	3	3	0	1
RPS25	3	0	3	1
RPS26	3	1	2	0.6666666666666666
RPS27	3	0	3	1
RPS27A	3	1	2	0.6666666666666666
RPS27L	3	1	2	0.6666666666666666
RPS28	3	1	2	0.6666666666666666
RPS29	3	1	2	0.6666666666666666
RPS2P32	1	1	0	1
RPS3	3	2	1	0.6666666666666666
RPS3A	3	2	1	0.6666666666666666
RPS4X	3	2	1	0.6666666666666666
RPS5	3	2	1	0.6666666666666666
RPS6	3	2	1	0.6666666666666666
RPS6KA1	3	2	1	0.6666666666666666
RPS6KA2	3	0	3	1
RPS6KA3	3	0	3	1
RPS6KA4	3	3	0	1
RPS6KA5	3	1	2	0.6666666666666666
RPS6KA6	3	1	2	0.6666666666666666
RPS6KB1	3	1	2	0.6666666666666666
RPS6KB2	3	3	0	1
RPS6KC1	3	1	2	0.6666666666666666
RPS6KL1	3	1	2	0.6666666666666666
RPS7	3	2	1	0.6666666666666666
RPS8	3	2	1	0.6666666666666666
RPS9	3	2	1	0.6666666666666666
RPSA	3	1	2	0.6666666666666666
RPSAP52	1	0	1	1
RPSAP58	2	0	2	1
RPSAP9	1	1	0	1
RPTN	1	1	0	1
RPTOR	3	2	1	0.6666666666666666
RPUSD1	3	1	2	0.6666666666666666
RPUSD2	3	3	0	1
RPUSD3	3	2	1	0.6666666666666666
RPUSD4	3	2	1	0.6666666666666666
RQCD1	1	0	1	1
RRAD	3	2	1	0.6666666666666666
RRAGA	3	3	0	1
RRAGB	3	0	3	1
RRAGC	3	1	2	0.6666666666666666
RRAGD	3	1	2	0.6666666666666666
RRAS	3	1	2	0.6666666666666666
RRAS2	3	1	2	0.6666666666666666
RRBP1	3	0	3	1
RREB1	3	1	2	0.6666666666666666
RRH	2	1	1	0.5
RRM1	3	2	1	0.6666666666666666
RRM2	3	1	2	0.6666666666666666
RRM2B	3	1	2	0.6666666666666666
RRN3	3	1	2	0.6666666666666666
RRN3P1	1	0	1	1
RRN3P2	1	0	1	1
RRN3P3	1	1	0	1
RRNAD1	3	2	1	0.6666666666666666
RRP1	3	3	0	1
RRP12	3	2	1	0.6666666666666666
RRP15	3	2	1	0.6666666666666666
RRP1B	3	3	0	1
RRP36	3	3	0	1
RRP7A	3	2	1	0.6666666666666666
RRP7BP	1	1	0	1
RRP8	3	1	2	0.6666666666666666
RRP9	3	2	1	0.6666666666666666
RRS1	3	3	0	1
RSAD1	3	1	2	0.6666666666666666
RSAD2	3	0	3	1
RSBN1	3	0	3	1
RSBN1L	3	1	2	0.6666666666666666
RSC1A1	2	2	0	1
RSF1	3	2	1	0.6666666666666666
RSG1	2	1	1	0.5
RSKR	1	0	1	1
RSL1D1	3	2	1	0.6666666666666666
RSL24D1	3	1	2	0.6666666666666666
RSPH1	3	2	1	0.6666666666666666
RSPH10B	2	1	1	0.5
RSPH10B2	2	1	1	0.5
RSPH14	1	0	1	1
RSPH3	3	1	2	0.6666666666666666
RSPH4A	3	1	2	0.6666666666666666
RSPH6A	1	0	1	1
RSPH9	2	2	0	1
RSPO1	1	0	1	1
RSPO2	1	0	1	1
RSPO3	1	0	1	1
RSPO4	3	1	2	0.6666666666666666
RSPRY1	3	2	1	0.6666666666666666
RSRC1	3	1	2	0.6666666666666666
RSRC2	3	0	3	1
RSRP1	2	2	0	1
RSU1	3	1	2	0.6666666666666666
RTBDN	1	0	1	1
RTCA	3	1	2	0.6666666666666666
RTCA-AS1	1	0	1	1
RTCB	3	2	1	0.6666666666666666
RTDR1	1	0	1	1
RTEL1	3	2	1	0.6666666666666666
RTEL1-TNFRSF6B	1	0	1	1
RTF1	3	2	1	0.6666666666666666
RTF2	1	1	0	1
RTFDC1	2	1	1	0.5
RTKN	3	2	1	0.6666666666666666
RTKN2	3	1	2	0.6666666666666666
RTL1	1	0	1	1
RTL10	1	1	0	1
RTL5	1	0	1	1
RTL6	1	1	0	1
RTL8A	1	1	0	1
RTL8B	1	0	1	1
RTL8C	1	1	0	1
RTN1	3	2	1	0.6666666666666666
RTN2	3	1	2	0.6666666666666666
RTN3	3	0	3	1
RTN4	3	1	2	0.6666666666666666
RTN4IP1	3	2	1	0.6666666666666666
RTN4R	3	1	2	0.6666666666666666
RTN4RL1	2	0	2	1
RTN4RL2	2	0	2	1
RTP2	1	1	0	1
RTP3	1	0	1	1
RTP4	3	1	2	0.6666666666666666
RTP5	1	0	1	1
RTRAF	1	1	0	1
RTTN	3	1	2	0.6666666666666666
RUBCN	2	1	1	0.5
RUBCNL	2	1	1	0.5
RUFY1	3	2	1	0.6666666666666666
RUFY2	3	2	1	0.6666666666666666
RUFY3	3	0	3	1
RUFY4	2	1	1	0.5
RUNDC1	3	3	0	1
RUNDC3A	3	1	2	0.6666666666666666
RUNDC3A-AS1	1	1	0	1
RUNDC3B	3	1	2	0.6666666666666666
RUNX1	3	2	1	0.6666666666666666
RUNX1T1	2	1	1	0.5
RUNX2	3	2	1	0.6666666666666666
RUNX3	2	1	1	0.5
RUSC1	3	1	2	0.6666666666666666
RUSC1-AS1	1	0	1	1
RUSC2	3	2	1	0.6666666666666666
RUVBL1	3	2	1	0.6666666666666666
RUVBL2	3	2	1	0.6666666666666666
RWDD1	3	1	2	0.6666666666666666
RWDD2A	3	1	2	0.6666666666666666
RWDD2B	2	1	1	0.5
RWDD3	3	0	3	1
RWDD4	3	1	2	0.6666666666666666
RXFP1	1	0	1	1
RXFP2	1	0	1	1
RXFP3	1	0	1	1
RXFP4	1	0	1	1
RXRA	3	3	0	1
RXRB	3	2	1	0.6666666666666666
RXYLT1	1	0	1	1
RYBP	3	1	2	0.6666666666666666
RYK	3	0	3	1
RYR1	2	2	0	1
RYR2	3	1	2	0.6666666666666666
RYR3	3	2	1	0.6666666666666666
S100A1	3	1	2	0.6666666666666666
S100A10	3	1	2	0.6666666666666666
S100A11	3	1	2	0.6666666666666666
S100A13	3	1	2	0.6666666666666666
S100A14	3	1	2	0.6666666666666666
S100A16	3	2	1	0.6666666666666666
S100A2	3	3	0	1
S100A3	3	3	0	1
S100A4	3	2	1	0.6666666666666666
S100A5	3	0	3	1
S100A6	3	2	1	0.6666666666666666
S100A7	1	0	1	1
S100A8	1	1	0	1
S100A9	3	1	2	0.6666666666666666
S100B	1	0	1	1
S100G	1	0	1	1
S100P	1	1	0	1
S100PBP	3	1	2	0.6666666666666666
S1PR1	3	0	3	1
S1PR2	3	2	1	0.6666666666666666
S1PR3	3	2	1	0.6666666666666666
S1PR4	2	2	0	1
S1PR5	1	1	0	1
SAA1	2	2	0	1
SAA2	2	2	0	1
SAA4	1	1	0	1
SAAL1	3	2	1	0.6666666666666666
SAC3D1	3	3	0	1
SACM1L	3	1	2	0.6666666666666666
SACS	3	2	1	0.6666666666666666
SAE1	3	0	3	1
SAFB	3	2	1	0.6666666666666666
SAFB2	3	2	1	0.6666666666666666
SAG	1	1	0	1
SALL1	2	1	1	0.5
SALL2	3	1	2	0.6666666666666666
SALL3	2	1	1	0.5
SALL4	3	0	3	1
SAMD1	3	1	2	0.6666666666666666
SAMD10	3	2	1	0.6666666666666666
SAMD11	2	0	2	1
SAMD12	3	2	1	0.6666666666666666
SAMD12-AS1	1	0	1	1
SAMD13	3	1	2	0.6666666666666666
SAMD14	3	1	2	0.6666666666666666
SAMD15	3	2	1	0.6666666666666666
SAMD3	1	0	1	1
SAMD4A	3	2	1	0.6666666666666666
SAMD4B	3	1	2	0.6666666666666666
SAMD5	3	2	1	0.6666666666666666
SAMD7	1	0	1	1
SAMD8	3	1	2	0.6666666666666666
SAMD9	3	1	2	0.6666666666666666
SAMD9L	3	2	1	0.6666666666666666
SAMHD1	3	2	1	0.6666666666666666
SAMM50	3	2	1	0.6666666666666666
SAMSN1	1	1	0	1
SAP130	3	1	2	0.6666666666666666
SAP18	3	1	2	0.6666666666666666
SAP25	3	1	2	0.6666666666666666
SAP30	3	1	2	0.6666666666666666
SAP30BP	3	3	0	1
SAP30L	3	2	1	0.6666666666666666
SAP30L-AS1	1	1	0	1
SAPCD1	2	1	1	0.5
SAPCD2	3	3	0	1
SAR1A	3	1	2	0.6666666666666666
SAR1B	3	2	1	0.6666666666666666
SARAF	2	0	2	1
SARDH	1	1	0	1
SARM1	3	1	2	0.6666666666666666
SARNP	3	1	2	0.6666666666666666
SARS	2	1	1	0.5
SARS1	1	0	1	1
SARS2	3	1	2	0.6666666666666666
SART1	3	3	0	1
SART3	3	1	2	0.6666666666666666
SASH1	3	0	3	1
SASH3	1	0	1	1
SASS6	3	1	2	0.6666666666666666
SAT1	3	1	2	0.6666666666666666
SAT2	3	2	1	0.6666666666666666
SATB1	3	3	0	1
SATB2	3	1	2	0.6666666666666666
SATL1	2	1	1	0.5
SAV1	3	1	2	0.6666666666666666
SAXO1	1	0	1	1
SAXO2	2	1	1	0.5
SAYSD1	3	2	1	0.6666666666666666
SBDS	3	0	3	1
SBDSP1	1	0	1	1
SBF1	3	1	2	0.6666666666666666
SBF2	3	1	2	0.6666666666666666
SBF2-AS1	1	1	0	1
SBK1	3	1	2	0.6666666666666666
SBK2	1	0	1	1
SBK3	2	0	2	1
SBNO1	3	1	2	0.6666666666666666
SBNO1-AS1	1	1	0	1
SBNO2	3	2	1	0.6666666666666666
SBP1	1	1	0	1
SBSN	2	1	1	0.5
SBSPON	3	2	1	0.6666666666666666
SC5D	3	2	1	0.6666666666666666
SCAF1	3	2	1	0.6666666666666666
SCAF11	3	1	2	0.6666666666666666
SCAF4	3	3	0	1
SCAF8	3	1	2	0.6666666666666666
SCAI	3	2	1	0.6666666666666666
SCAMP1	3	0	3	1
SCAMP1-AS1	1	1	0	1
SCAMP2	3	2	1	0.6666666666666666
SCAMP3	3	0	3	1
SCAMP4	3	2	1	0.6666666666666666
SCAMP5	3	1	2	0.6666666666666666
SCAND1	3	2	1	0.6666666666666666
SCAND2P	1	0	1	1
SCAND3	1	1	0	1
SCAP	3	1	2	0.6666666666666666
SCAPER	3	1	2	0.6666666666666666
SCARA3	3	2	1	0.6666666666666666
SCARA5	1	1	0	1
SCARB1	3	0	3	1
SCARB2	3	0	3	1
SCARF1	3	2	1	0.6666666666666666
SCARF2	3	1	2	0.6666666666666666
SCARNA12	1	1	0	1
SCARNA22	1	0	1	1
SCARNA27	1	1	0	1
SCART1	1	0	1	1
SCAT2	1	0	1	1
SCAT8	1	0	1	1
SCCPDH	3	1	2	0.6666666666666666
SCD	3	0	3	1
SCD5	3	3	0	1
SCEL	3	1	2	0.6666666666666666
SCFD1	3	1	2	0.6666666666666666
SCFD2	3	1	2	0.6666666666666666
SCG2	2	0	2	1
SCG3	1	0	1	1
SCG5	2	0	2	1
SCGB1A1	1	1	0	1
SCGB1B2P	1	1	0	1
SCGB1C1	1	0	1	1
SCGB1D1	1	1	0	1
SCGB2B2	3	3	0	1
SCGB3A1	1	0	1	1
SCHIP1	2	1	1	0.5
SCIMP	2	2	0	1
SCIN	1	0	1	1
SCLT1	3	1	2	0.6666666666666666
SCLY	2	0	2	1
SCMH1	3	1	2	0.6666666666666666
SCML1	3	2	1	0.6666666666666666
SCML2	3	1	2	0.6666666666666666
SCN10A	1	0	1	1
SCN11A	3	3	0	1
SCN1A	1	0	1	1
SCN1B	2	1	1	0.5
SCN2A	3	1	2	0.6666666666666666
SCN2B	2	1	1	0.5
SCN3A	2	1	1	0.5
SCN3B	3	2	1	0.6666666666666666
SCN4A	2	0	2	1
SCN4B	2	1	1	0.5
SCN5A	3	1	2	0.6666666666666666
SCN7A	1	0	1	1
SCN8A	3	2	1	0.6666666666666666
SCN9A	3	1	2	0.6666666666666666
SCNM1	3	2	1	0.6666666666666666
SCNN1A	3	1	2	0.6666666666666666
SCNN1B	1	0	1	1
SCNN1D	3	2	1	0.6666666666666666
SCNN1G	1	0	1	1
SCO1	3	2	1	0.6666666666666666
SCO2	2	0	2	1
SCOC	3	1	2	0.6666666666666666
SCOC-AS1	1	1	0	1
SCP2	3	0	3	1
SCPEP1	3	1	2	0.6666666666666666
SCRG1	1	0	1	1
SCRIB	3	2	1	0.6666666666666666
SCRN1	3	2	1	0.6666666666666666
SCRN2	3	3	0	1
SCRN3	3	3	0	1
SCRT1	1	0	1	1
SCRT2	1	0	1	1
SCT	1	0	1	1
SCTR	1	0	1	1
SCUBE1	1	0	1	1
SCUBE2	2	0	2	1
SCUBE3	3	1	2	0.6666666666666666
SCX	1	0	1	1
SCYL1	3	2	1	0.6666666666666666
SCYL2	3	1	2	0.6666666666666666
SCYL3	3	1	2	0.6666666666666666
SDAD1	3	0	3	1
SDAD1P1	1	1	0	1
SDC1	3	3	0	1
SDC2	3	1	2	0.6666666666666666
SDC3	3	2	1	0.6666666666666666
SDC4	3	1	2	0.6666666666666666
SDCBP	3	1	2	0.6666666666666666
SDCBP2	2	1	1	0.5
SDCBP2-AS1	1	1	0	1
SDCCAG3	2	2	0	1
SDCCAG8	3	2	1	0.6666666666666666
SDE2	3	1	2	0.6666666666666666
SDF2	3	2	1	0.6666666666666666
SDF2L1	3	1	2	0.6666666666666666
SDF4	3	1	2	0.6666666666666666
SDHA	3	2	1	0.6666666666666666
SDHAF1	3	2	1	0.6666666666666666
SDHAF2	3	3	0	1
SDHAF3	2	0	2	1
SDHAF4	2	0	2	1
SDHAP1	1	1	0	1
SDHAP2	1	1	0	1
SDHAP3	1	1	0	1
SDHB	3	2	1	0.6666666666666666
SDHC	3	1	2	0.6666666666666666
SDHD	3	1	2	0.6666666666666666
SDK1	3	2	1	0.6666666666666666
SDK2	2	1	1	0.5
SDPR	2	1	1	0.5
SDR16C5	3	3	0	1
SDR39U1	3	2	1	0.6666666666666666
SDR42E1	3	3	0	1
SDR9C7	1	0	1	1
SDS	2	0	2	1
SDSL	3	2	1	0.6666666666666666
SEBOX	1	1	0	1
SEC11A	3	0	3	1
SEC11C	3	0	3	1
SEC13	3	1	2	0.6666666666666666
SEC14L1	3	2	1	0.6666666666666666
SEC14L1P1	1	1	0	1
SEC14L2	3	1	2	0.6666666666666666
SEC14L3	1	0	1	1
SEC14L4	3	2	1	0.6666666666666666
SEC14L5	2	2	0	1
SEC14L6	2	1	1	0.5
SEC16A	3	3	0	1
SEC16B	2	1	1	0.5
SEC22A	3	2	1	0.6666666666666666
SEC22B	1	0	1	1
SEC22C	3	0	3	1
SEC23A	3	1	2	0.6666666666666666
SEC23B	3	0	3	1
SEC23IP	3	1	2	0.6666666666666666
SEC24A	3	1	2	0.6666666666666666
SEC24B	3	1	2	0.6666666666666666
SEC24B-AS1	1	1	0	1
SEC24C	3	2	1	0.6666666666666666
SEC24D	3	1	2	0.6666666666666666
SEC31A	3	2	1	0.6666666666666666
SEC31B	3	1	2	0.6666666666666666
SEC61A1	3	1	2	0.6666666666666666
SEC61A2	3	1	2	0.6666666666666666
SEC61B	3	1	2	0.6666666666666666
SEC61G	3	0	3	1
SEC62	3	0	3	1
SEC63	3	1	2	0.6666666666666666
SECISBP2	3	2	1	0.6666666666666666
SECISBP2L	3	1	2	0.6666666666666666
SECTM1	3	2	1	0.6666666666666666
SEH1L	3	0	3	1
SEL1L	3	1	2	0.6666666666666666
SEL1L3	3	2	1	0.6666666666666666
SELE	1	1	0	1
SELENBP1	1	1	0	1
SELENOF	2	0	2	1
SELENOH	2	1	1	0.5
SELENOI	2	0	2	1
SELENOK	2	0	2	1
SELENOM	2	0	2	1
SELENON	2	1	1	0.5
SELENOO	2	2	0	1
SELENOP	1	0	1	1
SELENOS	2	0	2	1
SELENOT	2	0	2	1
SELENOV	1	0	1	1
SELENOW	2	0	2	1
SELK	1	0	1	1
SELL	3	2	1	0.6666666666666666
SELO	1	0	1	1
SELP	1	1	0	1
SELPLG	3	2	1	0.6666666666666666
SELRC1	1	0	1	1
SELT	1	1	0	1
SEM1	2	1	1	0.5
SEMA3A	3	1	2	0.6666666666666666
SEMA3B	2	0	2	1
SEMA3C	3	0	3	1
SEMA3D	3	0	3	1
SEMA3E	3	1	2	0.6666666666666666
SEMA3F	3	1	2	0.6666666666666666
SEMA3F-AS1	1	0	1	1
SEMA3G	1	0	1	1
SEMA4A	3	2	1	0.6666666666666666
SEMA4B	3	1	2	0.6666666666666666
SEMA4C	3	1	2	0.6666666666666666
SEMA4D	3	3	0	1
SEMA4F	3	2	1	0.6666666666666666
SEMA4G	3	1	2	0.6666666666666666
SEMA5A	3	2	1	0.6666666666666666
SEMA5B	1	0	1	1
SEMA6A	3	1	2	0.6666666666666666
SEMA6B	3	2	1	0.6666666666666666
SEMA6C	3	1	2	0.6666666666666666
SEMA6D	3	1	2	0.6666666666666666
SEMA7A	3	1	2	0.6666666666666666
SEMG2	1	1	0	1
SENCR	1	1	0	1
SENP1	3	1	2	0.6666666666666666
SENP2	3	0	3	1
SENP3	3	3	0	1
SENP5	3	2	1	0.6666666666666666
SENP6	3	1	2	0.6666666666666666
SENP7	3	2	1	0.6666666666666666
SENP8	3	3	0	1
SEP15	1	0	1	1
SEPHS1	3	0	3	1
SEPHS2	3	0	3	1
SEPN1	1	0	1	1
SEPSECS	3	1	2	0.6666666666666666
SEPSECS-AS1	1	1	0	1
SEPT1	1	0	1	1
SEPT10	1	1	0	1
SEPT11	1	0	1	1
SEPT2	1	0	1	1
SEPT3	1	0	1	1
SEPT5	1	0	1	1
SEPT6	1	0	1	1
SEPT7	1	0	1	1
SEPT8	1	1	0	1
SEPT9	1	0	1	1
SEPTIN10	1	0	1	1
SEPTIN11	1	0	1	1
SEPTIN2	1	0	1	1
SEPTIN3	1	1	0	1
SEPTIN4	1	1	0	1
SEPTIN6	1	1	0	1
SEPTIN7	1	0	1	1
SEPTIN7-AS1	1	1	0	1
SEPTIN7P2	1	0	1	1
SEPTIN8	1	1	0	1
SEPTIN9	1	1	0	1
SEPW1	1	0	1	1
SERAC1	3	1	2	0.6666666666666666
SERBP1	3	1	2	0.6666666666666666
SERF1A	3	0	3	1
SERF1B	2	2	0	1
SERF2	3	1	2	0.6666666666666666
SERGEF	3	1	2	0.6666666666666666
SERHL2	3	2	1	0.6666666666666666
SERINC1	3	2	1	0.6666666666666666
SERINC2	3	3	0	1
SERINC3	3	0	3	1
SERINC4	3	1	2	0.6666666666666666
SERINC5	3	0	3	1
SERP1	3	0	3	1
SERP2	1	0	1	1
SERPINA1	3	3	0	1
SERPINA10	1	1	0	1
SERPINA3	1	0	1	1
SERPINA5	1	1	0	1
SERPINA6	1	1	0	1
SERPINB1	3	1	2	0.6666666666666666
SERPINB10	1	1	0	1
SERPINB12	1	1	0	1
SERPINB13	1	1	0	1
SERPINB2	1	1	0	1
SERPINB3	1	1	0	1
SERPINB4	1	1	0	1
SERPINB5	3	1	2	0.6666666666666666
SERPINB6	3	2	1	0.6666666666666666
SERPINB7	3	1	2	0.6666666666666666
SERPINB8	3	2	1	0.6666666666666666
SERPINB9	2	0	2	1
SERPINB9P1	1	0	1	1
SERPINC1	1	0	1	1
SERPIND1	1	0	1	1
SERPINE1	3	2	1	0.6666666666666666
SERPINE2	3	1	2	0.6666666666666666
SERPINE3	2	0	2	1
SERPINF1	3	2	1	0.6666666666666666
SERPINF2	3	3	0	1
SERPING1	3	0	3	1
SERPINH1	3	1	2	0.6666666666666666
SERPINI1	3	1	2	0.6666666666666666
SERPINI2	1	1	0	1
SERTAD1	3	1	2	0.6666666666666666
SERTAD2	3	1	2	0.6666666666666666
SERTAD3	3	1	2	0.6666666666666666
SERTAD4	3	2	1	0.6666666666666666
SERTAD4-AS1	1	0	1	1
SERTM1	2	1	1	0.5
SESN1	3	1	2	0.6666666666666666
SESN2	3	1	2	0.6666666666666666
SESN3	3	0	3	1
SESTD1	3	0	3	1
SET	3	1	2	0.6666666666666666
SETBP1	3	2	1	0.6666666666666666
SETD1A	3	2	1	0.6666666666666666
SETD1B	3	3	0	1
SETD2	3	1	2	0.6666666666666666
SETD3	3	0	3	1
SETD4	3	3	0	1
SETD5	3	1	2	0.6666666666666666
SETD6	3	2	1	0.6666666666666666
SETD7	3	1	2	0.6666666666666666
SETD8	1	0	1	1
SETD9	3	1	2	0.6666666666666666
SETDB1	3	0	3	1
SETDB2	3	2	1	0.6666666666666666
SETMAR	3	1	2	0.6666666666666666
SETSIP	1	0	1	1
SETX	3	3	0	1
SEZ6	1	0	1	1
SEZ6L	1	0	1	1
SEZ6L2	3	1	2	0.6666666666666666
SF1	3	3	0	1
SF3A1	3	3	0	1
SF3A2	3	3	0	1
SF3A3	3	2	1	0.6666666666666666
SF3B1	3	1	2	0.6666666666666666
SF3B14	1	0	1	1
SF3B2	3	2	1	0.6666666666666666
SF3B3	3	2	1	0.6666666666666666
SF3B4	3	1	2	0.6666666666666666
SF3B5	3	2	1	0.6666666666666666
SF3B6	2	0	2	1
SFI1	3	2	1	0.6666666666666666
SFMBT1	3	0	3	1
SFMBT2	3	2	1	0.6666666666666666
SFN	3	3	0	1
SFPQ	3	2	1	0.6666666666666666
SFR1	3	1	2	0.6666666666666666
SFRP1	3	1	2	0.6666666666666666
SFRP2	1	0	1	1
SFRP4	1	0	1	1
SFRP5	1	0	1	1
SFSWAP	3	1	2	0.6666666666666666
SFT2D1	3	1	2	0.6666666666666666
SFT2D2	3	0	3	1
SFT2D3	2	0	2	1
SFTA1P	1	0	1	1
SFTA2	1	1	0	1
SFTA3	1	0	1	1
SFTPA1	2	2	0	1
SFTPA2	1	1	0	1
SFTPB	2	2	0	1
SFTPC	1	1	0	1
SFTPD	2	2	0	1
SFXN1	3	2	1	0.6666666666666666
SFXN2	3	3	0	1
SFXN3	3	3	0	1
SFXN4	3	2	1	0.6666666666666666
SFXN5	3	2	1	0.6666666666666666
SGCA	1	0	1	1
SGCB	3	1	2	0.6666666666666666
SGCD	1	0	1	1
SGCE	3	2	1	0.6666666666666666
SGCG	1	0	1	1
SGCZ	1	0	1	1
SGF29	2	1	1	0.5
SGIP1	3	0	3	1
SGK1	3	2	1	0.6666666666666666
SGK2	1	0	1	1
SGK223	1	0	1	1
SGK3	2	1	1	0.5
SGK494	2	1	1	0.5
SGMS1	3	1	2	0.6666666666666666
SGMS1-AS1	1	1	0	1
SGMS2	3	1	2	0.6666666666666666
SGO1	2	1	1	0.5
SGO2	2	1	1	0.5
SGOL1	1	0	1	1
SGOL2	1	1	0	1
SGPL1	3	0	3	1
SGPP1	3	1	2	0.6666666666666666
SGPP2	3	1	2	0.6666666666666666
SGSH	3	2	1	0.6666666666666666
SGSM1	2	1	1	0.5
SGSM2	3	2	1	0.6666666666666666
SGSM3	3	3	0	1
SGTA	3	3	0	1
SGTB	3	1	2	0.6666666666666666
SH2B1	3	2	1	0.6666666666666666
SH2B2	3	1	2	0.6666666666666666
SH2B3	3	1	2	0.6666666666666666
SH2D1A	1	0	1	1
SH2D1B	1	1	0	1
SH2D2A	3	1	2	0.6666666666666666
SH2D3A	3	3	0	1
SH2D3C	2	1	1	0.5
SH2D4A	3	2	1	0.6666666666666666
SH2D4B	1	1	0	1
SH2D5	3	2	1	0.6666666666666666
SH2D6	2	0	2	1
SH2D7	2	0	2	1
SH3BGR	2	1	1	0.5
SH3BGRL	3	0	3	1
SH3BGRL2	3	0	3	1
SH3BGRL3	3	2	1	0.6666666666666666
SH3BP1	3	3	0	1
SH3BP2	3	2	1	0.6666666666666666
SH3BP4	3	2	1	0.6666666666666666
SH3BP5	3	2	1	0.6666666666666666
SH3BP5-AS1	1	1	0	1
SH3BP5L	3	3	0	1
SH3D19	3	2	1	0.6666666666666666
SH3D21	3	3	0	1
SH3GL1	3	3	0	1
SH3GL1P1	1	1	0	1
SH3GL2	3	2	1	0.6666666666666666
SH3GL3	3	2	1	0.6666666666666666
SH3GLB1	3	0	3	1
SH3GLB2	3	3	0	1
SH3KBP1	3	2	1	0.6666666666666666
SH3PXD2A	3	1	2	0.6666666666666666
SH3PXD2A-AS1	1	1	0	1
SH3PXD2B	3	2	1	0.6666666666666666
SH3RF1	3	2	1	0.6666666666666666
SH3RF2	3	1	2	0.6666666666666666
SH3RF3	3	3	0	1
SH3RF3-AS1	1	1	0	1
SH3TC1	3	2	1	0.6666666666666666
SH3TC2	3	2	1	0.6666666666666666
SH3TC2-DT	1	0	1	1
SH3YL1	3	2	1	0.6666666666666666
SHANK1	2	1	1	0.5
SHANK2	3	3	0	1
SHANK3	3	1	2	0.6666666666666666
SHARPIN	3	1	2	0.6666666666666666
SHB	3	3	0	1
SHBG	3	2	1	0.6666666666666666
SHC1	3	0	3	1
SHC2	1	0	1	1
SHC3	3	2	1	0.6666666666666666
SHC4	3	2	1	0.6666666666666666
SHCBP1	3	1	2	0.6666666666666666
SHCBP1L	1	0	1	1
SHD	1	0	1	1
SHE	1	1	0	1
SHF	3	1	2	0.6666666666666666
SHFL	1	1	0	1
SHFM1	1	0	1	1
SHH	3	2	1	0.6666666666666666
SHISA2	3	1	2	0.6666666666666666
SHISA3	3	0	3	1
SHISA4	3	1	2	0.6666666666666666
SHISA5	3	2	1	0.6666666666666666
SHISA7	1	0	1	1
SHISA8	1	0	1	1
SHISA9	3	2	1	0.6666666666666666
SHKBP1	3	2	1	0.6666666666666666
SHLD1	1	0	1	1
SHLD2	1	0	1	1
SHLD2P3	1	0	1	1
SHLD3	1	1	0	1
SHMT1	3	2	1	0.6666666666666666
SHMT2	3	2	1	0.6666666666666666
SHOC2	3	0	3	1
SHOX2	3	1	2	0.6666666666666666
SHPK	3	2	1	0.6666666666666666
SHPRH	3	1	2	0.6666666666666666
SHQ1	3	2	1	0.6666666666666666
SHROOM1	3	2	1	0.6666666666666666
SHROOM2	3	2	1	0.6666666666666666
SHROOM3	3	1	2	0.6666666666666666
SHROOM4	2	0	2	1
SHTN1	2	1	1	0.5
SI	1	0	1	1
SIAE	3	0	3	1
SIAH1	3	0	3	1
SIAH2	3	1	2	0.6666666666666666
SIAH3	3	0	3	1
SIDT1	1	0	1	1
SIDT2	3	1	2	0.6666666666666666
SIGIRR	3	1	2	0.6666666666666666
SIGLEC1	1	0	1	1
SIGLEC10	3	2	1	0.6666666666666666
SIGLEC11	1	0	1	1
SIGLEC14	1	1	0	1
SIGLEC15	3	2	1	0.6666666666666666
SIGLEC5	1	1	0	1
SIGLEC6	1	0	1	1
SIGLECL1	1	1	0	1
SIGMAR1	3	1	2	0.6666666666666666
SIK1	3	2	1	0.6666666666666666
SIK2	3	1	2	0.6666666666666666
SIK3	3	1	2	0.6666666666666666
SIKE1	3	1	2	0.6666666666666666
SIL1	3	1	2	0.6666666666666666
SIM1	2	0	2	1
SIM2	3	3	0	1
SIMC1	3	1	2	0.6666666666666666
SIN3A	3	2	1	0.6666666666666666
SIN3B	3	3	0	1
SINHCAF	1	0	1	1
SIPA1	3	3	0	1
SIPA1L1	3	2	1	0.6666666666666666
SIPA1L2	3	2	1	0.6666666666666666
SIPA1L3	3	2	1	0.6666666666666666
SIRPA	3	2	1	0.6666666666666666
SIRPB1	3	1	2	0.6666666666666666
SIRPB2	2	2	0	1
SIRPD	2	1	1	0.5
SIRPG	3	1	2	0.6666666666666666
SIRT1	3	1	2	0.6666666666666666
SIRT2	3	1	2	0.6666666666666666
SIRT3	3	2	1	0.6666666666666666
SIRT4	3	1	2	0.6666666666666666
SIRT5	3	3	0	1
SIRT6	3	2	1	0.6666666666666666
SIRT7	3	2	1	0.6666666666666666
SIT1	1	1	0	1
SIVA1	3	2	1	0.6666666666666666
SIX1	3	1	2	0.6666666666666666
SIX2	3	0	3	1
SIX3	1	0	1	1
SIX4	3	1	2	0.6666666666666666
SIX5	3	1	2	0.6666666666666666
SIX6	1	0	1	1
SKA1	3	1	2	0.6666666666666666
SKA2	3	2	1	0.6666666666666666
SKA3	3	2	1	0.6666666666666666
SKAP1	2	0	2	1
SKAP2	3	1	2	0.6666666666666666
SKI	3	1	2	0.6666666666666666
SKIDA1	3	1	2	0.6666666666666666
SKIL	3	0	3	1
SKIV2L	3	2	1	0.6666666666666666
SKIV2L2	2	0	2	1
SKOR1	1	1	0	1
SKP1	3	2	1	0.6666666666666666
SKP2	3	2	1	0.6666666666666666
SLA	1	0	1	1
SLA2	2	0	2	1
SLAIN1	3	1	2	0.6666666666666666
SLAIN2	3	2	1	0.6666666666666666
SLAMF7	2	2	0	1
SLAMF8	3	2	1	0.6666666666666666
SLAMF9	2	1	1	0.5
SLBP	3	1	2	0.6666666666666666
SLC10A1	1	0	1	1
SLC10A2	1	1	0	1
SLC10A3	3	2	1	0.6666666666666666
SLC10A4	2	1	1	0.5
SLC10A5	3	2	1	0.6666666666666666
SLC10A6	1	0	1	1
SLC10A7	3	2	1	0.6666666666666666
SLC11A1	1	0	1	1
SLC11A2	3	0	3	1
SLC12A1	1	0	1	1
SLC12A2	3	0	3	1
SLC12A3	1	0	1	1
SLC12A4	3	3	0	1
SLC12A5	2	1	1	0.5
SLC12A6	3	1	2	0.6666666666666666
SLC12A7	3	2	1	0.6666666666666666
SLC12A8	3	2	1	0.6666666666666666
SLC12A9	3	1	2	0.6666666666666666
SLC12A9-AS1	1	1	0	1
SLC13A2	1	0	1	1
SLC13A3	2	2	0	1
SLC13A4	2	1	1	0.5
SLC13A5	2	0	2	1
SLC14A1	1	1	0	1
SLC14A2	3	1	2	0.6666666666666666
SLC15A1	3	2	1	0.6666666666666666
SLC15A2	3	1	2	0.6666666666666666
SLC15A3	2	0	2	1
SLC15A4	3	2	1	0.6666666666666666
SLC15A5	1	1	0	1
SLC16A1	3	1	2	0.6666666666666666
SLC16A1-AS1	1	0	1	1
SLC16A10	3	0	3	1
SLC16A11	2	1	1	0.5
SLC16A12	2	2	0	1
SLC16A13	3	1	2	0.6666666666666666
SLC16A14	3	1	2	0.6666666666666666
SLC16A2	3	2	1	0.6666666666666666
SLC16A3	3	2	1	0.6666666666666666
SLC16A4	3	0	3	1
SLC16A5	3	2	1	0.6666666666666666
SLC16A6	3	1	2	0.6666666666666666
SLC16A7	3	2	1	0.6666666666666666
SLC16A8	2	1	1	0.5
SLC16A9	3	1	2	0.6666666666666666
SLC17A5	3	1	2	0.6666666666666666
SLC17A6	1	0	1	1
SLC17A7	1	0	1	1
SLC17A8	1	0	1	1
SLC17A9	1	0	1	1
SLC18A2	2	1	1	0.5
SLC18A3	1	0	1	1
SLC18B1	3	0	3	1
SLC19A1	3	1	2	0.6666666666666666
SLC19A2	3	1	2	0.6666666666666666
SLC19A3	2	1	1	0.5
SLC1A1	3	0	3	1
SLC1A2	1	1	0	1
SLC1A3	3	2	1	0.6666666666666666
SLC1A4	3	0	3	1
SLC1A5	3	1	2	0.6666666666666666
SLC1A7	1	0	1	1
SLC20A1	3	3	0	1
SLC20A2	3	1	2	0.6666666666666666
SLC22A1	3	1	2	0.6666666666666666
SLC22A11	1	0	1	1
SLC22A12	1	0	1	1
SLC22A13	2	1	1	0.5
SLC22A14	1	1	0	1
SLC22A15	3	1	2	0.6666666666666666
SLC22A17	3	2	1	0.6666666666666666
SLC22A18	3	2	1	0.6666666666666666
SLC22A18AS	2	2	0	1
SLC22A2	1	1	0	1
SLC22A20	1	1	0	1
SLC22A20P	1	0	1	1
SLC22A23	3	1	2	0.6666666666666666
SLC22A3	3	1	2	0.6666666666666666
SLC22A31	3	1	2	0.6666666666666666
SLC22A4	3	3	0	1
SLC22A5	3	3	0	1
SLC22A8	1	1	0	1
SLC22A9	1	1	0	1
SLC23A1	3	1	2	0.6666666666666666
SLC23A2	3	1	2	0.6666666666666666
SLC23A3	3	2	1	0.6666666666666666
SLC24A1	3	2	1	0.6666666666666666
SLC24A2	1	1	0	1
SLC24A3	1	1	0	1
SLC24A4	1	0	1	1
SLC24A5	2	1	1	0.5
SLC25A1	3	2	1	0.6666666666666666
SLC25A10	3	2	1	0.6666666666666666
SLC25A11	3	1	2	0.6666666666666666
SLC25A12	3	1	2	0.6666666666666666
SLC25A13	3	0	3	1
SLC25A14	3	1	2	0.6666666666666666
SLC25A15	3	1	2	0.6666666666666666
SLC25A16	3	2	1	0.6666666666666666
SLC25A17	3	0	3	1
SLC25A18	3	2	1	0.6666666666666666
SLC25A19	3	1	2	0.6666666666666666
SLC25A2	1	1	0	1
SLC25A20	3	2	1	0.6666666666666666
SLC25A21	3	0	3	1
SLC25A21-AS1	2	0	2	1
SLC25A22	3	1	2	0.6666666666666666
SLC25A23	3	1	2	0.6666666666666666
SLC25A24	3	2	1	0.6666666666666666
SLC25A25	3	1	2	0.6666666666666666
SLC25A25-AS1	1	1	0	1
SLC25A26	3	2	1	0.6666666666666666
SLC25A27	3	2	1	0.6666666666666666
SLC25A28	3	3	0	1
SLC25A29	3	1	2	0.6666666666666666
SLC25A3	3	1	2	0.6666666666666666
SLC25A30	3	1	2	0.6666666666666666
SLC25A31	1	1	0	1
SLC25A32	3	1	2	0.6666666666666666
SLC25A33	3	1	2	0.6666666666666666
SLC25A34	3	0	3	1
SLC25A35	3	2	1	0.6666666666666666
SLC25A36	3	1	2	0.6666666666666666
SLC25A37	3	1	2	0.6666666666666666
SLC25A38	3	0	3	1
SLC25A39	3	2	1	0.6666666666666666
SLC25A4	3	2	1	0.6666666666666666
SLC25A40	3	0	3	1
SLC25A41	2	0	2	1
SLC25A42	3	3	0	1
SLC25A43	3	1	2	0.6666666666666666
SLC25A44	3	1	2	0.6666666666666666
SLC25A45	3	2	1	0.6666666666666666
SLC25A46	3	1	2	0.6666666666666666
SLC25A47	1	0	1	1
SLC25A48	1	1	0	1
SLC25A5	3	1	2	0.6666666666666666
SLC25A5-AS1	1	1	0	1
SLC25A51	3	1	2	0.6666666666666666
SLC25A52	1	0	1	1
SLC25A53	3	2	1	0.6666666666666666
SLC25A6	3	1	2	0.6666666666666666
SLC26A1	3	1	2	0.6666666666666666
SLC26A10	2	0	2	1
SLC26A11	3	1	2	0.6666666666666666
SLC26A2	3	2	1	0.6666666666666666
SLC26A3	1	1	0	1
SLC26A4	3	2	1	0.6666666666666666
SLC26A5	2	1	1	0.5
SLC26A6	3	2	1	0.6666666666666666
SLC26A7	3	3	0	1
SLC26A8	1	1	0	1
SLC26A9	2	0	2	1
SLC27A1	3	2	1	0.6666666666666666
SLC27A2	3	1	2	0.6666666666666666
SLC27A3	3	1	2	0.6666666666666666
SLC27A4	3	2	1	0.6666666666666666
SLC27A5	3	1	2	0.6666666666666666
SLC27A6	3	1	2	0.6666666666666666
SLC28A1	2	1	1	0.5
SLC28A2	1	1	0	1
SLC28A3	3	2	1	0.6666666666666666
SLC29A1	3	1	2	0.6666666666666666
SLC29A2	3	0	3	1
SLC29A3	3	2	1	0.6666666666666666
SLC29A4	3	2	1	0.6666666666666666
SLC2A1	3	2	1	0.6666666666666666
SLC2A1-AS1	1	1	0	1
SLC2A10	3	3	0	1
SLC2A11	3	1	2	0.6666666666666666
SLC2A12	3	2	1	0.6666666666666666
SLC2A13	3	0	3	1
SLC2A14	3	1	2	0.6666666666666666
SLC2A2	1	0	1	1
SLC2A3	2	0	2	1
SLC2A4	3	3	0	1
SLC2A4RG	3	2	1	0.6666666666666666
SLC2A5	2	1	1	0.5
SLC2A6	3	2	1	0.6666666666666666
SLC2A7	1	0	1	1
SLC2A8	3	2	1	0.6666666666666666
SLC2A9	3	2	1	0.6666666666666666
SLC30A1	3	2	1	0.6666666666666666
SLC30A10	1	0	1	1
SLC30A2	1	0	1	1
SLC30A3	1	0	1	1
SLC30A4	3	2	1	0.6666666666666666
SLC30A5	3	0	3	1
SLC30A6	3	0	3	1
SLC30A7	3	0	3	1
SLC30A8	1	0	1	1
SLC30A9	3	1	2	0.6666666666666666
SLC31A1	3	1	2	0.6666666666666666
SLC31A2	2	2	0	1
SLC32A1	1	0	1	1
SLC33A1	3	0	3	1
SLC34A1	2	2	0	1
SLC34A2	3	1	2	0.6666666666666666
SLC34A3	2	1	1	0.5
SLC35A1	3	0	3	1
SLC35A2	3	2	1	0.6666666666666666
SLC35A3	3	0	3	1
SLC35A4	3	3	0	1
SLC35A5	3	2	1	0.6666666666666666
SLC35B1	3	0	3	1
SLC35B2	3	2	1	0.6666666666666666
SLC35B3	3	1	2	0.6666666666666666
SLC35B4	3	2	1	0.6666666666666666
SLC35C1	3	1	2	0.6666666666666666
SLC35C2	3	2	1	0.6666666666666666
SLC35D1	3	1	2	0.6666666666666666
SLC35D2	3	1	2	0.6666666666666666
SLC35D3	1	0	1	1
SLC35E1	3	1	2	0.6666666666666666
SLC35E2	2	2	0	1
SLC35E2A	1	1	0	1
SLC35E2B	3	2	1	0.6666666666666666
SLC35E3	3	1	2	0.6666666666666666
SLC35E4	3	2	1	0.6666666666666666
SLC35F1	3	1	2	0.6666666666666666
SLC35F2	3	1	2	0.6666666666666666
SLC35F3	3	3	0	1
SLC35F4	1	1	0	1
SLC35F5	3	1	2	0.6666666666666666
SLC35F6	3	2	1	0.6666666666666666
SLC35G1	3	0	3	1
SLC35G2	3	1	2	0.6666666666666666
SLC35G5	1	0	1	1
SLC35G6	1	0	1	1
SLC36A1	3	2	1	0.6666666666666666
SLC36A2	1	0	1	1
SLC36A3	1	1	0	1
SLC36A4	3	2	1	0.6666666666666666
SLC37A1	3	2	1	0.6666666666666666
SLC37A2	3	3	0	1
SLC37A3	3	1	2	0.6666666666666666
SLC37A4	3	0	3	1
SLC38A1	3	0	3	1
SLC38A10	3	2	1	0.6666666666666666
SLC38A11	1	0	1	1
SLC38A2	3	0	3	1
SLC38A3	2	1	1	0.5
SLC38A4	3	1	2	0.6666666666666666
SLC38A5	3	1	2	0.6666666666666666
SLC38A6	3	1	2	0.6666666666666666
SLC38A7	3	1	2	0.6666666666666666
SLC38A8	1	0	1	1
SLC38A9	3	1	2	0.6666666666666666
SLC39A1	3	0	3	1
SLC39A10	3	0	3	1
SLC39A11	3	1	2	0.6666666666666666
SLC39A12	1	0	1	1
SLC39A13	3	3	0	1
SLC39A14	3	2	1	0.6666666666666666
SLC39A2	1	1	0	1
SLC39A3	3	1	2	0.6666666666666666
SLC39A4	3	2	1	0.6666666666666666
SLC39A5	2	1	1	0.5
SLC39A6	3	1	2	0.6666666666666666
SLC39A7	3	0	3	1
SLC39A8	3	0	3	1
SLC39A9	3	1	2	0.6666666666666666
SLC3A1	2	0	2	1
SLC3A2	3	2	1	0.6666666666666666
SLC40A1	3	0	3	1
SLC41A1	3	2	1	0.6666666666666666
SLC41A2	3	1	2	0.6666666666666666
SLC41A3	3	2	1	0.6666666666666666
SLC43A1	3	0	3	1
SLC43A2	3	1	2	0.6666666666666666
SLC43A3	3	2	1	0.6666666666666666
SLC44A1	3	0	3	1
SLC44A2	3	1	2	0.6666666666666666
SLC44A3	3	2	1	0.6666666666666666
SLC44A3-AS1	1	0	1	1
SLC44A4	2	0	2	1
SLC44A5	3	2	1	0.6666666666666666
SLC45A1	2	0	2	1
SLC45A2	1	1	0	1
SLC45A3	3	0	3	1
SLC45A4	3	1	2	0.6666666666666666
SLC46A1	3	3	0	1
SLC46A2	2	2	0	1
SLC46A3	3	2	1	0.6666666666666666
SLC47A1	3	1	2	0.6666666666666666
SLC47A2	1	1	0	1
SLC48A1	3	1	2	0.6666666666666666
SLC49A4	1	0	1	1
SLC4A1	1	0	1	1
SLC4A10	1	0	1	1
SLC4A11	3	1	2	0.6666666666666666
SLC4A1AP	3	1	2	0.6666666666666666
SLC4A2	3	2	1	0.6666666666666666
SLC4A3	3	1	2	0.6666666666666666
SLC4A4	3	2	1	0.6666666666666666
SLC4A5	3	0	3	1
SLC4A7	3	1	2	0.6666666666666666
SLC4A8	3	1	2	0.6666666666666666
SLC4A9	1	0	1	1
SLC50A1	3	1	2	0.6666666666666666
SLC51A	3	2	1	0.6666666666666666
SLC51B	1	0	1	1
SLC52A1	1	1	0	1
SLC52A2	3	1	2	0.6666666666666666
SLC52A3	3	2	1	0.6666666666666666
SLC5A1	1	0	1	1
SLC5A10	2	1	1	0.5
SLC5A11	1	0	1	1
SLC5A12	1	0	1	1
SLC5A2	2	0	2	1
SLC5A3	3	0	3	1
SLC5A4	2	0	2	1
SLC5A4-AS1	1	1	0	1
SLC5A5	1	1	0	1
SLC5A6	3	1	2	0.6666666666666666
SLC5A8	1	0	1	1
SLC5A9	1	1	0	1
SLC66A1	1	1	0	1
SLC66A1L	1	0	1	1
SLC66A2	1	1	0	1
SLC66A3	1	1	0	1
SLC6A1	1	1	0	1
SLC6A11	3	2	1	0.6666666666666666
SLC6A12	2	1	1	0.5
SLC6A13	1	0	1	1
SLC6A14	1	1	0	1
SLC6A15	3	0	3	1
SLC6A16	3	2	1	0.6666666666666666
SLC6A17	3	1	2	0.6666666666666666
SLC6A18	1	0	1	1
SLC6A19	1	0	1	1
SLC6A2	1	1	0	1
SLC6A20	2	2	0	1
SLC6A3	1	0	1	1
SLC6A4	2	1	1	0.5
SLC6A5	1	1	0	1
SLC6A6	3	2	1	0.6666666666666666
SLC6A7	2	1	1	0.5
SLC6A8	3	1	2	0.6666666666666666
SLC6A9	3	1	2	0.6666666666666666
SLC7A1	3	1	2	0.6666666666666666
SLC7A10	1	1	0	1
SLC7A11	3	3	0	1
SLC7A11-AS1	1	0	1	1
SLC7A14	1	0	1	1
SLC7A2	3	0	3	1
SLC7A3	1	0	1	1
SLC7A4	1	1	0	1
SLC7A5	3	2	1	0.6666666666666666
SLC7A5P2	1	1	0	1
SLC7A6	3	3	0	1
SLC7A6OS	3	3	0	1
SLC7A7	3	0	3	1
SLC7A8	3	2	1	0.6666666666666666
SLC7A9	1	1	0	1
SLC8A1	3	1	2	0.6666666666666666
SLC8A2	1	0	1	1
SLC8A3	1	0	1	1
SLC8B1	3	0	3	1
SLC9A1	3	3	0	1
SLC9A2	3	0	3	1
SLC9A3	3	3	0	1
SLC9A3-AS1	1	1	0	1
SLC9A3R1	3	2	1	0.6666666666666666
SLC9A3R2	3	2	1	0.6666666666666666
SLC9A4	2	1	1	0.5
SLC9A5	3	1	2	0.6666666666666666
SLC9A6	3	0	3	1
SLC9A7	3	2	1	0.6666666666666666
SLC9A7P1	1	0	1	1
SLC9A8	3	2	1	0.6666666666666666
SLC9A9	3	1	2	0.6666666666666666
SLC9B1	3	1	2	0.6666666666666666
SLC9B2	3	0	3	1
SLC9C1	1	1	0	1
SLC9C2	2	0	2	1
SLCO1A2	1	1	0	1
SLCO1B1	1	1	0	1
SLCO1B3	2	1	1	0.5
SLCO1B7	1	1	0	1
SLCO1C1	1	1	0	1
SLCO2A1	3	0	3	1
SLCO2B1	1	0	1	1
SLCO3A1	3	1	2	0.6666666666666666
SLCO4A1	3	2	1	0.6666666666666666
SLCO4A1-AS1	1	1	0	1
SLCO4C1	3	1	2	0.6666666666666666
SLCO5A1	3	1	2	0.6666666666666666
SLCO6A1	1	1	0	1
SLF1	2	1	1	0.5
SLF2	2	2	0	1
SLFN11	3	2	1	0.6666666666666666
SLFN12	3	3	0	1
SLFN13	3	3	0	1
SLFN14	1	1	0	1
SLFN5	3	2	1	0.6666666666666666
SLFNL1	2	0	2	1
SLFNL1-AS1	1	1	0	1
SLIRP	3	2	1	0.6666666666666666
SLIT1	3	2	1	0.6666666666666666
SLIT2	3	1	2	0.6666666666666666
SLIT3	3	2	1	0.6666666666666666
SLITRK1	1	0	1	1
SLITRK2	1	0	1	1
SLITRK3	1	1	0	1
SLITRK4	2	0	2	1
SLITRK5	3	1	2	0.6666666666666666
SLITRK6	1	0	1	1
SLK	3	1	2	0.6666666666666666
SLMAP	3	2	1	0.6666666666666666
SLMO1	1	0	1	1
SLMO2	1	0	1	1
SLN	1	1	0	1
SLPI	3	1	2	0.6666666666666666
SLTM	3	0	3	1
SLU7	3	1	2	0.6666666666666666
SLURP1	1	1	0	1
SLX1A	3	2	1	0.6666666666666666
SLX1B	2	1	1	0.5
SLX4	3	2	1	0.6666666666666666
SLX4IP	3	3	0	1
SMAD1	3	1	2	0.6666666666666666
SMAD2	3	2	1	0.6666666666666666
SMAD3	3	2	1	0.6666666666666666
SMAD4	3	1	2	0.6666666666666666
SMAD5	3	3	0	1
SMAD6	3	1	2	0.6666666666666666
SMAD7	3	2	1	0.6666666666666666
SMAD9	3	1	2	0.6666666666666666
SMAGP	3	0	3	1
SMAP1	3	1	2	0.6666666666666666
SMAP2	3	1	2	0.6666666666666666
SMARCA1	3	2	1	0.6666666666666666
SMARCA2	3	2	1	0.6666666666666666
SMARCA4	3	2	1	0.6666666666666666
SMARCA5	3	1	2	0.6666666666666666
SMARCA5-AS1	1	1	0	1
SMARCAD1	3	3	0	1
SMARCAL1	3	1	2	0.6666666666666666
SMARCB1	3	3	0	1
SMARCC1	3	2	1	0.6666666666666666
SMARCC2	3	1	2	0.6666666666666666
SMARCD1	3	1	2	0.6666666666666666
SMARCD2	3	1	2	0.6666666666666666
SMARCD3	3	1	2	0.6666666666666666
SMARCE1	3	2	1	0.6666666666666666
SMC1A	3	3	0	1
SMC1B	3	2	1	0.6666666666666666
SMC2	3	2	1	0.6666666666666666
SMC3	3	1	2	0.6666666666666666
SMC4	3	2	1	0.6666666666666666
SMC5	3	1	2	0.6666666666666666
SMC5-AS1	1	1	0	1
SMC6	3	0	3	1
SMCHD1	3	0	3	1
SMCO1	1	1	0	1
SMCO2	3	2	1	0.6666666666666666
SMCO3	1	1	0	1
SMCO4	3	0	3	1
SMCR8	3	2	1	0.6666666666666666
SMDT1	3	1	2	0.6666666666666666
SMEK1	1	0	1	1
SMEK2	1	1	0	1
SMG1	3	2	1	0.6666666666666666
SMG1P1	1	1	0	1
SMG1P2	1	1	0	1
SMG1P3	1	1	0	1
SMG1P5	1	0	1	1
SMG1P6	1	1	0	1
SMG1P7	1	0	1	1
SMG5	3	1	2	0.6666666666666666
SMG6	3	2	1	0.6666666666666666
SMG7	3	2	1	0.6666666666666666
SMG7-AS1	1	1	0	1
SMG8	3	3	0	1
SMG9	3	1	2	0.6666666666666666
SMIM1	3	2	1	0.6666666666666666
SMIM10	2	0	2	1
SMIM10L1	2	0	2	1
SMIM10L2A	1	0	1	1
SMIM10L2B	1	1	0	1
SMIM11	1	0	1	1
SMIM11A	2	1	1	0.5
SMIM12	3	2	1	0.6666666666666666
SMIM13	3	1	2	0.6666666666666666
SMIM14	3	1	2	0.6666666666666666
SMIM15	3	0	3	1
SMIM17	1	0	1	1
SMIM18	1	0	1	1
SMIM19	3	1	2	0.6666666666666666
SMIM2	2	2	0	1
SMIM2-AS1	1	0	1	1
SMIM20	3	1	2	0.6666666666666666
SMIM22	3	2	1	0.6666666666666666
SMIM24	2	0	2	1
SMIM26	1	0	1	1
SMIM27	1	1	0	1
SMIM29	1	1	0	1
SMIM3	3	1	2	0.6666666666666666
SMIM30	1	0	1	1
SMIM38	1	0	1	1
SMIM4	3	3	0	1
SMIM5	3	2	1	0.6666666666666666
SMIM6	2	1	1	0.5
SMIM7	3	0	3	1
SMIM8	3	1	2	0.6666666666666666
SMKR1	3	2	1	0.6666666666666666
SMLR1	1	1	0	1
SMN1	3	0	3	1
SMN2	3	2	1	0.6666666666666666
SMNDC1	3	2	1	0.6666666666666666
SMO	3	1	2	0.6666666666666666
SMOC1	2	2	0	1
SMOC2	2	2	0	1
SMOX	3	0	3	1
SMPD1	3	2	1	0.6666666666666666
SMPD2	3	1	2	0.6666666666666666
SMPD3	3	2	1	0.6666666666666666
SMPD4	3	2	1	0.6666666666666666
SMPDL3A	3	0	3	1
SMPDL3B	3	0	3	1
SMPX	1	1	0	1
SMR3B	1	0	1	1
SMS	3	2	1	0.6666666666666666
SMTN	3	3	0	1
SMTNL1	2	1	1	0.5
SMTNL2	1	1	0	1
SMU1	3	2	1	0.6666666666666666
SMUG1	3	0	3	1
SMURF1	3	1	2	0.6666666666666666
SMURF2	3	2	1	0.6666666666666666
SMURF2P1-LRRC37BP1	1	0	1	1
SMYD1	1	0	1	1
SMYD2	3	3	0	1
SMYD3	3	1	2	0.6666666666666666
SMYD4	3	2	1	0.6666666666666666
SMYD5	3	2	1	0.6666666666666666
SNAI1	3	1	2	0.6666666666666666
SNAI2	3	3	0	1
SNAI3	3	2	1	0.6666666666666666
SNAI3-AS1	1	0	1	1
SNAP23	3	1	2	0.6666666666666666
SNAP25	2	2	0	1
SNAP29	3	2	1	0.6666666666666666
SNAP47	3	3	0	1
SNAP91	3	1	2	0.6666666666666666
SNAPC1	3	2	1	0.6666666666666666
SNAPC2	3	1	2	0.6666666666666666
SNAPC3	3	2	1	0.6666666666666666
SNAPC4	3	3	0	1
SNAPC5	3	2	1	0.6666666666666666
SNAPIN	3	1	2	0.6666666666666666
SNCA	2	1	1	0.5
SNCAIP	1	1	0	1
SNCB	2	0	2	1
SNCG	2	1	1	0.5
SND1	3	3	0	1
SNED1	3	1	2	0.6666666666666666
SNF8	3	3	0	1
SNHG1	1	0	1	1
SNHG10	1	1	0	1
SNHG11	1	0	1	1
SNHG12	1	0	1	1
SNHG14	1	1	0	1
SNHG15	1	0	1	1
SNHG16	1	1	0	1
SNHG17	1	1	0	1
SNHG19	1	1	0	1
SNHG20	1	0	1	1
SNHG21	1	0	1	1
SNHG22	1	0	1	1
SNHG25	1	1	0	1
SNHG26	1	0	1	1
SNHG28	1	0	1	1
SNHG29	1	1	0	1
SNHG3	1	1	0	1
SNHG30	1	1	0	1
SNHG31	1	1	0	1
SNHG32	1	0	1	1
SNHG4	1	1	0	1
SNHG5	1	1	0	1
SNHG6	1	1	0	1
SNHG7	1	1	0	1
SNHG8	1	1	0	1
SNHG9	1	1	0	1
SNIP1	3	2	1	0.6666666666666666
SNN	3	3	0	1
SNORA1	1	0	1	1
SNORA10	1	0	1	1
SNORA103	1	0	1	1
SNORA104	1	0	1	1
SNORA11F	1	1	0	1
SNORA14B	1	0	1	1
SNORA16A	1	1	0	1
SNORA18	1	0	1	1
SNORA20	1	0	1	1
SNORA21	1	1	0	1
SNORA24	1	0	1	1
SNORA25	1	0	1	1
SNORA26	1	0	1	1
SNORA27	1	1	0	1
SNORA32	1	0	1	1
SNORA33	1	1	0	1
SNORA3A	1	1	0	1
SNORA3B	1	0	1	1
SNORA4	1	0	1	1
SNORA40	1	0	1	1
SNORA41	1	1	0	1
SNORA48	1	0	1	1
SNORA51	1	0	1	1
SNORA53	1	0	1	1
SNORA55	1	1	0	1
SNORA57	1	1	0	1
SNORA58B	1	0	1	1
SNORA5A	1	0	1	1
SNORA6	1	1	0	1
SNORA60	1	0	1	1
SNORA62	1	0	1	1
SNORA63	1	0	1	1
SNORA63B	1	0	1	1
SNORA64	1	1	0	1
SNORA65	1	1	0	1
SNORA66	1	0	1	1
SNORA67	1	1	0	1
SNORA68	1	1	0	1
SNORA69	1	1	0	1
SNORA70	1	1	0	1
SNORA71A	1	1	0	1
SNORA71B	1	1	0	1
SNORA71C	1	0	1	1
SNORA72	1	1	0	1
SNORA73A	1	1	0	1
SNORA73B	1	0	1	1
SNORA77B	1	1	0	1
SNORA8	1	0	1	1
SNORA81	1	0	1	1
SNORA9	1	0	1	1
SNORA92	1	0	1	1
SNORC	1	0	1	1
SNORD10	1	1	0	1
SNORD100	1	1	0	1
SNORD101	1	0	1	1
SNORD102	1	0	1	1
SNORD104	1	1	0	1
SNORD109A	1	1	0	1
SNORD11	1	0	1	1
SNORD110	1	0	1	1
SNORD116-21	1	0	1	1
SNORD116-24	1	1	0	1
SNORD12	1	0	1	1
SNORD12B	1	0	1	1
SNORD133	1	0	1	1
SNORD135	1	1	0	1
SNORD139	1	1	0	1
SNORD140	1	1	0	1
SNORD141A	1	0	1	1
SNORD141B	1	1	0	1
SNORD143	1	0	1	1
SNORD144	1	0	1	1
SNORD14A	1	1	0	1
SNORD14B	1	0	1	1
SNORD14C	1	1	0	1
SNORD14D	1	0	1	1
SNORD14E	1	1	0	1
SNORD159	1	1	0	1
SNORD15A	1	0	1	1
SNORD15B	1	1	0	1
SNORD16	1	0	1	1
SNORD17	1	0	1	1
SNORD18A	1	0	1	1
SNORD18C	1	0	1	1
SNORD19	1	1	0	1
SNORD19B	1	0	1	1
SNORD19C	1	1	0	1
SNORD1C	1	0	1	1
SNORD2	1	0	1	1
SNORD20	1	0	1	1
SNORD21	1	0	1	1
SNORD22	1	0	1	1
SNORD24	1	0	1	1
SNORD26	1	0	1	1
SNORD27	1	0	1	1
SNORD28	1	0	1	1
SNORD29	1	0	1	1
SNORD30	1	0	1	1
SNORD31	1	0	1	1
SNORD32A	1	0	1	1
SNORD34	1	0	1	1
SNORD35A	1	0	1	1
SNORD35B	1	1	0	1
SNORD36A	1	0	1	1
SNORD36B	1	1	0	1
SNORD36C	1	1	0	1
SNORD38A	1	0	1	1
SNORD38B	1	0	1	1
SNORD3K	1	0	1	1
SNORD43	1	0	1	1
SNORD44	1	0	1	1
SNORD45A	1	1	0	1
SNORD45B	1	1	0	1
SNORD45C	1	1	0	1
SNORD46	1	0	1	1
SNORD47	1	0	1	1
SNORD48	1	1	0	1
SNORD49A	1	1	0	1
SNORD49B	1	1	0	1
SNORD4A	1	0	1	1
SNORD4B	1	1	0	1
SNORD5	1	0	1	1
SNORD50B	1	1	0	1
SNORD52	1	1	0	1
SNORD54	1	0	1	1
SNORD56	1	0	1	1
SNORD57	1	1	0	1
SNORD58A	1	0	1	1
SNORD58C	1	0	1	1
SNORD59A	1	1	0	1
SNORD6	1	0	1	1
SNORD60	1	1	0	1
SNORD62B	1	0	1	1
SNORD63B	1	1	0	1
SNORD65	1	1	0	1
SNORD68	1	1	0	1
SNORD69	1	1	0	1
SNORD70B	1	0	1	1
SNORD74	1	0	1	1
SNORD75	1	0	1	1
SNORD76	1	0	1	1
SNORD77	1	0	1	1
SNORD78	1	0	1	1
SNORD79	1	0	1	1
SNORD80	1	0	1	1
SNORD81	1	0	1	1
SNORD83A	1	0	1	1
SNORD83B	1	1	0	1
SNORD84	1	1	0	1
SNORD87	1	0	1	1
SNORD88B	1	1	0	1
SNORD88C	1	1	0	1
SNORD89	1	1	0	1
SNORD94	1	0	1	1
SNORD96A	1	1	0	1
SNORD99	1	0	1	1
SNPH	3	1	2	0.6666666666666666
SNRK	3	0	3	1
SNRNP200	3	2	1	0.6666666666666666
SNRNP25	3	1	2	0.6666666666666666
SNRNP27	3	1	2	0.6666666666666666
SNRNP35	3	2	1	0.6666666666666666
SNRNP40	3	1	2	0.6666666666666666
SNRNP48	3	1	2	0.6666666666666666
SNRNP70	3	2	1	0.6666666666666666
SNRPA	3	1	2	0.6666666666666666
SNRPA1	3	2	1	0.6666666666666666
SNRPB	3	2	1	0.6666666666666666
SNRPB2	3	0	3	1
SNRPC	3	2	1	0.6666666666666666
SNRPD1	3	1	2	0.6666666666666666
SNRPD2	3	1	2	0.6666666666666666
SNRPD3	3	1	2	0.6666666666666666
SNRPE	3	1	2	0.6666666666666666
SNRPF	3	1	2	0.6666666666666666
SNRPG	3	1	2	0.6666666666666666
SNRPN	2	1	1	0.5
SNTA1	3	1	2	0.6666666666666666
SNTB1	3	1	2	0.6666666666666666
SNTB2	3	2	1	0.6666666666666666
SNTG2	1	0	1	1
SNTG2-AS1	1	1	0	1
SNU13	2	1	1	0.5
SNUPN	3	2	1	0.6666666666666666
SNURF	2	2	0	1
SNW1	3	2	1	0.6666666666666666
SNX1	3	3	0	1
SNX10	3	3	0	1
SNX11	3	0	3	1
SNX12	3	2	1	0.6666666666666666
SNX13	2	2	0	1
SNX14	3	1	2	0.6666666666666666
SNX15	2	1	1	0.5
SNX16	3	1	2	0.6666666666666666
SNX17	3	3	0	1
SNX18	3	2	1	0.6666666666666666
SNX19	3	1	2	0.6666666666666666
SNX2	3	2	1	0.6666666666666666
SNX20	1	0	1	1
SNX21	3	1	2	0.6666666666666666
SNX22	3	0	3	1
SNX24	3	2	1	0.6666666666666666
SNX25	3	1	2	0.6666666666666666
SNX27	3	0	3	1
SNX29	3	3	0	1
SNX3	3	1	2	0.6666666666666666
SNX30	3	1	2	0.6666666666666666
SNX31	1	1	0	1
SNX32	3	2	1	0.6666666666666666
SNX33	3	3	0	1
SNX4	3	1	2	0.6666666666666666
SNX5	3	2	1	0.6666666666666666
SNX6	3	2	1	0.6666666666666666
SNX7	3	1	2	0.6666666666666666
SNX8	3	1	2	0.6666666666666666
SNX9	3	1	2	0.6666666666666666
SOAT1	3	1	2	0.6666666666666666
SOAT2	2	2	0	1
SOBP	2	0	2	1
SOCS1	2	2	0	1
SOCS2	3	1	2	0.6666666666666666
SOCS2-AS1	1	0	1	1
SOCS3	3	3	0	1
SOCS4	3	2	1	0.6666666666666666
SOCS5	3	0	3	1
SOCS6	3	0	3	1
SOCS7	3	2	1	0.6666666666666666
SOD1	3	2	1	0.6666666666666666
SOD2	3	1	2	0.6666666666666666
SOD2-OT1	1	1	0	1
SOD3	1	0	1	1
SOGA1	3	2	1	0.6666666666666666
SOGA2	1	1	0	1
SOGA3	3	2	1	0.6666666666666666
SOHLH1	1	0	1	1
SOHLH2	2	1	1	0.5
SON	3	2	1	0.6666666666666666
SORBS1	3	3	0	1
SORBS2	3	0	3	1
SORBS3	3	2	1	0.6666666666666666
SORCS1	1	1	0	1
SORCS2	3	2	1	0.6666666666666666
SORD	3	3	0	1
SORD2P	1	1	0	1
SORL1	3	1	2	0.6666666666666666
SORT1	3	0	3	1
SOS1	3	1	2	0.6666666666666666
SOS2	3	2	1	0.6666666666666666
SOST	1	1	0	1
SOSTDC1	1	0	1	1
SOWAHA	2	1	1	0.5
SOWAHB	3	2	1	0.6666666666666666
SOWAHC	3	0	3	1
SOWAHD	2	2	0	1
SOX10	2	0	2	1
SOX11	3	1	2	0.6666666666666666
SOX12	3	1	2	0.6666666666666666
SOX13	3	1	2	0.6666666666666666
SOX15	3	3	0	1
SOX17	2	1	1	0.5
SOX18	1	0	1	1
SOX2	2	2	0	1
SOX2-OT	1	1	0	1
SOX21	1	0	1	1
SOX3	1	0	1	1
SOX30	2	1	1	0.5
SOX4	3	1	2	0.6666666666666666
SOX5	2	1	1	0.5
SOX6	3	2	1	0.6666666666666666
SOX7	3	3	0	1
SOX8	1	0	1	1
SOX9	3	2	1	0.6666666666666666
SOX9-AS1	1	0	1	1
SP1	3	1	2	0.6666666666666666
SP100	3	2	1	0.6666666666666666
SP110	3	2	1	0.6666666666666666
SP140	2	0	2	1
SP140L	2	2	0	1
SP2	3	2	1	0.6666666666666666
SP2-AS1	1	1	0	1
SP3	3	0	3	1
SP4	3	1	2	0.6666666666666666
SP5	3	3	0	1
SP6	3	1	2	0.6666666666666666
SP7	1	0	1	1
SP8	3	2	1	0.6666666666666666
SP9	2	1	1	0.5
SPA17	3	1	2	0.6666666666666666
SPACA4	1	1	0	1
SPACA6	2	1	1	0.5
SPACA6P-AS	1	1	0	1
SPACA7	1	1	0	1
SPACA9	2	2	0	1
SPAG1	3	1	2	0.6666666666666666
SPAG11A	1	1	0	1
SPAG16	3	2	1	0.6666666666666666
SPAG17	3	2	1	0.6666666666666666
SPAG4	3	2	1	0.6666666666666666
SPAG5	3	2	1	0.6666666666666666
SPAG6	2	0	2	1
SPAG7	3	2	1	0.6666666666666666
SPAG8	3	2	1	0.6666666666666666
SPAG9	3	1	2	0.6666666666666666
SPANXA1	1	1	0	1
SPANXA2	1	0	1	1
SPANXC	1	1	0	1
SPANXD	1	0	1	1
SPANXN1	1	1	0	1
SPANXN3	1	0	1	1
SPANXN5	1	0	1	1
SPARC	3	1	2	0.6666666666666666
SPARCL1	2	0	2	1
SPART	1	0	1	1
SPART-AS1	1	1	0	1
SPAST	3	0	3	1
SPATA1	2	1	1	0.5
SPATA12	3	2	1	0.6666666666666666
SPATA13	3	1	2	0.6666666666666666
SPATA17	3	2	1	0.6666666666666666
SPATA18	1	1	0	1
SPATA19	1	0	1	1
SPATA2	3	2	1	0.6666666666666666
SPATA20	3	2	1	0.6666666666666666
SPATA21	2	1	1	0.5
SPATA22	2	2	0	1
SPATA24	3	1	2	0.6666666666666666
SPATA25	3	1	2	0.6666666666666666
SPATA2L	3	1	2	0.6666666666666666
SPATA31C2	1	0	1	1
SPATA32	3	2	1	0.6666666666666666
SPATA33	3	2	1	0.6666666666666666
SPATA4	1	1	0	1
SPATA41	1	0	1	1
SPATA45	1	0	1	1
SPATA46	1	1	0	1
SPATA5	3	1	2	0.6666666666666666
SPATA5L1	3	2	1	0.6666666666666666
SPATA6	3	1	2	0.6666666666666666
SPATA6L	3	1	2	0.6666666666666666
SPATA7	3	2	1	0.6666666666666666
SPATA9	3	0	3	1
SPATC1	1	0	1	1
SPATC1L	3	3	0	1
SPATS1	1	1	0	1
SPATS2	3	0	3	1
SPATS2L	3	2	1	0.6666666666666666
SPC24	3	2	1	0.6666666666666666
SPC25	3	2	1	0.6666666666666666
SPCS1	3	0	3	1
SPCS2	3	1	2	0.6666666666666666
SPCS3	3	2	1	0.6666666666666666
SPDEF	1	0	1	1
SPDL1	3	2	1	0.6666666666666666
SPDYA	3	1	2	0.6666666666666666
SPDYC	1	1	0	1
SPDYE1	3	1	2	0.6666666666666666
SPDYE18	1	0	1	1
SPDYE2	3	1	2	0.6666666666666666
SPDYE2B	2	1	1	0.5
SPDYE3	3	2	1	0.6666666666666666
SPDYE4	1	0	1	1
SPDYE5	2	0	2	1
SPDYE6	2	1	1	0.5
SPECC1	3	2	1	0.6666666666666666
SPECC1L	3	2	1	0.6666666666666666
SPECC1L-ADORA2A	1	1	0	1
SPEF1	2	1	1	0.5
SPEF2	3	0	3	1
SPEG	3	1	2	0.6666666666666666
SPEM1	1	0	1	1
SPEN	3	2	1	0.6666666666666666
SPERT	1	1	0	1
SPESP1	2	2	0	1
SPG11	3	2	1	0.6666666666666666
SPG20	2	1	1	0.5
SPG20OS	1	1	0	1
SPG21	3	0	3	1
SPG7	3	3	0	1
SPHAR	1	1	0	1
SPHK1	3	2	1	0.6666666666666666
SPHK2	3	2	1	0.6666666666666666
SPHKAP	1	1	0	1
SPI1	1	1	0	1
SPIB	2	0	2	1
SPICE1	3	2	1	0.6666666666666666
SPIDR	3	3	0	1
SPIN1	3	2	1	0.6666666666666666
SPIN2A	1	1	0	1
SPIN2B	3	3	0	1
SPIN3	3	1	2	0.6666666666666666
SPIN4	3	1	2	0.6666666666666666
SPINDOC	1	1	0	1
SPINK1	1	0	1	1
SPINK13	1	1	0	1
SPINK2	1	1	0	1
SPINK4	2	1	1	0.5
SPINK5	1	1	0	1
SPINK6	1	0	1	1
SPINK7	1	1	0	1
SPINK8	1	1	0	1
SPINK9	1	0	1	1
SPINT1	3	3	0	1
SPINT1-AS1	1	1	0	1
SPINT2	3	1	2	0.6666666666666666
SPIRE1	3	0	3	1
SPIRE2	3	3	0	1
SPN	1	0	1	1
SPNS1	3	1	2	0.6666666666666666
SPNS2	3	2	1	0.6666666666666666
SPNS3	3	3	0	1
SPO11	1	1	0	1
SPOCD1	2	2	0	1
SPOCK1	3	3	0	1
SPOCK2	3	1	2	0.6666666666666666
SPOCK3	1	1	0	1
SPON1	2	2	0	1
SPON2	2	1	1	0.5
SPOP	3	2	1	0.6666666666666666
SPOPL	3	0	3	1
SPOUT1	2	2	0	1
SPP1	3	1	2	0.6666666666666666
SPPL2A	3	0	3	1
SPPL2B	2	1	1	0.5
SPPL3	3	0	3	1
SPR	3	1	2	0.6666666666666666
SPRED1	3	1	2	0.6666666666666666
SPRED2	3	1	2	0.6666666666666666
SPRED3	3	2	1	0.6666666666666666
SPRN	2	1	1	0.5
SPRR1A	2	2	0	1
SPRR1B	2	2	0	1
SPRR2A	1	1	0	1
SPRR2D	1	0	1	1
SPRR2F	1	1	0	1
SPRR2G	1	1	0	1
SPRR3	1	1	0	1
SPRR4	1	1	0	1
SPRTN	3	3	0	1
SPRY1	3	1	2	0.6666666666666666
SPRY2	3	0	3	1
SPRY3	3	1	2	0.6666666666666666
SPRY4	3	2	1	0.6666666666666666
SPRY4-AS1	1	1	0	1
SPRY4-IT1	1	1	0	1
SPRYD3	3	1	2	0.6666666666666666
SPRYD4	3	2	1	0.6666666666666666
SPRYD7	3	2	1	0.6666666666666666
SPSB1	3	2	1	0.6666666666666666
SPSB2	3	1	2	0.6666666666666666
SPSB3	3	2	1	0.6666666666666666
SPSB4	2	0	2	1
SPTA1	1	0	1	1
SPTAN1	3	2	1	0.6666666666666666
SPTB	3	1	2	0.6666666666666666
SPTBN1	3	1	2	0.6666666666666666
SPTBN2	3	1	2	0.6666666666666666
SPTBN4	3	2	1	0.6666666666666666
SPTBN5	3	1	2	0.6666666666666666
SPTLC1	3	0	3	1
SPTLC2	3	2	1	0.6666666666666666
SPTLC3	3	1	2	0.6666666666666666
SPTSSA	3	2	1	0.6666666666666666
SPTSSB	3	1	2	0.6666666666666666
SPTY2D1	3	3	0	1
SPTY2D1OS	1	1	0	1
SPX	2	0	2	1
SQLE	3	1	2	0.6666666666666666
SQOR	1	0	1	1
SQRDL	2	2	0	1
SQSTM1	3	2	1	0.6666666666666666
SRA1	3	1	2	0.6666666666666666
SRBD1	3	2	1	0.6666666666666666
SRC	3	3	0	1
SRCAP	3	2	1	0.6666666666666666
SRCIN1	3	1	2	0.6666666666666666
SRCRB4D	1	0	1	1
SRD5A1	3	2	1	0.6666666666666666
SRD5A2	1	1	0	1
SRD5A3	3	2	1	0.6666666666666666
SREBF1	3	1	2	0.6666666666666666
SREBF2	3	2	1	0.6666666666666666
SREBF2-AS1	1	0	1	1
SREK1	3	0	3	1
SREK1IP1	3	0	3	1
SRF	3	2	1	0.6666666666666666
SRFBP1	3	3	0	1
SRGAP1	3	2	1	0.6666666666666666
SRGAP2	3	0	3	1
SRGAP2C	2	0	2	1
SRGAP3	3	2	1	0.6666666666666666
SRGN	1	0	1	1
SRI	3	0	3	1
SRL	2	1	1	0.5
SRM	3	2	1	0.6666666666666666
SRMS	3	0	3	1
SRP14	3	2	1	0.6666666666666666
SRP14-AS1	1	1	0	1
SRP19	3	1	2	0.6666666666666666
SRP54	3	1	2	0.6666666666666666
SRP54-AS1	1	0	1	1
SRP68	3	2	1	0.6666666666666666
SRP72	3	0	3	1
SRP9	3	2	1	0.6666666666666666
SRPK1	3	2	1	0.6666666666666666
SRPK2	3	1	2	0.6666666666666666
SRPK3	2	0	2	1
SRPR	1	0	1	1
SRPRA	2	0	2	1
SRPRB	3	1	2	0.6666666666666666
SRPX	3	2	1	0.6666666666666666
SRPX2	3	1	2	0.6666666666666666
SRR	3	1	2	0.6666666666666666
SRRD	3	2	1	0.6666666666666666
SRRM1	3	2	1	0.6666666666666666
SRRM2	3	3	0	1
SRRM3	2	0	2	1
SRRM5	3	1	2	0.6666666666666666
SRRT	3	2	1	0.6666666666666666
SRSF1	3	2	1	0.6666666666666666
SRSF10	3	2	1	0.6666666666666666
SRSF11	3	1	2	0.6666666666666666
SRSF12	3	1	2	0.6666666666666666
SRSF2	3	2	1	0.6666666666666666
SRSF3	3	1	2	0.6666666666666666
SRSF4	3	2	1	0.6666666666666666
SRSF5	3	2	1	0.6666666666666666
SRSF6	3	2	1	0.6666666666666666
SRSF7	3	1	2	0.6666666666666666
SRSF8	2	0	2	1
SRSF9	3	1	2	0.6666666666666666
SRXN1	3	1	2	0.6666666666666666
SS18	3	2	1	0.6666666666666666
SS18L1	3	2	1	0.6666666666666666
SS18L2	3	1	2	0.6666666666666666
SSB	3	0	3	1
SSBP1	3	3	0	1
SSBP2	3	0	3	1
SSBP3	3	1	2	0.6666666666666666
SSBP4	3	1	2	0.6666666666666666
SSC4D	2	1	1	0.5
SSC5D	2	0	2	1
SSFA2	2	2	0	1
SSH1	3	3	0	1
SSH2	3	2	1	0.6666666666666666
SSH3	3	2	1	0.6666666666666666
SSMEM1	1	1	0	1
SSNA1	3	2	1	0.6666666666666666
SSPN	3	1	2	0.6666666666666666
SSPO	2	1	1	0.5
SSR1	3	0	3	1
SSR2	3	0	3	1
SSR3	3	1	2	0.6666666666666666
SSR4	3	1	2	0.6666666666666666
SSR4P1	1	1	0	1
SSRP1	3	1	2	0.6666666666666666
SSSCA1	2	2	0	1
SST	1	0	1	1
SSTR1	1	1	0	1
SSTR2	2	2	0	1
SSTR3	1	1	0	1
SSTR4	1	1	0	1
SSTR5	1	0	1	1
SSU72	3	1	2	0.6666666666666666
SSUH2	3	2	1	0.6666666666666666
SSX1	1	0	1	1
SSX2	1	0	1	1
SSX2B	1	0	1	1
SSX2IP	3	0	3	1
SSX5	1	0	1	1
SSX7	1	0	1	1
ST13	3	3	0	1
ST13P4	1	1	0	1
ST14	3	2	1	0.6666666666666666
ST20	3	1	2	0.6666666666666666
ST20-AS1	1	1	0	1
ST20-MTHFS	2	1	1	0.5
ST3GAL1	3	2	1	0.6666666666666666
ST3GAL2	3	2	1	0.6666666666666666
ST3GAL3	3	3	0	1
ST3GAL4	3	2	1	0.6666666666666666
ST3GAL5	2	2	0	1
ST3GAL6	3	1	2	0.6666666666666666
ST3GAL6-AS1	1	0	1	1
ST5	2	1	1	0.5
ST6GAL1	3	0	3	1
ST6GAL2	2	1	1	0.5
ST6GALNAC1	2	1	1	0.5
ST6GALNAC2	3	3	0	1
ST6GALNAC3	3	1	2	0.6666666666666666
ST6GALNAC4	3	2	1	0.6666666666666666
ST6GALNAC5	3	1	2	0.6666666666666666
ST6GALNAC6	3	3	0	1
ST7	3	1	2	0.6666666666666666
ST7-AS1	1	0	1	1
ST7-OT4	2	1	1	0.5
ST7L	3	1	2	0.6666666666666666
ST8SIA1	1	1	0	1
ST8SIA2	2	1	1	0.5
ST8SIA3	1	1	0	1
ST8SIA4	3	3	0	1
ST8SIA5	3	1	2	0.6666666666666666
ST8SIA6	3	1	2	0.6666666666666666
STAB1	2	1	1	0.5
STAB2	3	2	1	0.6666666666666666
STAC	3	1	2	0.6666666666666666
STAC2	1	1	0	1
STAC3	3	1	2	0.6666666666666666
STAG1	3	2	1	0.6666666666666666
STAG2	3	1	2	0.6666666666666666
STAG3	3	0	3	1
STAG3L1	1	1	0	1
STAG3L2	1	1	0	1
STAG3L3	1	1	0	1
STAG3L4	1	1	0	1
STAG3L5P	1	1	0	1
STAG3L5P-PVRIG2P-PILRB	1	1	0	1
STAM	3	1	2	0.6666666666666666
STAM-AS1	1	0	1	1
STAM2	3	1	2	0.6666666666666666
STAMBP	3	1	2	0.6666666666666666
STAMBPL1	3	1	2	0.6666666666666666
STAP1	1	0	1	1
STAP2	3	3	0	1
STAR	2	0	2	1
STARD10	3	3	0	1
STARD13	3	2	1	0.6666666666666666
STARD3	3	3	0	1
STARD3NL	3	1	2	0.6666666666666666
STARD4	3	1	2	0.6666666666666666
STARD4-AS1	1	1	0	1
STARD5	3	2	1	0.6666666666666666
STARD6	2	0	2	1
STARD7	3	1	2	0.6666666666666666
STARD7-AS1	1	1	0	1
STARD8	3	1	2	0.6666666666666666
STARD9	3	2	1	0.6666666666666666
STAT1	3	2	1	0.6666666666666666
STAT2	3	1	2	0.6666666666666666
STAT3	3	2	1	0.6666666666666666
STAT4	2	2	0	1
STAT5A	3	1	2	0.6666666666666666
STAT5B	3	2	1	0.6666666666666666
STAT6	3	2	1	0.6666666666666666
STATH	1	1	0	1
STAU1	3	1	2	0.6666666666666666
STAU2	3	1	2	0.6666666666666666
STBD1	1	0	1	1
STC1	1	0	1	1
STC2	3	2	1	0.6666666666666666
STEAP1	3	1	2	0.6666666666666666
STEAP1B	2	0	2	1
STEAP2	3	1	2	0.6666666666666666
STEAP3	3	1	2	0.6666666666666666
STEAP3-AS1	1	1	0	1
STEAP4	3	1	2	0.6666666666666666
STH	1	0	1	1
STIL	3	1	2	0.6666666666666666
STIM1	3	0	3	1
STIM2	3	1	2	0.6666666666666666
STIMATE	1	1	0	1
STING1	1	1	0	1
STIP1	3	2	1	0.6666666666666666
STK10	3	3	0	1
STK11	3	2	1	0.6666666666666666
STK11IP	3	2	1	0.6666666666666666
STK16	3	2	1	0.6666666666666666
STK17A	3	2	1	0.6666666666666666
STK17B	3	0	3	1
STK19	3	3	0	1
STK24	3	2	1	0.6666666666666666
STK25	3	1	2	0.6666666666666666
STK26	2	0	2	1
STK3	3	2	1	0.6666666666666666
STK31	2	1	1	0.5
STK32A	3	0	3	1
STK32A-AS1	1	0	1	1
STK32B	2	1	1	0.5
STK32C	3	1	2	0.6666666666666666
STK33	3	3	0	1
STK35	3	1	2	0.6666666666666666
STK36	3	2	1	0.6666666666666666
STK38	3	2	1	0.6666666666666666
STK38L	3	1	2	0.6666666666666666
STK39	3	1	2	0.6666666666666666
STK4	3	2	1	0.6666666666666666
STK4-AS1	1	1	0	1
STK40	3	2	1	0.6666666666666666
STKLD1	2	1	1	0.5
STMN1	3	2	1	0.6666666666666666
STMN3	3	2	1	0.6666666666666666
STMN4	1	1	0	1
STMP1	1	1	0	1
STN1	2	1	1	0.5
STOM	3	1	2	0.6666666666666666
STOML1	3	2	1	0.6666666666666666
STOML2	3	0	3	1
STOML3	1	1	0	1
STON1	3	0	3	1
STON1-GTF2A1L	2	0	2	1
STON2	3	3	0	1
STOX1	3	1	2	0.6666666666666666
STOX2	3	1	2	0.6666666666666666
STPG1	3	1	2	0.6666666666666666
STPG2	1	1	0	1
STPG3	1	0	1	1
STRA13	1	1	0	1
STRA6	2	1	1	0.5
STRA8	1	0	1	1
STRADA	3	2	1	0.6666666666666666
STRADB	3	1	2	0.6666666666666666
STRAP	3	0	3	1
STRBP	3	0	3	1
STRC	1	1	0	1
STRIP1	3	0	3	1
STRIP2	3	2	1	0.6666666666666666
STRN	3	0	3	1
STRN3	3	1	2	0.6666666666666666
STRN4	3	1	2	0.6666666666666666
STS	3	2	1	0.6666666666666666
STT3A	3	0	3	1
STT3B	3	0	3	1
STUB1	3	3	0	1
STUM	1	0	1	1
STX10	3	2	1	0.6666666666666666
STX11	2	1	1	0.5
STX12	3	1	2	0.6666666666666666
STX16	3	2	1	0.6666666666666666
STX16-NPEPL1	2	2	0	1
STX17	3	1	2	0.6666666666666666
STX17-AS1	1	1	0	1
STX18	3	1	2	0.6666666666666666
STX18-AS1	1	1	0	1
STX19	3	1	2	0.6666666666666666
STX1A	3	2	1	0.6666666666666666
STX1B	3	1	2	0.6666666666666666
STX2	3	1	2	0.6666666666666666
STX3	3	1	2	0.6666666666666666
STX4	3	3	0	1
STX5	3	2	1	0.6666666666666666
STX6	3	2	1	0.6666666666666666
STX7	3	2	1	0.6666666666666666
STX8	3	2	1	0.6666666666666666
STXBP1	3	1	2	0.6666666666666666
STXBP2	3	2	1	0.6666666666666666
STXBP3	3	1	2	0.6666666666666666
STXBP4	3	3	0	1
STXBP5	3	0	3	1
STXBP5-AS1	1	0	1	1
STXBP5L	3	3	0	1
STXBP6	3	0	3	1
STYK1	3	2	1	0.6666666666666666
STYX	3	1	2	0.6666666666666666
STYXL1	3	1	2	0.6666666666666666
SUB1	3	2	1	0.6666666666666666
SUCLA2	3	2	1	0.6666666666666666
SUCLG1	3	2	1	0.6666666666666666
SUCLG2	3	2	1	0.6666666666666666
SUCLG2-AS1	1	1	0	1
SUCNR1	1	0	1	1
SUCO	3	0	3	1
SUDS3	3	1	2	0.6666666666666666
SUFU	3	3	0	1
SUGCT	2	1	1	0.5
SUGP1	3	2	1	0.6666666666666666
SUGP2	3	3	0	1
SUGT1	3	1	2	0.6666666666666666
SUGT1P1	1	0	1	1
SUGT1P4-STRA6LP	1	1	0	1
SULF1	2	2	0	1
SULF2	3	2	1	0.6666666666666666
SULT1A1	3	1	2	0.6666666666666666
SULT1A2	3	1	2	0.6666666666666666
SULT1A3	2	1	1	0.5
SULT1A4	2	1	1	0.5
SULT1B1	1	1	0	1
SULT1C2	1	1	0	1
SULT1C4	1	0	1	1
SULT1E1	1	1	0	1
SULT2A1	1	0	1	1
SULT2B1	3	0	3	1
SULT4A1	2	1	1	0.5
SULT6B1	2	0	2	1
SUMF1	3	1	2	0.6666666666666666
SUMF2	3	1	2	0.6666666666666666
SUMO1	3	2	1	0.6666666666666666
SUMO1P3	1	0	1	1
SUMO2	3	2	1	0.6666666666666666
SUMO3	3	3	0	1
SUMO4	1	1	0	1
SUN1	3	2	1	0.6666666666666666
SUN2	3	2	1	0.6666666666666666
SUN3	3	1	2	0.6666666666666666
SUOX	3	1	2	0.6666666666666666
SUPT16H	3	1	2	0.6666666666666666
SUPT20H	3	1	2	0.6666666666666666
SUPT20HL2	1	0	1	1
SUPT3H	3	1	2	0.6666666666666666
SUPT4H1	3	2	1	0.6666666666666666
SUPT5H	3	1	2	0.6666666666666666
SUPT6H	3	2	1	0.6666666666666666
SUPT7L	3	0	3	1
SUPV3L1	3	2	1	0.6666666666666666
SURF1	3	2	1	0.6666666666666666
SURF2	3	3	0	1
SURF4	3	1	2	0.6666666666666666
SURF6	3	3	0	1
SUSD1	3	2	1	0.6666666666666666
SUSD2	2	1	1	0.5
SUSD3	3	0	3	1
SUSD4	3	3	0	1
SUSD5	3	1	2	0.6666666666666666
SUSD6	2	0	2	1
SUV39H1	3	3	0	1
SUV39H2	3	1	2	0.6666666666666666
SUV420H1	1	1	0	1
SUV420H2	1	0	1	1
SUZ12	3	2	1	0.6666666666666666
SUZ12P1	1	1	0	1
SV2A	3	0	3	1
SV2B	2	1	1	0.5
SV2C	1	1	0	1
SVBP	2	0	2	1
SVEP1	3	1	2	0.6666666666666666
SVIL	3	1	2	0.6666666666666666
SVIL-AS1	1	0	1	1
SVIP	3	3	0	1
SVOP	1	1	0	1
SVOPL	3	2	1	0.6666666666666666
SWAP70	3	2	1	0.6666666666666666
SWI5	3	1	2	0.6666666666666666
SWSAP1	3	2	1	0.6666666666666666
SWT1	3	0	3	1
SYAP1	3	1	2	0.6666666666666666
SYBU	3	1	2	0.6666666666666666
SYCE1	1	1	0	1
SYCE1L	3	3	0	1
SYCE2	3	2	1	0.6666666666666666
SYCE3	1	0	1	1
SYCP2	3	2	1	0.6666666666666666
SYCP2L	3	1	2	0.6666666666666666
SYCP3	2	1	1	0.5
SYDE1	3	2	1	0.6666666666666666
SYDE2	3	0	3	1
SYF2	3	0	3	1
SYK	3	2	1	0.6666666666666666
SYMPK	3	1	2	0.6666666666666666
SYN1	3	2	1	0.6666666666666666
SYN2	2	1	1	0.5
SYN3	2	2	0	1
SYNC	3	2	1	0.6666666666666666
SYNCRIP	3	2	1	0.6666666666666666
SYNDIG1	1	1	0	1
SYNDIG1L	1	0	1	1
SYNE1	3	3	0	1
SYNE2	3	1	2	0.6666666666666666
SYNE3	3	3	0	1
SYNE4	3	0	3	1
SYNGAP1	3	2	1	0.6666666666666666
SYNGR1	3	2	1	0.6666666666666666
SYNGR2	3	3	0	1
SYNGR3	3	1	2	0.6666666666666666
SYNGR4	1	1	0	1
SYNJ1	3	2	1	0.6666666666666666
SYNJ2	3	2	1	0.6666666666666666
SYNJ2BP	3	2	1	0.6666666666666666
SYNM	3	1	2	0.6666666666666666
SYNPO	3	2	1	0.6666666666666666
SYNPO2	3	1	2	0.6666666666666666
SYNPO2L	2	2	0	1
SYNRG	3	2	1	0.6666666666666666
SYP	3	1	2	0.6666666666666666
SYPL1	3	1	2	0.6666666666666666
SYPL2	2	1	1	0.5
SYS1	3	2	1	0.6666666666666666
SYS1-DBNDD2	1	0	1	1
SYT1	3	1	2	0.6666666666666666
SYT10	1	1	0	1
SYT11	3	0	3	1
SYT12	3	2	1	0.6666666666666666
SYT13	2	1	1	0.5
SYT14	3	1	2	0.6666666666666666
SYT15	3	3	0	1
SYT16	2	2	0	1
SYT17	3	2	1	0.6666666666666666
SYT2	2	2	0	1
SYT3	1	0	1	1
SYT4	1	0	1	1
SYT5	3	1	2	0.6666666666666666
SYT6	1	1	0	1
SYT7	3	0	3	1
SYT8	2	2	0	1
SYT9	2	0	2	1
SYTL1	3	3	0	1
SYTL2	3	1	2	0.6666666666666666
SYTL3	3	1	2	0.6666666666666666
SYTL4	3	1	2	0.6666666666666666
SYTL5	2	2	0	1
SYVN1	3	2	1	0.6666666666666666
SZRD1	3	2	1	0.6666666666666666
SZT2	3	2	1	0.6666666666666666
T	1	0	1	1
TAAR5	1	1	0	1
TAB1	3	3	0	1
TAB2	3	1	2	0.6666666666666666
TAB3	3	2	1	0.6666666666666666
TAB3-AS1	1	0	1	1
TAC1	1	0	1	1
TAC3	1	1	0	1
TAC4	2	1	1	0.5
TACC1	3	1	2	0.6666666666666666
TACC2	3	1	2	0.6666666666666666
TACC3	3	2	1	0.6666666666666666
TACO1	3	2	1	0.6666666666666666
TACR1	1	0	1	1
TACR2	1	0	1	1
TACR3	1	0	1	1
TACSTD2	3	1	2	0.6666666666666666
TADA1	3	0	3	1
TADA2A	3	2	1	0.6666666666666666
TADA2B	3	1	2	0.6666666666666666
TADA3	3	2	1	0.6666666666666666
TAF1	3	1	2	0.6666666666666666
TAF10	3	2	1	0.6666666666666666
TAF11	3	1	2	0.6666666666666666
TAF12	3	1	2	0.6666666666666666
TAF13	3	1	2	0.6666666666666666
TAF15	3	3	0	1
TAF1A	3	2	1	0.6666666666666666
TAF1A-AS1	1	1	0	1
TAF1B	3	1	2	0.6666666666666666
TAF1C	3	2	1	0.6666666666666666
TAF1D	3	2	1	0.6666666666666666
TAF1L	1	0	1	1
TAF2	3	1	2	0.6666666666666666
TAF3	3	1	2	0.6666666666666666
TAF4	3	2	1	0.6666666666666666
TAF4B	3	1	2	0.6666666666666666
TAF5	3	2	1	0.6666666666666666
TAF5L	3	3	0	1
TAF6	3	1	2	0.6666666666666666
TAF6L	3	2	1	0.6666666666666666
TAF7	3	2	1	0.6666666666666666
TAF7L	2	0	2	1
TAF8	3	2	1	0.6666666666666666
TAF9	3	1	2	0.6666666666666666
TAF9B	3	1	2	0.6666666666666666
TAFA2	1	0	1	1
TAFA4	1	0	1	1
TAGAP	2	0	2	1
TAGLN	3	2	1	0.6666666666666666
TAGLN2	3	2	1	0.6666666666666666
TAGLN3	2	2	0	1
TAL1	1	1	0	1
TAL2	2	1	1	0.5
TALDO1	3	2	1	0.6666666666666666
TAMM41	3	1	2	0.6666666666666666
TANC1	3	1	2	0.6666666666666666
TANC2	3	0	3	1
TANGO2	3	1	2	0.6666666666666666
TANGO6	3	3	0	1
TANK	3	2	1	0.6666666666666666
TAOK1	3	2	1	0.6666666666666666
TAOK2	3	3	0	1
TAOK3	3	1	2	0.6666666666666666
TAP1	3	2	1	0.6666666666666666
TAP2	3	2	1	0.6666666666666666
TAPBP	3	3	0	1
TAPBPL	3	1	2	0.6666666666666666
TAPT1	3	0	3	1
TAPT1-AS1	1	1	0	1
TARBP1	3	1	2	0.6666666666666666
TARBP2	3	1	2	0.6666666666666666
TARDBP	3	2	1	0.6666666666666666
TARS	2	1	1	0.5
TARS1	1	0	1	1
TARS2	3	1	2	0.6666666666666666
TARS3	1	0	1	1
TARSL2	2	1	1	0.5
TAS1R1	1	0	1	1
TAS1R2	1	0	1	1
TAS1R3	2	1	1	0.5
TAS2R1	1	1	0	1
TAS2R10	1	1	0	1
TAS2R13	1	0	1	1
TAS2R14	3	2	1	0.6666666666666666
TAS2R19	3	0	3	1
TAS2R20	2	0	2	1
TAS2R3	1	0	1	1
TAS2R30	1	0	1	1
TAS2R31	3	0	3	1
TAS2R38	1	1	0	1
TAS2R4	2	1	1	0.5
TAS2R40	1	0	1	1
TAS2R42	1	1	0	1
TAS2R43	2	1	1	0.5
TAS2R46	1	0	1	1
TAS2R5	3	1	2	0.6666666666666666
TAS2R50	1	0	1	1
TAS2R60	1	1	0	1
TAS2R7	1	1	0	1
TAS2R8	1	1	0	1
TAS2R9	1	1	0	1
TASOR	1	0	1	1
TASOR2	1	0	1	1
TASP1	3	1	2	0.6666666666666666
TAT	2	1	1	0.5
TATDN1	3	1	2	0.6666666666666666
TATDN2	3	2	1	0.6666666666666666
TATDN3	3	1	2	0.6666666666666666
TAX1BP1	3	1	2	0.6666666666666666
TAX1BP3	3	3	0	1
TAZ	3	2	1	0.6666666666666666
TBATA	1	1	0	1
TBC1D1	3	1	2	0.6666666666666666
TBC1D10A	3	2	1	0.6666666666666666
TBC1D10B	3	3	0	1
TBC1D10C	2	1	1	0.5
TBC1D12	3	1	2	0.6666666666666666
TBC1D13	3	1	2	0.6666666666666666
TBC1D14	3	2	1	0.6666666666666666
TBC1D15	3	1	2	0.6666666666666666
TBC1D16	3	2	1	0.6666666666666666
TBC1D17	3	1	2	0.6666666666666666
TBC1D19	3	2	1	0.6666666666666666
TBC1D2	3	3	0	1
TBC1D20	3	1	2	0.6666666666666666
TBC1D21	1	1	0	1
TBC1D22A	3	2	1	0.6666666666666666
TBC1D22B	3	1	2	0.6666666666666666
TBC1D23	3	1	2	0.6666666666666666
TBC1D24	3	2	1	0.6666666666666666
TBC1D25	3	3	0	1
TBC1D26	2	1	1	0.5
TBC1D28	1	1	0	1
TBC1D29	1	1	0	1
TBC1D2B	3	2	1	0.6666666666666666
TBC1D3	3	2	1	0.6666666666666666
TBC1D30	3	1	2	0.6666666666666666
TBC1D31	3	1	2	0.6666666666666666
TBC1D32	3	1	2	0.6666666666666666
TBC1D3B	2	2	0	1
TBC1D3C	1	0	1	1
TBC1D3F	1	1	0	1
TBC1D3G	2	1	1	0.5
TBC1D3H	2	2	0	1
TBC1D3L	1	1	0	1
TBC1D3P1-DHX40P1	1	0	1	1
TBC1D4	3	1	2	0.6666666666666666
TBC1D5	3	2	1	0.6666666666666666
TBC1D7	3	3	0	1
TBC1D7-LOC100130357	1	0	1	1
TBC1D8	3	2	1	0.6666666666666666
TBC1D8-AS1	1	1	0	1
TBC1D8B	3	2	1	0.6666666666666666
TBC1D9	3	1	2	0.6666666666666666
TBC1D9B	3	2	1	0.6666666666666666
TBCA	3	0	3	1
TBCB	3	1	2	0.6666666666666666
TBCC	3	1	2	0.6666666666666666
TBCCD1	3	2	1	0.6666666666666666
TBCD	3	2	1	0.6666666666666666
TBCE	3	2	1	0.6666666666666666
TBCEL	3	0	3	1
TBCK	3	0	3	1
TBILA	1	1	0	1
TBK1	3	1	2	0.6666666666666666
TBKBP1	3	2	1	0.6666666666666666
TBL1X	3	0	3	1
TBL1XR1	3	0	3	1
TBL2	3	1	2	0.6666666666666666
TBL3	3	2	1	0.6666666666666666
TBP	3	1	2	0.6666666666666666
TBPL1	3	2	1	0.6666666666666666
TBR1	1	0	1	1
TBRG1	3	0	3	1
TBRG4	3	2	1	0.6666666666666666
TBX1	2	0	2	1
TBX10	1	0	1	1
TBX15	3	0	3	1
TBX18	3	1	2	0.6666666666666666
TBX19	3	0	3	1
TBX2	2	0	2	1
TBX20	3	0	3	1
TBX21	1	0	1	1
TBX22	2	1	1	0.5
TBX3	3	2	1	0.6666666666666666
TBX4	2	1	1	0.5
TBX6	3	1	2	0.6666666666666666
TBXA2R	3	2	1	0.6666666666666666
TBXAS1	3	2	1	0.6666666666666666
TC2N	3	1	2	0.6666666666666666
TCAF1	2	2	0	1
TCAF2	2	2	0	1
TCAIM	3	1	2	0.6666666666666666
TCAM1P	1	0	1	1
TCAP	3	2	1	0.6666666666666666
TCEA1	3	1	2	0.6666666666666666
TCEA2	3	2	1	0.6666666666666666
TCEA3	3	2	1	0.6666666666666666
TCEAL1	3	2	1	0.6666666666666666
TCEAL2	2	1	1	0.5
TCEAL3	3	2	1	0.6666666666666666
TCEAL4	3	1	2	0.6666666666666666
TCEAL5	1	0	1	1
TCEAL6	1	1	0	1
TCEAL7	1	0	1	1
TCEAL8	2	1	1	0.5
TCEAL9	2	1	1	0.5
TCEANC	3	1	2	0.6666666666666666
TCEANC2	3	2	1	0.6666666666666666
TCEB1	1	0	1	1
TCEB2	1	0	1	1
TCEB3	1	1	0	1
TCERG1	3	2	1	0.6666666666666666
TCERG1L	1	0	1	1
TCF12	3	1	2	0.6666666666666666
TCF15	2	1	1	0.5
TCF19	3	3	0	1
TCF20	3	0	3	1
TCF21	1	1	0	1
TCF24	2	1	1	0.5
TCF25	3	2	1	0.6666666666666666
TCF3	3	2	1	0.6666666666666666
TCF4	3	2	1	0.6666666666666666
TCF7	3	1	2	0.6666666666666666
TCF7L1	3	0	3	1
TCF7L2	3	1	2	0.6666666666666666
TCFL5	3	1	2	0.6666666666666666
TCHH	3	1	2	0.6666666666666666
TCHHL1	2	2	0	1
TCHP	3	2	1	0.6666666666666666
TCIM	1	0	1	1
TCIRG1	3	2	1	0.6666666666666666
TCL1B	1	0	1	1
TCN1	1	1	0	1
TCN2	2	1	1	0.5
TCOF1	3	2	1	0.6666666666666666
TCP1	3	0	3	1
TCP10L	2	1	1	0.5
TCP11	1	0	1	1
TCP11L1	3	1	2	0.6666666666666666
TCP11L2	3	1	2	0.6666666666666666
TCTA	3	3	0	1
TCTE1	1	0	1	1
TCTE3	2	0	2	1
TCTEX1D2	3	1	2	0.6666666666666666
TCTEX1D4	3	1	2	0.6666666666666666
TCTN1	3	1	2	0.6666666666666666
TCTN2	3	2	1	0.6666666666666666
TCTN3	3	2	1	0.6666666666666666
TDG	3	0	3	1
TDO2	1	0	1	1
TDP1	3	2	1	0.6666666666666666
TDP2	3	3	0	1
TDRD1	1	0	1	1
TDRD10	1	1	0	1
TDRD12	2	2	0	1
TDRD15	1	1	0	1
TDRD3	3	1	2	0.6666666666666666
TDRD5	1	1	0	1
TDRD6	2	1	1	0.5
TDRD7	3	2	1	0.6666666666666666
TDRD9	1	0	1	1
TDRKH	3	0	3	1
TDRKH-AS1	1	1	0	1
TDRP	3	3	0	1
TEAD1	3	1	2	0.6666666666666666
TEAD2	3	2	1	0.6666666666666666
TEAD3	3	2	1	0.6666666666666666
TEAD4	3	0	3	1
TEC	3	1	2	0.6666666666666666
TECPR1	3	2	1	0.6666666666666666
TECPR2	3	2	1	0.6666666666666666
TECR	3	2	1	0.6666666666666666
TECRL	1	0	1	1
TECTA	3	1	2	0.6666666666666666
TEDC1	1	1	0	1
TEDC2	1	1	0	1
TEDDM1	1	1	0	1
TEF	3	2	1	0.6666666666666666
TEFM	3	2	1	0.6666666666666666
TEK	1	0	1	1
TEKT2	1	1	0	1
TEKT3	1	1	0	1
TEKT4	1	0	1	1
TEKT4P2	1	1	0	1
TEKT5	1	0	1	1
TELO2	3	3	0	1
TEN1	2	0	2	1
TENC1	1	1	0	1
TENM1	2	0	2	1
TENM2	3	1	2	0.6666666666666666
TENM3	3	2	1	0.6666666666666666
TENM3-AS1	1	0	1	1
TENM4	3	2	1	0.6666666666666666
TENT2	1	0	1	1
TENT4A	1	1	0	1
TENT4B	1	0	1	1
TENT5A	1	0	1	1
TENT5B	1	0	1	1
TENT5C	1	0	1	1
TEP1	3	1	2	0.6666666666666666
TEPP	1	1	0	1
TEPSIN	2	1	1	0.5
TERB1	1	0	1	1
TERB2	1	0	1	1
TERF1	3	1	2	0.6666666666666666
TERF2	3	3	0	1
TERF2IP	3	1	2	0.6666666666666666
TERT	3	1	2	0.6666666666666666
TES	3	2	1	0.6666666666666666
TESC	2	1	1	0.5
TESK1	3	2	1	0.6666666666666666
TESK2	3	2	1	0.6666666666666666
TESMIN	2	1	1	0.5
TET1	3	0	3	1
TET2	3	0	3	1
TET3	3	1	2	0.6666666666666666
TEX10	3	1	2	0.6666666666666666
TEX101	1	0	1	1
TEX11	1	0	1	1
TEX12	1	1	0	1
TEX13A	1	1	0	1
TEX13B	1	1	0	1
TEX13C	1	1	0	1
TEX14	3	2	1	0.6666666666666666
TEX15	3	1	2	0.6666666666666666
TEX19	3	3	0	1
TEX2	3	1	2	0.6666666666666666
TEX22	3	1	2	0.6666666666666666
TEX261	3	2	1	0.6666666666666666
TEX264	3	2	1	0.6666666666666666
TEX29	2	1	1	0.5
TEX30	3	1	2	0.6666666666666666
TEX33	1	1	0	1
TEX35	2	0	2	1
TEX36	1	0	1	1
TEX37	1	1	0	1
TEX38	1	0	1	1
TEX40	2	2	0	1
TEX43	1	1	0	1
TEX44	1	0	1	1
TEX45	1	1	0	1
TEX46	1	1	0	1
TEX52	1	1	0	1
TEX9	3	2	1	0.6666666666666666
TF	2	2	0	1
TFAM	3	2	1	0.6666666666666666
TFAP2A	3	3	0	1
TFAP2A-AS2	1	1	0	1
TFAP2C	3	2	1	0.6666666666666666
TFAP2E	2	1	1	0.5
TFAP4	3	3	0	1
TFB1M	3	1	2	0.6666666666666666
TFB2M	3	2	1	0.6666666666666666
TFCP2	3	0	3	1
TFCP2L1	3	1	2	0.6666666666666666
TFDP1	3	1	2	0.6666666666666666
TFDP2	3	2	1	0.6666666666666666
TFE3	3	2	1	0.6666666666666666
TFEB	3	1	2	0.6666666666666666
TFEC	1	0	1	1
TFF1	1	0	1	1
TFF2	1	0	1	1
TFG	3	1	2	0.6666666666666666
TFIP11	3	2	1	0.6666666666666666
TFPI	2	0	2	1
TFPI2	3	0	3	1
TFPT	3	1	2	0.6666666666666666
TFR2	2	0	2	1
TFRC	3	2	1	0.6666666666666666
TG	2	2	0	1
TGDS	3	2	1	0.6666666666666666
TGFA	3	2	1	0.6666666666666666
TGFB1	3	2	1	0.6666666666666666
TGFB1I1	3	3	0	1
TGFB2	3	1	2	0.6666666666666666
TGFB3	3	1	2	0.6666666666666666
TGFBI	3	3	0	1
TGFBR1	3	2	1	0.6666666666666666
TGFBR2	3	0	3	1
TGFBR3	3	2	1	0.6666666666666666
TGFBR3L	3	2	1	0.6666666666666666
TGFBRAP1	3	2	1	0.6666666666666666
TGIF1	3	1	2	0.6666666666666666
TGIF2	3	2	1	0.6666666666666666
TGIF2-C20orf24	1	0	1	1
TGM1	3	1	2	0.6666666666666666
TGM2	3	1	2	0.6666666666666666
TGM3	1	1	0	1
TGM4	3	2	1	0.6666666666666666
TGM5	1	1	0	1
TGM6	1	1	0	1
TGM7	1	1	0	1
TGOLN2	3	0	3	1
TGS1	3	0	3	1
TH	2	2	0	1
THADA	3	1	2	0.6666666666666666
THAP1	3	2	1	0.6666666666666666
THAP10	3	1	2	0.6666666666666666
THAP11	3	2	1	0.6666666666666666
THAP12	2	0	2	1
THAP2	3	1	2	0.6666666666666666
THAP3	3	3	0	1
THAP4	3	2	1	0.6666666666666666
THAP5	3	2	1	0.6666666666666666
THAP6	3	2	1	0.6666666666666666
THAP7	3	3	0	1
THAP7-AS1	1	1	0	1
THAP8	3	1	2	0.6666666666666666
THAP9	3	1	2	0.6666666666666666
THAP9-AS1	1	0	1	1
THBD	3	3	0	1
THBS1	3	3	0	1
THBS2	3	1	2	0.6666666666666666
THBS3	3	1	2	0.6666666666666666
THBS4	3	0	3	1
THCAT158	1	0	1	1
THEG	1	0	1	1
THEGL	1	0	1	1
THEM4	3	1	2	0.6666666666666666
THEM5	3	2	1	0.6666666666666666
THEM6	3	2	1	0.6666666666666666
THEMIS	1	0	1	1
THEMIS2	3	1	2	0.6666666666666666
THG1L	3	2	1	0.6666666666666666
THNSL1	3	1	2	0.6666666666666666
THNSL2	3	1	2	0.6666666666666666
THOC1	3	1	2	0.6666666666666666
THOC2	3	1	2	0.6666666666666666
THOC3	3	2	1	0.6666666666666666
THOC5	3	1	2	0.6666666666666666
THOC6	3	2	1	0.6666666666666666
THOC7	3	1	2	0.6666666666666666
THOP1	3	3	0	1
THORLNC	1	0	1	1
THPO	1	0	1	1
THRA	3	2	1	0.6666666666666666
THRAP3	3	1	2	0.6666666666666666
THRB	3	2	1	0.6666666666666666
THRSP	2	1	1	0.5
THSD1	3	3	0	1
THSD4	3	1	2	0.6666666666666666
THSD7A	3	0	3	1
THSD7B	3	1	2	0.6666666666666666
THTPA	3	1	2	0.6666666666666666
THUMPD1	3	1	2	0.6666666666666666
THUMPD2	3	1	2	0.6666666666666666
THUMPD3	3	3	0	1
THUMPD3-AS1	1	1	0	1
THY1	3	0	3	1
THYN1	3	1	2	0.6666666666666666
TIA1	3	1	2	0.6666666666666666
TIAF1	2	2	0	1
TIAL1	3	0	3	1
TIAM1	3	3	0	1
TIAM2	3	0	3	1
TICAM1	3	2	1	0.6666666666666666
TICAM2	2	0	2	1
TICRR	3	2	1	0.6666666666666666
TIE1	2	1	1	0.5
TIFA	3	2	1	0.6666666666666666
TIGAR	2	0	2	1
TIGD1	3	2	1	0.6666666666666666
TIGD2	3	2	1	0.6666666666666666
TIGD3	3	1	2	0.6666666666666666
TIGD4	3	0	3	1
TIGD5	3	1	2	0.6666666666666666
TIGD6	3	2	1	0.6666666666666666
TIGD7	3	2	1	0.6666666666666666
TIGIT	1	0	1	1
TIMD4	1	0	1	1
TIMELESS	3	2	1	0.6666666666666666
TIMM10	3	0	3	1
TIMM10B	3	3	0	1
TIMM13	3	2	1	0.6666666666666666
TIMM17A	3	0	3	1
TIMM17B	3	2	1	0.6666666666666666
TIMM21	3	2	1	0.6666666666666666
TIMM22	3	2	1	0.6666666666666666
TIMM23	3	1	2	0.6666666666666666
TIMM23B	2	1	1	0.5
TIMM29	2	2	0	1
TIMM44	3	1	2	0.6666666666666666
TIMM50	3	1	2	0.6666666666666666
TIMM8A	3	2	1	0.6666666666666666
TIMM8B	3	0	3	1
TIMM9	3	1	2	0.6666666666666666
TIMMDC1	3	2	1	0.6666666666666666
TIMP1	3	2	1	0.6666666666666666
TIMP2	3	3	0	1
TIMP3	3	2	1	0.6666666666666666
TIMP4	2	2	0	1
TINAG	1	0	1	1
TINAGL1	3	2	1	0.6666666666666666
TINCR	1	0	1	1
TINF2	3	2	1	0.6666666666666666
TIPARP	3	2	1	0.6666666666666666
TIPARP-AS1	1	1	0	1
TIPIN	3	3	0	1
TIPRL	3	0	3	1
TIRAP	3	1	2	0.6666666666666666
TJAP1	3	2	1	0.6666666666666666
TJP1	3	1	2	0.6666666666666666
TJP2	3	1	2	0.6666666666666666
TJP3	3	1	2	0.6666666666666666
TK1	3	3	0	1
TK2	3	2	1	0.6666666666666666
TKFC	2	2	0	1
TKT	3	2	1	0.6666666666666666
TKTL1	1	0	1	1
TKTL2	1	0	1	1
TLCD1	3	2	1	0.6666666666666666
TLCD2	2	1	1	0.5
TLCD3A	1	0	1	1
TLCD4	1	0	1	1
TLCD4-RWDD3	1	0	1	1
TLCD5	1	1	0	1
TLDC1	2	2	0	1
TLDC2	2	2	0	1
TLE1	3	3	0	1
TLE2	3	1	2	0.6666666666666666
TLE3	3	0	3	1
TLE4	3	2	1	0.6666666666666666
TLE5	1	1	0	1
TLE6	2	1	1	0.5
TLK1	3	0	3	1
TLK2	3	1	2	0.6666666666666666
TLL1	2	1	1	0.5
TLL2	3	1	2	0.6666666666666666
TLN1	3	3	0	1
TLN2	3	2	1	0.6666666666666666
TLNRD1	1	0	1	1
TLR1	3	1	2	0.6666666666666666
TLR10	1	0	1	1
TLR2	1	1	0	1
TLR3	3	1	2	0.6666666666666666
TLR4	2	1	1	0.5
TLR5	3	1	2	0.6666666666666666
TLR6	3	0	3	1
TLR7	1	0	1	1
TLR9	3	2	1	0.6666666666666666
TLX1	1	0	1	1
TLX2	1	1	0	1
TLX3	2	1	1	0.5
TM2D1	3	1	2	0.6666666666666666
TM2D2	3	2	1	0.6666666666666666
TM2D3	3	1	2	0.6666666666666666
TM4SF1	3	0	3	1
TM4SF1-AS1	1	1	0	1
TM4SF18	1	0	1	1
TM4SF19	2	2	0	1
TM4SF19-AS1	1	0	1	1
TM4SF2	1	1	0	1
TM4SF20	1	1	0	1
TM4SF4	1	0	1	1
TM6SF1	3	1	2	0.6666666666666666
TM6SF2	1	0	1	1
TM7SF2	3	2	1	0.6666666666666666
TM7SF3	3	1	2	0.6666666666666666
TM9SF1	3	0	3	1
TM9SF2	3	1	2	0.6666666666666666
TM9SF3	3	0	3	1
TM9SF4	3	2	1	0.6666666666666666
TMA16	3	2	1	0.6666666666666666
TMA7	3	1	2	0.6666666666666666
TMBIM1	3	1	2	0.6666666666666666
TMBIM4	3	2	1	0.6666666666666666
TMBIM6	3	1	2	0.6666666666666666
TMC1	1	1	0	1
TMC2	1	1	0	1
TMC3	3	2	1	0.6666666666666666
TMC3-AS1	1	1	0	1
TMC4	3	2	1	0.6666666666666666
TMC5	3	1	2	0.6666666666666666
TMC6	3	2	1	0.6666666666666666
TMC7	3	1	2	0.6666666666666666
TMC8	3	1	2	0.6666666666666666
TMCC1	3	2	1	0.6666666666666666
TMCC1-AS1	1	1	0	1
TMCC2	3	2	1	0.6666666666666666
TMCC3	3	0	3	1
TMCO1	3	0	3	1
TMCO1-AS1	1	1	0	1
TMCO2	1	0	1	1
TMCO3	3	0	3	1
TMCO4	3	3	0	1
TMCO6	3	2	1	0.6666666666666666
TMED1	3	1	2	0.6666666666666666
TMED10	3	0	3	1
TMED10P1	1	1	0	1
TMED11P	1	0	1	1
TMED2	3	1	2	0.6666666666666666
TMED2-DT	1	0	1	1
TMED3	3	0	3	1
TMED4	3	0	3	1
TMED5	3	1	2	0.6666666666666666
TMED6	3	1	2	0.6666666666666666
TMED7	3	1	2	0.6666666666666666
TMED7-TICAM2	1	0	1	1
TMED8	3	1	2	0.6666666666666666
TMED9	3	2	1	0.6666666666666666
TMEFF1	2	1	1	0.5
TMEFF2	1	0	1	1
TMEM100	2	1	1	0.5
TMEM101	3	3	0	1
TMEM102	3	3	0	1
TMEM104	3	2	1	0.6666666666666666
TMEM105	2	1	1	0.5
TMEM106A	3	1	2	0.6666666666666666
TMEM106B	3	0	3	1
TMEM106C	3	1	2	0.6666666666666666
TMEM107	3	3	0	1
TMEM108	3	1	2	0.6666666666666666
TMEM109	3	1	2	0.6666666666666666
TMEM11	3	3	0	1
TMEM110	2	1	1	0.5
TMEM110-MUSTN1	1	1	0	1
TMEM114	1	0	1	1
TMEM115	3	3	0	1
TMEM116	3	1	2	0.6666666666666666
TMEM117	3	0	3	1
TMEM119	1	0	1	1
TMEM120A	2	1	1	0.5
TMEM120B	3	3	0	1
TMEM121	3	2	1	0.6666666666666666
TMEM123	3	0	3	1
TMEM125	3	2	1	0.6666666666666666
TMEM126A	3	2	1	0.6666666666666666
TMEM126B	3	1	2	0.6666666666666666
TMEM127	3	3	0	1
TMEM128	3	1	2	0.6666666666666666
TMEM129	3	1	2	0.6666666666666666
TMEM130	1	0	1	1
TMEM131	3	1	2	0.6666666666666666
TMEM131L	1	0	1	1
TMEM132A	3	2	1	0.6666666666666666
TMEM132B	2	1	1	0.5
TMEM132D	1	1	0	1
TMEM132D-AS1	1	1	0	1
TMEM132E	1	0	1	1
TMEM133	2	1	1	0.5
TMEM134	3	3	0	1
TMEM135	3	1	2	0.6666666666666666
TMEM136	2	0	2	1
TMEM138	3	1	2	0.6666666666666666
TMEM139	3	3	0	1
TMEM140	3	2	1	0.6666666666666666
TMEM141	3	3	0	1
TMEM143	3	3	0	1
TMEM144	3	1	2	0.6666666666666666
TMEM145	2	1	1	0.5
TMEM147	3	0	3	1
TMEM147-AS1	1	0	1	1
TMEM14A	3	2	1	0.6666666666666666
TMEM14B	3	2	1	0.6666666666666666
TMEM14C	3	1	2	0.6666666666666666
TMEM150A	3	2	1	0.6666666666666666
TMEM150B	1	0	1	1
TMEM150C	3	1	2	0.6666666666666666
TMEM151A	1	0	1	1
TMEM151B	2	1	1	0.5
TMEM154	3	2	1	0.6666666666666666
TMEM155	1	0	1	1
TMEM156	3	2	1	0.6666666666666666
TMEM158	2	0	2	1
TMEM159	3	2	1	0.6666666666666666
TMEM160	3	1	2	0.6666666666666666
TMEM161A	3	2	1	0.6666666666666666
TMEM161B	3	1	2	0.6666666666666666
TMEM161B-AS1	1	1	0	1
TMEM163	3	1	2	0.6666666666666666
TMEM164	3	1	2	0.6666666666666666
TMEM165	3	0	3	1
TMEM167A	3	0	3	1
TMEM167B	3	1	2	0.6666666666666666
TMEM168	3	1	2	0.6666666666666666
TMEM169	3	0	3	1
TMEM17	3	1	2	0.6666666666666666
TMEM170A	3	1	2	0.6666666666666666
TMEM170B	3	0	3	1
TMEM171	3	1	2	0.6666666666666666
TMEM173	2	1	1	0.5
TMEM175	3	1	2	0.6666666666666666
TMEM176A	1	0	1	1
TMEM176B	2	1	1	0.5
TMEM177	3	2	1	0.6666666666666666
TMEM178A	2	1	1	0.5
TMEM178B	3	1	2	0.6666666666666666
TMEM179	1	0	1	1
TMEM179B	3	0	3	1
TMEM18	3	2	1	0.6666666666666666
TMEM180	1	0	1	1
TMEM181	3	1	2	0.6666666666666666
TMEM182	3	2	1	0.6666666666666666
TMEM183A	3	0	3	1
TMEM183B	2	0	2	1
TMEM184A	3	1	2	0.6666666666666666
TMEM184B	3	2	1	0.6666666666666666
TMEM184C	3	1	2	0.6666666666666666
TMEM185A	3	1	2	0.6666666666666666
TMEM185B	3	1	2	0.6666666666666666
TMEM186	3	3	0	1
TMEM187	3	3	0	1
TMEM189	3	2	1	0.6666666666666666
TMEM189-UBE2V1	1	0	1	1
TMEM19	3	0	3	1
TMEM190	1	0	1	1
TMEM191A	1	1	0	1
TMEM191B	1	0	1	1
TMEM191C	2	1	1	0.5
TMEM192	3	1	2	0.6666666666666666
TMEM194A	1	1	0	1
TMEM194B	1	1	0	1
TMEM198	3	1	2	0.6666666666666666
TMEM198B	1	1	0	1
TMEM199	3	2	1	0.6666666666666666
TMEM2	2	1	1	0.5
TMEM200A	2	2	0	1
TMEM200B	3	3	0	1
TMEM201	3	2	1	0.6666666666666666
TMEM202	1	0	1	1
TMEM202-AS1	1	1	0	1
TMEM203	3	3	0	1
TMEM204	2	0	2	1
TMEM205	3	1	2	0.6666666666666666
TMEM206	2	1	1	0.5
TMEM207	1	0	1	1
TMEM208	3	2	1	0.6666666666666666
TMEM209	3	1	2	0.6666666666666666
TMEM210	1	0	1	1
TMEM211	2	1	1	0.5
TMEM212	1	0	1	1
TMEM213	2	0	2	1
TMEM214	3	1	2	0.6666666666666666
TMEM215	2	2	0	1
TMEM216	3	1	2	0.6666666666666666
TMEM217	3	3	0	1
TMEM218	3	2	1	0.6666666666666666
TMEM219	3	2	1	0.6666666666666666
TMEM220	2	0	2	1
TMEM221	3	1	2	0.6666666666666666
TMEM222	3	2	1	0.6666666666666666
TMEM223	3	2	1	0.6666666666666666
TMEM225B	1	0	1	1
TMEM229B	3	1	2	0.6666666666666666
TMEM230	3	1	2	0.6666666666666666
TMEM231	3	1	2	0.6666666666666666
TMEM232	2	2	0	1
TMEM234	3	1	2	0.6666666666666666
TMEM235	1	1	0	1
TMEM236	2	2	0	1
TMEM237	3	1	2	0.6666666666666666
TMEM238	3	2	1	0.6666666666666666
TMEM239	2	1	1	0.5
TMEM240	2	0	2	1
TMEM241	3	0	3	1
TMEM242	3	0	3	1
TMEM243	3	0	3	1
TMEM245	3	1	2	0.6666666666666666
TMEM246	2	0	2	1
TMEM247	1	0	1	1
TMEM248	3	0	3	1
TMEM249	2	0	2	1
TMEM25	2	1	1	0.5
TMEM250	1	1	0	1
TMEM251	3	0	3	1
TMEM253	3	1	2	0.6666666666666666
TMEM254	3	1	2	0.6666666666666666
TMEM254-AS1	1	1	0	1
TMEM255A	2	1	1	0.5
TMEM255B	3	1	2	0.6666666666666666
TMEM256	3	2	1	0.6666666666666666
TMEM256-PLSCR3	1	1	0	1
TMEM258	3	2	1	0.6666666666666666
TMEM259	3	2	1	0.6666666666666666
TMEM260	3	1	2	0.6666666666666666
TMEM261	2	2	0	1
TMEM262	1	1	0	1
TMEM263	2	0	2	1
TMEM265	2	1	1	0.5
TMEM266	1	0	1	1
TMEM267	2	0	2	1
TMEM268	2	0	2	1
TMEM269	1	0	1	1
TMEM27	2	2	0	1
TMEM30A	3	0	3	1
TMEM30B	3	1	2	0.6666666666666666
TMEM31	1	0	1	1
TMEM33	3	0	3	1
TMEM35A	1	0	1	1
TMEM35B	2	0	2	1
TMEM37	2	0	2	1
TMEM38A	3	1	2	0.6666666666666666
TMEM38B	3	0	3	1
TMEM39A	3	0	3	1
TMEM39B	3	2	1	0.6666666666666666
TMEM40	2	2	0	1
TMEM41A	3	0	3	1
TMEM41B	3	1	2	0.6666666666666666
TMEM42	3	1	2	0.6666666666666666
TMEM43	3	2	1	0.6666666666666666
TMEM44	3	3	0	1
TMEM44-AS1	1	1	0	1
TMEM45A	3	2	1	0.6666666666666666
TMEM45B	2	2	0	1
TMEM47	3	1	2	0.6666666666666666
TMEM5	2	2	0	1
TMEM50A	3	0	3	1
TMEM50B	3	1	2	0.6666666666666666
TMEM51	3	3	0	1
TMEM51-AS1	1	0	1	1
TMEM52	3	2	1	0.6666666666666666
TMEM52B	1	1	0	1
TMEM53	3	2	1	0.6666666666666666
TMEM54	3	2	1	0.6666666666666666
TMEM55A	2	1	1	0.5
TMEM55B	2	1	1	0.5
TMEM56	2	0	2	1
TMEM56-RWDD3	1	0	1	1
TMEM57	2	1	1	0.5
TMEM59	3	0	3	1
TMEM59L	3	1	2	0.6666666666666666
TMEM60	3	1	2	0.6666666666666666
TMEM61	3	1	2	0.6666666666666666
TMEM62	3	1	2	0.6666666666666666
TMEM63A	3	3	0	1
TMEM63B	3	2	1	0.6666666666666666
TMEM63C	3	2	1	0.6666666666666666
TMEM64	3	0	3	1
TMEM65	3	1	2	0.6666666666666666
TMEM66	1	0	1	1
TMEM67	3	2	1	0.6666666666666666
TMEM68	3	1	2	0.6666666666666666
TMEM69	3	1	2	0.6666666666666666
TMEM70	3	1	2	0.6666666666666666
TMEM71	2	2	0	1
TMEM72	1	1	0	1
TMEM74	3	1	2	0.6666666666666666
TMEM74B	2	1	1	0.5
TMEM75	2	1	1	0.5
TMEM79	3	0	3	1
TMEM80	3	2	1	0.6666666666666666
TMEM81	3	1	2	0.6666666666666666
TMEM82	1	0	1	1
TMEM86A	3	2	1	0.6666666666666666
TMEM86B	3	1	2	0.6666666666666666
TMEM87A	3	1	2	0.6666666666666666
TMEM87B	3	1	2	0.6666666666666666
TMEM88	2	1	1	0.5
TMEM88B	1	0	1	1
TMEM89	1	0	1	1
TMEM8A	2	0	2	1
TMEM8B	3	1	2	0.6666666666666666
TMEM8C	1	0	1	1
TMEM9	3	0	3	1
TMEM91	3	3	0	1
TMEM92	3	3	0	1
TMEM92-AS1	1	0	1	1
TMEM94	2	1	1	0.5
TMEM95	1	1	0	1
TMEM97	3	1	2	0.6666666666666666
TMEM98	3	1	2	0.6666666666666666
TMEM99	3	3	0	1
TMEM9B	3	1	2	0.6666666666666666
TMEM9B-AS1	1	1	0	1
TMF1	3	2	1	0.6666666666666666
TMIE	2	1	1	0.5
TMIGD1	1	0	1	1
TMIGD2	1	0	1	1
TMIGD3	1	0	1	1
TMLHE	3	2	1	0.6666666666666666
TMOD1	3	1	2	0.6666666666666666
TMOD2	3	2	1	0.6666666666666666
TMOD3	3	2	1	0.6666666666666666
TMOD4	3	1	2	0.6666666666666666
TMPO	3	1	2	0.6666666666666666
TMPO-AS1	1	0	1	1
TMPPE	3	0	3	1
TMPRSS11D	1	1	0	1
TMPRSS11E	2	1	1	0.5
TMPRSS11F	1	1	0	1
TMPRSS13	3	1	2	0.6666666666666666
TMPRSS15	1	0	1	1
TMPRSS2	2	2	0	1
TMPRSS3	2	1	1	0.5
TMPRSS4	3	2	1	0.6666666666666666
TMPRSS5	3	2	1	0.6666666666666666
TMPRSS6	2	1	1	0.5
TMPRSS7	1	1	0	1
TMPRSS9	3	1	2	0.6666666666666666
TMSB10	3	3	0	1
TMSB15A	3	2	1	0.6666666666666666
TMSB15B	3	1	2	0.6666666666666666
TMSB4X	3	1	2	0.6666666666666666
TMTC1	3	1	2	0.6666666666666666
TMTC2	3	0	3	1
TMTC3	3	0	3	1
TMTC4	3	2	1	0.6666666666666666
TMUB1	3	2	1	0.6666666666666666
TMUB2	3	3	0	1
TMX1	3	1	2	0.6666666666666666
TMX2	3	1	2	0.6666666666666666
TMX2-CTNND1	1	1	0	1
TMX3	3	0	3	1
TMX4	3	0	3	1
TNC	3	2	1	0.6666666666666666
TNF	3	1	2	0.6666666666666666
TNFAIP1	3	3	0	1
TNFAIP2	3	1	2	0.6666666666666666
TNFAIP3	3	2	1	0.6666666666666666
TNFAIP6	1	1	0	1
TNFAIP8	3	2	1	0.6666666666666666
TNFAIP8L1	3	2	1	0.6666666666666666
TNFAIP8L2	2	1	1	0.5
TNFAIP8L3	3	1	2	0.6666666666666666
TNFRSF10A	3	1	2	0.6666666666666666
TNFRSF10B	3	1	2	0.6666666666666666
TNFRSF10C	2	1	1	0.5
TNFRSF10D	3	1	2	0.6666666666666666
TNFRSF11A	3	0	3	1
TNFRSF11B	3	1	2	0.6666666666666666
TNFRSF12A	3	3	0	1
TNFRSF13B	1	0	1	1
TNFRSF13C	3	0	3	1
TNFRSF14	3	2	1	0.6666666666666666
TNFRSF17	2	2	0	1
TNFRSF18	1	0	1	1
TNFRSF19	3	1	2	0.6666666666666666
TNFRSF1A	3	1	2	0.6666666666666666
TNFRSF1B	1	0	1	1
TNFRSF21	3	1	2	0.6666666666666666
TNFRSF25	3	2	1	0.6666666666666666
TNFRSF4	1	0	1	1
TNFRSF6B	2	1	1	0.5
TNFRSF8	2	2	0	1
TNFRSF9	3	1	2	0.6666666666666666
TNFSF10	3	0	3	1
TNFSF11	1	1	0	1
TNFSF12	3	2	1	0.6666666666666666
TNFSF12-TNFSF13	1	0	1	1
TNFSF13	3	2	1	0.6666666666666666
TNFSF13B	2	2	0	1
TNFSF14	1	0	1	1
TNFSF15	3	1	2	0.6666666666666666
TNFSF18	3	0	3	1
TNFSF4	3	1	2	0.6666666666666666
TNFSF9	3	2	1	0.6666666666666666
TNIK	3	1	2	0.6666666666666666
TNIP1	3	3	0	1
TNIP2	3	2	1	0.6666666666666666
TNIP3	1	0	1	1
TNK1	3	3	0	1
TNK2	3	2	1	0.6666666666666666
TNK2-AS1	1	1	0	1
TNKS	3	1	2	0.6666666666666666
TNKS1BP1	3	2	1	0.6666666666666666
TNKS2	3	2	1	0.6666666666666666
TNMD	1	0	1	1
TNN	1	0	1	1
TNNC1	2	0	2	1
TNNC2	2	1	1	0.5
TNNI1	3	2	1	0.6666666666666666
TNNI2	1	1	0	1
TNNI3	2	1	1	0.5
TNNI3K	2	1	1	0.5
TNNT1	3	2	1	0.6666666666666666
TNNT2	3	0	3	1
TNNT3	1	1	0	1
TNP2	1	1	0	1
TNPO1	3	1	2	0.6666666666666666
TNPO2	3	1	2	0.6666666666666666
TNPO3	3	1	2	0.6666666666666666
TNRC18	3	1	2	0.6666666666666666
TNRC6A	3	2	1	0.6666666666666666
TNRC6B	3	2	1	0.6666666666666666
TNRC6C	3	2	1	0.6666666666666666
TNRC6C-AS1	1	1	0	1
TNS1	3	2	1	0.6666666666666666
TNS2	2	0	2	1
TNS3	3	2	1	0.6666666666666666
TNS4	3	2	1	0.6666666666666666
TNXB	3	3	0	1
TOB1	3	2	1	0.6666666666666666
TOB1-AS1	1	1	0	1
TOB2	3	1	2	0.6666666666666666
TOB2P1	1	0	1	1
TOE1	3	2	1	0.6666666666666666
TOGARAM1	1	0	1	1
TOGARAM2	1	0	1	1
TOLLIP	3	2	1	0.6666666666666666
TOLLIP-AS1	1	1	0	1
TOM1	3	2	1	0.6666666666666666
TOM1L1	3	1	2	0.6666666666666666
TOM1L2	3	2	1	0.6666666666666666
TOMM20	3	2	1	0.6666666666666666
TOMM20L	2	2	0	1
TOMM22	3	1	2	0.6666666666666666
TOMM34	3	1	2	0.6666666666666666
TOMM40	3	2	1	0.6666666666666666
TOMM40L	3	1	2	0.6666666666666666
TOMM5	3	2	1	0.6666666666666666
TOMM6	3	2	1	0.6666666666666666
TOMM7	3	2	1	0.6666666666666666
TOMM70	2	2	0	1
TOMM70A	1	1	0	1
TONSL	3	2	1	0.6666666666666666
TONSL-AS1	1	1	0	1
TOP1	3	1	2	0.6666666666666666
TOP1MT	3	1	2	0.6666666666666666
TOP1P1	1	1	0	1
TOP2A	3	1	2	0.6666666666666666
TOP2B	3	1	2	0.6666666666666666
TOP3A	3	3	0	1
TOP3B	3	1	2	0.6666666666666666
TOPBP1	3	2	1	0.6666666666666666
TOPORS	3	2	1	0.6666666666666666
TOR1A	3	1	2	0.6666666666666666
TOR1AIP1	3	1	2	0.6666666666666666
TOR1AIP2	3	1	2	0.6666666666666666
TOR1B	3	3	0	1
TOR2A	3	2	1	0.6666666666666666
TOR3A	3	1	2	0.6666666666666666
TOR4A	3	3	0	1
TOX	3	1	2	0.6666666666666666
TOX2	3	2	1	0.6666666666666666
TOX3	1	1	0	1
TOX4	3	1	2	0.6666666666666666
TP53	3	2	1	0.6666666666666666
TP53AIP1	1	1	0	1
TP53BP1	3	3	0	1
TP53BP2	3	1	2	0.6666666666666666
TP53I11	3	2	1	0.6666666666666666
TP53I13	3	2	1	0.6666666666666666
TP53I3	3	2	1	0.6666666666666666
TP53INP1	3	2	1	0.6666666666666666
TP53INP2	3	1	2	0.6666666666666666
TP53RK	3	2	1	0.6666666666666666
TP53TG1	1	1	0	1
TP53TG3	1	0	1	1
TP53TG3B	1	0	1	1
TP53TG3C	1	0	1	1
TP53TG3D	2	1	1	0.5
TP53TG5	2	1	1	0.5
TP63	3	2	1	0.6666666666666666
TP73	3	3	0	1
TP73-AS1	1	1	0	1
TPBG	3	2	1	0.6666666666666666
TPBGL	1	0	1	1
TPCN1	3	2	1	0.6666666666666666
TPCN2	3	3	0	1
TPD52	3	0	3	1
TPD52L1	3	2	1	0.6666666666666666
TPD52L2	3	3	0	1
TPGS1	2	0	2	1
TPGS2	3	3	0	1
TPH1	2	0	2	1
TPH2	3	3	0	1
TPI1	3	1	2	0.6666666666666666
TPI1P2	1	1	0	1
TPI1P3	1	0	1	1
TPK1	3	2	1	0.6666666666666666
TPM1	3	2	1	0.6666666666666666
TPM1-AS	1	1	0	1
TPM2	3	2	1	0.6666666666666666
TPM3	3	0	3	1
TPM3P9	1	0	1	1
TPM4	3	1	2	0.6666666666666666
TPMT	3	1	2	0.6666666666666666
TPO	1	1	0	1
TPP1	3	2	1	0.6666666666666666
TPP2	3	1	2	0.6666666666666666
TPPP	3	1	2	0.6666666666666666
TPPP2	1	0	1	1
TPPP3	2	0	2	1
TPR	3	0	3	1
TPRA1	3	2	1	0.6666666666666666
TPRG1	3	1	2	0.6666666666666666
TPRG1-AS1	1	0	1	1
TPRG1L	3	3	0	1
TPRKB	3	0	3	1
TPRN	3	2	1	0.6666666666666666
TPSAB1	1	0	1	1
TPSB2	1	0	1	1
TPSD1	1	0	1	1
TPSG1	1	0	1	1
TPST1	3	0	3	1
TPST2	3	2	1	0.6666666666666666
TPT1	3	3	0	1
TPT1-AS1	1	1	0	1
TPTE	2	1	1	0.5
TPTE2	1	0	1	1
TPTE2P1	1	0	1	1
TPTE2P5	1	0	1	1
TPTEP1	1	1	0	1
TPX2	3	1	2	0.6666666666666666
TRA2A	3	1	2	0.6666666666666666
TRA2B	3	1	2	0.6666666666666666
TRABD	3	2	1	0.6666666666666666
TRABD2A	3	2	1	0.6666666666666666
TRABD2B	2	0	2	1
TRADD	3	3	0	1
TRAF1	3	1	2	0.6666666666666666
TRAF2	3	3	0	1
TRAF3	3	1	2	0.6666666666666666
TRAF3IP1	3	2	1	0.6666666666666666
TRAF3IP2	3	1	2	0.6666666666666666
TRAF3IP2-AS1	1	1	0	1
TRAF3IP3	2	2	0	1
TRAF4	3	2	1	0.6666666666666666
TRAF5	3	0	3	1
TRAF6	3	2	1	0.6666666666666666
TRAF7	3	2	1	0.6666666666666666
TRAFD1	3	2	1	0.6666666666666666
TRAIP	3	3	0	1
TRAK1	3	2	1	0.6666666666666666
TRAK2	3	1	2	0.6666666666666666
TRAM1	3	0	3	1
TRAM1L1	3	0	3	1
TRAM2	3	2	1	0.6666666666666666
TRAM2-AS1	1	1	0	1
TRANK1	3	2	1	0.6666666666666666
TRAP1	3	2	1	0.6666666666666666
TRAPPC1	3	3	0	1
TRAPPC10	3	2	1	0.6666666666666666
TRAPPC11	3	2	1	0.6666666666666666
TRAPPC12	3	2	1	0.6666666666666666
TRAPPC13	3	0	3	1
TRAPPC2	3	1	2	0.6666666666666666
TRAPPC2B	1	0	1	1
TRAPPC2L	3	3	0	1
TRAPPC2P1	1	0	1	1
TRAPPC3	3	1	2	0.6666666666666666
TRAPPC3L	1	0	1	1
TRAPPC4	3	1	2	0.6666666666666666
TRAPPC5	3	1	2	0.6666666666666666
TRAPPC6A	3	3	0	1
TRAPPC6B	3	1	2	0.6666666666666666
TRAPPC8	3	2	1	0.6666666666666666
TRAPPC9	3	1	2	0.6666666666666666
TRAT1	1	0	1	1
TRDMT1	3	0	3	1
TRDN	1	0	1	1
TREH	2	1	1	0.5
TREM2	1	1	0	1
TREML1	1	1	0	1
TREML2	1	0	1	1
TREML4	1	0	1	1
TRERF1	3	2	1	0.6666666666666666
TREX1	2	2	0	1
TREX2	3	3	0	1
TRH	1	0	1	1
TRHDE	3	0	3	1
TRHDE-AS1	1	0	1	1
TRI-TAT2-2	1	1	0	1
TRIAP1	3	1	2	0.6666666666666666
TRIB1	3	2	1	0.6666666666666666
TRIB2	3	1	2	0.6666666666666666
TRIB3	3	1	2	0.6666666666666666
TRIL	1	0	1	1
TRIM10	2	0	2	1
TRIM11	3	3	0	1
TRIM13	3	2	1	0.6666666666666666
TRIM14	3	2	1	0.6666666666666666
TRIM15	1	0	1	1
TRIM16	3	2	1	0.6666666666666666
TRIM16L	3	2	1	0.6666666666666666
TRIM17	3	3	0	1
TRIM2	3	2	1	0.6666666666666666
TRIM21	3	2	1	0.6666666666666666
TRIM22	3	1	2	0.6666666666666666
TRIM23	3	3	0	1
TRIM24	3	2	1	0.6666666666666666
TRIM25	3	1	2	0.6666666666666666
TRIM26	3	3	0	1
TRIM27	3	3	0	1
TRIM28	3	1	2	0.6666666666666666
TRIM29	3	2	1	0.6666666666666666
TRIM3	3	2	1	0.6666666666666666
TRIM31	3	3	0	1
TRIM31-AS1	1	1	0	1
TRIM32	3	1	2	0.6666666666666666
TRIM33	3	1	2	0.6666666666666666
TRIM34	2	1	1	0.5
TRIM35	3	3	0	1
TRIM36	3	1	2	0.6666666666666666
TRIM37	3	1	2	0.6666666666666666
TRIM38	3	0	3	1
TRIM39	3	2	1	0.6666666666666666
TRIM39-RPP21	1	1	0	1
TRIM4	3	2	1	0.6666666666666666
TRIM40	1	1	0	1
TRIM41	3	2	1	0.6666666666666666
TRIM43	1	0	1	1
TRIM44	3	1	2	0.6666666666666666
TRIM45	3	2	1	0.6666666666666666
TRIM46	3	2	1	0.6666666666666666
TRIM47	3	2	1	0.6666666666666666
TRIM49	1	1	0	1
TRIM49C	1	1	0	1
TRIM49D1	1	0	1	1
TRIM5	3	2	1	0.6666666666666666
TRIM50	1	0	1	1
TRIM52	3	2	1	0.6666666666666666
TRIM52-AS1	1	1	0	1
TRIM54	2	0	2	1
TRIM55	3	1	2	0.6666666666666666
TRIM56	3	3	0	1
TRIM58	3	2	1	0.6666666666666666
TRIM59	3	2	1	0.6666666666666666
TRIM59-IFT80	1	1	0	1
TRIM6	3	2	1	0.6666666666666666
TRIM6-TRIM34	1	1	0	1
TRIM60	1	0	1	1
TRIM61	3	1	2	0.6666666666666666
TRIM62	3	2	1	0.6666666666666666
TRIM63	1	0	1	1
TRIM65	3	2	1	0.6666666666666666
TRIM66	3	3	0	1
TRIM67	1	1	0	1
TRIM68	3	2	1	0.6666666666666666
TRIM69	2	0	2	1
TRIM7	3	1	2	0.6666666666666666
TRIM71	1	0	1	1
TRIM72	1	0	1	1
TRIM73	2	2	0	1
TRIM74	2	2	0	1
TRIM8	3	2	1	0.6666666666666666
TRIM9	3	2	1	0.6666666666666666
TRIML1	1	1	0	1
TRIML2	1	0	1	1
TRIO	3	2	1	0.6666666666666666
TRIOBP	3	2	1	0.6666666666666666
TRIP10	3	3	0	1
TRIP11	3	1	2	0.6666666666666666
TRIP12	3	1	2	0.6666666666666666
TRIP13	3	3	0	1
TRIP4	3	2	1	0.6666666666666666
TRIP6	3	2	1	0.6666666666666666
TRIQK	3	1	2	0.6666666666666666
TRIR	1	1	0	1
TRIT1	3	0	3	1
TRMO	2	1	1	0.5
TRMT1	3	1	2	0.6666666666666666
TRMT10A	3	1	2	0.6666666666666666
TRMT10B	3	2	1	0.6666666666666666
TRMT10C	3	2	1	0.6666666666666666
TRMT11	3	0	3	1
TRMT112	3	2	1	0.6666666666666666
TRMT12	3	1	2	0.6666666666666666
TRMT13	3	0	3	1
TRMT1L	3	1	2	0.6666666666666666
TRMT2A	3	3	0	1
TRMT2B	3	1	2	0.6666666666666666
TRMT44	3	2	1	0.6666666666666666
TRMT5	3	2	1	0.6666666666666666
TRMT6	3	1	2	0.6666666666666666
TRMT61A	3	3	0	1
TRMT61B	3	2	1	0.6666666666666666
TRMT9B	1	1	0	1
TRMU	3	2	1	0.6666666666666666
TRNA	1	1	0	1
TRNAU1AP	3	2	1	0.6666666666666666
TRNC	1	1	0	1
TRND	1	0	1	1
TRNE	1	1	0	1
TRNF	1	0	1	1
TRNG	1	0	1	1
TRNH	1	0	1	1
TRNI	1	0	1	1
TRNK	1	0	1	1
TRNL1	1	1	0	1
TRNL2	1	0	1	1
TRNM	1	0	1	1
TRNN	1	1	0	1
TRNP	1	1	0	1
TRNP1	3	2	1	0.6666666666666666
TRNR	1	0	1	1
TRNS1	1	0	1	1
TRNT	1	0	1	1
TRNT1	3	1	2	0.6666666666666666
TRNW	1	0	1	1
TRNY	1	1	0	1
TRO	3	1	2	0.6666666666666666
TROAP	3	1	2	0.6666666666666666
TROVE2	2	1	1	0.5
TRPA1	2	1	1	0.5
TRPC1	3	1	2	0.6666666666666666
TRPC3	1	0	1	1
TRPC4	3	1	2	0.6666666666666666
TRPC4AP	3	2	1	0.6666666666666666
TRPC5	1	1	0	1
TRPC5OS	1	0	1	1
TRPC6	1	0	1	1
TRPC7	1	0	1	1
TRPM1	2	1	1	0.5
TRPM2	3	3	0	1
TRPM2-AS	1	1	0	1
TRPM3	3	0	3	1
TRPM4	3	1	2	0.6666666666666666
TRPM5	1	0	1	1
TRPM6	1	0	1	1
TRPM7	3	2	1	0.6666666666666666
TRPM8	2	1	1	0.5
TRPS1	3	0	3	1
TRPT1	3	3	0	1
TRPV1	3	2	1	0.6666666666666666
TRPV2	2	0	2	1
TRPV3	2	1	1	0.5
TRPV4	3	3	0	1
TRPV5	1	1	0	1
TRPV6	2	1	1	0.5
TRRAP	3	2	1	0.6666666666666666
TRUB1	3	0	3	1
TRUB2	3	3	0	1
TSACC	3	1	2	0.6666666666666666
TSC1	3	1	2	0.6666666666666666
TSC2	3	2	1	0.6666666666666666
TSC22D1	3	1	2	0.6666666666666666
TSC22D1-AS1	1	1	0	1
TSC22D2	3	2	1	0.6666666666666666
TSC22D3	2	0	2	1
TSC22D4	3	1	2	0.6666666666666666
TSEN15	3	1	2	0.6666666666666666
TSEN2	3	2	1	0.6666666666666666
TSEN34	3	2	1	0.6666666666666666
TSEN54	3	3	0	1
TSFM	3	0	3	1
TSG101	3	1	2	0.6666666666666666
TSGA10	3	2	1	0.6666666666666666
TSGA10IP	1	0	1	1
TSGA13	2	0	2	1
TSHR	1	0	1	1
TSHZ1	3	0	3	1
TSHZ2	2	2	0	1
TSHZ3	3	2	1	0.6666666666666666
TSKS	1	1	0	1
TSKU	3	2	1	0.6666666666666666
TSLP	3	2	1	0.6666666666666666
TSN	3	1	2	0.6666666666666666
TSNARE1	3	1	2	0.6666666666666666
TSNAX	3	1	2	0.6666666666666666
TSNAX-DISC1	1	1	0	1
TSNAXIP1	3	3	0	1
TSPAN1	3	1	2	0.6666666666666666
TSPAN10	3	3	0	1
TSPAN11	2	1	1	0.5
TSPAN12	3	1	2	0.6666666666666666
TSPAN13	2	1	1	0.5
TSPAN14	3	3	0	1
TSPAN15	3	1	2	0.6666666666666666
TSPAN16	1	1	0	1
TSPAN17	3	1	2	0.6666666666666666
TSPAN18	2	1	1	0.5
TSPAN19	1	0	1	1
TSPAN2	3	2	1	0.6666666666666666
TSPAN3	3	2	1	0.6666666666666666
TSPAN31	3	2	1	0.6666666666666666
TSPAN32	1	0	1	1
TSPAN33	3	1	2	0.6666666666666666
TSPAN4	3	1	2	0.6666666666666666
TSPAN5	3	0	3	1
TSPAN6	3	1	2	0.6666666666666666
TSPAN7	3	1	2	0.6666666666666666
TSPAN8	1	0	1	1
TSPAN9	3	2	1	0.6666666666666666
TSPEAR	1	0	1	1
TSPO	3	1	2	0.6666666666666666
TSPO2	1	1	0	1
TSPOAP1	2	1	1	0.5
TSPYL1	3	0	3	1
TSPYL2	3	1	2	0.6666666666666666
TSPYL4	3	3	0	1
TSPYL5	2	0	2	1
TSPYL6	1	0	1	1
TSR1	3	1	2	0.6666666666666666
TSR2	3	3	0	1
TSR3	3	3	0	1
TSSC1	2	0	2	1
TSSC4	3	2	1	0.6666666666666666
TSSK1B	1	1	0	1
TSSK2	1	0	1	1
TSSK3	3	2	1	0.6666666666666666
TSSK4	3	1	2	0.6666666666666666
TSSK6	3	2	1	0.6666666666666666
TST	3	3	0	1
TSTA3	3	2	1	0.6666666666666666
TSTD1	3	3	0	1
TSTD2	3	2	1	0.6666666666666666
TSTD3	2	1	1	0.5
TTBK1	1	1	0	1
TTBK2	3	2	1	0.6666666666666666
TTC1	3	2	1	0.6666666666666666
TTC12	3	3	0	1
TTC13	3	2	1	0.6666666666666666
TTC14	3	1	2	0.6666666666666666
TTC16	2	0	2	1
TTC17	3	0	3	1
TTC18	1	1	0	1
TTC19	3	3	0	1
TTC21A	3	0	3	1
TTC21B	3	0	3	1
TTC22	3	2	1	0.6666666666666666
TTC23	3	2	1	0.6666666666666666
TTC23L	3	2	1	0.6666666666666666
TTC24	1	0	1	1
TTC25	2	0	2	1
TTC26	3	2	1	0.6666666666666666
TTC27	3	0	3	1
TTC28	3	0	3	1
TTC28-AS1	1	0	1	1
TTC29	1	1	0	1
TTC3	3	2	1	0.6666666666666666
TTC30A	3	2	1	0.6666666666666666
TTC30B	3	1	2	0.6666666666666666
TTC31	3	1	2	0.6666666666666666
TTC32	3	2	1	0.6666666666666666
TTC33	3	0	3	1
TTC34	1	0	1	1
TTC36	1	0	1	1
TTC37	3	1	2	0.6666666666666666
TTC38	3	1	2	0.6666666666666666
TTC39A	3	0	3	1
TTC39B	3	0	3	1
TTC39C	3	1	2	0.6666666666666666
TTC3P1	1	0	1	1
TTC4	3	1	2	0.6666666666666666
TTC40	1	0	1	1
TTC41P	1	0	1	1
TTC5	3	1	2	0.6666666666666666
TTC6	3	2	1	0.6666666666666666
TTC7A	3	2	1	0.6666666666666666
TTC7B	3	1	2	0.6666666666666666
TTC8	3	0	3	1
TTC9	3	1	2	0.6666666666666666
TTC9B	2	2	0	1
TTC9C	3	1	2	0.6666666666666666
TTF1	3	2	1	0.6666666666666666
TTF2	3	2	1	0.6666666666666666
TTI1	3	1	2	0.6666666666666666
TTI2	3	1	2	0.6666666666666666
TTK	3	1	2	0.6666666666666666
TTL	3	1	2	0.6666666666666666
TTLL1	3	2	1	0.6666666666666666
TTLL10	3	2	1	0.6666666666666666
TTLL11	3	1	2	0.6666666666666666
TTLL12	3	2	1	0.6666666666666666
TTLL13	1	1	0	1
TTLL13P	1	0	1	1
TTLL2	1	0	1	1
TTLL3	3	2	1	0.6666666666666666
TTLL4	3	0	3	1
TTLL5	3	2	1	0.6666666666666666
TTLL6	2	1	1	0.5
TTLL7	3	0	3	1
TTLL9	1	1	0	1
TTN	3	3	0	1
TTN-AS1	1	1	0	1
TTPA	3	1	2	0.6666666666666666
TTPAL	3	2	1	0.6666666666666666
TTYH1	2	1	1	0.5
TTYH2	3	2	1	0.6666666666666666
TTYH3	3	3	0	1
TUB	3	2	1	0.6666666666666666
TUBA1A	3	2	1	0.6666666666666666
TUBA1B	3	1	2	0.6666666666666666
TUBA1C	3	2	1	0.6666666666666666
TUBA3C	1	0	1	1
TUBA3D	3	1	2	0.6666666666666666
TUBA3E	1	0	1	1
TUBA4A	3	2	1	0.6666666666666666
TUBA8	3	2	1	0.6666666666666666
TUBAL3	1	1	0	1
TUBB	3	2	1	0.6666666666666666
TUBB1	3	2	1	0.6666666666666666
TUBB2A	3	2	1	0.6666666666666666
TUBB2B	3	3	0	1
TUBB3	3	1	2	0.6666666666666666
TUBB4A	3	2	1	0.6666666666666666
TUBB4B	3	3	0	1
TUBB6	3	3	0	1
TUBB8	2	1	1	0.5
TUBBP5	1	1	0	1
TUBD1	3	1	2	0.6666666666666666
TUBE1	3	0	3	1
TUBG1	3	3	0	1
TUBG2	3	3	0	1
TUBGCP2	3	3	0	1
TUBGCP3	3	1	2	0.6666666666666666
TUBGCP4	3	2	1	0.6666666666666666
TUBGCP5	3	2	1	0.6666666666666666
TUBGCP6	3	2	1	0.6666666666666666
TUFM	3	1	2	0.6666666666666666
TUFT1	3	1	2	0.6666666666666666
TUG1	1	1	0	1
TULP1	2	1	1	0.5
TULP2	1	0	1	1
TULP3	3	0	3	1
TULP4	3	1	2	0.6666666666666666
TUNAR	1	1	0	1
TUSC1	3	1	2	0.6666666666666666
TUSC2	3	2	1	0.6666666666666666
TUSC3	3	0	3	1
TUSC5	1	0	1	1
TUT1	3	3	0	1
TUT4	1	0	1	1
TUT7	1	0	1	1
TVP23A	2	1	1	0.5
TVP23B	3	2	1	0.6666666666666666
TVP23C	3	3	0	1
TVP23C-CDRT4	1	1	0	1
TWF1	3	0	3	1
TWF2	3	2	1	0.6666666666666666
TWIST1	3	2	1	0.6666666666666666
TWIST2	3	2	1	0.6666666666666666
TWISTNB	3	1	2	0.6666666666666666
TWNK	2	2	0	1
TWSG1	3	0	3	1
TXK	3	3	0	1
TXLNA	3	2	1	0.6666666666666666
TXLNB	1	0	1	1
TXLNG	3	2	1	0.6666666666666666
TXN	3	2	1	0.6666666666666666
TXN2	3	2	1	0.6666666666666666
TXNDC11	3	1	2	0.6666666666666666
TXNDC12	3	0	3	1
TXNDC15	3	0	3	1
TXNDC16	3	2	1	0.6666666666666666
TXNDC17	3	2	1	0.6666666666666666
TXNDC2	1	1	0	1
TXNDC5	3	2	1	0.6666666666666666
TXNDC8	1	1	0	1
TXNDC9	3	3	0	1
TXNIP	3	1	2	0.6666666666666666
TXNL1	3	0	3	1
TXNL4A	3	1	2	0.6666666666666666
TXNL4B	3	2	1	0.6666666666666666
TXNRD1	3	0	3	1
TXNRD2	3	2	1	0.6666666666666666
TXNRD3	3	1	2	0.6666666666666666
TXNRD3NB	2	1	1	0.5
TYK2	3	3	0	1
TYMP	3	0	3	1
TYMS	3	3	0	1
TYMSOS	2	2	0	1
TYR	1	1	0	1
TYRO3	3	1	2	0.6666666666666666
TYROBP	1	0	1	1
TYRP1	2	0	2	1
TYSND1	3	2	1	0.6666666666666666
TYW1	3	0	3	1
TYW1B	3	1	2	0.6666666666666666
TYW3	3	2	1	0.6666666666666666
TYW5	3	1	2	0.6666666666666666
U2AF1	3	2	1	0.6666666666666666
U2AF1L4	3	1	2	0.6666666666666666
U2AF2	3	1	2	0.6666666666666666
U2SURP	3	2	1	0.6666666666666666
UACA	3	0	3	1
UAP1	3	1	2	0.6666666666666666
UAP1L1	3	1	2	0.6666666666666666
UBA1	3	2	1	0.6666666666666666
UBA2	3	1	2	0.6666666666666666
UBA3	3	0	3	1
UBA5	3	1	2	0.6666666666666666
UBA52	3	0	3	1
UBA6	3	0	3	1
UBA6-AS1	1	1	0	1
UBA7	3	2	1	0.6666666666666666
UBAC1	3	3	0	1
UBAC2	3	2	1	0.6666666666666666
UBAC2-AS1	1	0	1	1
UBALD1	3	2	1	0.6666666666666666
UBALD2	3	1	2	0.6666666666666666
UBAP1	3	1	2	0.6666666666666666
UBAP1L	2	1	1	0.5
UBAP2	3	2	1	0.6666666666666666
UBAP2L	3	0	3	1
UBASH3A	1	1	0	1
UBASH3B	3	1	2	0.6666666666666666
UBB	3	3	0	1
UBBP4	1	1	0	1
UBC	3	2	1	0.6666666666666666
UBD	1	0	1	1
UBE2A	3	1	2	0.6666666666666666
UBE2B	3	2	1	0.6666666666666666
UBE2C	3	1	2	0.6666666666666666
UBE2CP5	1	1	0	1
UBE2D1	3	1	2	0.6666666666666666
UBE2D2	3	1	2	0.6666666666666666
UBE2D3	3	1	2	0.6666666666666666
UBE2D3-AS1	1	1	0	1
UBE2D4	3	0	3	1
UBE2E1	3	0	3	1
UBE2E2	3	1	2	0.6666666666666666
UBE2E3	3	1	2	0.6666666666666666
UBE2E4P	1	1	0	1
UBE2F	3	2	1	0.6666666666666666
UBE2F-SCLY	1	1	0	1
UBE2G1	3	1	2	0.6666666666666666
UBE2G2	3	2	1	0.6666666666666666
UBE2H	3	1	2	0.6666666666666666
UBE2I	3	1	2	0.6666666666666666
UBE2J1	3	0	3	1
UBE2J2	3	2	1	0.6666666666666666
UBE2K	3	1	2	0.6666666666666666
UBE2L3	3	3	0	1
UBE2L6	3	2	1	0.6666666666666666
UBE2M	3	0	3	1
UBE2N	3	2	1	0.6666666666666666
UBE2O	3	3	0	1
UBE2Q1	3	1	2	0.6666666666666666
UBE2Q1-AS1	1	0	1	1
UBE2Q2	3	2	1	0.6666666666666666
UBE2Q2L	1	0	1	1
UBE2Q2P1	1	0	1	1
UBE2QL1	2	0	2	1
UBE2R2	3	2	1	0.6666666666666666
UBE2S	3	1	2	0.6666666666666666
UBE2T	3	1	2	0.6666666666666666
UBE2V1	3	2	1	0.6666666666666666
UBE2V2	3	1	2	0.6666666666666666
UBE2W	3	1	2	0.6666666666666666
UBE2Z	3	3	0	1
UBE3A	3	1	2	0.6666666666666666
UBE3B	3	2	1	0.6666666666666666
UBE3C	3	3	0	1
UBE3D	3	1	2	0.6666666666666666
UBE4A	3	0	3	1
UBE4B	3	2	1	0.6666666666666666
UBFD1	3	1	2	0.6666666666666666
UBIAD1	3	2	1	0.6666666666666666
UBL3	3	3	0	1
UBL4A	3	1	2	0.6666666666666666
UBL4B	1	0	1	1
UBL5	3	1	2	0.6666666666666666
UBL7	3	2	1	0.6666666666666666
UBL7-AS1	1	1	0	1
UBLCP1	3	1	2	0.6666666666666666
UBN1	3	3	0	1
UBN2	3	2	1	0.6666666666666666
UBOX5	3	1	2	0.6666666666666666
UBP1	3	0	3	1
UBQLN1	3	0	3	1
UBQLN2	3	2	1	0.6666666666666666
UBQLN3	1	1	0	1
UBQLN4	3	1	2	0.6666666666666666
UBQLNL	1	1	0	1
UBR1	3	1	2	0.6666666666666666
UBR2	3	1	2	0.6666666666666666
UBR3	3	0	3	1
UBR4	3	1	2	0.6666666666666666
UBR5	3	0	3	1
UBR5-AS1	1	1	0	1
UBR7	3	2	1	0.6666666666666666
UBTD1	3	2	1	0.6666666666666666
UBTD2	3	1	2	0.6666666666666666
UBTF	3	2	1	0.6666666666666666
UBXN1	3	3	0	1
UBXN10	2	1	1	0.5
UBXN11	3	2	1	0.6666666666666666
UBXN2A	3	0	3	1
UBXN2B	3	1	2	0.6666666666666666
UBXN4	3	2	1	0.6666666666666666
UBXN6	3	2	1	0.6666666666666666
UBXN7	3	2	1	0.6666666666666666
UBXN8	2	1	1	0.5
UCA1	1	1	0	1
UCHL1	3	0	3	1
UCHL3	3	2	1	0.6666666666666666
UCHL5	3	1	2	0.6666666666666666
UCK1	3	3	0	1
UCK2	3	0	3	1
UCKL1	3	2	1	0.6666666666666666
UCKL1-AS1	1	1	0	1
UCMA	1	1	0	1
UCN	2	1	1	0.5
UCN2	3	2	1	0.6666666666666666
UCP1	1	0	1	1
UCP2	3	1	2	0.6666666666666666
UCP3	3	1	2	0.6666666666666666
UEVLD	3	1	2	0.6666666666666666
UFC1	3	1	2	0.6666666666666666
UFD1	1	1	0	1
UFD1L	2	0	2	1
UFL1	3	0	3	1
UFM1	3	2	1	0.6666666666666666
UFSP1	3	1	2	0.6666666666666666
UFSP2	3	1	2	0.6666666666666666
UGCG	3	1	2	0.6666666666666666
UGDH	3	2	1	0.6666666666666666
UGDH-AS1	1	1	0	1
UGGT1	3	1	2	0.6666666666666666
UGGT2	3	1	2	0.6666666666666666
UGP2	3	1	2	0.6666666666666666
UGT1A1	1	1	0	1
UGT1A3	1	1	0	1
UGT1A4	1	1	0	1
UGT1A5	1	1	0	1
UGT1A6	1	1	0	1
UGT1A7	1	1	0	1
UGT2A1	1	1	0	1
UGT2A3	1	1	0	1
UGT2B15	1	1	0	1
UGT2B17	1	1	0	1
UGT2B4	1	0	1	1
UGT2B7	2	0	2	1
UGT3A1	1	0	1	1
UGT3A2	2	0	2	1
UGT8	3	1	2	0.6666666666666666
UHMK1	3	2	1	0.6666666666666666
UHRF1	2	2	0	1
UHRF1BP1	3	1	2	0.6666666666666666
UHRF1BP1L	3	1	2	0.6666666666666666
UHRF2	3	2	1	0.6666666666666666
UIMC1	3	2	1	0.6666666666666666
ULBP1	3	0	3	1
ULBP2	3	1	2	0.6666666666666666
ULBP3	3	1	2	0.6666666666666666
ULK1	3	2	1	0.6666666666666666
ULK2	3	2	1	0.6666666666666666
ULK3	3	2	1	0.6666666666666666
ULK4	3	0	3	1
UMAD1	2	0	2	1
UMODL1	1	1	0	1
UMPS	3	3	0	1
UNC119	3	2	1	0.6666666666666666
UNC119B	3	2	1	0.6666666666666666
UNC13A	3	2	1	0.6666666666666666
UNC13B	3	2	1	0.6666666666666666
UNC13C	1	0	1	1
UNC13D	3	3	0	1
UNC45A	3	3	0	1
UNC45B	1	1	0	1
UNC50	3	2	1	0.6666666666666666
UNC5A	3	1	2	0.6666666666666666
UNC5B	2	0	2	1
UNC5C	1	0	1	1
UNC5CL	3	1	2	0.6666666666666666
UNC5D	2	1	1	0.5
UNC79	3	2	1	0.6666666666666666
UNC80	2	1	1	0.5
UNC93B1	3	2	1	0.6666666666666666
UNCX	1	0	1	1
UNG	3	2	1	0.6666666666666666
UNK	3	1	2	0.6666666666666666
UNKL	3	3	0	1
UPB1	2	1	1	0.5
UPF1	3	3	0	1
UPF2	3	0	3	1
UPF3A	3	1	2	0.6666666666666666
UPF3B	3	1	2	0.6666666666666666
UPK1A	1	0	1	1
UPK1B	3	1	2	0.6666666666666666
UPK2	3	1	2	0.6666666666666666
UPK3A	1	1	0	1
UPK3B	3	1	2	0.6666666666666666
UPK3BL	1	0	1	1
UPK3BL2	1	0	1	1
UPP1	3	2	1	0.6666666666666666
UPP2	1	1	0	1
UPRT	3	1	2	0.6666666666666666
UQCC1	3	1	2	0.6666666666666666
UQCC2	3	2	1	0.6666666666666666
UQCC3	2	2	0	1
UQCR10	3	3	0	1
UQCR11	3	2	1	0.6666666666666666
UQCRB	3	1	2	0.6666666666666666
UQCRBP1	1	1	0	1
UQCRC1	3	3	0	1
UQCRC2	3	1	2	0.6666666666666666
UQCRFS1	3	1	2	0.6666666666666666
UQCRH	3	0	3	1
UQCRHL	2	1	1	0.5
UQCRQ	3	1	2	0.6666666666666666
URAD	1	0	1	1
URAHP	1	1	0	1
URB1	3	3	0	1
URB1-AS1	1	1	0	1
URB2	3	3	0	1
URGCP	3	2	1	0.6666666666666666
URGCP-MRPS24	1	0	1	1
URI1	3	2	1	0.6666666666666666
URM1	3	3	0	1
UROC1	1	0	1	1
UROD	3	2	1	0.6666666666666666
UROS	3	1	2	0.6666666666666666
USB1	3	1	2	0.6666666666666666
USE1	3	1	2	0.6666666666666666
USF1	3	1	2	0.6666666666666666
USF2	3	1	2	0.6666666666666666
USF3	2	1	1	0.5
USH1C	1	0	1	1
USH1G	2	0	2	1
USH2A	1	0	1	1
USHBP1	2	1	1	0.5
USMG5	2	1	1	0.5
USO1	3	1	2	0.6666666666666666
USP1	3	1	2	0.6666666666666666
USP10	3	2	1	0.6666666666666666
USP11	3	1	2	0.6666666666666666
USP12	3	1	2	0.6666666666666666
USP13	3	1	2	0.6666666666666666
USP14	3	0	3	1
USP15	3	2	1	0.6666666666666666
USP16	3	3	0	1
USP17L1	1	1	0	1
USP17L11	1	1	0	1
USP17L12	1	1	0	1
USP17L15	1	1	0	1
USP17L17	1	1	0	1
USP17L18	1	0	1	1
USP17L2	1	0	1	1
USP17L3	1	0	1	1
USP17L4	1	0	1	1
USP17L7	1	0	1	1
USP17L8	1	0	1	1
USP18	3	0	3	1
USP19	3	2	1	0.6666666666666666
USP2	3	1	2	0.6666666666666666
USP2-AS1	1	0	1	1
USP20	3	3	0	1
USP21	3	1	2	0.6666666666666666
USP22	3	2	1	0.6666666666666666
USP24	3	1	2	0.6666666666666666
USP25	3	0	3	1
USP26	1	0	1	1
USP27X	3	1	2	0.6666666666666666
USP27X-AS1	1	1	0	1
USP28	3	2	1	0.6666666666666666
USP3	3	0	3	1
USP3-AS1	1	0	1	1
USP30	3	2	1	0.6666666666666666
USP31	3	1	2	0.6666666666666666
USP32	3	1	2	0.6666666666666666
USP32P2	1	0	1	1
USP32P3	1	1	0	1
USP33	3	0	3	1
USP34	3	2	1	0.6666666666666666
USP35	3	3	0	1
USP36	3	2	1	0.6666666666666666
USP37	3	2	1	0.6666666666666666
USP38	3	1	2	0.6666666666666666
USP39	3	2	1	0.6666666666666666
USP4	3	1	2	0.6666666666666666
USP40	3	2	1	0.6666666666666666
USP41	1	1	0	1
USP42	3	1	2	0.6666666666666666
USP43	3	1	2	0.6666666666666666
USP44	3	1	2	0.6666666666666666
USP45	3	0	3	1
USP46	3	1	2	0.6666666666666666
USP46-AS1	1	1	0	1
USP47	3	1	2	0.6666666666666666
USP48	3	2	1	0.6666666666666666
USP49	3	2	1	0.6666666666666666
USP5	3	2	1	0.6666666666666666
USP50	2	0	2	1
USP51	3	1	2	0.6666666666666666
USP53	3	1	2	0.6666666666666666
USP54	3	0	3	1
USP6	3	2	1	0.6666666666666666
USP6NL	3	0	3	1
USP7	3	1	2	0.6666666666666666
USP8	3	0	3	1
USP9X	3	1	2	0.6666666666666666
USPL1	3	2	1	0.6666666666666666
UST	3	2	1	0.6666666666666666
UTF1	1	0	1	1
UTP11	2	0	2	1
UTP11L	1	0	1	1
UTP14A	3	1	2	0.6666666666666666
UTP14C	2	1	1	0.5
UTP15	3	0	3	1
UTP18	3	2	1	0.6666666666666666
UTP20	3	2	1	0.6666666666666666
UTP23	3	1	2	0.6666666666666666
UTP25	1	0	1	1
UTP3	3	2	1	0.6666666666666666
UTP4	2	1	1	0.5
UTP6	3	2	1	0.6666666666666666
UTRN	3	0	3	1
UTS2	2	0	2	1
UTS2B	2	0	2	1
UTS2R	1	1	0	1
UTY	1	0	1	1
UVRAG	3	1	2	0.6666666666666666
UVRAG-DT	1	1	0	1
UVSSA	3	1	2	0.6666666666666666
UXS1	3	2	1	0.6666666666666666
UXT	3	1	2	0.6666666666666666
VAC14	3	3	0	1
VAC14-AS1	1	0	1	1
VAMP1	3	1	2	0.6666666666666666
VAMP2	3	2	1	0.6666666666666666
VAMP3	3	3	0	1
VAMP4	3	1	2	0.6666666666666666
VAMP5	2	1	1	0.5
VAMP7	2	1	1	0.5
VAMP8	3	1	2	0.6666666666666666
VANGL1	3	1	2	0.6666666666666666
VANGL2	3	0	3	1
VAPA	3	0	3	1
VAPB	3	3	0	1
VARS	2	1	1	0.5
VARS1	1	1	0	1
VARS2	3	3	0	1
VASH1	3	1	2	0.6666666666666666
VASH2	3	1	2	0.6666666666666666
VASN	3	0	3	1
VASP	3	0	3	1
VAT1	3	2	1	0.6666666666666666
VAT1L	2	0	2	1
VAV1	2	2	0	1
VAV2	3	3	0	1
VAV3	2	1	1	0.5
VAX1	1	0	1	1
VAX2	3	1	2	0.6666666666666666
VBP1	3	1	2	0.6666666666666666
VCAM1	1	0	1	1
VCAN	2	0	2	1
VCL	3	1	2	0.6666666666666666
VCP	3	1	2	0.6666666666666666
VCPIP1	3	2	1	0.6666666666666666
VCPKMT	3	2	1	0.6666666666666666
VCX	1	1	0	1
VCX3A	1	0	1	1
VCX3B	1	1	0	1
VDAC1	3	3	0	1
VDAC2	3	1	2	0.6666666666666666
VDAC3	3	1	2	0.6666666666666666
VDR	3	1	2	0.6666666666666666
VEGFA	3	0	3	1
VEGFB	3	2	1	0.6666666666666666
VEGFC	3	2	1	0.6666666666666666
VEGFD	1	1	0	1
VENTX	1	0	1	1
VEPH1	3	1	2	0.6666666666666666
VEZF1	3	0	3	1
VEZT	3	1	2	0.6666666666666666
VGF	3	2	1	0.6666666666666666
VGLL1	3	1	2	0.6666666666666666
VGLL2	1	0	1	1
VGLL3	3	1	2	0.6666666666666666
VGLL4	3	1	2	0.6666666666666666
VHL	3	1	2	0.6666666666666666
VHLL	1	0	1	1
VIL1	2	0	2	1
VILL	2	2	0	1
VIM	3	1	2	0.6666666666666666
VIM-AS1	1	1	0	1
VIMP	1	0	1	1
VIP	2	1	1	0.5
VIPAS39	3	1	2	0.6666666666666666
VIPR1	3	3	0	1
VIPR2	2	2	0	1
VIRMA	1	1	0	1
VIT	2	1	1	0.5
VKORC1	3	1	2	0.6666666666666666
VKORC1L1	3	0	3	1
VLDLR	3	1	2	0.6666666666666666
VLDLR-AS1	1	0	1	1
VMA21	3	1	2	0.6666666666666666
VMAC	3	2	1	0.6666666666666666
VMO1	1	0	1	1
VMP1	3	1	2	0.6666666666666666
VN1R1	3	0	3	1
VN1R5	1	1	0	1
VNN1	3	2	1	0.6666666666666666
VNN2	2	2	0	1
VOPP1	3	2	1	0.6666666666666666
VPRBP	1	0	1	1
VPREB3	1	0	1	1
VPS11	3	2	1	0.6666666666666666
VPS13A	3	0	3	1
VPS13B	3	2	1	0.6666666666666666
VPS13C	3	2	1	0.6666666666666666
VPS13D	3	3	0	1
VPS16	3	1	2	0.6666666666666666
VPS18	3	2	1	0.6666666666666666
VPS25	3	2	1	0.6666666666666666
VPS26A	3	2	1	0.6666666666666666
VPS26B	3	1	2	0.6666666666666666
VPS26C	1	1	0	1
VPS28	3	1	2	0.6666666666666666
VPS29	3	1	2	0.6666666666666666
VPS33A	3	1	2	0.6666666666666666
VPS33B	3	2	1	0.6666666666666666
VPS33B-DT	1	0	1	1
VPS35	3	1	2	0.6666666666666666
VPS35L	1	0	1	1
VPS36	3	1	2	0.6666666666666666
VPS37A	3	1	2	0.6666666666666666
VPS37B	3	2	1	0.6666666666666666
VPS37C	3	1	2	0.6666666666666666
VPS37D	2	0	2	1
VPS39	3	2	1	0.6666666666666666
VPS41	3	3	0	1
VPS45	3	0	3	1
VPS4A	3	3	0	1
VPS4B	3	2	1	0.6666666666666666
VPS50	2	1	1	0.5
VPS51	3	2	1	0.6666666666666666
VPS52	3	2	1	0.6666666666666666
VPS53	3	1	2	0.6666666666666666
VPS54	3	2	1	0.6666666666666666
VPS72	3	0	3	1
VPS8	3	1	2	0.6666666666666666
VPS9D1	3	2	1	0.6666666666666666
VPS9D1-AS1	1	1	0	1
VRK1	3	2	1	0.6666666666666666
VRK2	3	1	2	0.6666666666666666
VRK3	3	2	1	0.6666666666666666
VRTN	1	0	1	1
VSIG1	3	1	2	0.6666666666666666
VSIG10	3	2	1	0.6666666666666666
VSIG10L	3	1	2	0.6666666666666666
VSIG2	2	0	2	1
VSIG8	3	2	1	0.6666666666666666
VSIR	2	2	0	1
VSNL1	2	1	1	0.5
VSTM1	3	1	2	0.6666666666666666
VSTM2A	1	1	0	1
VSTM2B	1	0	1	1
VSTM2L	2	1	1	0.5
VSTM4	2	0	2	1
VSTM5	3	2	1	0.6666666666666666
VSX1	1	0	1	1
VSX2	1	0	1	1
VTA1	3	1	2	0.6666666666666666
VTCN1	3	1	2	0.6666666666666666
VTI1A	3	3	0	1
VTI1B	3	2	1	0.6666666666666666
VTN	1	0	1	1
VWA1	3	1	2	0.6666666666666666
VWA2	2	1	1	0.5
VWA3A	2	0	2	1
VWA3B	2	1	1	0.5
VWA5A	3	0	3	1
VWA5B2	3	2	1	0.6666666666666666
VWA7	3	2	1	0.6666666666666666
VWA8	3	1	2	0.6666666666666666
VWA8-AS1	1	1	0	1
VWA9	1	0	1	1
VWCE	2	0	2	1
VWDE	3	0	3	1
VWF	3	3	0	1
VXN	1	0	1	1
WAC	3	1	2	0.6666666666666666
WAC-AS1	1	0	1	1
WAKMAR2	1	1	0	1
WAPAL	1	1	0	1
WAPL	2	1	1	0.5
WARS	2	1	1	0.5
WARS1	1	0	1	1
WARS2	3	2	1	0.6666666666666666
WARS2-AS1	1	1	0	1
WAS	2	1	1	0.5
WASF1	3	1	2	0.6666666666666666
WASF2	3	1	2	0.6666666666666666
WASF3	3	0	3	1
WASH2P	1	1	0	1
WASH3P	1	1	0	1
WASH4P	1	1	0	1
WASH7P	1	1	0	1
WASH8P	1	1	0	1
WASHC1	2	1	1	0.5
WASHC2A	2	0	2	1
WASHC2C	2	1	1	0.5
WASHC3	2	2	0	1
WASHC4	2	0	2	1
WASHC5	2	2	0	1
WASL	3	3	0	1
WBP1	3	1	2	0.6666666666666666
WBP11	3	1	2	0.6666666666666666
WBP1L	3	2	1	0.6666666666666666
WBP2	3	2	1	0.6666666666666666
WBP2NL	3	2	1	0.6666666666666666
WBP4	3	1	2	0.6666666666666666
WBP5	1	1	0	1
WBSCR16	1	1	0	1
WBSCR17	2	0	2	1
WBSCR22	2	1	1	0.5
WBSCR27	2	2	0	1
WBSCR28	2	2	0	1
WDCP	2	2	0	1
WDFY1	3	0	3	1
WDFY2	3	2	1	0.6666666666666666
WDFY3	3	2	1	0.6666666666666666
WDFY3-AS2	1	1	0	1
WDFY4	1	1	0	1
WDHD1	3	2	1	0.6666666666666666
WDPCP	3	2	1	0.6666666666666666
WDR1	3	1	2	0.6666666666666666
WDR11	3	1	2	0.6666666666666666
WDR12	3	1	2	0.6666666666666666
WDR13	3	2	1	0.6666666666666666
WDR16	1	0	1	1
WDR17	3	1	2	0.6666666666666666
WDR18	3	1	2	0.6666666666666666
WDR19	3	0	3	1
WDR20	3	0	3	1
WDR24	3	3	0	1
WDR25	3	1	2	0.6666666666666666
WDR26	3	1	2	0.6666666666666666
WDR27	3	1	2	0.6666666666666666
WDR3	3	1	2	0.6666666666666666
WDR31	3	1	2	0.6666666666666666
WDR33	3	1	2	0.6666666666666666
WDR34	3	2	1	0.6666666666666666
WDR35	3	0	3	1
WDR36	3	2	1	0.6666666666666666
WDR37	3	0	3	1
WDR38	2	1	1	0.5
WDR4	3	3	0	1
WDR41	3	0	3	1
WDR43	3	0	3	1
WDR44	3	1	2	0.6666666666666666
WDR45	3	2	1	0.6666666666666666
WDR45B	3	2	1	0.6666666666666666
WDR46	3	2	1	0.6666666666666666
WDR47	3	1	2	0.6666666666666666
WDR48	3	0	3	1
WDR49	1	1	0	1
WDR5	3	2	1	0.6666666666666666
WDR52	1	0	1	1
WDR53	3	2	1	0.6666666666666666
WDR54	3	3	0	1
WDR55	3	3	0	1
WDR59	3	3	0	1
WDR5B	3	2	1	0.6666666666666666
WDR6	3	1	2	0.6666666666666666
WDR60	3	3	0	1
WDR61	3	2	1	0.6666666666666666
WDR62	3	1	2	0.6666666666666666
WDR63	2	1	1	0.5
WDR64	2	1	1	0.5
WDR65	1	0	1	1
WDR66	3	2	1	0.6666666666666666
WDR7	3	2	1	0.6666666666666666
WDR70	3	2	1	0.6666666666666666
WDR72	1	1	0	1
WDR73	3	2	1	0.6666666666666666
WDR74	3	2	1	0.6666666666666666
WDR75	3	1	2	0.6666666666666666
WDR76	3	3	0	1
WDR77	3	2	1	0.6666666666666666
WDR78	3	2	1	0.6666666666666666
WDR81	3	2	1	0.6666666666666666
WDR82	3	1	2	0.6666666666666666
WDR83	3	1	2	0.6666666666666666
WDR83OS	3	2	1	0.6666666666666666
WDR86	2	1	1	0.5
WDR86-AS1	1	1	0	1
WDR87	1	0	1	1
WDR88	3	3	0	1
WDR89	3	3	0	1
WDR90	3	2	1	0.6666666666666666
WDR91	3	3	0	1
WDR92	3	3	0	1
WDR93	3	2	1	0.6666666666666666
WDR96	1	0	1	1
WDR97	2	1	1	0.5
WDSUB1	3	1	2	0.6666666666666666
WDTC1	3	3	0	1
WDYHV1	3	1	2	0.6666666666666666
WEE1	3	1	2	0.6666666666666666
WEE2	2	1	1	0.5
WEE2-AS1	1	1	0	1
WFDC1	1	0	1	1
WFDC10B	1	0	1	1
WFDC11	1	0	1	1
WFDC12	1	0	1	1
WFDC2	3	2	1	0.6666666666666666
WFDC21P	1	0	1	1
WFDC3	3	1	2	0.6666666666666666
WFDC5	2	2	0	1
WFIKKN1	2	1	1	0.5
WFIKKN2	1	1	0	1
WFS1	3	1	2	0.6666666666666666
WHAMM	3	1	2	0.6666666666666666
WHAMMP1	1	0	1	1
WHAMMP3	1	0	1	1
WHRN	2	1	1	0.5
WHSC1	1	0	1	1
WHSC1L1	1	1	0	1
WIBG	1	0	1	1
WIF1	2	1	1	0.5
WIPF1	2	1	1	0.5
WIPF2	3	3	0	1
WIPF3	3	3	0	1
WIPI1	3	1	2	0.6666666666666666
WIPI2	3	1	2	0.6666666666666666
WISP1	1	1	0	1
WISP2	2	1	1	0.5
WISP3	2	0	2	1
WIZ	3	1	2	0.6666666666666666
WLS	3	1	2	0.6666666666666666
WNK1	3	1	2	0.6666666666666666
WNK2	3	1	2	0.6666666666666666
WNK3	3	0	3	1
WNK4	3	2	1	0.6666666666666666
WNT1	1	0	1	1
WNT10A	3	2	1	0.6666666666666666
WNT10B	2	0	2	1
WNT11	2	1	1	0.5
WNT16	2	2	0	1
WNT2	1	1	0	1
WNT2B	3	0	3	1
WNT3	3	1	2	0.6666666666666666
WNT3A	1	0	1	1
WNT4	2	2	0	1
WNT5A	3	2	1	0.6666666666666666
WNT5B	3	2	1	0.6666666666666666
WNT6	2	1	1	0.5
WNT7A	3	2	1	0.6666666666666666
WNT7B	3	2	1	0.6666666666666666
WNT8A	1	1	0	1
WNT8B	2	1	1	0.5
WNT9A	3	2	1	0.6666666666666666
WNT9B	1	0	1	1
WRAP53	3	3	0	1
WRAP73	3	3	0	1
WRB	2	1	1	0.5
WRN	3	0	3	1
WRNIP1	3	2	1	0.6666666666666666
WSB1	3	2	1	0.6666666666666666
WSB2	3	2	1	0.6666666666666666
WSCD1	3	1	2	0.6666666666666666
WSCD2	1	0	1	1
WT1	1	1	0	1
WTAP	3	1	2	0.6666666666666666
WTH3DI	1	0	1	1
WTIP	3	1	2	0.6666666666666666
WWC1	3	3	0	1
WWC2	3	1	2	0.6666666666666666
WWC3	3	1	2	0.6666666666666666
WWOX	3	2	1	0.6666666666666666
WWP1	3	2	1	0.6666666666666666
WWP2	3	2	1	0.6666666666666666
WWTR1	3	0	3	1
WWTR1-AS1	1	1	0	1
XAB2	3	2	1	0.6666666666666666
XAF1	2	0	2	1
XAGE1E	1	0	1	1
XAGE2	1	0	1	1
XAGE2B	1	0	1	1
XAGE3	1	1	0	1
XBP1	3	1	2	0.6666666666666666
XCL1	1	1	0	1
XCL2	1	1	0	1
XCR1	1	1	0	1
XDH	3	2	1	0.6666666666666666
XG	2	1	1	0.5
XIAP	3	1	2	0.6666666666666666
XIRP1	1	0	1	1
XIRP2	1	0	1	1
XIRP2-AS1	1	1	0	1
XK	3	0	3	1
XKR3	1	1	0	1
XKR5	2	2	0	1
XKR6	2	2	0	1
XKR7	2	0	2	1
XKR8	3	3	0	1
XKR9	2	0	2	1
XKRX	2	0	2	1
XPA	3	2	1	0.6666666666666666
XPC	3	3	0	1
XPNPEP1	3	2	1	0.6666666666666666
XPNPEP2	1	1	0	1
XPNPEP3	3	3	0	1
XPO1	3	1	2	0.6666666666666666
XPO4	3	1	2	0.6666666666666666
XPO5	3	1	2	0.6666666666666666
XPO6	3	1	2	0.6666666666666666
XPO7	3	2	1	0.6666666666666666
XPOT	3	1	2	0.6666666666666666
XPR1	3	0	3	1
XRCC1	3	2	1	0.6666666666666666
XRCC2	3	2	1	0.6666666666666666
XRCC3	3	3	0	1
XRCC4	3	1	2	0.6666666666666666
XRCC5	3	1	2	0.6666666666666666
XRCC6	3	1	2	0.6666666666666666
XRCC6BP1	1	0	1	1
XRN1	3	1	2	0.6666666666666666
XRN2	3	1	2	0.6666666666666666
XRRA1	3	1	2	0.6666666666666666
XXYLT1	3	0	3	1
XXbac-BPG181M17.5	1	1	0	1
XXbac-BPG32J3.20	1	0	1	1
XXcos-LUCA11.5	1	1	0	1
XYLB	3	1	2	0.6666666666666666
XYLT1	2	0	2	1
XYLT2	3	2	1	0.6666666666666666
YAE1	1	1	0	1
YAE1D1	2	1	1	0.5
YAF2	3	1	2	0.6666666666666666
YAP1	3	1	2	0.6666666666666666
YARS	2	1	1	0.5
YARS1	1	0	1	1
YARS2	3	1	2	0.6666666666666666
YBEY	3	2	1	0.6666666666666666
YBX1	3	1	2	0.6666666666666666
YBX2	3	2	1	0.6666666666666666
YBX3	3	1	2	0.6666666666666666
YDJC	3	2	1	0.6666666666666666
YEATS2	3	1	2	0.6666666666666666
YEATS2-AS1	1	0	1	1
YEATS4	3	0	3	1
YES1	3	0	3	1
YIF1A	3	2	1	0.6666666666666666
YIF1B	3	1	2	0.6666666666666666
YIPF1	3	2	1	0.6666666666666666
YIPF2	3	2	1	0.6666666666666666
YIPF3	3	3	0	1
YIPF4	3	0	3	1
YIPF5	3	1	2	0.6666666666666666
YIPF6	3	1	2	0.6666666666666666
YIPF7	2	1	1	0.5
YJEFN3	3	1	2	0.6666666666666666
YJU2	1	1	0	1
YKT6	3	1	2	0.6666666666666666
YLPM1	3	2	1	0.6666666666666666
YME1L1	3	1	2	0.6666666666666666
YOD1	3	2	1	0.6666666666666666
YPEL1	3	3	0	1
YPEL2	3	2	1	0.6666666666666666
YPEL3	3	2	1	0.6666666666666666
YPEL4	3	3	0	1
YPEL5	3	1	2	0.6666666666666666
YRDC	3	0	3	1
YTHDC1	3	0	3	1
YTHDC2	3	1	2	0.6666666666666666
YTHDF1	3	2	1	0.6666666666666666
YTHDF2	3	1	2	0.6666666666666666
YTHDF3	3	2	1	0.6666666666666666
YTHDF3-AS1	1	1	0	1
YWHAB	3	1	2	0.6666666666666666
YWHAE	3	2	1	0.6666666666666666
YWHAG	3	1	2	0.6666666666666666
YWHAH	3	1	2	0.6666666666666666
YWHAQ	3	1	2	0.6666666666666666
YWHAZ	3	0	3	1
YY1	3	0	3	1
YY1AP1	3	0	3	1
YY2	3	2	1	0.6666666666666666
ZACN	2	1	1	0.5
ZADH2	3	1	2	0.6666666666666666
ZAK	1	1	0	1
ZAN	1	1	0	1
ZAP70	1	0	1	1
ZAR1	1	1	0	1
ZAR1L	1	0	1	1
ZBBX	2	2	0	1
ZBED1	3	2	1	0.6666666666666666
ZBED2	3	3	0	1
ZBED3	3	1	2	0.6666666666666666
ZBED3-AS1	1	1	0	1
ZBED4	3	1	2	0.6666666666666666
ZBED5	3	2	1	0.6666666666666666
ZBED5-AS1	1	1	0	1
ZBED6	3	1	2	0.6666666666666666
ZBED6CL	3	2	1	0.6666666666666666
ZBED8	2	2	0	1
ZBED9	2	1	1	0.5
ZBP1	1	1	0	1
ZBTB1	3	2	1	0.6666666666666666
ZBTB10	3	1	2	0.6666666666666666
ZBTB11	3	2	1	0.6666666666666666
ZBTB11-AS1	1	1	0	1
ZBTB12	3	1	2	0.6666666666666666
ZBTB14	3	0	3	1
ZBTB16	1	1	0	1
ZBTB17	3	2	1	0.6666666666666666
ZBTB18	3	2	1	0.6666666666666666
ZBTB2	3	1	2	0.6666666666666666
ZBTB20	3	2	1	0.6666666666666666
ZBTB21	3	1	2	0.6666666666666666
ZBTB22	3	2	1	0.6666666666666666
ZBTB24	3	1	2	0.6666666666666666
ZBTB25	3	2	1	0.6666666666666666
ZBTB26	3	1	2	0.6666666666666666
ZBTB3	3	1	2	0.6666666666666666
ZBTB32	2	0	2	1
ZBTB33	3	2	1	0.6666666666666666
ZBTB34	3	0	3	1
ZBTB37	3	1	2	0.6666666666666666
ZBTB38	3	0	3	1
ZBTB39	3	0	3	1
ZBTB4	3	3	0	1
ZBTB40	3	2	1	0.6666666666666666
ZBTB41	3	0	3	1
ZBTB42	3	1	2	0.6666666666666666
ZBTB43	3	2	1	0.6666666666666666
ZBTB44	3	1	2	0.6666666666666666
ZBTB44-DT	1	0	1	1
ZBTB45	3	2	1	0.6666666666666666
ZBTB46	3	1	2	0.6666666666666666
ZBTB47	3	1	2	0.6666666666666666
ZBTB48	3	2	1	0.6666666666666666
ZBTB49	3	1	2	0.6666666666666666
ZBTB5	3	1	2	0.6666666666666666
ZBTB6	3	1	2	0.6666666666666666
ZBTB7A	3	3	0	1
ZBTB7B	3	1	2	0.6666666666666666
ZBTB7C	1	1	0	1
ZBTB8A	3	1	2	0.6666666666666666
ZBTB8B	2	2	0	1
ZBTB8OS	3	0	3	1
ZBTB9	3	3	0	1
ZC2HC1A	3	1	2	0.6666666666666666
ZC2HC1C	3	1	2	0.6666666666666666
ZC3H10	3	1	2	0.6666666666666666
ZC3H11A	3	1	2	0.6666666666666666
ZC3H12A	3	2	1	0.6666666666666666
ZC3H12B	3	0	3	1
ZC3H12C	3	1	2	0.6666666666666666
ZC3H12D	2	1	1	0.5
ZC3H13	3	2	1	0.6666666666666666
ZC3H14	3	1	2	0.6666666666666666
ZC3H15	3	2	1	0.6666666666666666
ZC3H18	3	2	1	0.6666666666666666
ZC3H3	3	2	1	0.6666666666666666
ZC3H4	3	2	1	0.6666666666666666
ZC3H6	3	1	2	0.6666666666666666
ZC3H7A	3	2	1	0.6666666666666666
ZC3H7B	3	2	1	0.6666666666666666
ZC3H8	3	1	2	0.6666666666666666
ZC3HAV1	3	2	1	0.6666666666666666
ZC3HAV1L	3	1	2	0.6666666666666666
ZC3HC1	3	1	2	0.6666666666666666
ZC4H2	3	1	2	0.6666666666666666
ZCCHC10	3	2	1	0.6666666666666666
ZCCHC11	2	0	2	1
ZCCHC12	2	1	1	0.5
ZCCHC14	3	1	2	0.6666666666666666
ZCCHC17	3	2	1	0.6666666666666666
ZCCHC18	3	2	1	0.6666666666666666
ZCCHC2	3	0	3	1
ZCCHC24	3	2	1	0.6666666666666666
ZCCHC3	3	1	2	0.6666666666666666
ZCCHC4	3	2	1	0.6666666666666666
ZCCHC6	2	2	0	1
ZCCHC7	3	2	1	0.6666666666666666
ZCCHC8	3	0	3	1
ZCCHC9	3	1	2	0.6666666666666666
ZCRB1	3	1	2	0.6666666666666666
ZCWPW1	3	2	1	0.6666666666666666
ZCWPW2	3	2	1	0.6666666666666666
ZDBF2	3	2	1	0.6666666666666666
ZDHHC1	3	1	2	0.6666666666666666
ZDHHC11	3	1	2	0.6666666666666666
ZDHHC11B	2	1	1	0.5
ZDHHC12	3	3	0	1
ZDHHC13	3	2	1	0.6666666666666666
ZDHHC14	3	1	2	0.6666666666666666
ZDHHC15	3	1	2	0.6666666666666666
ZDHHC16	3	3	0	1
ZDHHC17	3	1	2	0.6666666666666666
ZDHHC18	3	2	1	0.6666666666666666
ZDHHC19	1	0	1	1
ZDHHC2	3	0	3	1
ZDHHC20	3	1	2	0.6666666666666666
ZDHHC21	3	0	3	1
ZDHHC22	1	0	1	1
ZDHHC23	3	2	1	0.6666666666666666
ZDHHC24	3	2	1	0.6666666666666666
ZDHHC3	3	1	2	0.6666666666666666
ZDHHC4	3	0	3	1
ZDHHC5	3	2	1	0.6666666666666666
ZDHHC6	3	1	2	0.6666666666666666
ZDHHC7	3	2	1	0.6666666666666666
ZDHHC8	3	3	0	1
ZDHHC9	3	1	2	0.6666666666666666
ZEB1	3	1	2	0.6666666666666666
ZEB1-AS1	1	0	1	1
ZEB2	3	1	2	0.6666666666666666
ZER1	3	3	0	1
ZFAND1	3	1	2	0.6666666666666666
ZFAND2A	3	1	2	0.6666666666666666
ZFAND2B	3	1	2	0.6666666666666666
ZFAND3	3	2	1	0.6666666666666666
ZFAND4	3	1	2	0.6666666666666666
ZFAND5	3	0	3	1
ZFAND6	3	0	3	1
ZFAS1	1	1	0	1
ZFAT	3	2	1	0.6666666666666666
ZFC3H1	3	2	1	0.6666666666666666
ZFHX2	3	2	1	0.6666666666666666
ZFHX3	3	2	1	0.6666666666666666
ZFHX4	3	2	1	0.6666666666666666
ZFHX4-AS1	1	1	0	1
ZFP1	3	0	3	1
ZFP14	3	0	3	1
ZFP2	3	2	1	0.6666666666666666
ZFP28	3	0	3	1
ZFP3	3	2	1	0.6666666666666666
ZFP30	3	0	3	1
ZFP36	3	1	2	0.6666666666666666
ZFP36L1	3	1	2	0.6666666666666666
ZFP36L2	3	2	1	0.6666666666666666
ZFP37	3	2	1	0.6666666666666666
ZFP41	3	1	2	0.6666666666666666
ZFP42	1	1	0	1
ZFP57	1	1	0	1
ZFP62	3	2	1	0.6666666666666666
ZFP64	3	2	1	0.6666666666666666
ZFP69	3	1	2	0.6666666666666666
ZFP69B	3	0	3	1
ZFP82	3	0	3	1
ZFP90	3	2	1	0.6666666666666666
ZFP91	3	1	2	0.6666666666666666
ZFP91-CNTF	1	1	0	1
ZFP92	2	2	0	1
ZFPL1	3	2	1	0.6666666666666666
ZFPM1	3	2	1	0.6666666666666666
ZFPM2	3	2	1	0.6666666666666666
ZFPM2-AS1	1	0	1	1
ZFR	3	1	2	0.6666666666666666
ZFR2	1	0	1	1
ZFX	3	2	1	0.6666666666666666
ZFYVE1	3	2	1	0.6666666666666666
ZFYVE16	3	1	2	0.6666666666666666
ZFYVE19	3	3	0	1
ZFYVE20	1	0	1	1
ZFYVE21	3	3	0	1
ZFYVE26	3	2	1	0.6666666666666666
ZFYVE27	3	1	2	0.6666666666666666
ZFYVE28	3	1	2	0.6666666666666666
ZFYVE9	3	1	2	0.6666666666666666
ZG16	2	2	0	1
ZG16B	2	2	0	1
ZGLP1	3	1	2	0.6666666666666666
ZGPAT	3	2	1	0.6666666666666666
ZGRF1	2	1	1	0.5
ZHX1	3	2	1	0.6666666666666666
ZHX1-C8ORF76	1	0	1	1
ZHX1-C8orf76	2	2	0	1
ZHX2	3	1	2	0.6666666666666666
ZHX3	3	3	0	1
ZIC1	3	1	2	0.6666666666666666
ZIC2	3	2	1	0.6666666666666666
ZIC3	3	1	2	0.6666666666666666
ZIC4	2	0	2	1
ZIC5	2	1	1	0.5
ZIK1	3	1	2	0.6666666666666666
ZIM2	1	1	0	1
ZIM2-AS1	1	1	0	1
ZKSCAN1	3	1	2	0.6666666666666666
ZKSCAN2	3	1	2	0.6666666666666666
ZKSCAN3	3	1	2	0.6666666666666666
ZKSCAN4	3	2	1	0.6666666666666666
ZKSCAN5	3	2	1	0.6666666666666666
ZKSCAN7	2	0	2	1
ZKSCAN8	3	1	2	0.6666666666666666
ZMAT1	3	0	3	1
ZMAT2	3	2	1	0.6666666666666666
ZMAT3	3	1	2	0.6666666666666666
ZMAT4	1	0	1	1
ZMAT5	3	1	2	0.6666666666666666
ZMIZ1	3	2	1	0.6666666666666666
ZMIZ2	3	1	2	0.6666666666666666
ZMPSTE24	3	0	3	1
ZMYM1	3	1	2	0.6666666666666666
ZMYM2	3	2	1	0.6666666666666666
ZMYM3	3	1	2	0.6666666666666666
ZMYM4	3	1	2	0.6666666666666666
ZMYM5	3	1	2	0.6666666666666666
ZMYM6	3	1	2	0.6666666666666666
ZMYM6NB	1	1	0	1
ZMYND10	2	1	1	0.5
ZMYND11	3	1	2	0.6666666666666666
ZMYND12	3	1	2	0.6666666666666666
ZMYND15	3	2	1	0.6666666666666666
ZMYND19	3	3	0	1
ZMYND8	3	1	2	0.6666666666666666
ZNF10	3	2	1	0.6666666666666666
ZNF100	3	1	2	0.6666666666666666
ZNF101	3	1	2	0.6666666666666666
ZNF106	3	2	1	0.6666666666666666
ZNF107	3	0	3	1
ZNF112	3	2	1	0.6666666666666666
ZNF114	3	1	2	0.6666666666666666
ZNF117	3	2	1	0.6666666666666666
ZNF12	3	1	2	0.6666666666666666
ZNF121	3	1	2	0.6666666666666666
ZNF124	3	2	1	0.6666666666666666
ZNF131	3	0	3	1
ZNF132	3	1	2	0.6666666666666666
ZNF133	3	0	3	1
ZNF134	3	0	3	1
ZNF135	2	1	1	0.5
ZNF136	3	0	3	1
ZNF137P	1	0	1	1
ZNF138	3	1	2	0.6666666666666666
ZNF14	3	1	2	0.6666666666666666
ZNF140	3	1	2	0.6666666666666666
ZNF141	3	1	2	0.6666666666666666
ZNF142	3	1	2	0.6666666666666666
ZNF143	3	2	1	0.6666666666666666
ZNF146	3	0	3	1
ZNF148	3	1	2	0.6666666666666666
ZNF154	3	2	1	0.6666666666666666
ZNF155	3	0	3	1
ZNF157	3	3	0	1
ZNF16	3	1	2	0.6666666666666666
ZNF160	3	1	2	0.6666666666666666
ZNF165	3	2	1	0.6666666666666666
ZNF169	3	1	2	0.6666666666666666
ZNF17	3	1	2	0.6666666666666666
ZNF174	3	1	2	0.6666666666666666
ZNF175	3	1	2	0.6666666666666666
ZNF177	2	2	0	1
ZNF18	3	2	1	0.6666666666666666
ZNF180	3	1	2	0.6666666666666666
ZNF181	3	0	3	1
ZNF182	3	3	0	1
ZNF184	3	0	3	1
ZNF185	3	2	1	0.6666666666666666
ZNF189	3	1	2	0.6666666666666666
ZNF19	3	2	1	0.6666666666666666
ZNF192P1	1	0	1	1
ZNF195	3	1	2	0.6666666666666666
ZNF197	2	1	1	0.5
ZNF2	3	2	1	0.6666666666666666
ZNF20	2	1	1	0.5
ZNF200	3	1	2	0.6666666666666666
ZNF202	3	1	2	0.6666666666666666
ZNF204P	1	1	0	1
ZNF205	3	2	1	0.6666666666666666
ZNF205-AS1	1	1	0	1
ZNF207	3	2	1	0.6666666666666666
ZNF208	1	0	1	1
ZNF211	3	0	3	1
ZNF212	3	2	1	0.6666666666666666
ZNF213	3	2	1	0.6666666666666666
ZNF213-AS1	1	1	0	1
ZNF214	3	2	1	0.6666666666666666
ZNF215	3	2	1	0.6666666666666666
ZNF217	3	0	3	1
ZNF219	3	2	1	0.6666666666666666
ZNF22	3	1	2	0.6666666666666666
ZNF22-AS1	1	0	1	1
ZNF221	3	0	3	1
ZNF222	3	0	3	1
ZNF223	3	1	2	0.6666666666666666
ZNF224	3	0	3	1
ZNF225	3	1	2	0.6666666666666666
ZNF226	3	0	3	1
ZNF227	3	0	3	1
ZNF229	3	1	2	0.6666666666666666
ZNF23	3	3	0	1
ZNF230	3	0	3	1
ZNF232	3	1	2	0.6666666666666666
ZNF233	3	1	2	0.6666666666666666
ZNF234	3	0	3	1
ZNF235	3	1	2	0.6666666666666666
ZNF236	3	1	2	0.6666666666666666
ZNF236-DT	1	1	0	1
ZNF239	3	0	3	1
ZNF24	3	2	1	0.6666666666666666
ZNF248	3	1	2	0.6666666666666666
ZNF25	3	1	2	0.6666666666666666
ZNF250	3	1	2	0.6666666666666666
ZNF251	3	0	3	1
ZNF252P	1	1	0	1
ZNF252P-AS1	1	0	1	1
ZNF253	3	0	3	1
ZNF254	3	2	1	0.6666666666666666
ZNF256	3	1	2	0.6666666666666666
ZNF257	2	0	2	1
ZNF259	1	0	1	1
ZNF26	2	2	0	1
ZNF260	3	0	3	1
ZNF263	3	2	1	0.6666666666666666
ZNF264	3	0	3	1
ZNF266	3	0	3	1
ZNF267	3	0	3	1
ZNF268	3	1	2	0.6666666666666666
ZNF271P	1	1	0	1
ZNF273	3	1	2	0.6666666666666666
ZNF274	3	0	3	1
ZNF275	3	1	2	0.6666666666666666
ZNF276	3	3	0	1
ZNF277	3	2	1	0.6666666666666666
ZNF28	3	1	2	0.6666666666666666
ZNF280A	2	1	1	0.5
ZNF280B	3	2	1	0.6666666666666666
ZNF280C	3	1	2	0.6666666666666666
ZNF280D	3	2	1	0.6666666666666666
ZNF281	3	1	2	0.6666666666666666
ZNF282	3	2	1	0.6666666666666666
ZNF283	3	0	3	1
ZNF284	3	0	3	1
ZNF285	3	0	3	1
ZNF286A	3	2	1	0.6666666666666666
ZNF286B	3	2	1	0.6666666666666666
ZNF287	3	3	0	1
ZNF292	3	2	1	0.6666666666666666
ZNF296	3	2	1	0.6666666666666666
ZNF3	3	1	2	0.6666666666666666
ZNF30	3	1	2	0.6666666666666666
ZNF300	3	1	2	0.6666666666666666
ZNF300P1	1	0	1	1
ZNF302	3	2	1	0.6666666666666666
ZNF304	3	1	2	0.6666666666666666
ZNF311	3	2	1	0.6666666666666666
ZNF316	2	1	1	0.5
ZNF317	3	1	2	0.6666666666666666
ZNF318	3	3	0	1
ZNF319	3	2	1	0.6666666666666666
ZNF32	3	2	1	0.6666666666666666
ZNF32-AS2	1	0	1	1
ZNF320	3	0	3	1
ZNF321P	1	0	1	1
ZNF322	3	2	1	0.6666666666666666
ZNF324	3	2	1	0.6666666666666666
ZNF324B	3	1	2	0.6666666666666666
ZNF326	3	0	3	1
ZNF329	3	0	3	1
ZNF330	3	1	2	0.6666666666666666
ZNF331	3	1	2	0.6666666666666666
ZNF333	3	1	2	0.6666666666666666
ZNF334	2	0	2	1
ZNF335	3	1	2	0.6666666666666666
ZNF337	3	1	2	0.6666666666666666
ZNF337-AS1	1	0	1	1
ZNF33A	3	2	1	0.6666666666666666
ZNF33B	3	2	1	0.6666666666666666
ZNF34	3	0	3	1
ZNF341	3	2	1	0.6666666666666666
ZNF343	3	1	2	0.6666666666666666
ZNF345	3	2	1	0.6666666666666666
ZNF346	3	3	0	1
ZNF347	3	0	3	1
ZNF35	3	2	1	0.6666666666666666
ZNF350	3	0	3	1
ZNF354A	3	2	1	0.6666666666666666
ZNF354B	3	2	1	0.6666666666666666
ZNF354C	3	1	2	0.6666666666666666
ZNF358	3	2	1	0.6666666666666666
ZNF362	3	1	2	0.6666666666666666
ZNF365	3	1	2	0.6666666666666666
ZNF366	1	1	0	1
ZNF367	3	2	1	0.6666666666666666
ZNF37A	3	2	1	0.6666666666666666
ZNF37BP	1	1	0	1
ZNF382	3	0	3	1
ZNF383	3	0	3	1
ZNF384	3	0	3	1
ZNF385A	3	3	0	1
ZNF385B	3	2	1	0.6666666666666666
ZNF385C	2	0	2	1
ZNF385D	2	1	1	0.5
ZNF391	3	1	2	0.6666666666666666
ZNF394	3	1	2	0.6666666666666666
ZNF395	3	3	0	1
ZNF396	3	2	1	0.6666666666666666
ZNF397	3	2	1	0.6666666666666666
ZNF398	3	1	2	0.6666666666666666
ZNF404	3	1	2	0.6666666666666666
ZNF407	3	2	1	0.6666666666666666
ZNF408	3	3	0	1
ZNF41	3	2	1	0.6666666666666666
ZNF410	3	0	3	1
ZNF414	3	2	1	0.6666666666666666
ZNF415	3	0	3	1
ZNF416	3	0	3	1
ZNF417	3	0	3	1
ZNF418	3	2	1	0.6666666666666666
ZNF419	3	0	3	1
ZNF420	3	0	3	1
ZNF423	1	1	0	1
ZNF425	3	1	2	0.6666666666666666
ZNF426	3	1	2	0.6666666666666666
ZNF426-DT	1	0	1	1
ZNF428	3	1	2	0.6666666666666666
ZNF429	3	1	2	0.6666666666666666
ZNF43	2	1	1	0.5
ZNF430	3	1	2	0.6666666666666666
ZNF431	3	2	1	0.6666666666666666
ZNF432	3	0	3	1
ZNF433	3	2	1	0.6666666666666666
ZNF433-AS1	1	1	0	1
ZNF436	3	0	3	1
ZNF436-AS1	1	0	1	1
ZNF438	3	1	2	0.6666666666666666
ZNF439	2	2	0	1
ZNF44	3	2	1	0.6666666666666666
ZNF440	3	2	1	0.6666666666666666
ZNF441	3	1	2	0.6666666666666666
ZNF442	3	2	1	0.6666666666666666
ZNF443	3	2	1	0.6666666666666666
ZNF444	3	1	2	0.6666666666666666
ZNF445	3	2	1	0.6666666666666666
ZNF446	3	1	2	0.6666666666666666
ZNF449	3	0	3	1
ZNF45	3	1	2	0.6666666666666666
ZNF451	3	1	2	0.6666666666666666
ZNF454	2	1	1	0.5
ZNF460	3	0	3	1
ZNF460-AS1	1	0	1	1
ZNF461	3	0	3	1
ZNF462	3	1	2	0.6666666666666666
ZNF467	3	1	2	0.6666666666666666
ZNF468	3	1	2	0.6666666666666666
ZNF469	2	2	0	1
ZNF470	3	0	3	1
ZNF471	3	1	2	0.6666666666666666
ZNF473	3	1	2	0.6666666666666666
ZNF474	2	0	2	1
ZNF48	3	1	2	0.6666666666666666
ZNF480	3	0	3	1
ZNF483	3	1	2	0.6666666666666666
ZNF484	3	1	2	0.6666666666666666
ZNF485	3	0	3	1
ZNF486	2	0	2	1
ZNF487	2	2	0	1
ZNF488	3	2	1	0.6666666666666666
ZNF490	3	1	2	0.6666666666666666
ZNF491	2	0	2	1
ZNF492	3	1	2	0.6666666666666666
ZNF493	2	0	2	1
ZNF496	3	3	0	1
ZNF497	3	2	1	0.6666666666666666
ZNF500	3	2	1	0.6666666666666666
ZNF501	3	1	2	0.6666666666666666
ZNF502	3	2	1	0.6666666666666666
ZNF503	3	0	3	1
ZNF503-AS2	1	1	0	1
ZNF506	3	2	1	0.6666666666666666
ZNF507	3	0	3	1
ZNF510	3	1	2	0.6666666666666666
ZNF511	3	2	1	0.6666666666666666
ZNF512	3	2	1	0.6666666666666666
ZNF512B	3	3	0	1
ZNF513	3	2	1	0.6666666666666666
ZNF514	3	3	0	1
ZNF516	3	1	2	0.6666666666666666
ZNF516-DT	1	0	1	1
ZNF517	3	1	2	0.6666666666666666
ZNF518A	2	0	2	1
ZNF518B	3	0	3	1
ZNF519	3	3	0	1
ZNF521	3	2	1	0.6666666666666666
ZNF524	3	2	1	0.6666666666666666
ZNF525	3	1	2	0.6666666666666666
ZNF526	3	2	1	0.6666666666666666
ZNF527	3	1	2	0.6666666666666666
ZNF528	3	0	3	1
ZNF528-AS1	1	1	0	1
ZNF529	3	0	3	1
ZNF529-AS1	1	1	0	1
ZNF530	3	3	0	1
ZNF532	3	2	1	0.6666666666666666
ZNF534	1	0	1	1
ZNF536	1	0	1	1
ZNF540	3	2	1	0.6666666666666666
ZNF541	1	0	1	1
ZNF542P	1	0	1	1
ZNF543	3	0	3	1
ZNF544	3	1	2	0.6666666666666666
ZNF546	3	1	2	0.6666666666666666
ZNF547	3	2	1	0.6666666666666666
ZNF548	3	0	3	1
ZNF549	3	0	3	1
ZNF550	3	1	2	0.6666666666666666
ZNF551	3	1	2	0.6666666666666666
ZNF552	3	1	2	0.6666666666666666
ZNF554	3	2	1	0.6666666666666666
ZNF555	3	2	1	0.6666666666666666
ZNF556	2	1	1	0.5
ZNF557	3	2	1	0.6666666666666666
ZNF558	3	2	1	0.6666666666666666
ZNF559	3	2	1	0.6666666666666666
ZNF559-ZNF177	1	1	0	1
ZNF56	1	1	0	1
ZNF560	1	1	0	1
ZNF561	3	2	1	0.6666666666666666
ZNF561-AS1	1	1	0	1
ZNF562	3	2	1	0.6666666666666666
ZNF563	3	3	0	1
ZNF564	3	0	3	1
ZNF565	3	0	3	1
ZNF566	3	0	3	1
ZNF567	3	0	3	1
ZNF568	3	0	3	1
ZNF569	3	1	2	0.6666666666666666
ZNF57	3	1	2	0.6666666666666666
ZNF570	3	0	3	1
ZNF571	3	0	3	1
ZNF571-AS1	1	0	1	1
ZNF572	3	2	1	0.6666666666666666
ZNF573	3	0	3	1
ZNF574	3	2	1	0.6666666666666666
ZNF575	3	1	2	0.6666666666666666
ZNF576	3	2	1	0.6666666666666666
ZNF577	3	1	2	0.6666666666666666
ZNF578	2	2	0	1
ZNF579	3	1	2	0.6666666666666666
ZNF580	3	2	1	0.6666666666666666
ZNF581	3	1	2	0.6666666666666666
ZNF582	3	0	3	1
ZNF582-AS1	1	0	1	1
ZNF583	3	2	1	0.6666666666666666
ZNF584	3	1	2	0.6666666666666666
ZNF585A	3	0	3	1
ZNF585B	3	1	2	0.6666666666666666
ZNF586	3	0	3	1
ZNF587	3	1	2	0.6666666666666666
ZNF587B	3	1	2	0.6666666666666666
ZNF589	3	0	3	1
ZNF592	3	1	2	0.6666666666666666
ZNF593	3	2	1	0.6666666666666666
ZNF594	3	3	0	1
ZNF595	3	0	3	1
ZNF596	3	2	1	0.6666666666666666
ZNF597	2	1	1	0.5
ZNF598	3	2	1	0.6666666666666666
ZNF599	3	1	2	0.6666666666666666
ZNF600	3	1	2	0.6666666666666666
ZNF605	3	0	3	1
ZNF606	3	0	3	1
ZNF607	3	0	3	1
ZNF608	3	1	2	0.6666666666666666
ZNF609	3	1	2	0.6666666666666666
ZNF610	2	1	1	0.5
ZNF611	3	0	3	1
ZNF613	3	1	2	0.6666666666666666
ZNF614	3	0	3	1
ZNF615	3	0	3	1
ZNF616	3	1	2	0.6666666666666666
ZNF618	3	1	2	0.6666666666666666
ZNF619	3	1	2	0.6666666666666666
ZNF620	3	1	2	0.6666666666666666
ZNF621	3	1	2	0.6666666666666666
ZNF622	3	2	1	0.6666666666666666
ZNF623	3	0	3	1
ZNF624	3	1	2	0.6666666666666666
ZNF625	3	1	2	0.6666666666666666
ZNF625-ZNF20	2	1	1	0.5
ZNF626	3	0	3	1
ZNF627	3	1	2	0.6666666666666666
ZNF628	3	2	1	0.6666666666666666
ZNF629	3	1	2	0.6666666666666666
ZNF630	3	3	0	1
ZNF638	3	0	3	1
ZNF639	3	0	3	1
ZNF641	3	1	2	0.6666666666666666
ZNF644	3	0	3	1
ZNF646	3	1	2	0.6666666666666666
ZNF648	1	0	1	1
ZNF649	3	0	3	1
ZNF652	3	1	2	0.6666666666666666
ZNF653	3	1	2	0.6666666666666666
ZNF654	3	1	2	0.6666666666666666
ZNF655	3	1	2	0.6666666666666666
ZNF658	3	3	0	1
ZNF66	2	1	1	0.5
ZNF660	3	1	2	0.6666666666666666
ZNF662	3	1	2	0.6666666666666666
ZNF664	3	1	2	0.6666666666666666
ZNF664-RFLNA	1	1	0	1
ZNF665	2	0	2	1
ZNF667	3	0	3	1
ZNF667-AS1	1	1	0	1
ZNF668	3	1	2	0.6666666666666666
ZNF669	3	2	1	0.6666666666666666
ZNF670	3	1	2	0.6666666666666666
ZNF671	3	0	3	1
ZNF672	3	3	0	1
ZNF674	3	2	1	0.6666666666666666
ZNF674-AS1	1	1	0	1
ZNF675	3	1	2	0.6666666666666666
ZNF676	1	0	1	1
ZNF677	2	1	1	0.5
ZNF678	3	2	1	0.6666666666666666
ZNF680	3	1	2	0.6666666666666666
ZNF681	3	1	2	0.6666666666666666
ZNF682	3	1	2	0.6666666666666666
ZNF684	3	0	3	1
ZNF687	3	1	2	0.6666666666666666
ZNF687-AS1	1	1	0	1
ZNF688	3	2	1	0.6666666666666666
ZNF689	3	2	1	0.6666666666666666
ZNF69	1	0	1	1
ZNF691	3	2	1	0.6666666666666666
ZNF692	3	1	2	0.6666666666666666
ZNF695	3	3	0	1
ZNF696	3	0	3	1
ZNF697	3	1	2	0.6666666666666666
ZNF699	3	1	2	0.6666666666666666
ZNF7	3	0	3	1
ZNF70	3	2	1	0.6666666666666666
ZNF700	3	0	3	1
ZNF701	3	0	3	1
ZNF702P	1	0	1	1
ZNF703	3	1	2	0.6666666666666666
ZNF704	3	2	1	0.6666666666666666
ZNF705A	2	0	2	1
ZNF705E	2	1	1	0.5
ZNF706	3	0	3	1
ZNF707	3	1	2	0.6666666666666666
ZNF708	3	0	3	1
ZNF709	3	1	2	0.6666666666666666
ZNF71	3	1	2	0.6666666666666666
ZNF710	3	2	1	0.6666666666666666
ZNF710-AS1	1	0	1	1
ZNF711	3	1	2	0.6666666666666666
ZNF713	3	1	2	0.6666666666666666
ZNF714	3	1	2	0.6666666666666666
ZNF716	1	1	0	1
ZNF717	3	2	1	0.6666666666666666
ZNF718	2	2	0	1
ZNF720	3	0	3	1
ZNF721	3	0	3	1
ZNF723	1	0	1	1
ZNF724	1	0	1	1
ZNF724P	1	0	1	1
ZNF726	2	2	0	1
ZNF727	2	1	1	0.5
ZNF729	1	0	1	1
ZNF730	3	1	2	0.6666666666666666
ZNF732	3	1	2	0.6666666666666666
ZNF736	3	1	2	0.6666666666666666
ZNF737	3	1	2	0.6666666666666666
ZNF738	2	1	1	0.5
ZNF74	3	2	1	0.6666666666666666
ZNF740	3	2	1	0.6666666666666666
ZNF746	3	2	1	0.6666666666666666
ZNF747	3	2	1	0.6666666666666666
ZNF749	3	0	3	1
ZNF750	2	1	1	0.5
ZNF75A	3	1	2	0.6666666666666666
ZNF75D	3	0	3	1
ZNF76	3	2	1	0.6666666666666666
ZNF761	2	1	1	0.5
ZNF763	3	1	2	0.6666666666666666
ZNF764	3	1	2	0.6666666666666666
ZNF765	3	1	2	0.6666666666666666
ZNF766	3	0	3	1
ZNF767P	1	1	0	1
ZNF768	3	1	2	0.6666666666666666
ZNF77	3	1	2	0.6666666666666666
ZNF770	3	0	3	1
ZNF771	3	1	2	0.6666666666666666
ZNF772	3	0	3	1
ZNF773	3	0	3	1
ZNF774	3	1	2	0.6666666666666666
ZNF775	3	2	1	0.6666666666666666
ZNF776	3	0	3	1
ZNF777	3	2	1	0.6666666666666666
ZNF778	3	1	2	0.6666666666666666
ZNF780A	3	0	3	1
ZNF780B	3	1	2	0.6666666666666666
ZNF781	1	0	1	1
ZNF782	3	3	0	1
ZNF783	3	1	2	0.6666666666666666
ZNF784	3	1	2	0.6666666666666666
ZNF785	3	2	1	0.6666666666666666
ZNF786	3	2	1	0.6666666666666666
ZNF787	3	1	2	0.6666666666666666
ZNF788	2	1	1	0.5
ZNF788P	1	1	0	1
ZNF789	3	3	0	1
ZNF79	3	2	1	0.6666666666666666
ZNF790	3	0	3	1
ZNF790-AS1	1	0	1	1
ZNF791	3	1	2	0.6666666666666666
ZNF792	3	1	2	0.6666666666666666
ZNF793	3	0	3	1
ZNF793-AS1	1	1	0	1
ZNF799	3	3	0	1
ZNF8	3	1	2	0.6666666666666666
ZNF8-ERVK3-1	1	1	0	1
ZNF800	3	1	2	0.6666666666666666
ZNF804A	1	0	1	1
ZNF804B	1	0	1	1
ZNF805	3	0	3	1
ZNF806	1	0	1	1
ZNF807P	1	1	0	1
ZNF808	3	0	3	1
ZNF81	3	2	1	0.6666666666666666
ZNF813	3	1	2	0.6666666666666666
ZNF814	3	0	3	1
ZNF815P	1	1	0	1
ZNF816	3	1	2	0.6666666666666666
ZNF816-ZNF321P	1	0	1	1
ZNF818P	1	0	1	1
ZNF821	3	2	1	0.6666666666666666
ZNF823	3	0	3	1
ZNF827	3	2	1	0.6666666666666666
ZNF829	3	0	3	1
ZNF83	3	0	3	1
ZNF830	3	2	1	0.6666666666666666
ZNF833P	1	0	1	1
ZNF835	3	1	2	0.6666666666666666
ZNF836	3	2	1	0.6666666666666666
ZNF837	3	2	1	0.6666666666666666
ZNF839	3	1	2	0.6666666666666666
ZNF84	3	1	2	0.6666666666666666
ZNF841	3	1	2	0.6666666666666666
ZNF843	2	1	1	0.5
ZNF844	3	2	1	0.6666666666666666
ZNF845	3	1	2	0.6666666666666666
ZNF846	3	2	1	0.6666666666666666
ZNF85	3	1	2	0.6666666666666666
ZNF850	3	1	2	0.6666666666666666
ZNF852	3	1	2	0.6666666666666666
ZNF853	3	1	2	0.6666666666666666
ZNF860	3	3	0	1
ZNF862	3	1	2	0.6666666666666666
ZNF865	3	1	2	0.6666666666666666
ZNF875	1	0	1	1
ZNF876P	1	0	1	1
ZNF878	3	2	1	0.6666666666666666
ZNF879	3	1	2	0.6666666666666666
ZNF880	3	0	3	1
ZNF883	2	0	2	1
ZNF888	2	0	2	1
ZNF891	3	2	1	0.6666666666666666
ZNF90	2	1	1	0.5
ZNF91	3	0	3	1
ZNF92	3	0	3	1
ZNF93	3	1	2	0.6666666666666666
ZNF98	3	2	1	0.6666666666666666
ZNF99	1	0	1	1
ZNFX1	3	1	2	0.6666666666666666
ZNHIT1	3	1	2	0.6666666666666666
ZNHIT2	3	3	0	1
ZNHIT3	3	3	0	1
ZNHIT6	3	1	2	0.6666666666666666
ZNRD1	3	1	2	0.6666666666666666
ZNRD1ASP	1	1	0	1
ZNRD2	1	1	0	1
ZNRD2-AS1	1	1	0	1
ZNRF1	3	2	1	0.6666666666666666
ZNRF2	3	1	2	0.6666666666666666
ZNRF2P1	1	0	1	1
ZNRF3	3	2	1	0.6666666666666666
ZNRF4	1	0	1	1
ZP1	1	1	0	1
ZP2	1	0	1	1
ZP3	3	1	2	0.6666666666666666
ZP4	1	1	0	1
ZPBP2	1	1	0	1
ZPLD1	1	0	1	1
ZPR1	2	0	2	1
ZRANB1	3	0	3	1
ZRANB2	3	1	2	0.6666666666666666
ZRANB2-AS1	1	0	1	1
ZRANB2-AS2	1	1	0	1
ZRANB3	3	2	1	0.6666666666666666
ZRSR1	1	1	0	1
ZRSR2	3	1	2	0.6666666666666666
ZSCAN1	2	2	0	1
ZSCAN10	1	0	1	1
ZSCAN12	3	1	2	0.6666666666666666
ZSCAN12P1	1	0	1	1
ZSCAN16	3	1	2	0.6666666666666666
ZSCAN16-AS1	1	1	0	1
ZSCAN18	3	1	2	0.6666666666666666
ZSCAN2	3	2	1	0.6666666666666666
ZSCAN20	3	2	1	0.6666666666666666
ZSCAN21	3	1	2	0.6666666666666666
ZSCAN22	3	1	2	0.6666666666666666
ZSCAN23	3	3	0	1
ZSCAN25	3	2	1	0.6666666666666666
ZSCAN26	2	0	2	1
ZSCAN29	3	2	1	0.6666666666666666
ZSCAN30	3	1	2	0.6666666666666666
ZSCAN31	3	3	0	1
ZSCAN32	3	1	2	0.6666666666666666
ZSCAN4	1	1	0	1
ZSCAN5A	3	2	1	0.6666666666666666
ZSCAN5B	1	1	0	1
ZSCAN9	3	1	2	0.6666666666666666
ZSWIM1	3	2	1	0.6666666666666666
ZSWIM2	1	0	1	1
ZSWIM3	3	2	1	0.6666666666666666
ZSWIM4	3	2	1	0.6666666666666666
ZSWIM5	3	1	2	0.6666666666666666
ZSWIM6	3	0	3	1
ZSWIM7	3	3	0	1
ZSWIM8	3	2	1	0.6666666666666666
ZSWIM8-AS1	1	0	1	1
ZSWIM9	1	0	1	1
ZUFSP	2	0	2	1
ZUP1	1	0	1	1
ZW10	3	1	2	0.6666666666666666
ZWILCH	3	3	0	1
ZWINT	3	2	1	0.6666666666666666
ZXDA	3	0	3	1
ZXDB	3	0	3	1
ZXDC	3	2	1	0.6666666666666666
ZYG11A	3	0	3	1
ZYG11B	3	0	3	1
ZYX	3	3	0	1
ZZEF1	3	2	1	0.6666666666666666
ZZZ3	3	0	3	1
hsa-mir-1199	1	0	1	1
