gene_symbol	k	datasets	reml_warning	beta_meta	se_meta	z_meta	p_meta	ci_lb	ci_ub	tau2	Q	Q_pval	I2	beta_fixed	se_fixed	z_fixed	p_fixed	beta_meta_DL	se_meta_DL	p_meta_DL	tau2_DL	FDR_meta	direction	p_meta2	k_eff	n_pos	n_neg	concordance
SERPINB9	2	A2780,UWB_BRCAdef	FALSE	-3.3122331688585827	0.0337627256724073	-98.10325152644641	0	-3.378406895196407	-3.2460594425207585	0	0.022820519598558478	0.8799247408331023	0	-3.3122331688585827	0.0337627256724073	-98.10325152644641	0	NA	NA	NA	NA	2.9574e-297	DOWN	1e-300	2	0	2	1
LTBP1	3	A2780,PEO1,UWB_BRCAdef	FALSE	-0.8428811537577717	0.028954292523535676	-29.110749401755562	2.624489780239725e-186	-0.899630524301739	-0.7861317832138045	0	0.5317119710482455	0.7665495137786781	0	-0.8428811537577717	0.028954292523535676	-29.110749401755562	2.624489780239725e-186	NA	NA	NA	NA	4.851041297550602e-183	DOWN	2.624489780239725e-186	3	0	3	1
PGGHG	2	A2780,UWB_BRCAdef	FALSE	-2.4509880279192804	0.0878423754399185	-27.90211461887983	2.515009526738177e-171	-2.6231559200979664	-2.2788201357405944	0.0025525467595037933	1.0656949421791704	0.3019198850601616	6.164516652845807	-2.4584747327314855	0.0747449812227954	-32.89150244620987	2.90743877304625e-237	NA	NA	NA	NA	4.1321606524308247e-168	DOWN	2.515009526738177e-171	2	0	2	1
FAM167A	3	A2780,PEO1,UWB_BRCAdef	FALSE	-1.0894476872687575	0.039619033341010385	-27.498088554852508	1.850511986575955e-166	-1.1670995657194294	-1.0117958088180856	2.351896019950767e-6	1.9851564184073913	0.37061992248208453	0.00347122168338404	-1.0894555593892052	0.03959071613054287	-27.517955366024	1.0706279546727858e-166	NA	NA	NA	NA	2.7363520745498647e-163	DOWN	1.850511986575955e-166	3	0	3	1
TMEM37	2	A2780,UWB_BRCAdef	FALSE	-2.2590256259489268	0.08335623004575057	-27.100861263867703	9.61890694830338e-162	-2.422400834725633	-2.0956504171722203	0	0.5118488312131142	0.47433960464123787	0	-2.2590256259489268	0.08335623004575057	-27.100861263867703	9.61890694830338e-162	NA	NA	NA	NA	1.293043427677837e-158	DOWN	9.61890694830338e-162	2	0	2	1
AK5	3	A2780,PEO1,UWB_BRCAdef	FALSE	-1.0205094470365155	0.03802736315560688	-26.836187480594432	1.222672559387762e-158	-1.0950417092485303	-0.9459771848245005	5.395686114553544e-7	3.366435556216743	0.18577522977227856	0.003037399427965441	-1.020509126802485	0.038021423079535564	-26.840371668038856	1.0926295465721606e-158	NA	NA	NA	NA	1.5066382613055697e-155	DOWN	1.222672559387762e-158	3	0	3	1
ENDOD1	3	A2780,PEO1,UWB_BRCAdef	FALSE	-0.8473226712410089	0.03300065839988431	-25.67593230939839	2.171095607582718e-145	-0.9120027731708914	-0.7826425693111264	0	0.7716491573869402	0.6798897823738531	0	-0.8473226712410089	0.03300065839988431	-25.67593230939839	2.171095607582718e-145	NA	NA	NA	NA	2.2931421963804037e-142	DOWN	2.171095607582718e-145	3	0	3	1
ADAMTS2	3	A2780,PEO1,UWB_BRCAdef	TRUE	-0.7455432590670887	0.029136943804479648	-25.58755867018783	2.098567291914354e-144	-0.8026506195434363	-0.6884358985907412	0	9.438450405517937	0.008922088680812248	0	-0.7455432590670887	0.029136943804479648	-25.58755867018783	2.098567291914354e-144	-0.7359407288169588	0.1169584577509797	3.127440790058682e-10	0.02432253129191103	1.939469659096097e-141	DOWN	2.098567291914354e-144	3	1	2	0.6666666666666666
LRP1B	2	A2780,UWB_BRCAdef	FALSE	-0.53263751679807	0.020908675194726757	-25.474474677974964	3.7819315323924697e-143	-0.5736177671441804	-0.4916572664519596	0	0.013584729568110368	0.9072138500079417	0	-0.53263751679807	0.020908675194726757	-25.474474677974964	3.7819315323924697e-143	NA	NA	NA	NA	3.289613033499262e-140	DOWN	3.7819315323924697e-143	2	0	2	1
USP18	3	A2780,PEO1,UWB_BRCAdef	FALSE	-0.9359417247345541	0.04142895953436531	-22.591485165303045	5.255106440234366e-113	-1.0171409933388773	-0.8547424561302308	0	0.5152202885177066	0.7728964915137865	0	-0.9359417247345541	0.04142895953436531	-22.591485165303045	5.255106440234366e-113	NA	NA	NA	NA	3.8853629465872785e-110	DOWN	5.255106440234366e-113	3	0	3	1
ATP5L	2	A2780,PEO1	FALSE	-0.6605790997714353	0.03244055576745712	-20.362755327209836	3.578809068722108e-92	-0.7241614207141144	-0.5969967788287561	0	0.02013659661326006	0.8871562483411098	0	-0.6605790997714353	0.03244055576745712	-20.362755327209836	3.578809068722108e-92	NA	NA	NA	NA	2.4054477135997187e-89	DOWN	3.578809068722108e-92	2	0	2	1
EIF2D	3	A2780,PEO1,UWB_BRCAdef	FALSE	-0.4301823234908262	0.022069828044361063	-19.491874727168057	1.2867937090844402e-84	-0.4734383916027659	-0.3869262553788865	4.8958648804208175e-6	3.5445980111509643	0.16994184213090843	0.02839802344358137	-0.430187366675779	0.021964899105622587	-19.58521933595677	2.067143972266623e-85	NA	NA	NA	NA	7.611127430492647e-82	DOWN	1.2867937090844402e-84	3	1	2	0.6666666666666666
DNAJB11	3	A2780,PEO1,UWB_BRCAdef	FALSE	-0.7660324154678575	0.04065818519191923	-18.84079212714358	3.496929036031119e-79	-0.845720994120779	-0.686343836814936	0.0014549463248764787	1.9154751954948197	0.3837601243539631	19.487951598126195	-0.7805243373568498	0.026401612674960395	-29.56350988729974	4.4030889925531745e-192	NA	NA	NA	NA	1.9151514687330428e-76	DOWN	3.496929036031119e-79	3	0	3	1
TMEM263	2	A2780,UWB_BRCAdef	FALSE	-0.8987278180681149	0.04934277248814755	-18.21397081576628	3.998655655484228e-74	-0.9954378750422379	-0.8020177610939918	1.1477772181470155e-5	1.000970494522912	0.3170757904960272	0.09695535764765022	-0.8987851051387956	0.049250266263427406	-18.24934509656086	2.094045133464125e-74	NA	NA	NA	NA	2.111718613487332e-71	DOWN	3.998655655484228e-74	2	0	2	1
GTF2E2	3	A2780,PEO1,UWB_BRCAdef	FALSE	-0.7319880638569554	0.040408886768691005	-18.114531787203383	2.447459104120723e-73	-0.8111880265789468	-0.6527881011349639	2.632016210869129e-6	4.130832955631927	0.12676548456034373	0.01874195529183253	-0.7320043592559996	0.040383880848747104	-18.126151916841092	1.9814962420213714e-73	NA	NA	NA	NA	1.2479509576770045e-70	DOWN	2.447459104120723e-73	3	0	3	1
PCDHA13	2	A2780,PEO1	FALSE	-0.8032649596380257	0.045148790431688145	-17.79150564074128	8.224010821739778e-71	-0.891754962829681	-0.7147749564463703	0.0024394715534438428	2.0695564555326422	0.15026521696894157	51.680467699895125	-0.8224495711518038	0.021784479105496347	-37.75392412042091	0	NA	NA	NA	NA	3.800264000658315e-68	DOWN	8.224010821739778e-71	2	0	2	1
LRRC8B	3	A2780,PEO1,UWB_BRCAdef	FALSE	-0.8454039198686563	0.04795015829989378	-17.630889028170923	1.4270539544566612e-69	-0.9393845031894424	-0.7514233365478701	0	0.29741034863850135	0.8618231650481848	0	-0.8454039198686563	0.04795015829989378	-17.630889028170923	1.4270539544566612e-69	NA	NA	NA	NA	6.39449903774262e-67	DOWN	1.4270539544566612e-69	3	0	3	1
TMEM267	2	A2780,UWB_BRCAdef	FALSE	-1.0873738110123206	0.06173633938208938	-17.613188956386093	1.951350239804677e-69	-1.2083748127385574	-0.9663728092860836	0	0.48940525736258633	0.48419272550418013	0	-1.0873738110123206	0.06173633938208938	-17.613188956386093	1.951350239804677e-69	NA	NA	NA	NA	8.486651763526988e-67	DOWN	1.951350239804677e-69	2	0	2	1
KMT5A	2	A2780,UWB_BRCAdef	FALSE	-0.7202614112884458	0.04134664954759527	-17.4200671437557	5.810890763358768e-68	-0.8012993552831318	-0.6392234672937598	0	0.14607772363419078	0.7023121644597611	0	-0.7202614112884458	0.04134664954759527	-17.4200671437557	5.810890763358768e-68	NA	NA	NA	NA	2.386823381049614e-65	DOWN	5.810890763358768e-68	2	0	2	1
ZPR1	2	A2780,UWB_BRCAdef	FALSE	-0.34481966492990324	0.021232521219607406	-16.24016579865587	2.6221450953318985e-59	-0.3864346418213162	-0.30320468803849027	0	0.9578826623681062	0.3277209166106584	0	-0.34481966492990324	0.021232521219607406	-16.24016579865587	2.6221450953318985e-59	NA	NA	NA	NA	9.941963980685328e-57	DOWN	2.6221450953318985e-59	2	0	2	1
TMED4	3	A2780,PEO1,UWB_BRCAdef	FALSE	-0.42571912009881663	0.026267855841394717	-16.206846979415	4.511272294144006e-59	-0.47720317149904035	-0.3742350686985929	0	0.6237848293610518	0.7320602829312252	0	-0.42571912009881663	0.026267855841394717	-16.206846979415	4.511272294144006e-59	NA	NA	NA	NA	1.6677045853376854e-56	DOWN	4.511272294144006e-59	3	0	3	1
BAMBI	3	A2780,PEO1,UWB_BRCAdef	FALSE	-0.7852731998272247	0.04845934800580882	-16.20478260939652	4.665338762052054e-59	-0.8802517766329028	-0.6902946230215465	1.5493477126881186e-6	2.083778312620557	0.35278758114321984	0.0017380319614823676	-0.7852720456108192	0.04844420156354419	-16.209825330298383	4.297883642181765e-59	NA	NA	NA	NA	1.682594250596676e-56	DOWN	4.665338762052054e-59	3	0	3	1
ZIC4	2	A2780,UWB_BRCAdef	FALSE	-0.4024432207787963	0.024957529151004416	-16.125122737264235	1.6992115518053196e-58	-0.4513590790578735	-0.3535273624997191	0	0.02088562774087236	0.8850909645006638	0	-0.4024432207787963	0.024957529151004416	-16.125122737264235	1.6992115518053196e-58	NA	NA	NA	NA	5.982438384891729e-56	DOWN	1.6992115518053196e-58	2	0	2	1
LHFPL2	3	A2780,PEO1,UWB_BRCAdef	FALSE	-0.5857660194537324	0.03703986046262014	-15.814476948283199	2.472545687139427e-56	-0.658362811952857	-0.5131692269546079	7.933961687972202e-7	2.931260643426743	0.2309323838964506	0.004291297230672673	-0.5857637497763649	0.03703073843036701	-15.818311343637967	2.3264916962735256e-56	NA	NA	NA	NA	7.779049590581e-54	DOWN	2.472545687139427e-56	3	0	3	1
TSHZ1	3	A2780,PEO1,UWB_BRCAdef	FALSE	-0.3798827116196148	0.02456341270401833	-15.465388144436044	5.941405844470523e-54	-0.4280261158568843	-0.33173930738234525	0	1.817158991365013	0.4030964177373688	0	-0.3798827116196148	0.02456341270401833	-15.465388144436044	5.941405844470523e-54	NA	NA	NA	NA	1.7571113644437124e-51	DOWN	5.941405844470523e-54	3	0	3	1
HEBP2	3	A2780,PEO1,UWB_BRCAdef	FALSE	-0.48693380798267827	0.032886947580846634	-14.80629379742949	1.3339536978801814e-49	-0.5513910408025944	-0.4224765751627622	0	1.1949021554354395	0.5502122986336773	0	-0.48693380798267827	0.032886947580846634	-14.80629379742949	1.3339536978801814e-49	NA	NA	NA	NA	3.793302563568124e-47	DOWN	1.3339536978801814e-49	3	0	3	1
PTGER2	2	A2780,UWB_BRCAdef	FALSE	-0.6961387525921642	0.048253790336694434	-14.426612867814194	3.519453136811066e-47	-0.7907144437696322	-0.6015630614146962	0	0.3585313328154505	0.5493230291299506	0	-0.6961387525921642	0.048253790336694434	-14.426612867814194	3.519453136811066e-47	NA	NA	NA	NA	9.462209733459134e-45	DOWN	3.519453136811066e-47	2	0	2	1
TDRKH	3	A2780,PEO1,UWB_BRCAdef	FALSE	-0.4288524587968963	0.03033016244606805	-14.139471213168262	2.1690811545779353e-45	-0.48829848483643895	-0.3694064327573537	3.3302602898321557e-7	2.1570555628279107	0.34009585269455345	0.0023045569308919444	-0.4288531243132108	0.030325370922521945	-14.141727249070897	2.1006439936984933e-45	NA	NA	NA	NA	5.627053163639286e-43	DOWN	2.1690811545779353e-45	3	0	3	1
LMAN1	3	A2780,PEO1,UWB_BRCAdef	FALSE	-0.5857208535097608	0.041508817186831776	-14.110757501795893	3.2605667577026305e-45	-0.6670766402368082	-0.5043650667827133	0	1.0988366311249904	0.5772855107327761	0	-0.5857208535097608	0.041508817186831776	-14.110757501795893	3.2605667577026305e-45	NA	NA	NA	NA	8.31275873209462e-43	DOWN	3.2605667577026305e-45	3	0	3	1
RUFY3	3	A2780,PEO1,UWB_BRCAdef	FALSE	-0.48205913674626444	0.03439809427941284	-14.01412336481604	1.2776618724085435e-44	-0.5494781626707268	-0.414640110821802	1.4448781549505138e-7	3.059794517170343	0.2165579156397205	0.002891939304943263	-0.48205994805732116	0.0343969887776019	-14.014597358336829	1.2691603541207707e-44	NA	NA	NA	NA	3.148797684550855e-42	DOWN	1.2776618724085435e-44	3	0	3	1
CACNG6	2	A2780,UWB_BRCAdef	FALSE	-1.0674090698664362	0.07741635667936594	-13.78790110579999	3.014020630629404e-43	-1.2191423407723003	-0.9156757989605722	0	0.0025774156959638495	0.9595101872385159	0	-1.0674090698664362	0.07741635667936594	-13.78790110579999	3.014020630629404e-43	NA	NA	NA	NA	7.188439204051128e-41	DOWN	3.014020630629404e-43	2	0	2	1
NEUROG2	2	A2780,UWB_BRCAdef	FALSE	-0.756746743333391	0.05530973021088717	-13.681982183750245	1.3009725114868684e-42	-0.8651518225413568	-0.6483416641254252	0	0.8746274776701749	0.3496774046663387	0	-0.756746743333391	0.05530973021088717	-13.681982183750245	1.3009725114868684e-42	NA	NA	NA	NA	2.9596123888240498e-40	DOWN	1.3009725114868684e-42	2	0	2	1
FAR2	3	A2780,PEO1,UWB_BRCAdef	FALSE	-0.7544018418332081	0.05524831489886981	-13.654748442809801	1.891413580657866e-42	-0.8626865492415207	-0.6461171344248956	0	1.0167335446513661	0.6014771261368299	0	-0.7544018418332081	0.05524831489886981	-13.654748442809801	1.891413580657866e-42	NA	NA	NA	NA	4.237626154119373e-40	DOWN	1.891413580657866e-42	3	0	3	1
EXD1	2	A2780,UWB_BRCAdef	FALSE	-0.6811338403923041	0.049994958165989443	-13.624050611880811	2.8813287514575606e-42	-0.7791221578062301	-0.5831455229783781	0	0.8851706337950598	0.34678938451071184	0	-0.6811338403923041	0.049994958165989443	-13.624050611880811	2.8813287514575606e-42	NA	NA	NA	NA	6.265618859971023e-40	DOWN	2.8813287514575606e-42	2	0	2	1
ARMCX5-GPRASP2	2	A2780,UWB_BRCAdef	FALSE	-0.3783061981005148	0.027819478143809813	-13.598608721015593	4.081232557470176e-42	-0.43283137333108124	-0.32378102286994837	0	0.11320260430420861	0.7365270662656048	0	-0.3783061981005148	0.027819478143809813	-13.598608721015593	4.081232557470176e-42	NA	NA	NA	NA	8.746258815552391e-40	DOWN	4.081232557470176e-42	2	0	2	1
PP2D1	3	A2780,PEO1,UWB_BRCAdef	FALSE	-0.632060570046965	0.0471212719632657	-13.413487024282793	5.041163480254845e-41	-0.7244165660006828	-0.5397045740932472	7.970816756112064e-7	2.098701713755841	0.35016498253967604	3.818565030423928e-4	-0.6320613379625133	0.047112993371163814	-13.415860312314088	4.882341970257139e-41	NA	NA	NA	NA	1.049911047641245e-38	DOWN	5.041163480254845e-41	3	0	3	1
BORCS5	2	A2780,UWB_BRCAdef	FALSE	-0.5765371019536217	0.04359373484156912	-13.22522844277753	6.2746305303497775e-40	-0.6619792521946861	-0.49109495171255735	0	0.2597356957971859	0.6103017934580416	0	-0.5765371019536217	0.04359373484156912	-13.22522844277753	6.2746305303497775e-40	NA	NA	NA	NA	1.2709994746887967e-37	DOWN	6.2746305303497775e-40	2	0	2	1
XKR9	2	A2780,UWB_BRCAdef	FALSE	-0.6391630219514725	0.04859804026586515	-13.152032848542971	1.6565995351789372e-39	-0.7344134305917955	-0.5439126133111494	0	0.1916037706847729	0.6615851517786864	0	-0.6391630219514725	0.04859804026586515	-13.152032848542971	1.6565995351789372e-39	NA	NA	NA	NA	3.2661516435587925e-37	DOWN	1.6565995351789372e-39	2	0	2	1
GLDC	3	A2780,PEO1,UWB_BRCAdef	FALSE	-2.414182323062443	0.18639850505001904	-12.951725779209495	2.2973075181437562e-38	-2.7795166797325876	-2.048847966392298	0.08390032095744059	20.958804706652373	2.8109517066467762e-5	90.29347321526883	-2.4914700710187936	0.031643816644659414	-78.73481568283842	0	NA	NA	NA	NA	4.4697745093147006e-36	DOWN	2.2973075181437562e-38	3	0	3	1
LMO1	2	A2780,PEO1	FALSE	-0.5176654190011865	0.03997572554436456	-12.94949402298372	2.3650773538974133e-38	-0.5960164013239988	-0.4393144366783741	0	0.014322785646969947	0.9047383544293041	0	-0.5176654190011865	0.03997572554436456	-12.94949402298372	2.3650773538974133e-38	NA	NA	NA	NA	4.5418699781923443e-36	DOWN	2.3650773538974133e-38	2	0	2	1
BACE1	3	A2780,PEO1,UWB_BRCAdef	FALSE	-0.4629792205528157	0.03577157269693871	-12.942657692890224	2.585286459412473e-38	-0.5330902147091718	-0.3928682263964595	0	1.510599950292689	0.4698696443724597	0	-0.4629792205528157	0.03577157269693871	-12.942657692890224	2.585286459412473e-38	NA	NA	NA	NA	4.901106522478492e-36	DOWN	2.585286459412473e-38	3	0	3	1
CYSTM1	3	A2780,PEO1,UWB_BRCAdef	FALSE	-0.48409165497786216	0.03817016189327659	-12.68246271345083	7.397065160335513e-37	-0.5589037975727474	-0.40927951238297683	0	0.6175171902417161	0.7343580262407166	0	-0.48409165497786216	0.03817016189327659	-12.68246271345083	7.397065160335513e-37	NA	NA	NA	NA	1.3845620572896359e-34	DOWN	7.397065160335513e-37	3	0	3	1
TULP3	3	A2780,PEO1,UWB_BRCAdef	FALSE	-0.7375399719500021	0.0583046821707346	-12.649755465440172	1.1222356748512779e-36	-0.8518150491346965	-0.6232648947653077	0.0014546029983562184	1.5453583314106902	0.4617742398318888	7.2116665785008855	-0.7460918883115188	0.04871780673254222	-15.314562340778552	6.112191286719264e-53	NA	NA	NA	NA	2.0743123655032307e-34	DOWN	1.1222356748512779e-36	3	0	3	1
ZNF92	3	A2780,PEO1,UWB_BRCAdef	FALSE	-0.671972236541052	0.053330424378187184	-12.600166684889482	2.106987688163414e-36	-0.7764979476025358	-0.5674465254795682	0	1.2614917862192256	0.5321946925709241	0	-0.671972236541052	0.053330424378187184	-12.600166684889482	2.106987688163414e-36	NA	NA	NA	NA	3.7090508267705236e-34	DOWN	2.106987688163414e-36	3	0	3	1
SMPDL3A	3	A2780,PEO1,UWB_BRCAdef	FALSE	-0.7666211447375001	0.06107569900251634	-12.551983149728914	3.8767742271438686e-36	-0.886327315113041	-0.6469149743619592	0.0022559917595595786	2.524639157878974	0.2829968310967758	18.162899173963172	-0.7693149755673806	0.05167367404555382	-14.887948065956714	3.9469796877342894e-50	NA	NA	NA	NA	6.744218881973693e-34	DOWN	3.8767742271438686e-36	3	0	3	1
SERPING1	3	A2780,PEO1,UWB_BRCAdef	TRUE	-0.9228834236557923	0.07565624853651316	-12.198376756817265	3.1708195644226088e-34	-1.0711669459927693	-0.7745999013188154	0	8.169791775279645	0.016824890903882575	0	-0.9228834236557923	0.07565624853651316	-12.198376756817265	3.1708195644226088e-34	-1.03216009568858	0.33724934915629834	0.002209492453290698	0.20668901455645658	5.268192011136754e-32	DOWN	3.1708195644226088e-34	3	0	3	1
MEMO1	3	A2780,PEO1,UWB_BRCAdef	FALSE	-0.3411983663928752	0.02833393425284533	-12.042039885746245	2.136073968336619e-33	-0.39673185706877784	-0.2856648757169726	6.057212964751604e-6	2.0951324167008196	0.3507904619245718	0.11611816009638062	-0.3411922363331432	0.028259774905460347	-12.07342370824115	1.459339111243289e-33	NA	NA	NA	NA	3.3963576096552244e-31	DOWN	2.136073968336619e-33	3	0	3	1
OGFOD1	3	A2780,PEO1,UWB_BRCAdef	FALSE	-0.4018399457811427	0.03349547467478062	-11.996842847660721	3.691093250379099e-33	-0.46748986978878615	-0.3361900217734992	5.809182339234844e-6	2.8026371580555276	0.24627202063543746	0.10567131319845377	-0.4018642820163202	0.03344407607314462	-12.016007891424893	2.9277792566729293e-33	NA	NA	NA	NA	5.8064038184421e-31	DOWN	3.691093250379099e-33	3	0	3	1
RPN2	3	A2780,PEO1,UWB_BRCAdef	FALSE	-0.4554224828927171	0.038483731398909184	-11.83415605342329	2.599449486662948e-32	-0.5308492104252923	-0.37999575536014185	0.0010158706388698358	2.175111825916238	0.3370392411058361	20.847092255242476	-0.4625162018533423	0.03237723070504802	-14.28523044687791	2.705131692189352e-46	NA	NA	NA	NA	4.046111532556317e-30	DOWN	2.599449486662948e-32	3	0	3	1
POPDC3	3	A2780,PEO1,UWB_BRCAdef	FALSE	-1.1033272525385296	0.09339623991314688	-11.813401198640976	3.3281998952387e-32	-1.2863805190597597	-0.9202739860172994	0.014716447945523733	6.444281732040287	0.03986961133193971	66.43618350537812	-1.1063423359080007	0.0407855285153722	-27.12585508095149	4.87999885372681e-162	NA	NA	NA	NA	5.126467901134861e-30	DOWN	3.3281998952387e-32	3	0	3	1
MFSD14B	2	A2780,UWB_BRCAdef	FALSE	-0.32940351183611993	0.02789663052610501	-11.808003533898901	3.548881498381248e-32	-0.38407990295730643	-0.27472712071493344	0	0.002014712178064657	0.9641985384016026	0	-0.32940351183611993	0.02789663052610501	-11.808003533898901	3.548881498381248e-32	NA	NA	NA	NA	5.354827624139134e-30	DOWN	3.548881498381248e-32	2	0	2	1
P3H3	2	A2780,UWB_BRCAdef	FALSE	-4.405584836862296	0.37555203386943214	-11.730957203107524	8.845269422629368e-32	-5.141653297567149	-3.6695163761574427	0.18105059998696518	1.853051249349667	0.1734289326356773	46.03495179364557	-4.606741096146519	0.05549582583972055	-83.01058730887995	0	NA	NA	NA	NA	1.3079499895242047e-29	DOWN	8.845269422629368e-32	2	0	2	1
PNCK	2	A2780,PEO1	FALSE	-0.8336303016456489	0.07107693670052398	-11.728562601931934	9.099069602610284e-32	-0.9729385377101091	-0.6943220655811887	0	0.2880084273229633	0.5914996124793174	0	-0.8336303016456489	0.07107693670052398	-11.728562601931934	9.099069602610284e-32	NA	NA	NA	NA	1.332157843700973e-29	DOWN	9.099069602610284e-32	2	0	2	1
ITGB1BP1	3	A2780,PEO1,UWB_BRCAdef	FALSE	-0.34743977200081044	0.03015859692622041	-11.520422281274639	1.0409956622418401e-30	-0.4065495358004628	-0.28833000820115806	0	0.6417762151376591	0.7255044249026105	0	-0.34743977200081044	0.03015859692622041	-11.520422281274639	1.0409956622418401e-30	NA	NA	NA	NA	1.5091375350558912e-28	DOWN	1.0409956622418401e-30	3	0	3	1
COA7	2	A2780,UWB_BRCAdef	FALSE	-0.3768034813750092	0.032776723243745746	-11.496069285904243	1.38060692262276e-30	-0.4410446784639877	-0.31256228428603067	0	4.987935103517094e-4	0.9821817783931421	0	-0.3768034813750092	0.032776723243745746	-11.496069285904243	1.38060692262276e-30	NA	NA	NA	NA	1.9820421907594905e-28	DOWN	1.38060692262276e-30	2	0	2	1
FOLR1	2	A2780,UWB_BRCAdef	FALSE	-3.1230505542780493	0.2721769281454864	-11.47433978169042	1.7752749340333122e-30	-3.656507530865949	-2.5895935776901498	0.1021480747979716	2.698780527759571	0.10042503281020818	62.946227389962544	-2.9803239174146556	0.10495123976879966	-28.397224501398014	2.1881638111765764e-177	NA	NA	NA	NA	2.524133697072172e-28	DOWN	1.7752749340333122e-30	2	0	2	1
SLC39A10	3	A2780,PEO1,UWB_BRCAdef	FALSE	-0.5214235055666989	0.045981825400877814	-11.339773943744841	8.335950866164699e-30	-0.6115462272958284	-0.43130078383756937	0	0.9766382998936474	0.6136569931902127	0	-0.5214235055666989	0.045981825400877814	-11.339773943744841	8.335950866164699e-30	NA	NA	NA	NA	1.1413306060923832e-27	DOWN	8.335950866164699e-30	3	0	3	1
PRSS53	3	A2780,PEO1,UWB_BRCAdef	TRUE	-0.5413823434628301	0.0478204564142023	-11.32114546907678	1.0311566324421408e-29	-0.635108715758934	-0.4476559711667262	0	6.520574703815454	0.03837736862288184	0	-0.5413823434628301	0.0478204564142023	-11.32114546907678	1.0311566324421408e-29	-0.4956544398623663	0.11886038077632367	3.0452484707277823e-5	0.02371515759422128	1.386155738538358e-27	DOWN	1.0311566324421408e-29	3	1	2	0.6666666666666666
LCORL	3	A2780,PEO1,UWB_BRCAdef	FALSE	-0.542426214076618	0.04813411735164928	-11.269059118999968	1.8655269787441907e-29	-0.636767350513475	-0.4480850776397609	0	0.47007329892008887	0.7905418761649039	0	-0.542426214076618	0.04813411735164928	-11.269059118999968	1.8655269787441907e-29	NA	NA	NA	NA	2.485184453575707e-27	DOWN	1.8655269787441907e-29	3	0	3	1
TMX3	3	A2780,PEO1,UWB_BRCAdef	FALSE	-0.5534772950490818	0.04929349487910154	-11.228201538692968	2.964511775554444e-29	-0.6500907696842304	-0.45686382041393325	0	1.2015387329962437	0.5483895611934001	0	-0.5534772950490818	0.04929349487910154	-11.228201538692968	2.964511775554444e-29	NA	NA	NA	NA	3.879312887179076e-27	DOWN	2.964511775554444e-29	3	0	3	1
FRMD4A	3	A2780,PEO1,UWB_BRCAdef	FALSE	-0.3978718722965176	0.035625621379928384	-11.168138460054488	5.839179339771165e-29	-0.46769680712803735	-0.32804693746499786	0	1.5915229403548083	0.45123750016801484	0	-0.3978718722965176	0.035625621379928384	-11.168138460054488	5.839179339771165e-29	NA	NA	NA	NA	7.508169121495323e-27	DOWN	5.839179339771165e-29	3	0	3	1
PDIA3	3	A2780,PEO1,UWB_BRCAdef	FALSE	-0.6511553064329818	0.06025975779518485	-10.805806897634318	3.2310366120427514e-27	-0.7692622614286508	-0.5330483514373128	0.005804929243971645	4.22029370104107	0.12122016388209125	52.489381928993005	-0.6802436911172061	0.03546272264889687	-19.18193641960444	5.239233888858321e-82	NA	NA	NA	NA	4.083533195066339e-25	DOWN	3.2310366120427514e-27	3	0	3	1
B4GALT1	3	A2780,PEO1,UWB_BRCAdef	FALSE	-0.4732177072408082	0.04427447038769609	-10.688274825130733	1.154993336646752e-26	-0.5599940746352776	-0.38644133984633877	0.001619880286420398	1.7652800291630426	0.4136893229268687	15.142336314985226	-0.4613922592623087	0.027821916576178957	-16.583769777289586	9.131649089002595e-62	NA	NA	NA	NA	1.4473632600843662e-24	DOWN	1.154993336646752e-26	3	0	3	1
SIX2	3	A2780,PEO1,UWB_BRCAdef	FALSE	-0.5047331234068619	0.04732920658720818	-10.664305611733576	1.4951165646732185e-26	-0.5974966637346458	-0.41196958307907805	0	0.5142032352597636	0.7732896299133604	0	-0.5047331234068619	0.04732920658720818	-10.664305611733576	1.4951165646732185e-26	NA	NA	NA	NA	1.8578393816657884e-24	DOWN	1.4951165646732185e-26	3	0	3	1
WASHC4	2	A2780,UWB_BRCAdef	FALSE	-0.9035516126294888	0.08562335324291567	-10.552630543049272	4.9394469108891246e-26	-1.0713703012211544	-0.7357329240378232	0.005348006934678552	1.563139833533913	0.21120607984622175	36.02619685410862	-0.8981787867110498	0.06786820972720754	-13.234160593320922	5.5715724704398055e-40	NA	NA	NA	NA	6.036330700108883e-24	DOWN	4.9394469108891246e-26	2	0	2	1
HACD3	2	A2780,UWB_BRCAdef	FALSE	-0.44790964217831464	0.04275803900520504	-10.47544865478488	1.1200523162071666e-25	-0.5317138586780754	-0.3641054256785539	0	0.07754142670357869	0.7806572611690284	0	-0.44790964217831464	0.04275803900520504	-10.47544865478488	1.1200523162071666e-25	NA	NA	NA	NA	1.357558491783227e-23	DOWN	1.1200523162071666e-25	2	0	2	1
PTS	3	A2780,PEO1,UWB_BRCAdef	FALSE	-0.37479643942614094	0.03588335310720589	-10.444855538064989	1.546907242456833e-25	-0.44512651916079793	-0.30446635969148395	0	0.16681882238313314	0.9199744222832464	0	-0.37479643942614094	0.03588335310720589	-10.444855538064989	1.546907242456833e-25	NA	NA	NA	NA	1.8596843409926172e-23	DOWN	1.546907242456833e-25	3	0	3	1
LVRN	2	A2780,UWB_BRCAdef	FALSE	-0.653328264532755	0.06255695338179568	-10.443735335788846	1.5652768458520853e-25	-0.7759376401436258	-0.5307188889218843	0	0.26562152045999887	0.6062841327074168	0	-0.653328264532755	0.06255695338179568	-10.443735335788846	1.5652768458520853e-25	NA	NA	NA	NA	1.8665926386786118e-23	DOWN	1.5652768458520853e-25	2	0	2	1
ARHGAP9	2	A2780,UWB_BRCAdef	FALSE	-0.4931921034504202	0.04745348818552444	-10.393168601689162	2.663544650027017e-25	-0.5861992312348451	-0.4001849756659953	0	0.6168737504024553	0.4322113977806388	0	-0.4931921034504202	0.04745348818552444	-10.393168601689162	2.663544650027017e-25	NA	NA	NA	NA	3.1508667791959604e-23	DOWN	2.663544650027017e-25	2	0	2	1
SEC11A	3	A2780,PEO1,UWB_BRCAdef	FALSE	-0.29213162196606385	0.02811846003767466	-10.389317963169029	2.773291085172736e-25	-0.3472427909406349	-0.23702045299149274	1.7261860171788723e-6	2.6280177445840245	0.2687405474892042	0.031913750686618975	-0.29214274988660566	0.028096724623218616	-10.397751118832701	2.53853571199383e-25	NA	NA	NA	NA	3.2546551806705754e-23	DOWN	2.773291085172736e-25	3	0	3	1
BCL3	3	A2780,PEO1,UWB_BRCAdef	FALSE	-0.597711991808115	0.057956445671379954	-10.313123672166062	6.1470248449866e-25	-0.7113045379959719	-0.48411944562025794	0	0.18297173022288976	0.9125742151956778	0	-0.597711991808115	0.057956445671379954	-10.313123672166062	6.1470248449866e-25	NA	NA	NA	NA	7.046205921148593e-23	DOWN	6.1470248449866e-25	3	0	3	1
RASSF9	2	A2780,UWB_BRCAdef	FALSE	-0.6740368892220513	0.06589190100865437	-10.229434557268608	1.4637149166423179e-24	-0.8031826420718923	-0.5448911363722103	0	0.2268423289825141	0.6338751433270892	0	-0.6740368892220513	0.06589190100865437	-10.229434557268608	1.4637149166423179e-24	NA	NA	NA	NA	1.6649194209530733e-22	DOWN	1.4637149166423179e-24	2	0	2	1
TRAM1	3	A2780,PEO1,UWB_BRCAdef	FALSE	-0.6410711916203453	0.06351963482142503	-10.092488620607016	5.96380464092331e-24	-0.7655673881814746	-0.516574995059216	4.800716440215059e-6	2.352500092770316	0.3084331828210199	0.03113351692377928	-0.6410784122680402	0.0635016157220871	-10.09546615433693	5.7855534485527375e-24	NA	NA	NA	NA	6.630584904160375e-22	DOWN	5.96380464092331e-24	3	0	3	1
LEO1	3	A2780,PEO1,UWB_BRCAdef	FALSE	-0.3265162831272753	0.03256557681720253	-10.02642406612603	1.1666549792135617e-23	-0.3903436408247648	-0.26268892542978584	1.036731852195488e-6	4.004245953961559	0.13504827431008276	0.017223987852435525	-0.32652288728249523	0.032555265239967004	-10.029802702440712	1.1274165623840298e-23	NA	NA	NA	NA	1.2778760872319212e-21	DOWN	1.1666549792135617e-23	3	0	3	1
TYW1	3	A2780,PEO1,UWB_BRCAdef	FALSE	-0.6635280956563552	0.06686916580312695	-9.92278111573701	3.313912719152738e-23	-0.7945892523067214	-0.532466939005989	0.005366518134487324	2.9718021095614247	0.22629834158054227	36.17374666296605	-0.6952046166028855	0.04283136626681531	-16.23120337259736	3.0345154363629077e-59	NA	NA	NA	NA	3.576848713730769e-21	DOWN	3.313912719152738e-23	3	0	3	1
PQLC1	2	A2780,PEO1	FALSE	-0.9683707268581387	0.0977513273559624	-9.9064713805042	3.901837689871981e-23	-1.15995980791681	-0.7767816457994675	0	0.04522013506070343	0.8315997624479171	0	-0.9683707268581387	0.0977513273559624	-9.9064713805042	3.901837689871981e-23	NA	NA	NA	NA	4.1809039072563034e-21	DOWN	3.901837689871981e-23	2	0	2	1
GBP4	3	A2780,PEO1,UWB_BRCAdef	FALSE	-0.2961622171079711	0.030051635155724534	-9.855111562924561	6.514430818877368e-23	-0.3550623396897289	-0.23726209452621327	1.2281812523774029e-6	2.554358919534219	0.27882262284143	0.0027853418976735	-0.2961636863784015	0.030032030740028547	-9.861593741100439	6.107219497132846e-23	NA	NA	NA	NA	6.930135864657527e-21	DOWN	6.514430818877368e-23	3	0	3	1
PTPRD	3	A2780,PEO1,UWB_BRCAdef	FALSE	-0.130982177243677	0.013454344391974139	-9.735307305037562	2.131723876293924e-22	-0.15735220768754477	-0.10461214679980924	1.0017547914486677e-6	5.127892510874952	0.07700027733070466	0.013424246313924809	-0.13097980470151702	0.013418871100614273	-9.76086615032178	1.6573363311450915e-22	NA	NA	NA	NA	2.219845137940722e-20	DOWN	2.131723876293924e-22	3	0	3	1
SDHAF3	2	A2780,UWB_BRCAdef	FALSE	-0.370329041289336	0.03808816166103303	-9.722943432793967	2.4072040379433246e-22	-0.44498046638230004	-0.295677616196372	0	0.030618215315414074	0.8610948662653101	0	-0.370329041289336	0.03808816166103303	-9.722943432793967	2.4072040379433246e-22	NA	NA	NA	NA	2.489183643990765e-20	DOWN	2.4072040379433246e-22	2	0	2	1
SELENOK	2	A2780,UWB_BRCAdef	FALSE	-0.484383881955074	0.05094191656995594	-9.50855237827368	1.9333412548937406e-21	-0.5842282037356318	-0.3845395601745161	0	0.1292422836329725	0.7192189622852622	0	-0.484383881955074	0.05094191656995594	-9.50855237827368	1.9333412548937406e-21	NA	NA	NA	NA	1.9447834786471931e-19	DOWN	1.9333412548937406e-21	2	0	2	1
PPP1CB	3	A2780,PEO1,UWB_BRCAdef	FALSE	-0.44386529898125937	0.046692192678452024	-9.506199506156385	1.977555822811422e-21	-0.5353803149902301	-0.3523502829722886	0	0.32678612675263546	0.8492573108554012	0	-0.44386529898125937	0.046692192678452024	-9.506199506156385	1.977555822811422e-21	NA	NA	NA	NA	1.9758187805346281e-19	DOWN	1.977555822811422e-21	3	0	3	1
DNM1L	3	A2780,PEO1,UWB_BRCAdef	FALSE	-0.3660394650477757	0.03897126240763112	-9.392548314680717	5.85658292055453e-21	-0.4424217357987924	-0.28965719429675896	1.5824991521601282e-6	2.1174305238415596	0.34690120134649327	0.02713946618605603	-0.3660433882922619	0.03896153302084881	-9.394994496145403	5.7220814723549946e-21	NA	NA	NA	NA	5.773419443082655e-19	DOWN	5.85658292055453e-21	3	0	3	1
HLA-G	2	A2780,UWB_BRCAdef	FALSE	-0.30822307710702035	0.033234800602977684	-9.274106403978395	1.7911409024373715e-20	-0.3733620893222267	-0.24308406489181403	0	0.9631483324284651	0.32639493034629763	0	-0.30822307710702035	0.033234800602977684	-9.274106403978395	1.7911409024373715e-20	NA	NA	NA	NA	1.7363481489219465e-18	DOWN	1.7911409024373715e-20	2	0	2	1
SCARB1	3	A2780,PEO1,UWB_BRCAdef	FALSE	-0.44367636624608914	0.047842005643729334	-9.273782741260177	1.7965866422199083e-20	-0.5374449742559606	-0.34990775823621767	0.0014222651537562213	2.4788622627554773	0.28954888637332576	9.376961660409195	-0.45076215803099945	0.034749233396190286	-12.971859059210743	1.7669220547128678e-38	NA	NA	NA	NA	1.7363481489219465e-18	DOWN	1.7965866422199083e-20	3	0	3	1
POLR3G	3	A2780,PEO1,UWB_BRCAdef	FALSE	-0.6085478692877169	0.06564603927165513	-9.270138397374382	1.8590454630799187e-20	-0.7372117419878629	-0.47988399658757086	0	1.1966586935666828	0.5497292763350827	0	-0.6085478692877169	0.06564603927165513	-9.270138397374382	1.8590454630799187e-20	NA	NA	NA	NA	1.785045796270309e-18	DOWN	1.8590454630799187e-20	3	0	3	1
PEX7	3	A2780,PEO1,UWB_BRCAdef	FALSE	-0.42822132031945365	0.04654582173716462	-9.199994851042437	3.5796691489325824e-20	-0.5194494545551178	-0.3369931860837894	0	0.8566609040993605	0.65159605796522	0	-0.42822132031945365	0.04654582173716462	-9.199994851042437	3.5796691489325824e-20	NA	NA	NA	NA	3.3931133144401343e-18	DOWN	3.5796691489325824e-20	3	0	3	1
CCDC181	2	A2780,UWB_BRCAdef	FALSE	-0.6050197025896531	0.0659128291276479	-9.179088662966684	4.3475511198984735e-20	-0.7342064737989856	-0.47583293138032057	0	4.3258589827356543e-4	0.9834062352144483	0	-0.6050197025896531	0.0659128291276479	-9.179088662966684	4.3475511198984735e-20	NA	NA	NA	NA	3.992996174530356e-18	DOWN	4.3475511198984735e-20	2	0	2	1
PPARGC1B	3	A2780,PEO1,UWB_BRCAdef	TRUE	-0.24345556679805103	0.026762935214375318	-9.096743867887945	9.308053662967615e-20	-0.2959099559388054	-0.19100117765729666	0	4.991978600868732	0.08241487797351163	0	-0.24345556679805103	0.026762935214375318	-9.096743867887945	9.308053662967615e-20	-0.18973900521155168	0.09402127052317952	0.043586740694755315	0.015509295334478819	8.392572531359886e-18	DOWN	9.308053662967615e-20	3	1	2	0.6666666666666666
FCHO2	3	A2780,PEO1,UWB_BRCAdef	FALSE	-0.6109702826052023	0.06816184176603393	-8.963523677989258	3.1446502466470483e-19	-0.7445650375865468	-0.4773755276238577	0	0.19197372580856195	0.9084759507258358	0	-0.6109702826052023	0.06816184176603393	-8.963523677989258	3.1446502466470483e-19	NA	NA	NA	NA	2.8012013974198737e-17	DOWN	3.1446502466470483e-19	3	0	3	1
STK26	2	A2780,UWB_BRCAdef	FALSE	-0.6454961735990912	0.07223193229002263	-8.936437848669504	4.0191701385236546e-19	-0.7870681594212713	-0.5039241877769111	0.0021119283957068474	1.2019812139162163	0.27292605676261184	16.80402418754409	-0.6388998744097772	0.06281772053467596	-10.170694972242723	2.6798967599885013e-24	NA	NA	NA	NA	3.5587705891227117e-17	DOWN	4.0191701385236546e-19	2	0	2	1
GSR	3	A2780,PEO1,UWB_BRCAdef	FALSE	-0.2893344744460823	0.03248458668805661	-8.906823325920904	5.251564783747905e-19	-0.3530030944073425	-0.22566585448482207	0	0.36660371584191687	0.832516816009312	0	-0.2893344744460823	0.03248458668805661	-8.906823325920904	5.251564783747905e-19	NA	NA	NA	NA	4.594963814040253e-17	DOWN	5.251564783747905e-19	3	0	3	1
ATL2	3	A2780,PEO1,UWB_BRCAdef	FALSE	-0.5947297172128089	0.06686889731169433	-8.89396627015711	5.896560097329629e-19	-0.725790347629637	-0.46366908679598073	0.005298013554625693	3.2595084959891496	0.1959777301296479	38.68817741720647	-0.6106013552805065	0.04975335756932227	-12.272565814874794	1.2715885797341412e-34	NA	NA	NA	NA	5.128966715247837e-17	DOWN	5.896560097329629e-19	3	0	3	1
TRAPPC13	3	A2780,PEO1,UWB_BRCAdef	FALSE	-0.4864862276112337	0.0548272605771239	-8.87307194432791	7.115533241533001e-19	-0.5939456837133893	-0.37902677150907815	0	0.7067719254770767	0.7023060770834104	0	-0.4864862276112337	0.0548272605771239	-8.87307194432791	7.115533241533001e-19	NA	NA	NA	NA	6.117290118752819e-17	DOWN	7.115533241533001e-19	3	0	3	1
PPP4R3A	2	A2780,UWB_BRCAdef	FALSE	-0.3148134794512415	0.035992539571585824	-8.746631474144987	2.1981612516744883e-18	-0.38535756072368244	-0.24426939817880058	0	0.041641414666602	0.8383048292329524	0	-0.3148134794512415	0.035992539571585824	-8.746631474144987	2.1981612516744883e-18	NA	NA	NA	NA	1.8057894682505922e-16	DOWN	2.1981612516744883e-18	2	0	2	1
UBE2QL1	2	A2780,PEO1	FALSE	-0.13844193862803864	0.01590109495910553	-8.706440593184553	3.1356619027074205e-18	-0.16960751206263688	-0.1072763651934404	0	0.826843516252135	0.3631868500719921	0	-0.13844193862803864	0.01590109495910553	-8.706440593184553	3.1356619027074205e-18	NA	NA	NA	NA	2.547639151392012e-16	DOWN	3.1356619027074205e-18	2	0	2	1
PIK3CA	3	A2780,PEO1,UWB_BRCAdef	FALSE	-0.41203943733152004	0.04768954790299877	-8.640036558317018	5.6195036613264854e-18	-0.5055092336603952	-0.3185696410026448	9.739539020272161e-4	2.6760559041769003	0.2623625502744193	13.881661595006662	-0.41102499812608884	0.04387544977043319	-9.367995092396079	7.392332966120534e-21	NA	NA	NA	NA	4.491654088650526e-16	DOWN	5.6195036613264854e-18	3	0	3	1
PDE11A	2	A2780,UWB_BRCAdef	FALSE	-0.30385244575227444	0.03526627383067919	-8.615949822516948	6.936413286098746e-18	-0.3729730723293331	-0.23473181917521582	4.8811742481763034e-4	1.0043621049274103	0.3162573032694891	0.43431596094635	-0.30487498591604795	0.0275672492134237	-11.059318380144761	1.9759337471516591e-28	NA	NA	NA	NA	5.514448562448503e-16	DOWN	6.936413286098746e-18	2	1	1	0.5
CSGALNACT1	2	A2780,PEO1	FALSE	-0.35454387793367287	0.04144228179511804	-8.555124442386246	1.1774164623621438e-17	-0.43576925768926417	-0.27331849817808157	0	0.19328099856225905	0.6601997854872049	0	-0.35454387793367287	0.04144228179511804	-8.555124442386246	1.1774164623621438e-17	NA	NA	NA	NA	9.115422632957603e-16	DOWN	1.1774164623621438e-17	2	0	2	1
VPS45	3	A2780,PEO1,UWB_BRCAdef	FALSE	-0.4449705567182074	0.05204103653694795	-8.550378438413471	1.2268558454831233e-17	-0.5469691140487585	-0.3429719993876564	3.891739865219495e-4	1.961450893004176	0.37503892946164513	2.3076904494673682	-0.4434624769206127	0.04938184465471446	-8.980273621234106	2.700942238383118e-19	NA	NA	NA	NA	9.448706972478617e-16	DOWN	1.2268558454831233e-17	3	0	3	1
GPRC5C	2	A2780,PEO1	FALSE	-0.5841249598874897	0.06839979263992031	-8.539864484129673	1.3437933780350614e-17	-0.7181860900117414	-0.450063829763238	0	0.7137410211647017	0.3982046740293111	0	-0.5841249598874897	0.06839979263992031	-8.539864484129673	1.3437933780350614e-17	NA	NA	NA	NA	1.0295685326945313e-15	DOWN	1.3437933780350614e-17	2	0	2	1
LSM14A	3	A2780,PEO1,UWB_BRCAdef	FALSE	-0.4394105689595739	0.051518261526245196	-8.529219658076444	1.4733818919959485e-17	-0.54038450609713	-0.33843663182201783	0.0033933302173319276	3.2030854688139594	0.2015852854260203	40.981752254026084	-0.4189408802406968	0.03530826786848276	-11.865234562091228	1.7939900059099297e-32	NA	NA	NA	NA	1.1172768224073894e-15	DOWN	1.4733818919959485e-17	3	0	3	1
ZNF644	3	A2780,PEO1,UWB_BRCAdef	FALSE	-0.5541416822083934	0.06541270317777462	-8.47146892404647	2.4231763459666882e-17	-0.6823482245682404	-0.4259351398485465	0	1.5657278400134151	0.457095051296595	0	-0.5541416822083934	0.06541270317777462	-8.47146892404647	2.4231763459666882e-17	NA	NA	NA	NA	1.8281381952963988e-15	DOWN	2.4231763459666882e-17	3	0	3	1
NADK2	3	A2780,PEO1,UWB_BRCAdef	FALSE	-0.23316648571775164	0.027777483713776547	-8.39408234814697	4.695469777421604e-17	-0.28760935337790156	-0.1787236180576017	0	1.52691063583349	0.4660532793994989	0	-0.23316648571775164	0.027777483713776547	-8.39408234814697	4.695469777421604e-17	NA	NA	NA	NA	3.489040783855943e-15	DOWN	4.695469777421604e-17	3	0	3	1
NRROS	3	A2780,PEO1,UWB_BRCAdef	FALSE	-0.31183708760308093	0.03764182331177835	-8.284324726254832	1.18781105900303e-16	-0.3856137056065867	-0.23806046959957516	0	0.5084750484224793	0.775507578342691	0	-0.31183708760308093	0.03764182331177835	-8.284324726254832	1.18781105900303e-16	NA	NA	NA	NA	8.738389119143186e-15	DOWN	1.18781105900303e-16	3	1	2	0.6666666666666666
FLT3	3	A2780,PEO1,UWB_BRCAdef	FALSE	-0.3004715090694143	0.03711451074888112	-8.095796037900689	5.689107780598307e-16	-0.373214613441046	-0.22772840469778258	3.561191775535465e-6	2.12121056814679	0.34624616959842797	0.035358333064011864	-0.3004924437522076	0.037079629538954224	-8.103976428257557	5.319141580668097e-16	NA	NA	NA	NA	4.123766507436626e-14	DOWN	5.689107780598307e-16	3	1	2	0.6666666666666666
PANK1	3	A2780,PEO1,UWB_BRCAdef	FALSE	-0.3389262503949901	0.04198241169357935	-8.073053374559336	6.856161767440169e-16	-0.42121026529853883	-0.25664223549144133	0	0.31014280129758703	0.8563540310672776	0	-0.3389262503949901	0.04198241169357935	-8.073053374559336	6.856161767440169e-16	NA	NA	NA	NA	4.8976842538713905e-14	DOWN	6.856161767440169e-16	3	0	3	1
PARD6B	3	A2780,PEO1,UWB_BRCAdef	FALSE	-1.0504174358297957	0.1304113093261335	-8.05464987091652	7.970663887378224e-16	-1.3060189052857298	-0.7948159663738616	0.034486148795387264	7.487706662750856	0.0236627468265112	70.69525908687577	-1.0886996197311833	0.059401920425613756	-18.32768388514494	4.976488017230687e-75	NA	NA	NA	NA	5.612486042983895e-14	DOWN	7.970663887378224e-16	3	0	3	1
RPGR	3	A2780,PEO1,UWB_BRCAdef	FALSE	-0.419336904315239	0.05229108129784631	-8.019281565946697	1.063654361836801e-15	-0.5218255403716737	-0.31684826825880424	0	0.3967567510673264	0.8200595039748165	0	-0.419336904315239	0.05229108129784631	-8.019281565946697	1.063654361836801e-15	NA	NA	NA	NA	7.418989173811686e-14	DOWN	1.063654361836801e-15	3	0	3	1
GPBP1L1	3	A2780,PEO1,UWB_BRCAdef	FALSE	-0.4121197408259303	0.05147473778965366	-8.00625235839017	1.1825693012408312e-15	-0.5130083730072943	-0.3112311086445662	0.0016136296691764802	2.173914181480247	0.3372411281329324	17.950521760376716	-0.42101315237998305	0.04387537351642196	-9.595659675065866	8.338198593803088e-22	NA	NA	NA	NA	8.171332830583257e-14	DOWN	1.1825693012408312e-15	3	0	3	1
ACVR2B	3	A2780,PEO1,UWB_BRCAdef	FALSE	-0.20984107601311552	0.026249986372428133	-7.99394990290447	1.3068288033586057e-15	-0.2612901038977419	-0.15839204812848917	0	0.16625523153725846	0.9202337033950647	0	-0.20984107601311552	0.026249986372428133	-7.99394990290447	1.3068288033586057e-15	NA	NA	NA	NA	8.98794303035521e-14	DOWN	1.3068288033586057e-15	3	0	3	1
ZNF7	3	A2780,PEO1,UWB_BRCAdef	FALSE	-0.33592935648547867	0.042039551914643473	-7.990792983891574	1.3407353144659558e-15	-0.4183253641643817	-0.25353334880657563	3.016783188544282e-4	1.6195323714272496	0.44496209255518077	4.919754412812158	-0.3346008955791252	0.0404504306691668	-8.2718747376446	1.318688109089677e-16	NA	NA	NA	NA	9.178450506948189e-14	DOWN	1.3407353144659558e-15	3	0	3	1
CCT3	3	A2780,PEO1,UWB_BRCAdef	FALSE	-0.33152153257516803	0.04169834869071495	-7.950471493107078	1.8580299365663243e-15	-0.41324879422376226	-0.24979427092657383	0.0020125463437626707	2.300008479255572	0.31663542695985336	27.072389334885656	-0.3145018730184768	0.018422541811086407	-17.07157873454869	2.4157797765094393e-65	NA	NA	NA	NA	1.2488494850911928e-13	DOWN	1.8580299365663243e-15	3	0	3	1
SIAE	3	A2780,PEO1,UWB_BRCAdef	FALSE	-0.25276722553130904	0.031833363377615026	-7.940324198009595	2.016534803056305e-15	-0.3151594712582108	-0.19037497980440726	2.105908081819942e-6	1.7724673430642879	0.412205333487681	0.04240477254023456	-0.2527734416628048	0.031813772968447895	-7.945409113012127	1.935509224187806e-15	NA	NA	NA	NA	1.349253399673918e-13	DOWN	2.016534803056305e-15	3	0	3	1
PLPP5	2	A2780,UWB_BRCAdef	FALSE	-0.29967690586918	0.03777104359031344	-7.934038283920583	2.1213265855902785e-15	-0.3737067909646868	-0.2256470207736732	0	0.33384130848921106	0.5634058932476727	0	-0.29967690586918	0.03777104359031344	-7.934038283920583	2.1213265855902785e-15	NA	NA	NA	NA	1.4129755054560113e-13	DOWN	2.1213265855902785e-15	2	0	2	1
MUM1	2	A2780,PEO1	FALSE	-0.3966251455517465	0.050083928717282566	-7.919209928411272	2.390244948750633e-15	-0.49478784204189163	-0.29846244906160135	0	0.6993844102451214	0.4029906186521909	0	-0.3966251455517465	0.050083928717282566	-7.919209928411272	2.390244948750633e-15	NA	NA	NA	NA	1.5849574913531664e-13	DOWN	2.390244948750633e-15	2	0	2	1
TWSG1	3	A2780,PEO1,UWB_BRCAdef	FALSE	-0.7219807445757939	0.09151685583327	-7.889046646129699	3.0450370025532888e-15	-0.9013504859873473	-0.5426110031642404	0.01509154224717875	5.3263213711950375	0.06972748642884266	60.58885042987752	-0.7532336783011143	0.05401500375361252	-13.944897268487889	3.3793426981259954e-44	NA	NA	NA	NA	2.0011983180780215e-13	DOWN	3.0450370025532888e-15	3	0	3	1
AFDN	2	A2780,UWB_BRCAdef	FALSE	-0.9145229578852996	0.11618691045414468	-7.871135864708555	3.5143572107523326e-15	-1.1422451178504034	-0.6868007979201958	0.022887365410022547	6.0418971881154935	0.01397026345016268	83.44890737354791	-0.9882799218513316	0.03125281951063193	-31.622104415735283	1.8344528007155603e-219	NA	NA	NA	NA	2.2994159325395905e-13	DOWN	3.5143572107523326e-15	2	0	2	1
ARHGEF26	3	A2780,PEO1,UWB_BRCAdef	FALSE	-0.33958722254685986	0.04376135662895153	-7.7599793220806275	8.49432338106468e-15	-0.425357905454218	-0.25381653963950174	7.786174697469907e-4	1.6209235555700618	0.4446526880736505	10.889915620567251	-0.3359628837240198	0.038944921147871944	-8.62661609837096	6.319384964845143e-18	NA	NA	NA	NA	5.48495894479491e-13	DOWN	8.49432338106468e-15	3	0	3	1
ZNF548	3	A2780,PEO1,UWB_BRCAdef	FALSE	-0.4525390358415514	0.05868148950932901	-7.711785089736144	1.240699355318641e-14	-0.5675526418390013	-0.33752542984410155	0.002538126516525634	2.1004223183612707	0.34986386434377764	15.669083231165102	-0.4700913364736823	0.04208859115101199	-11.169091756647674	5.776853873719157e-29	NA	NA	NA	NA	7.976617985694237e-13	DOWN	1.240699355318641e-14	3	0	3	1
DPY30	3	A2780,PEO1,UWB_BRCAdef	FALSE	-0.427133201549726	0.05550143360282358	-7.6958949314058085	1.4050723546085e-14	-0.5359140125016013	-0.3183523905978507	0.004221615984933856	3.5022338342996373	0.17357996070430787	44.04927576742282	-0.4428233858396942	0.034721371068919885	-12.753626144564274	2.9757475975127293e-37	NA	NA	NA	NA	8.955519356722366e-13	DOWN	1.4050723546085e-14	3	0	3	1
SELENOI	2	A2780,UWB_BRCAdef	FALSE	-0.7824566815259894	0.10307498363718264	-7.591140487396893	3.1710191374018767e-14	-0.9844799371619226	-0.5804334258900561	0.015467016654596584	3.277103585347426	0.07025280903808849	69.48524897195203	-0.8336413957224316	0.041718273846631564	-19.982643548175997	7.798312835642402e-89	NA	NA	NA	NA	1.986858473930574e-12	DOWN	3.1710191374018767e-14	2	0	2	1
GPR160	3	A2780,PEO1,UWB_BRCAdef	FALSE	-0.9161817101925278	0.12113940987842611	-7.563035936133382	3.937687572778124e-14	-1.1536105906626786	-0.678752829722377	0.02344268639978285	4.306993860577673	0.11607753217905696	53.87053934072202	-0.9649790885429211	0.07531954120414207	-12.811802529804227	1.40824757748235e-37	NA	NA	NA	NA	2.4464952159105095e-12	DOWN	3.937687572778124e-14	3	0	3	1
LTK	2	A2780,UWB_BRCAdef	FALSE	-0.40992363053289793	0.054720424341103	-7.4912363248065255	6.822783876154111e-14	-0.5171736914602088	-0.30267356960558717	0	0.16225989658940804	0.6870843507266723	0	-0.40992363053289793	0.054720424341103	-7.4912363248065255	6.822783876154111e-14	NA	NA	NA	NA	4.186245028078458e-12	DOWN	6.822783876154111e-14	2	0	2	1
VEGFA	3	A2780,PEO1,UWB_BRCAdef	FALSE	-0.6701577973722282	0.08964949751093447	-7.475310135346712	7.70219886949915e-14	-0.845867583725773	-0.4944480110186835	0.014451791772057732	5.014375062412966	0.08149712534429863	60.50719857347935	-0.6996300933584619	0.04143596707741093	-16.88460877602805	5.840216869934581e-64	NA	NA	NA	NA	4.706298127408426e-12	DOWN	7.70219886949915e-14	3	0	3	1
MAN1C1	2	A2780,UWB_BRCAdef	FALSE	-0.5098559557952376	0.06873391758271678	-7.417821851659469	1.1906209633632786e-13	-0.6445719587737069	-0.3751399528167683	0	0.26765584395041464	0.6049086041931142	0	-0.5098559557952376	0.06873391758271678	-7.417821851659469	1.1906209633632786e-13	NA	NA	NA	NA	7.186004973572571e-12	DOWN	1.1906209633632786e-13	2	0	2	1
TTC21A	3	A2780,PEO1,UWB_BRCAdef	FALSE	-0.37788390096446756	0.05108824023187713	-7.39669049568637	1.3962045830896768e-13	-0.47801501185247697	-0.27775279007645814	0	1.4756731130089187	0.47814724188676344	0	-0.37788390096446756	0.05108824023187713	-7.39669049568637	1.3962045830896768e-13	NA	NA	NA	NA	8.392551695181729e-12	DOWN	1.3962045830896768e-13	3	0	3	1
ME2	3	A2780,PEO1,UWB_BRCAdef	FALSE	-0.374966883647625	0.05082306701095084	-7.377887752559895	1.6082045999062834e-13	-0.4745782645729544	-0.2753555027222956	5.709524869773165e-5	2.625491576722963	0.2690802038182886	0.6372712024026898	-0.37505048592408835	0.05058411625696254	-7.414392376034945	1.2218368242284052e-13	NA	NA	NA	NA	9.588919926941215e-12	DOWN	1.6082045999062834e-13	3	0	3	1
FAM20A	3	A2780,PEO1,UWB_BRCAdef	FALSE	-0.22149348212384878	0.030168037403317097	-7.341991763093435	2.1043834978378465e-13	-0.2806217489186075	-0.16236521532909004	8.874422627071597e-7	1.0434386356687368	0.5934992564031562	0.005864239851725986	-0.221499779073247	0.03015509468091735	-7.345351802639697	2.052185983737224e-13	NA	NA	NA	NA	1.249699549499126e-11	DOWN	2.1043834978378465e-13	3	0	3	1
OSBPL9	3	A2780,PEO1,UWB_BRCAdef	FALSE	-0.30937717591274017	0.042610063146723054	-7.260659878569857	3.852064391520715e-13	-0.3928913650592948	-0.22586298676618555	0	0.18584180222753854	0.9112655775377319	0	-0.30937717591274017	0.042610063146723054	-7.260659878569857	3.852064391520715e-13	NA	NA	NA	NA	2.2337441630359532e-11	DOWN	3.852064391520715e-13	3	0	3	1
AKR1A1	3	A2780,PEO1,UWB_BRCAdef	FALSE	-0.3321792266939562	0.04596143854684877	-7.227346166621046	4.925235397339834e-13	-0.42226199092343075	-0.2420964624644817	0	0.9845684978493341	0.6112286000649182	0	-0.3321792266939562	0.04596143854684877	-7.227346166621046	4.925235397339834e-13	NA	NA	NA	NA	2.8228471248241912e-11	DOWN	4.925235397339834e-13	3	0	3	1
PRMT9	2	A2780,UWB_BRCAdef	FALSE	-0.37895971220004804	0.052721540702890174	-7.187948363187224	6.577212545863168e-13	-0.4822920331871753	-0.2756273912129208	0	0.06604667879376858	0.7971822592728854	0	-0.37895971220004804	0.052721540702890174	-7.187948363187224	6.577212545863168e-13	NA	NA	NA	NA	3.712108470064071e-11	DOWN	6.577212545863168e-13	2	0	2	1
ERO1B	2	A2780,UWB_BRCAdef	FALSE	-0.4342854042808024	0.06054982314523088	-7.172364537533886	7.37133414164096e-13	-0.5529608769157247	-0.31560993164588014	0	0.010897049471430038	0.9168607043592273	0	-0.4342854042808024	0.06054982314523088	-7.172364537533886	7.37133414164096e-13	NA	NA	NA	NA	4.1444835723363074e-11	DOWN	7.37133414164096e-13	2	0	2	1
RAVER2	3	A2780,PEO1,UWB_BRCAdef	FALSE	-0.31864575167996995	0.044581305101892385	-7.1475195926115695	8.835991185313519e-13	-0.40602350406347076	-0.23126799929646913	0	0.8925547743745277	0.6400062179125445	0	-0.31864575167996995	0.044581305101892385	-7.1475195926115695	8.835991185313519e-13	NA	NA	NA	NA	4.91194743072297e-11	DOWN	8.835991185313519e-13	3	0	3	1
LTBP3	3	A2780,PEO1,UWB_BRCAdef	FALSE	-0.48239063523118014	0.06772746012950308	-7.122526583881797	1.0596630648132484e-12	-0.6151340178493786	-0.3496472526129817	0	0.04622318390536763	0.9771534352290113	0	-0.48239063523118014	0.06772746012950308	-7.122526583881797	1.0596630648132484e-12	NA	NA	NA	NA	5.846730499773696e-11	DOWN	1.0596630648132484e-12	3	0	3	1
NARS	2	A2780,PEO1	FALSE	-0.6409554330703807	0.09029746976870878	-7.098265706803826	1.2633212853401063e-12	-0.8179352217121443	-0.46397564442861716	0.012520636691391591	4.154826556119719	0.04151602554772511	75.9316066147916	-0.6710584021252098	0.040075876195551086	-16.74469695561405	6.19049194832951e-63	NA	NA	NA	NA	6.944509980046153e-11	DOWN	1.2633212853401063e-12	2	0	2	1
IREB2	3	A2780,PEO1,UWB_BRCAdef	FALSE	-0.2879619916677056	0.04090799999741445	-7.039258621440939	1.9326536420824565e-12	-0.3681401983422025	-0.20778378499320865	0	0.09468250417062109	0.9537618688232192	0	-0.2879619916677056	0.04090799999741445	-7.039258621440939	1.9326536420824565e-12	NA	NA	NA	NA	1.0429981534844264e-10	DOWN	1.9326536420824565e-12	3	0	3	1
HDAC8	3	A2780,PEO1,UWB_BRCAdef	FALSE	-0.28819071210898883	0.040968858498300224	-7.034384717381025	2.0014219811904053e-12	-0.368488199253375	-0.20789322496460266	0	1.2534979409157139	0.5343260902711873	0	-0.28819071210898883	0.040968858498300224	-7.034384717381025	2.0014219811904053e-12	NA	NA	NA	NA	1.0761827940313646e-10	DOWN	2.0014219811904053e-12	3	0	3	1
NRL	3	A2780,PEO1,UWB_BRCAdef	FALSE	-0.3024379794884357	0.042998660247097927	-7.033660531524303	2.011842600513857e-12	-0.38671380495622176	-0.21816215402064965	0	0.9347528511689317	0.6266441611156511	0	-0.3024379794884357	0.042998660247097927	-7.033660531524303	2.011842600513857e-12	NA	NA	NA	NA	1.0778665410796522e-10	DOWN	2.011842600513857e-12	3	0	3	1
NUDT14	3	A2780,PEO1,UWB_BRCAdef	FALSE	-0.4696478251446036	0.06678046252262475	-7.032712973281523	2.0255578286099128e-12	-0.600535126559875	-0.3387605237293323	4.368951929545588e-6	4.376087185433635	0.1121359176815043	0.018557389712915293	-0.46966485812506	0.06676013744805284	-7.035109214544591	1.9910498662031616e-12	NA	NA	NA	NA	1.0812968812871762e-10	DOWN	2.0255578286099128e-12	3	1	2	0.6666666666666666
ZNF623	3	A2780,PEO1,UWB_BRCAdef	FALSE	-0.47078720673106733	0.06719226852496091	-7.006568122583583	2.4423467178629016e-12	-0.602481633079535	-0.3390927803825997	0.008348713758161288	5.662867195677065	0.058928313582703416	62.90814828252864	-0.503126168124582	0.03675932570996828	-13.687034743081421	1.2136166932252304e-42	NA	NA	NA	NA	1.2991000329870045e-10	DOWN	2.4423467178629016e-12	3	0	3	1
CNTN3	2	PEO1,UWB_BRCAdef	FALSE	-0.5126183171469476	0.07327917786550486	-6.9954157794700835	2.6447341906578563e-12	-0.6562428665800418	-0.3689937677138534	0	0.7512853554683118	0.3860695845229734	0	-0.5126183171469476	0.07327917786550486	-6.9954157794700835	2.6447341906578563e-12	NA	NA	NA	NA	1.3967030170449185e-10	DOWN	2.6447341906578563e-12	2	0	2	1
NUS1	3	A2780,PEO1,UWB_BRCAdef	FALSE	-0.27633341630646907	0.03971908699087261	-6.957194569199693	3.471154169296085e-12	-0.35418139630739276	-0.19848543630554538	5.4475854860084064e-5	1.6002590048643515	0.4492707786911799	0.50335260666580794	-0.27675359526317156	0.03922816486938692	-7.054971757782786	1.7263578247345155e-12	NA	NA	NA	NA	1.826617676205737e-10	DOWN	3.471154169296085e-12	3	0	3	1
ITFG1	3	A2780,PEO1,UWB_BRCAdef	FALSE	-0.6635222582002207	0.09608307214448564	-6.905714434301644	4.99513916425415e-12	-0.8518416191273762	-0.4752028972730652	0.017411981687798596	5.2302849032412935	0.07315736656824547	64.1441922586599	-0.5862314390907345	0.03605289808750235	-16.260313877345414	1.8876845350594197e-59	NA	NA	NA	NA	2.619259674532841e-10	DOWN	4.99513916425415e-12	3	0	3	1
ADAM17	3	A2780,PEO1,UWB_BRCAdef	FALSE	-0.48436374041596075	0.0704299484476003	-6.877241160787249	6.102275955586346e-12	-0.62240390280627	-0.3463235780256515	0.007589113897729846	3.6960027214562836	0.15755174094510838	47.96779643208904	-0.5375961792965277	0.03173194924066025	-16.941795009796312	2.2126871646817774e-64	NA	NA	NA	NA	3.188493093825276e-10	DOWN	6.102275955586346e-12	3	0	3	1
FRZB	2	A2780,UWB_BRCAdef	FALSE	-0.1502437531607087	0.02190149126126305	-6.859978225612578	6.887104476590498e-12	-0.193169887240503	-0.1073176190809144	0	0.0137602311229644	0.9066191462323325	0	-0.1502437531607087	0.02190149126126305	-6.859978225612578	6.887104476590498e-12	NA	NA	NA	NA	3.5484186026252154e-10	DOWN	6.887104476590498e-12	2	0	2	1
NDUFAF5	3	A2780,PEO1,UWB_BRCAdef	FALSE	-0.32759750217566597	0.04792520362924433	-6.835599587849502	8.166274468827951e-12	-0.42152917524073313	-0.2336658291105988	2.230791541764988e-6	4.319299617538003	0.115365513956374	0.026965275179316815	-0.3275894831337094	0.047914850153105	-6.836909268983298	8.091995383309358e-12	NA	NA	NA	NA	4.178363341541831e-10	DOWN	8.166274468827951e-12	3	0	3	1
PDE1A	2	A2780,UWB_BRCAdef	FALSE	-0.20229190557133045	0.029678169420615092	-6.816185415762677	9.348962074543483e-12	-0.260460048762814	-0.14412376237984692	0	0.02286107903345684	0.8798188918867752	0	-0.20229190557133045	0.029678169420615092	-6.816185415762677	9.348962074543483e-12	NA	NA	NA	NA	4.767003524009465e-10	DOWN	9.348962074543483e-12	2	0	2	1
ADCY4	2	A2780,UWB_BRCAdef	FALSE	-0.3092583908347809	0.04546780182802534	-6.801700948827505	1.0339105160218373e-11	-0.398373644873915	-0.22014313679564682	0	0.12635845308041477	0.7222380087112297	0	-0.3092583908347809	0.04546780182802534	-6.801700948827505	1.0339105160218373e-11	NA	NA	NA	NA	5.253757663372821e-10	DOWN	1.0339105160218373e-11	2	0	2	1
ZNF417	3	A2780,PEO1,UWB_BRCAdef	FALSE	-0.3213788407731869	0.04758501655327888	-6.753782262812769	1.440398675255709e-11	-0.4146437594213558	-0.22811392212501802	0	0.46448135232238785	0.7927553030415582	0	-0.3213788407731869	0.04758501655327888	-6.753782262812769	1.440398675255709e-11	NA	NA	NA	NA	7.269343075428727e-10	DOWN	1.440398675255709e-11	3	0	3	1
ECT2	3	A2780,PEO1,UWB_BRCAdef	FALSE	-0.7812743982568108	0.11615278470283677	-6.726264895461692	1.7407354287114855e-11	-1.0089296729784056	-0.5536191235352158	0.033472395614635594	11.886435008256298	0.002623574693969293	82.87428011976111	-0.7842811916756841	0.047629655632288964	-16.466236869955583	6.413814550942681e-61	NA	NA	NA	NA	8.755188702162154e-10	DOWN	1.7407354287114855e-11	3	0	3	1
CSF1	3	A2780,PEO1,UWB_BRCAdef	FALSE	-1.051621195313202	0.15701577211339235	-6.697551342509406	2.1194077800699935e-11	-1.3593664536601995	-0.7438759369662045	0.04913283354810048	7.115522976920793	0.028502556657211887	69.32663302066511	-1.2214249640892298	0.046113775973609016	-26.487203407247613	1.3610531120516036e-154	NA	NA	NA	NA	1.0623621303015251e-9	DOWN	2.1194077800699935e-11	3	0	3	1
ZNF653	3	A2780,PEO1,UWB_BRCAdef	FALSE	-0.3759990122172424	0.056297635150399934	-6.67877098589942	2.4095435058944478e-11	-0.48634034952680244	-0.2656576749076824	3.369409311542755e-6	5.619792964332024	0.06021122500536899	0.025098780413527203	-0.37601040257969914	0.05628183417974305	-6.680848413341738	2.3756286201969022e-11	NA	NA	NA	NA	1.203713507488554e-9	DOWN	2.4095435058944478e-11	3	1	2	0.6666666666666666
DNAH7	2	A2780,UWB_BRCAdef	FALSE	-0.1291296018927775	0.01935038131864192	-6.6732329335740594	2.502287424997023e-11	-0.16705565236443234	-0.09120355142112266	0	0.03265935505137592	0.8565881486460187	0	-0.1291296018927775	0.01935038131864192	-6.6732329335740594	2.502287424997023e-11	NA	NA	NA	NA	1.2458358300818511e-9	DOWN	2.502287424997023e-11	2	0	2	1
HBEGF	3	A2780,PEO1,UWB_BRCAdef	FALSE	-0.401573395097138	0.06023263052699209	-6.667040632023877	2.6101285024570532e-11	-0.5196271816241503	-0.2835196085701257	0	1.0418009709379563	0.5939854318240545	0	-0.401573395097138	0.06023263052699209	-6.667040632023877	2.6101285024570532e-11	NA	NA	NA	NA	1.2951667840883372e-9	DOWN	2.6101285024570532e-11	3	0	3	1
FAM222A	3	A2780,PEO1,UWB_BRCAdef	FALSE	-0.4023737489983507	0.060412353550724475	-6.6604547803373135	2.7298155059392382e-11	-0.5207797861790712	-0.2839677118176303	4.022765389639666e-6	2.5032613660416962	0.2860379790719232	0.027605389676046487	-0.4023775784424444	0.06039572958507792	-6.662351480920938	2.6948059455141255e-11	NA	NA	NA	NA	1.3500261500442649e-9	DOWN	2.7298155059392382e-11	3	1	2	0.6666666666666666
EFCAB1	2	A2780,PEO1	FALSE	-0.25334887089813285	0.03807255768793428	-6.654369611170689	2.8451685603121056e-11	-0.32796971276580755	-0.17872802903045812	0	0.0535277327241578	0.8170346622479469	0	-0.25334887089813285	0.03807255768793428	-6.654369611170689	2.8451685603121056e-11	NA	NA	NA	NA	1.4023835833778368e-9	DOWN	2.8451685603121056e-11	2	0	2	1
PDIA6	3	A2780,PEO1,UWB_BRCAdef	FALSE	-0.9462154454684214	0.14238102367959635	-6.645656991466182	3.018675125231369e-11	-1.2252771239623748	-0.667153766974468	0.054614039730501135	32.30561693188332	9.65882763488199e-8	91.94172181165946	-1.100705514443284	0.025002408991513906	-44.023978442112345	0	NA	NA	NA	NA	1.4829617633487125e-9	DOWN	3.018675125231369e-11	3	0	3	1
SELENOT	2	A2780,UWB_BRCAdef	FALSE	-0.4576810692341341	0.06895509049582954	-6.637378994692423	3.193098953476641e-11	-0.5928305631566602	-0.32253157531160803	0.004285149584573945	1.704367556945833	0.19171778502679887	41.32720985419571	-0.4722805588170029	0.048058555761091866	-9.827190004726704	8.598446573876684e-23	NA	NA	NA	NA	1.5634554379158641e-9	DOWN	3.193098953476641e-11	2	0	2	1
COL13A1	2	A2780,UWB_BRCAdef	FALSE	-0.48326608496062945	0.07304465881804492	-6.616035898866347	3.689588058906481e-11	-0.6264309855070136	-0.3401011844142453	0	0.5621969452897534	0.45337641185837274	0	-0.48326608496062945	0.07304465881804492	-6.616035898866347	3.689588058906481e-11	NA	NA	NA	NA	1.8005920338960443e-9	DOWN	3.689588058906481e-11	2	0	2	1
HIVEP2	3	A2780,PEO1,UWB_BRCAdef	FALSE	-0.23435394583466906	0.03569170724584384	-6.5660615285349975	5.1663475439522957e-11	-0.3043084065832703	-0.16439948508606786	5.85758933457996e-6	1.6999002035556492	0.4274362597260668	0.04307069606973856	-0.23433138290406896	0.035624932736842106	-6.5777354482337405	4.776671154827338e-11	NA	NA	NA	NA	2.5047469223745117e-9	DOWN	5.1663475439522957e-11	3	0	3	1
ZXDB	3	A2780,PEO1,UWB_BRCAdef	FALSE	-0.5598606510800335	0.08546817374366203	-6.550516134335331	5.7338561130158235e-11	-0.727375193442023	-0.39234610871804404	0.012296009021024387	4.793096766033158	0.09103161793138233	57.61025603294014	-0.5397106118991616	0.029897551790009393	-18.052000233661676	7.608471152687652e-73	NA	NA	NA	NA	2.7617762326763837e-9	DOWN	5.7338561130158235e-11	3	0	3	1
SETD3	3	A2780,PEO1,UWB_BRCAdef	FALSE	-0.5072215645142064	0.07856732389084081	-6.455884449099036	1.0758867983037889e-10	-0.6612106897019477	-0.3532324393264651	0.008370626614355748	3.290946079154161	0.19292128180414903	42.32850886917701	-0.5529693398252011	0.04419960150687268	-12.510731340851995	6.522096130500038e-36	NA	NA	NA	NA	5.0505200274660716e-9	DOWN	1.0758867983037889e-10	3	0	3	1
ACOX2	2	A2780,PEO1	FALSE	-0.18426536320702347	0.028581937472702483	-6.446916461944131	1.1414866233254304e-10	-0.2402849312618961	-0.12824579515215084	0	0.7861394513482909	0.3752700293516599	0	-0.18426536320702347	0.028581937472702483	-6.446916461944131	1.1414866233254304e-10	NA	NA	NA	NA	5.321133128717057e-9	DOWN	1.1414866233254304e-10	2	1	1	0.5
CYP2W1	2	A2780,UWB_BRCAdef	FALSE	-0.33532704838545024	0.05201659897630572	-6.446539277552466	1.1443297051004424e-10	-0.4372777089772725	-0.23337638779362802	0	0.24710395881558256	0.6191216917112118	0	-0.33532704838545024	0.05201659897630572	-6.446539277552466	1.1443297051004424e-10	NA	NA	NA	NA	5.321133128717057e-9	DOWN	1.1443297051004424e-10	2	0	2	1
RNF214	3	A2780,PEO1,UWB_BRCAdef	FALSE	-0.25033137019564344	0.03884731031255551	-6.443982046158185	1.1637885810085427e-10	-0.3264706993045037	-0.1741920410867832	0	0.11486952714336941	0.944183483535482	0	-0.25033137019564344	0.03884731031255551	-6.443982046158185	1.1637885810085427e-10	NA	NA	NA	NA	5.394652585383487e-9	DOWN	1.1637885810085427e-10	3	0	3	1
SCLY	2	A2780,PEO1	FALSE	-0.29433754799632117	0.04571098356010268	-6.43909898830582	1.2018480276532339e-10	-0.3839294294720249	-0.20474566652061743	0	0.3211449533326597	0.5709203810690056	0	-0.29433754799632117	0.04571098356010268	-6.43909898830582	1.2018480276532339e-10	NA	NA	NA	NA	5.553664620283865e-9	DOWN	1.2018480276532339e-10	2	0	2	1
N4BP3	3	A2780,PEO1,UWB_BRCAdef	TRUE	-0.3708857640853072	0.057694719073099504	-6.428417887179467	1.2893887158876082e-10	-0.4839653355667384	-0.25780619260387605	0	6.193123873142808	0.04520435096127793	0	-0.3708857640853072	0.057694719073099504	-6.428417887179467	1.2893887158876082e-10	-0.28698997611091576	0.1391966795346934	0.03923070729967991	0.033792919369219174	5.9211773111273486e-9	DOWN	1.2893887158876082e-10	3	1	2	0.6666666666666666
TRIT1	3	A2780,PEO1,UWB_BRCAdef	FALSE	-0.38732287012752703	0.06053584785358974	-6.398239784537172	1.571783228607456e-10	-0.5059709516941593	-0.26867478856089483	0.003984374923928276	2.16778756492306	0.33827578560092814	24.399417933902523	-0.41822250304743686	0.03077194475891628	-13.591032556571044	4.526491094347611e-42	NA	NA	NA	NA	7.1734440127834726e-9	DOWN	1.571783228607456e-10	3	0	3	1
SIAH3	3	A2780,PEO1,UWB_BRCAdef	FALSE	-0.12321008707394582	0.019258783530304205	-6.397604858067567	1.578330897883884e-10	-0.16095660917939522	-0.08546356496849641	0	0.6107210981318886	0.7368576531531558	0	-0.12321008707394582	0.019258783530304205	-6.397604858067567	1.578330897883884e-10	NA	NA	NA	NA	7.1811627652335365e-9	DOWN	1.578330897883884e-10	3	0	3	1
ATP23	2	A2780,UWB_BRCAdef	FALSE	-0.5084933287670458	0.07953633269075273	-6.393220702595527	1.6242754936100876e-10	-0.6643816763033168	-0.3526049812307747	0	0.12279661786928583	0.7260209049326888	0	-0.5084933287670458	0.07953633269075273	-6.393220702595527	1.6242754936100876e-10	NA	NA	NA	NA	7.367534271169437e-9	DOWN	1.6242754936100876e-10	2	0	2	1
ACKR4	3	A2780,PEO1,UWB_BRCAdef	FALSE	-0.3641095622844319	0.057046214279620054	-6.382712102501625	1.7397880603523567e-10	-0.47591808772684174	-0.2523010368420221	0	0.8074482780641399	0.6678283236284075	0	-0.3641095622844319	0.057046214279620054	-6.382712102501625	1.7397880603523567e-10	NA	NA	NA	NA	7.843367697692165e-9	DOWN	1.7397880603523567e-10	3	1	2	0.6666666666666666
ETNK2	3	A2780,PEO1,UWB_BRCAdef	FALSE	-0.3223002463150821	0.05056310083692785	-6.374218372297608	1.8389840653797387e-10	-0.42140210290212776	-0.22319838972803643	2.7164277368072425e-6	1.4366511555379233	0.48756796749053605	0.009738976410484542	-0.32229864478277587	0.05054115669598065	-6.376954265639256	1.8064437594605627e-10	NA	NA	NA	NA	8.265366983212825e-9	DOWN	1.8389840653797387e-10	3	0	3	1
RBM25	3	A2780,PEO1,UWB_BRCAdef	FALSE	-0.3364493027971772	0.05285472739883357	-6.365547971866036	1.945937409113055e-10	-0.4400426649115734	-0.23285594068278104	0	0.00813107533714367	0.995942715441464	0	-0.3364493027971772	0.05285472739883357	-6.365547971866036	1.945937409113055e-10	NA	NA	NA	NA	8.70535118015742e-9	DOWN	1.945937409113055e-10	3	0	3	1
C2orf76	3	A2780,PEO1,UWB_BRCAdef	FALSE	-0.3598081636546904	0.056526202893430584	-6.36533404398382	1.9486516809576696e-10	-0.47059748550861813	-0.2490188418007627	2.0180402185777447e-4	1.6313882805672981	0.44233218018704845	1.7272335346524061	-0.35979093005399354	0.05570144461177362	-6.459274666243476	1.0520601133180004e-10	NA	NA	NA	NA	8.70535118015742e-9	DOWN	1.9486516809576696e-10	3	0	3	1
EIF4E3	3	A2780,PEO1,UWB_BRCAdef	FALSE	-0.7714292974545075	0.1212015400254257	-6.364847322011559	1.9548408946391285e-10	-1.0089799507751316	-0.5338786441338833	0.019511794938288373	2.8300638083494976	0.24291786323115283	36.31355631184654	-0.8487072828890282	0.05359667768203365	-15.835072612598275	1.7825327092854083e-56	NA	NA	NA	NA	8.70669647862313e-9	DOWN	1.9548408946391285e-10	3	0	3	1
ZNF701	3	A2780,PEO1,UWB_BRCAdef	FALSE	-0.2749599476463741	0.043276087624405025	-6.3536230454278355	2.1030181939084665e-10	-0.3597795207820075	-0.19014037451074073	0	0.50502498446435	0.7768465082317523	0	-0.2749599476463741	0.043276087624405025	-6.3536230454278355	2.1030181939084665e-10	NA	NA	NA	NA	9.310577854288771e-9	DOWN	2.1030181939084665e-10	3	0	3	1
PAPD4	2	A2780,PEO1	FALSE	-0.5101065604093832	0.08048982322720476	-6.337528645944054	2.334798109151774e-10	-0.6678637150567	-0.35234940576206636	0	0.1950175675810848	0.6587729415382297	0	-0.5101065604093832	0.08048982322720476	-6.337528645944054	2.334798109151774e-10	NA	NA	NA	NA	1.0305868549261877e-8	DOWN	2.334798109151774e-10	2	0	2	1
ACP6	3	A2780,PEO1,UWB_BRCAdef	FALSE	-0.9034014827601399	0.14258438279308386	-6.335907657370453	2.3594807844100016e-10	-1.1828617377924568	-0.6239412277278229	0.05187294800555659	10.883242943587922	0.004332452622554289	87.7251115810292	-0.9234276822738942	0.021247018402080622	-43.46151844926473	0	NA	NA	NA	NA	1.0383822130675801e-8	DOWN	2.3594807844100016e-10	3	0	3	1
UBR3	3	A2780,PEO1,UWB_BRCAdef	FALSE	-0.3917657560285084	0.06218623981948371	-6.299878512766475	2.9787902396692985e-10	-0.5136485464086671	-0.26988296564834974	0.005975167945477399	4.192552290173456	0.1229132883373851	52.21959315406633	-0.36657683805295577	0.038946811047570314	-9.412242702110127	4.856617409449104e-21	NA	NA	NA	NA	1.3031766649109444e-8	DOWN	2.9787902396692985e-10	3	0	3	1
RGS11	2	A2780,PEO1	FALSE	-0.4511937165953196	0.07187211414623314	-6.277729853296195	3.435521574487169e-10	-0.5920604718146882	-0.31032696137595095	0.00647924360476935	2.626015329310722	0.10512524020329277	61.91949114545037	-0.4644424551323706	0.04263834597963952	-10.89260018092984	1.2501899618036958e-27	NA	NA	NA	NA	1.4985562690838277e-8	DOWN	3.435521574487169e-10	2	0	2	1
RBM8A	3	A2780,PEO1,UWB_BRCAdef	FALSE	-0.17282436698455414	0.027818252761590532	-6.212624799468993	5.210676596825793e-10	-0.22734714051010346	-0.1183015934590048	0	0.37223600458934375	0.8301756265728816	0	-0.17282436698455414	0.027818252761590532	-6.212624799468993	5.210676596825793e-10	NA	NA	NA	NA	2.252932012785468e-8	DOWN	5.210676596825793e-10	3	0	3	1
CUL3	3	A2780,PEO1,UWB_BRCAdef	FALSE	-0.4033751004961027	0.0650602704898439	-6.200021879083192	5.645531200374997e-10	-0.5308908874806308	-0.27585931351157456	0.006177219394212105	3.761027448256065	0.15251173666962659	47.75406049813759	-0.4329570799345927	0.041650694266933415	-10.3949546953487	2.6141114459799083e-25	NA	NA	NA	NA	2.4338329405231803e-8	DOWN	5.645531200374997e-10	3	0	3	1
AREL1	3	A2780,PEO1,UWB_BRCAdef	FALSE	-0.33478854049477463	0.05407065940383325	-6.191685919610596	5.952407176570989e-10	-0.44076508554661975	-0.2288119954429295	0.003069221356305599	2.2290723462957596	0.3280674100897008	26.955519582103594	-0.3115015361371731	0.03269338314790516	-9.527968847027465	1.6039053988232274e-21	NA	NA	NA	NA	2.5586699104638145e-8	DOWN	5.952407176570989e-10	3	0	3	1
ZFAND5	3	A2780,PEO1,UWB_BRCAdef	FALSE	-0.26328909521848154	0.0427746346248612	-6.155262284004509	7.495334466610183e-10	-0.34712583853506945	-0.17945235190189363	5.007854225940037e-4	2.4902100748840432	0.2879106651426777	6.89353278665198	-0.2650555968528287	0.03962975807512723	-6.688297121328762	2.2578237389021993e-11	NA	NA	NA	NA	3.2125655292105736e-8	DOWN	7.495334466610183e-10	3	0	3	1
EEF1E1	3	A2780,PEO1,UWB_BRCAdef	FALSE	-0.25572016924000496	0.04187352080351465	-6.106966033258448	1.015428380909781e-9	-0.3377907619207824	-0.17364957655922755	0	1.4311653741739003	0.48890714889991266	0	-0.25572016924000496	0.04187352080351465	-6.106966033258448	1.015428380909781e-9	NA	NA	NA	NA	4.327129529830816e-8	DOWN	1.015428380909781e-9	3	0	3	1
NLGN1	2	A2780,UWB_BRCAdef	FALSE	-2.61585749606543	0.43010347706225877	-6.081925944734404	1.1874741648569907e-9	-3.4588448207329066	-1.7728701713979538	0.2963232631056655	4.097714964858987	0.04294121192382999	75.59615520904312	-2.940777535691403	0.05240640485229696	-56.11484977799444	0	NA	NA	NA	NA	5.045741516017334e-8	DOWN	1.1874741648569907e-9	2	0	2	1
PSMG1	3	A2780,PEO1,UWB_BRCAdef	FALSE	-0.33360689249858055	0.055209615769677194	-6.042550520371628	1.516968265800491e-9	-0.44181575100744247	-0.22539803398971864	0	0.48836868973541486	0.7833432156503979	0	-0.33360689249858055	0.055209615769677194	-6.042550520371628	1.516968265800491e-9	NA	NA	NA	NA	6.427338036215432e-8	DOWN	1.516968265800491e-9	3	0	3	1
MFN1	3	A2780,PEO1,UWB_BRCAdef	FALSE	-0.39134673658246505	0.06494997871188321	-6.025355886850575	1.6873791243353758e-9	-0.5186463556543993	-0.2640471175105308	0.00706641710087782	4.665548428416355	0.09702620190647426	56.09145689755597	-0.4045174988590404	0.041218380960756806	-9.814007475067335	9.799758383768855e-23	NA	NA	NA	NA	7.088430429416818e-8	DOWN	1.6873791243353758e-9	3	0	3	1
GMDS	3	A2780,PEO1,UWB_BRCAdef	FALSE	-0.6973123842465428	0.11608005851822814	-6.007167752564867	1.8879215510037443e-9	-0.9248251182655719	-0.4697996502275138	0.02958860380312136	10.516243879195947	0.005205070982720194	76.76366265421215	-0.8325620070210992	0.02515061893675132	-33.10304247839081	2.6868905987039626e-240	NA	NA	NA	NA	7.886072309235132e-8	DOWN	1.8879215510037443e-9	3	0	3	1
SPTLC1	3	A2780,PEO1,UWB_BRCAdef	FALSE	-0.3905432019436309	0.06523360837529785	-5.98684039823127	2.1395654297959134e-9	-0.5183987249408051	-0.2626876789464567	0.002932205814643913	2.257257560821604	0.32347650978081366	21.353374194306003	-0.40159507928478744	0.05531708013602097	-7.259874857770733	3.874486108329345e-13	NA	NA	NA	NA	8.912043383209063e-8	DOWN	2.1395654297959134e-9	3	0	3	1
IWS1	3	A2780,PEO1,UWB_BRCAdef	FALSE	-0.20944956406097523	0.03502172060564718	-5.980561789622693	2.22369353151271e-9	-0.278090875124668	-0.14080825299728247	0	1.8025618772149026	0.4060492023749496	0	-0.20944956406097523	0.03502172060564718	-5.980561789622693	2.22369353151271e-9	NA	NA	NA	NA	9.236448384965854e-8	DOWN	2.22369353151271e-9	3	0	3	1
TEAD4	3	A2780,PEO1,UWB_BRCAdef	FALSE	-0.5321399223411306	0.08900815250872178	-5.978552608301661	2.2512891088482572e-9	-0.7065926955886738	-0.35768714909358745	0.009698645580409206	3.7366098011819324	0.15438513829489584	39.774931014572054	-0.5672775027198602	0.0599557340978286	-9.461605487045569	3.032507650939072e-21	NA	NA	NA	NA	9.324877325641227e-8	DOWN	2.2512891088482572e-9	3	0	3	1
MROH8	3	A2780,PEO1,UWB_BRCAdef	FALSE	-0.24301192258165694	0.04066378790323479	-5.976126059872681	2.28506205577353e-9	-0.32271148234697267	-0.16331236281634123	1.6308353232126299e-6	2.684636113136116	0.2612393984641452	0.010543883995265114	-0.2430066316328602	0.040648018096518634	-5.9783143929881515	2.254582970628989e-9	NA	NA	NA	NA	9.438327547129381e-8	DOWN	2.28506205577353e-9	3	1	2	0.6666666666666666
SNX11	3	A2780,PEO1,UWB_BRCAdef	FALSE	-0.2672138460934077	0.045176218234563296	-5.914922862865233	3.3203115195844446e-9	-0.3557576067908734	-0.17867008539594198	1.6759874666923857e-6	2.4975323110995626	0.28685851738693696	0.013056135445147823	-0.2672241737245162	0.045163563937505855	-5.916808826121032	3.2824784385630323e-9	NA	NA	NA	NA	1.3638179566693107e-7	DOWN	3.3203115195844446e-9	3	0	3	1
UBE4A	3	A2780,PEO1,UWB_BRCAdef	FALSE	-0.43380535113573776	0.0734188730840981	-5.908635380971222	3.449532616471394e-9	-0.5777036981660872	-0.28990700410538833	0.009382069264314424	4.828610737917011	0.08942943781487643	58.05345198911389	-0.4394382682702736	0.047347214251662044	-9.281185286520799	1.6760355313977737e-20	NA	NA	NA	NA	1.4090673701591853e-7	DOWN	3.449532616471394e-9	3	0	3	1
HKR1	2	A2780,PEO1	FALSE	-0.358631309163853	0.06077243627637704	-5.9012165899173805	3.608308364675624e-9	-0.47774309551830746	-0.23951952280939853	0.0039319798417703005	1.984403390401562	0.1589272863334651	49.60702018365122	-0.3424607216712122	0.03823177016186184	-8.957490595421982	3.3215104615372146e-19	NA	NA	NA	NA	1.4698637958253017e-7	DOWN	3.608308364675624e-9	2	0	2	1
REV3L	3	A2780,PEO1,UWB_BRCAdef	FALSE	-0.42036508159981073	0.0712462198363108	-5.900173827686655	3.6311879999645718e-9	-0.560005106513603	-0.28072505668601844	0.006470884530353976	3.557167523372403	0.16887714827516892	42.43223936046015	-0.4283975322587721	0.05317188254297488	-8.056843424953597	7.82898275387574e-16	NA	NA	NA	NA	1.4751202460295637e-7	DOWN	3.6311879999645718e-9	3	0	3	1
HSPA4L	3	A2780,PEO1,UWB_BRCAdef	FALSE	-0.7070014552476862	0.11985665237035341	-5.898725196020603	3.6632074842328314e-9	-0.9419161772011162	-0.4720867332942562	0.030001598318290773	6.600638744217508	0.036871389827103994	69.91764638214144	-0.7406059243631542	0.06413740271509928	-11.547176733254279	7.6285379258143535e-31	NA	NA	NA	NA	1.4840506594342705e-7	DOWN	3.6632074842328314e-9	3	0	3	1
IGFN1	2	A2780,UWB_BRCAdef	FALSE	-2.866709074373619	0.48797473588570617	-5.874707978826719	4.2358937498849755e-9	-3.823121982075048	-1.91029616667219	0.45513124168969	21.975591113721123	2.7614010863496216e-6	95.44949669465036	-2.506230073766817	0.06602014047208486	-37.96159862499112	0	NA	NA	NA	NA	1.702069589118183e-7	DOWN	4.2358937498849755e-9	2	0	2	1
ANKHD1	3	A2780,PEO1,UWB_BRCAdef	FALSE	-0.24027496661725267	0.041108178047937906	-5.8449432212018335	5.067410786797523e-9	-0.320845515061271	-0.15970441817323433	8.651638527143558e-7	2.431860752002857	0.2964340907935674	0.012365834590209554	-0.24027855377706503	0.04110273745784416	-5.8458041638589116	5.041268574719425e-9	NA	NA	NA	NA	2.003524152523395e-7	DOWN	5.067410786797523e-9	3	1	2	0.6666666666666666
PRRX1	2	A2780,PEO1	FALSE	-0.13941436193776488	0.02390893668051922	-5.831056554320059	5.507751202851253e-9	-0.18627501674023117	-0.09255370713529859	0	0.43870201345506	0.5077496043759456	0	-0.13941436193776488	0.02390893668051922	-5.831056554320059	5.507751202851253e-9	NA	NA	NA	NA	2.1700585703571206e-7	DOWN	5.507751202851253e-9	2	0	2	1
ATRN	3	A2780,PEO1,UWB_BRCAdef	FALSE	-0.5371338450600018	0.09212792876217425	-5.830304146385384	5.532644086188101e-9	-0.7177012674041351	-0.3565664227158686	0.01935434911184709	9.827188111829814	0.007346038755172245	77.44317203782208	-0.6026850575987261	0.034748343933356005	-17.344281464308583	2.1788566121312654e-67	NA	NA	NA	NA	2.1700585703571206e-7	DOWN	5.532644086188101e-9	3	0	3	1
CCDC63	2	A2780,UWB_BRCAdef	FALSE	-0.17116805285947465	0.029415339706982523	-5.819006496764792	5.919843362270588e-9	-0.22882105927817137	-0.11351504644077792	0	0.1554442061671885	0.6933860412098037	0	-0.17116805285947465	0.029415339706982523	-5.819006496764792	5.919843362270588e-9	NA	NA	NA	NA	2.315786343859661e-7	DOWN	5.919843362270588e-9	2	1	1	0.5
TMEM50A	3	A2780,PEO1,UWB_BRCAdef	FALSE	-0.6021215061746531	0.10368265683935936	-5.807350279493219	6.346926350054431e-9	-0.8053357794012229	-0.3989072329480833	0.024746271932470698	10.226294537094486	0.0060171156129321226	79.64107789872531	-0.6886577791220996	0.020365678029684996	-33.814625671598684	1.2023297838813667e-250	NA	NA	NA	NA	2.469789472059339e-7	DOWN	6.346926350054431e-9	3	0	3	1
C2orf82	2	A2780,PEO1	FALSE	-0.6209871860333227	0.10723048671469493	-5.791143965293801	6.990862061102974e-9	-0.8311550780388255	-0.4108192940278199	0.018446494411349212	5.053942805696925	0.024569967280916562	80.21346820797467	-0.6209829152421333	0.04769832356484371	-13.018967310201903	9.545307807218075e-39	NA	NA	NA	NA	2.7132251259194143e-7	DOWN	6.990862061102974e-9	2	0	2	1
ATRAID	3	A2780,PEO1,UWB_BRCAdef	FALSE	-0.44826511429805876	0.07755639402772133	-5.7798601897070325	7.476272843794233e-9	-0.6002728533631899	-0.2962573752329276	0.01333269359787993	9.2679303753836475	0.009716156235997309	76.03839831542093	-0.5258804452380624	0.02713852616230599	-19.37763466199145	1.1920131561159965e-83	NA	NA	NA	NA	2.878949128676701e-7	DOWN	7.476272843794233e-9	3	0	3	1
RASA1	3	A2780,PEO1,UWB_BRCAdef	FALSE	-0.2685641286396423	0.046572291320557097	-5.7666075905760215	8.08830815670033e-9	-0.35984414230544154	-0.17728411497384305	0	0.9560768442889267	0.6199983748572225	0	-0.2685641286396423	0.046572291320557097	-5.7666075905760215	8.08830815670033e-9	NA	NA	NA	NA	3.10654058995137e-7	DOWN	8.08830815670033e-9	3	0	3	1
FAH	3	A2780,PEO1,UWB_BRCAdef	FALSE	-0.26133664906175164	0.045465128872158575	-5.748067926885082	9.026897656980584e-9	-0.3504466642036546	-0.17222663391984866	0	0.8916530057154496	0.6402948517523566	0	-0.26133664906175164	0.045465128872158575	-5.748067926885082	9.026897656980584e-9	NA	NA	NA	NA	3.4420693827912647e-7	DOWN	9.026897656980584e-9	3	0	3	1
KLHL13	3	A2780,PEO1,UWB_BRCAdef	FALSE	-0.7482000015503186	0.13066639220770582	-5.726032447279851	1.0280656629169677e-8	-1.004301424267207	-0.4920985788334301	0.03081625956885436	4.619292302942134	0.09929638122241327	57.83751893622244	-0.8274428276001858	0.0229745438616412	-36.015636810169816	4.761701116452768e-284	NA	NA	NA	NA	3.9079709402450384e-7	DOWN	1.0280656629169677e-8	3	0	3	1
TRIM10	2	A2780,UWB_BRCAdef	FALSE	-0.1510701438028672	0.02653467674255316	-5.6933101265409	1.2459976630619159e-8	-0.203077154559684	-0.09906313304605041	0	0.17102406751071403	0.6792032856361216	0	-0.1510701438028672	0.02653467674255316	-5.6933101265409	1.2459976630619159e-8	NA	NA	NA	NA	4.700144756045038e-7	DOWN	1.2459976630619159e-8	2	0	2	1
CRB1	2	A2780,UWB_BRCAdef	FALSE	-0.20364458209805653	0.03582174612389611	-5.6849429224838515	1.308563560889171e-8	-0.2738539143642302	-0.13343524983188287	0	0.06747626328153453	0.7950474140969414	0	-0.20364458209805653	0.03582174612389611	-5.6849429224838515	1.308563560889171e-8	NA	NA	NA	NA	4.911098826108674e-7	DOWN	1.308563560889171e-8	2	0	2	1
OTX1	3	A2780,PEO1,UWB_BRCAdef	FALSE	-0.20437486461153892	0.0363084310125713	-5.628854205811782	1.8141065126860403e-8	-0.2755380817313358	-0.13321164749174202	3.4175680656556545e-7	2.4367542461879768	0.29570967813246446	0.004139279168268068	-0.20437727014770515	0.0363052273518101	-5.629417168145495	1.8081958204780445e-8	NA	NA	NA	NA	6.73999824198203e-7	DOWN	1.8141065126860403e-8	3	1	2	0.6666666666666666
SEH1L	3	A2780,PEO1,UWB_BRCAdef	FALSE	-0.2533914249905608	0.04512311902623944	-5.61555651423856	1.9593060335285374e-8	-0.3418311131521041	-0.16495173682901743	2.771288560513188e-7	3.005567024240193	0.2225099382413488	0.003241318929651006	-0.25339150323199755	0.045121510742595836	-5.615758405730632	1.9570194467971064e-8	NA	NA	NA	NA	7.243064579446621e-7	DOWN	1.9593060335285374e-8	3	0	3	1
ATP1B3	3	A2780,PEO1,UWB_BRCAdef	FALSE	-0.2917951886193536	0.05212170082418824	-5.598343569094344	2.1640955004170662e-8	-0.3939518450477342	-0.189638532190973	0.0035282034420716993	2.6770787865392998	0.2622284015693146	35.80152437340488	-0.32410219618210456	0.02424703057230738	-13.36667577564169	9.467845280018167e-41	NA	NA	NA	NA	7.980169617123979e-7	DOWN	2.1640955004170662e-8	3	0	3	1
NUDT10	3	A2780,PEO1,UWB_BRCAdef	FALSE	-0.166330501470692	0.029717766058373438	-5.597005546916802	2.180857325128728e-8	-0.22457625264609077	-0.10808475029529324	0	0.4895410515299289	0.7828841693766104	0	-0.166330501470692	0.029717766058373438	-5.597005546916802	2.180857325128728e-8	NA	NA	NA	NA	8.021974444447388e-7	DOWN	2.180857325128728e-8	3	1	2	0.6666666666666666
KYAT3	2	A2780,UWB_BRCAdef	FALSE	-1.0122935744144614	0.18127244525081682	-5.584376450672389	2.345401801186625e-8	-1.3675810384955711	-0.6570061103333518	0.051367840787336715	4.542344090650357	0.03306628159863052	77.98493508982885	-1.0429229969746294	0.08313204559198027	-12.545378735095627	4.213947837637002e-36	NA	NA	NA	NA	8.605820455123232e-7	DOWN	2.345401801186625e-8	2	0	2	1
BCL9L	3	A2780,PEO1,UWB_BRCAdef	TRUE	-0.3224316968378572	0.05784774457760144	-5.573798930143636	2.4924339328559158e-8	-0.43581119279682823	-0.2090522008788862	0	5.465272798750335	0.0650475720311947	0	-0.3224316968378572	0.05784774457760144	-5.573798930143636	2.4924339328559158e-8	-0.24880658787009174	0.136042602326143	0.06741649292121933	0.0316215020321603	9.122678357708027e-7	DOWN	2.4924339328559158e-8	3	1	2	0.6666666666666666
AMPH	2	A2780,PEO1	FALSE	-0.09313564439342893	0.016719896327877716	-5.570348198758885	2.542307373020833e-8	-0.12590603902131275	-0.06036524976554511	0	0.9760640272092654	0.3231724701291301	0	-0.09313564439342893	0.016719896327877716	-5.570348198758885	2.542307373020833e-8	NA	NA	NA	NA	9.282246697496063e-7	DOWN	2.542307373020833e-8	2	0	2	1
RHNO1	3	A2780,PEO1,UWB_BRCAdef	FALSE	-0.4383157082239857	0.07883538007238237	-5.559885774909032	2.699512689474547e-8	-0.5928302138733819	-0.2838012025745896	0.012433790702670346	5.884477804354045	0.052747499943927745	69.57317753391746	-0.42850920731667347	0.037460045905001224	-11.439099898686028	2.6663740316878532e-30	NA	NA	NA	NA	9.807787257803471e-7	DOWN	2.699512689474547e-8	3	0	3	1
PAX9	3	A2780,PEO1,UWB_BRCAdef	FALSE	-2.2691215294034253	0.4085096749595492	-5.554633509299663	2.7819481675020974e-8	-3.0697857796603056	-1.468457279146545	0.465347842297158	187.7605281505162	1.691684431354284e-41	98.4080966873794	-2.891743825475852	0.027479585607221295	-105.23243933911208	0	NA	NA	NA	NA	1.008251655707194e-6	DOWN	2.7819481675020974e-8	3	0	3	1
SLC39A1	3	A2780,PEO1,UWB_BRCAdef	FALSE	-0.470595569509773	0.08491698089505444	-5.541831145543947	2.993248736405444e-8	-0.6370297937399555	-0.3041613452795905	0.012450854202949963	4.8145986118608475	0.09005818604580483	57.811891910666006	-0.5385217038778818	0.037934019151758036	-14.196273316662893	9.66154482918082e-46	NA	NA	NA	NA	1.0736250139951987e-6	DOWN	2.993248736405444e-8	3	0	3	1
FKBP9	3	A2780,PEO1,UWB_BRCAdef	FALSE	-0.8855481693698043	0.15980248762976795	-5.541516796793873	2.998628056942024e-8	-1.198755289764057	-0.5723410489755516	0.06933598678726144	27.26560774198327	1.2004622452209997e-6	91.75500795255638	-1.059188655913967	0.03182764689661944	-33.27888672870969	7.802242652792683e-243	NA	NA	NA	NA	1.0736250139951987e-6	DOWN	2.998628056942024e-8	3	0	3	1
ARHGAP35	3	A2780,PEO1,UWB_BRCAdef	FALSE	-0.3575834631295297	0.06484253886923115	-5.514643155023174	3.494883364591172e-8	-0.48467250397936135	-0.2304944222796981	0.008740588813057395	8.079544621239105	0.01760147962939785	72.91687923239763	-0.4126015290787339	0.025549158760420645	-16.14931955090097	1.1482130649336197e-58	NA	NA	NA	NA	1.2422798151973476e-6	DOWN	3.494883364591172e-8	3	0	3	1
SMIM15	3	A2780,PEO1,UWB_BRCAdef	FALSE	-0.47554924509632435	0.08635868625768722	-5.506675306260733	3.65673806730944e-8	-0.6448091599135855	-0.3062893302790633	0.01152084942266586	4.086320052356121	0.12961846528294585	51.068709348227465	-0.5102313991102879	0.055516686289746243	-9.190595354473201	3.906730636284816e-20	NA	NA	NA	NA	1.2935929617537007e-6	DOWN	3.65673806730944e-8	3	0	3	1
C14orf39	2	A2780,PEO1	FALSE	-0.27348014230783163	0.04968691279917127	-5.504067910461787	3.711264815060137e-8	-0.37086470189718956	-0.1760955827184737	0	0.6928817079041524	0.4051859312179016	0	-0.27348014230783163	0.04968691279917127	-5.504067910461787	3.711264815060137e-8	NA	NA	NA	NA	1.3097487546609603e-6	DOWN	3.711264815060137e-8	2	0	2	1
LOC100130357	2	A2780,UWB_BRCAdef	FALSE	-0.2929875340594351	0.05345065114740605	-5.481458649613733	4.2183332485230223e-8	-0.39774888525856544	-0.18822618286030476	0	0.013978083313620045	0.9058862564074169	0	-0.2929875340594351	0.05345065114740605	-5.481458649613733	4.2183332485230223e-8	NA	NA	NA	NA	1.4851546129978555e-6	DOWN	4.2183332485230223e-8	2	0	2	1
MIER3	3	A2780,PEO1,UWB_BRCAdef	FALSE	-0.42728565059712226	0.07891929320481472	-5.41421030581473	6.155977972444241e-8	-0.5819646229639157	-0.2726066782303288	0.005219933770338262	2.7238670099063156	0.25616500151661864	27.213682667651913	-0.436279253669158	0.06501567750676832	-6.71037002765587	1.9413149447710146e-11	NA	NA	NA	NA	2.13681798775899e-6	DOWN	6.155977972444241e-8	3	0	3	1
CDC20	3	A2780,PEO1,UWB_BRCAdef	FALSE	-0.20649001989052587	0.03815189429182183	-5.412313693026475	6.221557295466091e-8	-0.2812663586444759	-0.13171368113657583	0	0.3270553984240011	0.8491429780844613	0	-0.20649001989052587	0.03815189429182183	-5.412313693026475	6.221557295466091e-8	NA	NA	NA	NA	2.1545238343807283e-6	DOWN	6.221557295466091e-8	3	0	3	1
MMGT1	3	A2780,PEO1,UWB_BRCAdef	FALSE	-0.29240914386114336	0.05411357889637445	-5.403618644797017	6.530972172873102e-8	-0.39846980957260403	-0.18634847814968272	0	0.9041490832621624	0.6363067366152231	0	-0.29240914386114336	0.05411357889637445	-5.403618644797017	6.530972172873102e-8	NA	NA	NA	NA	2.2563898486045453e-6	DOWN	6.530972172873102e-8	3	0	3	1
ANKRD12	3	A2780,PEO1,UWB_BRCAdef	FALSE	-0.3068719059018102	0.05703970677648434	-5.379969905951967	7.449829129452124e-8	-0.4186676768724447	-0.19507613493117565	4.277749688861716e-7	1.9906757448547885	0.3695985462874131	0.004289135882498433	-0.3068725515465218	0.05703840346731171	-5.380104156007596	7.444275570062171e-8	NA	NA	NA	NA	2.5559309358981104e-6	DOWN	7.449829129452124e-8	3	0	3	1
SLC30A6	3	A2780,PEO1,UWB_BRCAdef	FALSE	-0.2607671836035892	0.04878005790012178	-5.3457743764371015	9.003130113746564e-8	-0.3563743402516064	-0.16516002695557197	0	1.148351198090768	0.5631689545080305	0	-0.2607671836035892	0.04878005790012178	-5.3457743764371015	9.003130113746564e-8	NA	NA	NA	NA	3.0674950458979362e-6	DOWN	9.003130113746564e-8	3	0	3	1
SLC6A15	3	A2780,PEO1,UWB_BRCAdef	FALSE	-0.8231240434230094	0.15435998440229895	-5.332496285292124	9.687175179687006e-8	-1.1256640535056799	-0.520584033340339	0.058453436764188	9.86355732973584	0.007213661178156538	84.12535395872519	-0.9427366864648609	0.04808323493473849	-19.606349026732516	1.3648470043823265e-85	NA	NA	NA	NA	3.277900672357706e-6	DOWN	9.687175179687006e-8	3	0	3	1
CTDSPL2	3	A2780,PEO1,UWB_BRCAdef	FALSE	-0.31623895474092145	0.059485377980144645	-5.316246874088577	1.059294079698346e-7	-0.43282815318875695	-0.19964975629308596	0	0.604466388862856	0.7391656754707643	0	-0.31623895474092145	0.059485377980144645	-5.316246874088577	1.059294079698346e-7	NA	NA	NA	NA	3.5700848812442826e-6	DOWN	1.059294079698346e-7	3	0	3	1
TMCO1	3	A2780,PEO1,UWB_BRCAdef	FALSE	-0.35047537067014684	0.06595009960221362	-5.314250816664166	1.0709702218251885e-7	-0.47973519066731485	-0.2212155506729788	0.007724262999741077	4.64092525744522	0.09822813193588406	59.60607925255622	-0.34640727516947256	0.035232433446071215	-9.832056468642833	8.19284098509375e-23	NA	NA	NA	NA	3.59919015230206e-6	DOWN	1.0709702218251885e-7	3	0	3	1
RIMKLB	3	A2780,PEO1,UWB_BRCAdef	FALSE	-0.2259381375060167	0.042569765315069195	-5.307479048423066	1.1115177715842374e-7	-0.3093733443538747	-0.14250293065815872	9.490719745267555e-4	3.061336479522801	0.21639101790897045	11.690371548139087	-0.22847840823351817	0.03518783459409229	-6.49310794111433	8.408339793311357e-11	NA	NA	NA	NA	3.726987140230412e-6	DOWN	1.1115177715842374e-7	3	0	3	1
TAS2R4	2	A2780,UWB_BRCAdef	FALSE	-0.48430314920815587	0.09126149600050994	-5.3067632071848765	1.1158898594817509e-7	-0.6631723945444015	-0.3054339038719102	0.004622099920544905	1.0341596031652271	0.30918369488010744	3.303126815307644	-0.49278387612687313	0.062546941771337	-7.878624632494792	3.3100423139839507e-15	NA	NA	NA	NA	3.733181753881595e-6	DOWN	1.1158898594817509e-7	2	1	1	0.5
FGF12	3	A2780,PEO1,UWB_BRCAdef	FALSE	-0.5514010004082317	0.10420395567050662	-5.291555362368048	1.212804644727812e-7	-0.7556370005690329	-0.3471650002474304	0.01991487831221119	5.2334048185735025	0.07304333314022016	60.224075816118	-0.6515567433445205	0.03581459429024334	-18.19249264878643	5.9186191048104314e-74	NA	NA	NA	NA	4.030054445301159e-6	DOWN	1.212804644727812e-7	3	0	3	1
ZNF234	3	A2780,PEO1,UWB_BRCAdef	FALSE	-0.19101439456885005	0.036168498833204214	-5.281236455229675	1.283149584362041e-7	-0.2619033496568093	-0.12012543948089084	0	1.0448712262694457	0.5930742878946735	0	-0.19101439456885005	0.036168498833204214	-5.281236455229675	1.283149584362041e-7	NA	NA	NA	NA	4.244727719007047e-6	DOWN	1.283149584362041e-7	3	0	3	1
H1FX	2	A2780,PEO1	FALSE	-0.5524829215025902	0.1048916454306747	-5.26717756437274	1.3853719347059756e-7	-0.7580667688258579	-0.3468990741793224	0.0037678269388693084	1.1748172360172973	0.2784136345401881	14.880377190407751	-0.5596015055262625	0.09395995958122444	-5.955744425821198	2.588906445726867e-9	NA	NA	NA	NA	4.5321891147117835e-6	DOWN	1.3853719347059756e-7	2	0	2	1
KIF26A	2	A2780,PEO1	FALSE	-0.4082701912198152	0.0778323710580735	-5.245506280609007	1.5585375025759067e-7	-0.560818835324997	-0.2557215471146335	0.007446729933723538	2.555283771964077	0.10992607513121379	60.865403249073736	-0.42026676585101835	0.04734953286573563	-8.875837635879686	6.940903669754352e-19	NA	NA	NA	NA	5.076232169733464e-6	DOWN	1.5585375025759067e-7	2	0	2	1
DMC1	3	A2780,PEO1,UWB_BRCAdef	FALSE	-0.5802018931494983	0.11086317126641042	-5.233495366601417	1.663341780603784e-7	-0.7974897160435586	-0.36291407025543815	0.013947219547785463	2.8372250278746662	0.24204962449822656	31.03975775024275	-0.6168037586309966	0.05757788231761508	-10.712512058511308	8.891578526427047e-27	NA	NA	NA	NA	5.346920632562642e-6	DOWN	1.663341780603784e-7	3	0	3	1
PEX5	3	A2780,PEO1,UWB_BRCAdef	FALSE	-0.7176809336592377	0.13746487056441048	-5.220831552909086	1.781215028943036e-7	-0.9871071291049425	-0.44825473821353296	0.04894109976376859	11.465336544406235	0.003238424696482527	89.2192683790367	-0.7614196395133634	0.036433126868840836	-20.899102134562103	5.456158070073244e-97	NA	NA	NA	NA	5.701044725753393e-6	DOWN	1.781215028943036e-7	3	0	3	1
FAM106A	2	A2780,UWB_BRCAdef	FALSE	-0.2665121300198735	0.051072814222918414	-5.2182777486398795	1.805945105356855e-7	-0.3666130064858986	-0.1664112535538484	0	0.1314218259738611	0.7169623723041763	0	-0.2665121300198735	0.051072814222918414	-5.2182777486398795	1.805945105356855e-7	NA	NA	NA	NA	5.767712801924798e-6	DOWN	1.805945105356855e-7	2	0	2	1
CHAC2	3	A2780,PEO1,UWB_BRCAdef	FALSE	-0.7131002024695081	0.13666758082179709	-5.21777145817288	1.8108871021991717e-7	-0.9809637387344474	-0.44523666620456887	0.03348321809678523	5.198304733080117	0.07433656167409085	60.10213227392175	-0.8235062418386631	0.0616601079199337	-13.35557574612089	1.0990507593508503e-40	NA	NA	NA	NA	5.771031806081713e-6	DOWN	1.8108871021991717e-7	3	0	3	1
DACH1	2	A2780,UWB_BRCAdef	FALSE	-0.09700359988946357	0.018599443135700975	-5.215403449540303	1.834175783313097e-7	-0.1334578385679382	-0.06054936121098893	0	0.022497518522702466	0.8807711413868666	0	-0.09700359988946357	0.018599443135700975	-5.215403449540303	1.834175783313097e-7	NA	NA	NA	NA	5.832678990935648e-6	DOWN	1.834175783313097e-7	2	0	2	1
PDGFA	3	A2780,PEO1,UWB_BRCAdef	FALSE	-0.17620173110129986	0.03378844987636143	-5.2148509844653	1.8396506264607666e-7	-0.2424258759524051	-0.10997758625019462	0	0.06493527023846904	0.9680537802694733	0	-0.17620173110129986	0.03378844987636143	-5.2148509844653	1.8396506264607666e-7	NA	NA	NA	NA	5.8375351531063e-6	DOWN	1.8396506264607666e-7	3	0	3	1
MTERF3	2	A2780,UWB_BRCAdef	FALSE	-0.31783716056372713	0.061182246054862666	-5.194924689079242	2.0480273140403767e-7	-0.4377521593245257	-0.19792216180292851	0	0.0776410802230806	0.7805199684138974	0	-0.31783716056372713	0.061182246054862666	-5.194924689079242	2.0480273140403767e-7	NA	NA	NA	NA	6.484835094799797e-6	DOWN	2.0480273140403767e-7	2	0	2	1
PRTG	3	A2780,PEO1,UWB_BRCAdef	FALSE	-0.41254081799565734	0.07946240560647101	-5.191647733882123	2.0844109742597587e-7	-0.5682842711092542	-0.2567973648820605	0.013358378405277519	10.642674512598102	0.004886215232295507	77.05548238388843	-0.46180175473559987	0.02889838773881848	-15.9801909680682	1.7560712066369558e-57	NA	NA	NA	NA	6.5859369821322765e-6	DOWN	2.0844109742597587e-7	3	0	3	1
TTLL4	3	A2780,PEO1,UWB_BRCAdef	FALSE	-0.21845126013422084	0.04217569667372585	-5.179553092487722	2.2241810514510898e-7	-0.30111410663760924	-0.13578841363083244	9.338393487431132e-4	1.6145080905660343	0.44608130503884336	8.61766285134014	-0.22683112475485012	0.033207988038392755	-6.830619322453496	8.454882003005541e-12	NA	NA	NA	NA	7.012572538978095e-6	DOWN	2.2241810514510898e-7	3	0	3	1
TADA1	3	A2780,PEO1,UWB_BRCAdef	FALSE	-0.45007224963523484	0.08743119463026208	-5.147730756036745	2.636565620003773e-7	-0.6214342422358603	-0.2787102570346094	0.013921595999674827	5.650873113897421	0.05928277087393914	64.41295224464275	-0.44079387043805723	0.046037302521792875	-9.57471107759619	1.0214249248669779e-21	NA	NA	NA	NA	8.260564747527445e-6	DOWN	2.636565620003773e-7	3	0	3	1
AGL	3	A2780,PEO1,UWB_BRCAdef	FALSE	-0.3882444600320517	0.0755295589475415	-5.140298254643643	2.7430270489344027e-7	-0.536279675337428	-0.2402092447266754	0.007354436779641082	3.415288560684359	0.18129236396420298	41.99182033939526	-0.3683322002582509	0.05340383729550761	-6.8971111236839056	5.307066879027312e-12	NA	NA	NA	NA	8.557202736833968e-6	DOWN	2.7430270489344027e-7	3	0	3	1
TRPS1	3	A2780,PEO1,UWB_BRCAdef	FALSE	-0.49578749566436986	0.09665296359753811	-5.1295633078445855	2.9041509291426255e-7	-0.6852238233146054	-0.3063511680141343	0.017698893121421623	5.093489325138792	0.07833626234479975	63.43936147369252	-0.521253931331449	0.04142574583826095	-12.582849645401371	2.623909562816898e-36	NA	NA	NA	NA	9.021781468326052e-6	DOWN	2.9041509291426255e-7	3	0	3	1
ZNF808	3	A2780,PEO1,UWB_BRCAdef	FALSE	-0.3004480924828958	0.058781271028610735	-5.1112894843096885	3.199672415826533e-7	-0.4156572666644605	-0.18523891830133105	0	1.0118945228183052	0.6029341685637926	0	-0.3004480924828958	0.058781271028610735	-5.1112894843096885	3.199672415826533e-7	NA	NA	NA	NA	9.87756910497431e-6	DOWN	3.199672415826533e-7	3	0	3	1
TTC21B	3	A2780,PEO1,UWB_BRCAdef	FALSE	-0.29310095092355465	0.05735243057012416	-5.110523617045026	3.212671457267153e-7	-0.405509649266832	-0.18069225258027732	0.0037043834430449418	2.769584880093953	0.25037576238031123	37.107415496135985	-0.2879533006974807	0.042173109762672925	-6.827888726203108	8.617338242428404e-12	NA	NA	NA	NA	9.897036008043622e-6	DOWN	3.212671457267153e-7	3	0	3	1
METTL4	3	A2780,PEO1,UWB_BRCAdef	FALSE	-0.3323153278886121	0.06503373868790624	-5.109891182534919	3.223444169345731e-7	-0.4597791134968975	-0.20485154228032676	0.004447141193565995	2.822586440617857	0.2438277561683016	30.74394797588017	-0.3572275192766591	0.044854031879928306	-7.964223154630488	1.6626497228760555e-15	NA	NA	NA	NA	9.909577740564517e-6	DOWN	3.223444169345731e-7	3	0	3	1
BEX3	2	A2780,UWB_BRCAdef	FALSE	-0.9203182035907982	0.18012715197562584	-5.109269721398428	3.2340639313244747e-7	-1.2733609341007976	-0.5672754730807987	0.047938832950714924	3.764366027956991	0.05235570197500695	73.43510188506501	-0.9588690107986788	0.08909971587718361	-10.761751610076942	5.216900389918285e-27	NA	NA	NA	NA	9.921598205911827e-6	DOWN	3.2340639313244747e-7	2	0	2	1
OPA3	3	A2780,PEO1,UWB_BRCAdef	FALSE	-0.15297004898747976	0.030175136784238856	-5.069406978376297	3.990571129361703e-7	-0.2121122303131577	-0.09382786766180182	0	0.8875490829980487	0.6416100609640888	0	-0.15297004898747976	0.030175136784238856	-5.069406978376297	3.990571129361703e-7	NA	NA	NA	NA	1.2141682158409774e-5	DOWN	3.990571129361703e-7	3	0	3	1
TMEM59	3	A2780,PEO1,UWB_BRCAdef	FALSE	-0.30479560652796905	0.06015199571471024	-5.067090508078204	4.0394224669798617e-7	-0.4226913517270088	-0.18689986132892933	0.004537604396877256	2.357255313572906	0.30770071997812987	35.47956239020192	-0.3339234543227432	0.027432286655930564	-12.172643808770951	4.347684615512873e-34	NA	NA	NA	NA	1.2265080086084439e-5	DOWN	4.0394224669798617e-7	3	0	3	1
TSPAN5	3	A2780,PEO1,UWB_BRCAdef	FALSE	-0.751114315381345	0.14839364846577968	-5.06163385796499	4.156787355312268e-7	-1.0419605219087706	-0.4602681088539194	0.05723182823392775	24.81219841327631	4.093545034854218e-6	90.80013801446131	-0.8737429107482265	0.03806884522844053	-22.951652604777973	1.4185304493804327e-116	NA	NA	NA	NA	1.2569818941309305e-5	DOWN	4.156787355312268e-7	3	0	3	1
SPCS1	3	A2780,PEO1,UWB_BRCAdef	FALSE	-0.1974695631511248	0.039083553787262686	-5.052497636882755	4.3606975404200714e-7	-0.2740719209619937	-0.12086720534025591	0	0.3347149167250489	0.845897184265514	0	-0.1974695631511248	0.039083553787262686	-5.052497636882755	4.3606975404200714e-7	NA	NA	NA	NA	1.3132715790263054e-5	DOWN	4.3606975404200714e-7	3	0	3	1
CHD1L	3	A2780,PEO1,UWB_BRCAdef	FALSE	-0.5668324592846683	0.11223290178700937	-5.050501682299704	4.406512303917962e-7	-0.7868049046676278	-0.3468600139017089	0.022470990385954036	5.986266658206964	0.050130116231715316	66.07079908480993	-0.6326051965868352	0.037679929469739935	-16.788916685602317	2.9416539355121273e-63	NA	NA	NA	NA	1.3243718991470509e-5	DOWN	4.406512303917962e-7	3	0	3	1
GLTSCR1	2	A2780,PEO1	FALSE	-0.26549548931603384	0.05258999646362472	-5.04840287448338	4.455188694309637e-7	-0.3685699883318271	-0.1624209903002406	0	0.3137982741967452	0.5753587117269392	0	-0.26549548931603384	0.05258999646362472	-5.04840287448338	4.455188694309637e-7	NA	NA	NA	NA	1.3362855014757932e-5	DOWN	4.455188694309637e-7	2	0	2	1
THBS4	3	A2780,PEO1,UWB_BRCAdef	FALSE	-0.09686600397672425	0.019210818016974593	-5.0422633690628835	4.6005749074463705e-7	-0.13451851540354764	-0.05921349254990087	1.7971436761312924e-6	2.7070585611581475	0.2583269416561777	0.02563650327758189	-0.09686905714652577	0.01916891234388993	-5.05344567332234	4.3390977933628287e-7	NA	NA	NA	NA	1.376198067079025e-5	DOWN	4.6005749074463705e-7	3	0	3	1
PTGES3L-AARSD1	2	A2780,PEO1	FALSE	-0.16051000141797728	0.03183829836306353	-5.041412690704264	4.621076826538719e-7	-0.22291191953862236	-0.0981080832973322	0	0.6085964154851831	0.4353167744505065	0	-0.16051000141797728	0.03183829836306353	-5.041412690704264	4.621076826538719e-7	NA	NA	NA	NA	1.3776585289118556e-5	DOWN	4.621076826538719e-7	2	0	2	1
INHBC	2	A2780,UWB_BRCAdef	FALSE	-0.3141146248964473	0.062390079805910194	-5.034688621550559	4.786261903475882e-7	-0.43639693430861104	-0.19183231548428362	0	0.05591557625234868	0.8130720600162501	0	-0.3141146248964473	0.062390079805910194	-5.034688621550559	4.786261903475882e-7	NA	NA	NA	NA	1.424033295104585e-5	DOWN	4.786261903475882e-7	2	0	2	1
CCDC9	3	A2780,PEO1,UWB_BRCAdef	FALSE	-0.40783763649719723	0.08103562207416315	-5.032819222686382	4.833188541269672e-7	-0.566664537227356	-0.24901073576703847	4.422761835697943e-6	2.6944286695049584	0.2599634240086135	0.020011913032647724	-0.40784776109648585	0.08102454820139862	-5.0336320306621065	4.81273073623238e-7	NA	NA	NA	NA	1.435107609633627e-5	DOWN	4.833188541269672e-7	3	0	3	1
ZNF485	3	A2780,PEO1,UWB_BRCAdef	FALSE	-0.2682965563126115	0.053394198665143076	-5.024825973982853	5.038892464564807e-7	-0.37294726267966855	-0.16364584994555448	6.328318149255203e-4	2.0248893572713973	0.3633296686960082	5.817503222954791	-0.2688927602934982	0.05034037482475593	-5.341493010919429	9.218417090731727e-8	NA	NA	NA	NA	1.490202057470396e-5	DOWN	5.038892464564807e-7	3	0	3	1
HIST1H1D	2	A2780,PEO1	FALSE	-0.26194028123094515	0.05228471048509817	-5.0098829810983	5.446314139741365e-7	-0.3644164307238413	-0.15946413173804902	0	0.04110178786247913	0.8393415721075962	0	-0.26194028123094515	0.05228471048509817	-5.0098829810983	5.446314139741365e-7	NA	NA	NA	NA	1.598842992956308e-5	DOWN	5.446314139741365e-7	2	0	2	1
PBK	3	A2780,PEO1,UWB_BRCAdef	FALSE	-0.2922981126487161	0.05836518432663928	-5.008090285689446	5.497274815900536e-7	-0.4066917718799707	-0.17790445341746147	0	0.3018056871934128	0.8599312424273278	0	-0.2922981126487161	0.05836518432663928	-5.008090285689446	5.497274815900536e-7	NA	NA	NA	NA	1.6096673802519052e-5	DOWN	5.497274815900536e-7	3	0	3	1
CDK3	2	A2780,PEO1	FALSE	-0.4498400119711351	0.09013225591278261	-4.990888194415408	6.010228089665392e-7	-0.6264959874055364	-0.27318403653673384	0.006183903244402576	1.3796195578909116	0.2401659610843087	27.51624936886611	-0.428659427284821	0.062049313536650316	-6.9083669560925465	4.90264471079293e-12	NA	NA	NA	NA	1.7529239203527053e-5	DOWN	6.010228089665392e-7	2	0	2	1
ATP5D	2	A2780,PEO1	FALSE	-0.30858130782581705	0.0618837142150053	-4.986470378195134	6.149232924949572e-7	-0.42987115891679684	-0.1872914567348373	0	0.8053899691485524	0.369486727433187	0	-0.30858130782581705	0.0618837142150053	-4.986470378195134	6.149232924949572e-7	NA	NA	NA	NA	1.789935182307664e-5	DOWN	6.149232924949572e-7	2	0	2	1
NPIPB13	2	A2780,UWB_BRCAdef	FALSE	-0.11950343239207897	0.024078840521358755	-4.963006100151515	6.941040120897576e-7	-0.1666970926034258	-0.07230977218073216	0	0.3377294750032802	0.5611427531133257	0	-0.11950343239207897	0.024078840521358755	-4.963006100151515	6.941040120897576e-7	NA	NA	NA	NA	2.0164471565365907e-5	DOWN	6.941040120897576e-7	2	1	1	0.5
UBA6	3	A2780,PEO1,UWB_BRCAdef	FALSE	-0.26313801389026004	0.05335117974833556	-4.93218735052376	8.131386747799739e-7	-0.36770440472972044	-0.15857162305079964	0	0.015913135023638853	0.9920750021871652	0	-0.26313801389026004	0.05335117974833556	-4.93218735052376	8.131386747799739e-7	NA	NA	NA	NA	2.3438365660763104e-5	DOWN	8.131386747799739e-7	3	0	3	1
BCHE	2	A2780,UWB_BRCAdef	FALSE	-2.126379626725943	0.4328738479829848	-4.912238604004384	9.004238239683429e-7	-2.9747967786218594	-1.277962474830027	0.32163885308901197	6.224025969829542	0.01260282182879603	83.93322899281881	-1.786848694749087	0.06702857679791972	-26.658013344608907	1.4450636559189188e-156	NA	NA	NA	NA	2.5803424583371872e-5	DOWN	9.004238239683429e-7	2	0	2	1
FAM13C	2	A2780,PEO1	FALSE	-0.09013910117363937	0.018401217680231178	-4.89854001729884	9.655137664386653e-7	-0.12620482509857414	-0.054073377248704584	0	0.4887495534766369	0.4844856308166297	0	-0.09013910117363937	0.018401217680231178	-4.89854001729884	9.655137664386653e-7	NA	NA	NA	NA	2.745586935447797e-5	DOWN	9.655137664386653e-7	2	0	2	1
SPATS2	3	A2780,PEO1,UWB_BRCAdef	FALSE	-0.9538474171460237	0.19490061615228763	-4.894019505822009	9.879704024355288e-7	-1.335845605369173	-0.5718492289228745	0.09922089358037067	31.25216722221287	1.6356038115143273e-7	90.79440094496654	-0.723826807284072	0.03700231161836881	-19.561664545432006	3.281870255981633e-85	NA	NA	NA	NA	2.798681674485472e-5	DOWN	9.879704024355288e-7	3	0	3	1
LPO	2	A2780,PEO1	FALSE	-0.12354390170836907	0.025273976893670017	-4.888186066962466	1.017693224060744e-6	-0.1730799861660598	-0.07400781725067833	0	0.01877466902103472	0.8910144424470632	0	-0.12354390170836907	0.025273976893670017	-4.888186066962466	1.017693224060744e-6	NA	NA	NA	NA	2.877367056249755e-5	DOWN	1.017693224060744e-6	2	0	2	1
C8orf34	2	A2780,UWB_BRCAdef	FALSE	-0.15079083773499605	0.030977492951964447	-4.867754726595252	1.1287329532229845e-6	-0.21150560825218973	-0.09007606721780237	0	0.08651804291262569	0.7686513118797765	0	-0.15079083773499605	0.030977492951964447	-4.867754726595252	1.1287329532229845e-6	NA	NA	NA	NA	3.1852240800206624e-5	DOWN	1.1287329532229845e-6	2	0	2	1
SCN9A	3	A2780,PEO1,UWB_BRCAdef	FALSE	-0.09902354041790726	0.020400704928679382	-4.853927389474646	1.2104007000487625e-6	-0.1390081873373476	-0.0590388934984669	0	0.9706680922685963	0.6154915598438291	0	-0.09902354041790726	0.020400704928679382	-4.853927389474646	1.2104007000487625e-6	NA	NA	NA	NA	3.402698698026816e-5	DOWN	1.2104007000487625e-6	3	1	2	0.6666666666666666
CKMT2	3	A2780,PEO1,UWB_BRCAdef	FALSE	-0.3360551762236418	0.06974240420057914	-4.818520096570619	1.4462696019743108e-6	-0.47274777665201184	-0.1993625757952717	0	0.9519702605026233	0.6212727203479959	0	-0.3360551762236418	0.06974240420057914	-4.818520096570619	1.4462696019743108e-6	NA	NA	NA	NA	4.0199226699988974e-5	DOWN	1.4462696019743108e-6	3	1	2	0.6666666666666666
OCIAD1	3	A2780,PEO1,UWB_BRCAdef	FALSE	-0.572505433207201	0.11958850133874206	-4.7872949890520236	1.6904427466453942e-6	-0.8068945887962555	-0.33811627761814655	0.03392007410068301	9.773127015519893	0.007547314247920426	79.37515978163329	-0.5858978735832852	0.05311559002323988	-11.030619698038464	2.719843995851739e-28	NA	NA	NA	NA	4.67225736348513e-5	DOWN	1.6904427466453942e-6	3	0	3	1
SNX22	3	A2780,PEO1,UWB_BRCAdef	FALSE	-0.24339836110760146	0.05092476631700012	-4.779567560359099	1.7567263418284027e-6	-0.3432090690100401	-0.14358765320516279	0	1.0710347298709424	0.5853663637587926	0	-0.24339836110760146	0.05092476631700012	-4.779567560359099	1.7567263418284027e-6	NA	NA	NA	NA	4.837376613895082e-5	DOWN	1.7567263418284027e-6	3	0	3	1
WDR43	3	A2780,PEO1,UWB_BRCAdef	FALSE	-0.26572276135230255	0.05561710611475053	-4.777716424224897	1.772971781842899e-6	-0.37473028626155597	-0.15671523644304913	0.0019094491295110966	2.359037684850513	0.307426623668924	18.199888685731764	-0.2756436458524203	0.04729872081853389	-5.827718827956336	5.6190144748526475e-9	NA	NA	NA	NA	4.873036010801292e-5	DOWN	1.772971781842899e-6	3	0	3	1
PPT1	3	A2780,PEO1,UWB_BRCAdef	FALSE	-0.5841421986848039	0.12261408515323216	-4.764070929981616	1.897257633257626e-6	-0.8244613895824662	-0.34382300778714153	0.03848173783833662	13.943444482460105	9.380359896192766e-4	86.76907744799671	-0.6825003532643212	0.03514239552269844	-19.420996864698505	5.128473828034695e-84	NA	NA	NA	NA	5.166620372556265e-5	DOWN	1.897257633257626e-6	3	0	3	1
C9orf16	3	A2780,PEO1,UWB_BRCAdef	FALSE	-0.3153746360971775	0.06665337965158333	-4.731562566605516	2.227981231988253e-6	-0.44601285966215565	-0.18473641253219927	1.9691372429866038e-6	2.650855337873316	0.26568930772436383	0.007123952293400115	-0.315381977669935	0.06664335507613661	-4.7323844561791235	2.2189761965004566e-6	NA	NA	NA	NA	6.033911809049506e-5	DOWN	2.227981231988253e-6	3	1	2	0.6666666666666666
CCDC149	3	A2780,PEO1,UWB_BRCAdef	FALSE	-0.16260535898935732	0.034486998866815895	-4.714975623634783	2.4173968838495136e-6	-0.23019863470319013	-0.09501208327552452	0	0.8616805841498296	0.6499627066812813	0	-0.16260535898935732	0.034486998866815895	-4.714975623634783	2.4173968838495136e-6	NA	NA	NA	NA	6.511119803548773e-5	DOWN	2.4173968838495136e-6	3	0	3	1
SPDYE5	2	A2780,UWB_BRCAdef	FALSE	-0.17990909173375705	0.03816923468738457	-4.713458187130468	2.435477187087993e-6	-0.25471941703848777	-0.10509876642902635	0	0.01934307733919153	0.8893874125767046	0	-0.17990909173375705	0.03816923468738457	-4.713458187130468	2.435477187087993e-6	NA	NA	NA	NA	6.547891120994573e-5	DOWN	2.435477187087993e-6	2	0	2	1
GUSB	3	A2780,PEO1,UWB_BRCAdef	FALSE	-0.9367303414855979	0.1989561460250912	-4.708225205405129	2.4988294024847127e-6	-1.3266772221976684	-0.5467834607735274	0.10937012490131309	33.766991113805716	4.651478783733715e-8	93.31437039209449	-1.1679705476265412	0.037992430793293876	-30.742190568988338	1.555024165336036e-207	NA	NA	NA	NA	6.70602366144128e-5	DOWN	2.4988294024847127e-6	3	0	3	1
APOO	3	A2780,PEO1,UWB_BRCAdef	FALSE	-0.4628489270570721	0.09834105380819519	-4.706568712999706	2.519210969543197e-6	-0.6555938507228501	-0.27010400339129403	0.017450142645817082	5.49816173394786	0.06398664642680878	63.12143495317988	-0.5407705904666686	0.04229753527422361	-12.784919664012142	1.9906839993467978e-37	NA	NA	NA	NA	6.748473298303488e-5	DOWN	2.519210969543197e-6	3	0	3	1
SPX	2	A2780,UWB_BRCAdef	FALSE	-2.6711154083347575	0.5685023918554931	-4.698512172687085	2.620635727363024e-6	-3.7853596214964007	-1.5568711951731142	0.5614724254875402	6.715101156856195	0.009559986810205416	85.10819157237887	-2.204605223146334	0.06617124884450537	-33.31666337939149	2.2153276652608635e-243	NA	NA	NA	NA	6.982223513606673e-5	DOWN	2.620635727363024e-6	2	0	2	1
PRR3	3	A2780,PEO1,UWB_BRCAdef	FALSE	-0.1958596024762533	0.041892638840617676	-4.6752748906892565	2.935601307159954e-6	-0.27796766582120774	-0.11375153913129887	0	0.6459627518462929	0.7239873378381771	0	-0.1958596024762533	0.041892638840617676	-4.6752748906892565	2.935601307159954e-6	NA	NA	NA	NA	7.793309969295196e-5	DOWN	2.935601307159954e-6	3	0	3	1
SUPT20H	3	A2780,PEO1,UWB_BRCAdef	FALSE	-0.2309350041042208	0.04943998496836115	-4.671016875349101	2.9971231262961366e-6	-0.3278355940384103	-0.1340344141700313	3.59906102301837e-6	3.4645591407887926	0.17688073795171808	0.03478304839488524	-0.2309394238943283	0.0494207742616868	-4.672922011935433	2.9694454322759904e-6	NA	NA	NA	NA	7.942376284684762e-5	DOWN	2.9971231262961366e-6	3	1	2	0.6666666666666666
CDC42SE1	3	A2780,PEO1,UWB_BRCAdef	FALSE	-0.4981137642266149	0.10677406968135218	-4.6651192158652846	3.084381651982463e-6	-0.7073870952848353	-0.28884043316839453	0.02029494430846768	5.737289090887632	0.056775831507002744	64.8990867048207	-0.5990520151338217	0.028313988579298812	-21.1574576805405	2.3558722535312636e-99	NA	NA	NA	NA	8.129902226000835e-5	DOWN	3.084381651982463e-6	3	0	3	1
KRTAP5-2	2	A2780,PEO1	FALSE	-0.364552380057898	0.07828768965455485	-4.656573487689938	3.2151554941661966e-6	-0.5179934322136744	-0.2111113279021215	0.0021672068406974588	1.1224944734538016	0.2893819626703611	10.912701697042532	-0.3721042238214903	0.06767410211004549	-5.498473008425115	3.830941648842772e-8	NA	NA	NA	NA	8.414602529599212e-5	DOWN	3.2151554941661966e-6	2	0	2	1
SENP2	3	A2780,PEO1,UWB_BRCAdef	FALSE	-0.16083048852519846	0.034580425651629845	-4.650911187312646	3.304716333736447e-6	-0.228606877372458	-0.09305409967793894	1.7431526320342447e-6	2.17258584980309	0.3374651865673447	0.02445369551967732	-0.1608260398918312	0.03456367021897371	-4.653037101469213	3.2708136806516328e-6	NA	NA	NA	NA	8.63371738992241e-5	DOWN	3.304716333736447e-6	3	0	3	1
SVBP	2	A2780,UWB_BRCAdef	FALSE	-0.211633282965033	0.045522881150781416	-4.6489430724751095	3.336402732453154e-6	-0.30085649049306185	-0.12241007543700415	0	0.001346255135895748	0.9707311060149466	0	-0.211633282965033	0.045522881150781416	-4.6489430724751095	3.336402732453154e-6	NA	NA	NA	NA	8.701126491143701e-5	DOWN	3.336402732453154e-6	2	0	2	1
HS2ST1	3	A2780,PEO1,UWB_BRCAdef	FALSE	-0.7983247868592208	0.17194434180296728	-4.642925603065375	3.4351006782735485e-6	-1.1353295041384814	-0.46132006957996013	0.0796076585467721	24.93481379098546	3.850117481354044e-6	90.78212332268869	-0.9622567750475159	0.042637495725462105	-22.568322990716336	8.874852733419564e-113	NA	NA	NA	NA	8.911374338531748e-5	DOWN	3.4351006782735485e-6	3	0	3	1
METTL18	3	A2780,PEO1,UWB_BRCAdef	FALSE	-0.2546250050641885	0.05486370488191211	-4.641046491705945	3.466491136869772e-6	-0.3621558906911706	-0.14709411943720643	5.822708431055581e-6	1.9387733455378813	0.37931561136796804	0.052493198982067564	-0.25462801674590246	0.054839426552334064	-4.643156078645484	3.431269414328136e-6	NA	NA	NA	NA	8.977058571084644e-5	DOWN	3.466491136869772e-6	3	0	3	1
SFT2D2	3	A2780,PEO1,UWB_BRCAdef	FALSE	-0.5140400756083672	0.11078348828701637	-4.640042334437052	3.483378109840298e-6	-0.7311717227326342	-0.29690842848410015	0.029138842163692457	11.469522218962652	0.0032316542877081733	79.9785865811007	-0.5428698006767515	0.0473316972462544	-11.469476740974287	1.8779135724918004e-30	NA	NA	NA	NA	9.005019599686798e-5	DOWN	3.483378109840298e-6	3	0	3	1
ZNF136	3	A2780,PEO1,UWB_BRCAdef	FALSE	-0.2644338573205063	0.057054121754114645	-4.634789725799886	3.5730048662711717e-6	-0.3762578811281342	-0.15260983351287838	0	1.0127993443157168	0.6026614563587901	0	-0.2644338573205063	0.057054121754114645	-4.634789725799886	3.5730048662711717e-6	NA	NA	NA	NA	9.204533616298226e-5	DOWN	3.5730048662711717e-6	3	0	3	1
NPIPB3	3	A2780,PEO1,UWB_BRCAdef	FALSE	-0.3471488652023294	0.07501037236532537	-4.628011490352286	3.6919353755099844e-6	-0.49416649350530567	-0.20013123689935314	0	0.7707413272302747	0.6801984646501467	0	-0.3471488652023294	0.07501037236532537	-4.628011490352286	3.6919353755099844e-6	NA	NA	NA	NA	9.49437363437672e-5	DOWN	3.6919353755099844e-6	3	0	3	1
KCNMB3	3	A2780,PEO1,UWB_BRCAdef	FALSE	-0.299707529393101	0.06488617363132958	-4.618973698402683	3.85642731356477e-6	-0.4268820928051195	-0.17253296598108253	0.002075934505434668	2.3059408093609437	0.31569762554642744	14.447085158964667	-0.29496662961971826	0.0569298011651139	-5.181234144209014	2.2042258877476595e-7	NA	NA	NA	NA	9.88301398365377e-5	DOWN	3.85642731356477e-6	3	0	3	1
SSX2IP	3	A2780,PEO1,UWB_BRCAdef	FALSE	-0.6558834189367972	0.14232912011177506	-4.60821663494943	4.061373907969672e-6	-0.9348433683071518	-0.3769234695664427	0.050330324258195454	13.97730083702389	9.222903981789694e-4	83.53771533377096	-0.7197031242987875	0.05415870933701029	-13.288779092210861	2.689304787728349e-40	NA	NA	NA	NA	1.037228600641581e-4	DOWN	4.061373907969672e-6	3	0	3	1
TFEB	3	A2780,PEO1,UWB_BRCAdef	FALSE	-0.29191426095291717	0.06346550796853034	-4.599573379254511	4.233570496202312e-6	-0.41630437083177646	-0.16752415107405788	1.5355247496362088e-6	3.9210188985210586	0.14078667897865885	0.00973631425023	-0.29191809376100564	0.06345958908589809	-4.600062779572509	4.2236363121260064e-06	NA	NA	NA	NA	1.0737874258549501e-4	DOWN	4.233570496202312e-6	3	1	2	0.6666666666666666
ZNF419	3	A2780,PEO1,UWB_BRCAdef	FALSE	-0.5213933478356687	0.11375453092523713	-4.583495211969569	4.572673595810638e-6	-0.7443481315273812	-0.2984385641439562	0.02848316048620275	10.71046568374207	0.004723369571247591	77.59949117488966	-0.5192237314433148	0.04843378276720062	-10.720280386501907	8.175511808626481e-27	NA	NA	NA	NA	1.1558311873718273e-4	DOWN	4.572673595810638e-6	3	0	3	1
SH2D7	2	A2780,PEO1	FALSE	-0.1591174068811871	0.034853388424453256	-4.5653353683554565	4.986964383778798e-6	-0.2274287929323007	-0.09080602083007352	0	0.7659818706993619	0.3814629702920096	0	-0.1591174068811871	0.034853388424453256	-4.5653353683554565	4.986964383778798e-6	NA	NA	NA	NA	1.254119767737025e-4	DOWN	4.986964383778798e-6	2	0	2	1
LPIN1	3	A2780,PEO1,UWB_BRCAdef	FALSE	-1.0090497842629984	0.2212253865860169	-4.561184409415234	5.0865883148851065e-6	-1.4426435744375419	-0.5754559940884549	0.137638432453834	50.91098770983693	8.80682739494323e-12	94.7785165822585	-1.3020985291475449	0.03552881089598653	-36.64908834015143	4.731565960499312e-294	NA	NA	NA	NA	1.2770013822106295e-4	DOWN	5.0865883148851065e-6	3	0	3	1
GPATCH4	3	A2780,PEO1,UWB_BRCAdef	FALSE	-0.3078540075289962	0.06775774241951446	-4.543451368597151	5.534057711484097e-6	-0.4406567423449864	-0.17505127271300602	0.005413800783461595	2.677717492685855	0.2621446714938128	34.81024001722016	-0.33141310211915836	0.0408200371611865	-8.118882910628034	4.704941648677423e-16	NA	NA	NA	NA	1.384638094411427e-4	DOWN	5.534057711484097e-6	3	0	3	1
MAPK4	2	A2780,PEO1	FALSE	-0.06496101150866607	0.014335228627197862	-4.531564385755049	5.854848636531915e-6	-0.09305754332812144	-0.0368644796892107	0	0.026487086668779546	0.8707164285138423	0	-0.06496101150866607	0.014335228627197862	-4.531564385755049	5.854848636531915e-6	NA	NA	NA	NA	1.4624264660202267e-4	DOWN	5.854848636531915e-6	2	0	2	1
CEP76	3	A2780,PEO1,UWB_BRCAdef	FALSE	-0.1905096331242205	0.04219661737152809	-4.514808176372112	6.337410280921465e-6	-0.27321348344183277	-0.10780578280660826	0	0.5047581922803313	0.7769501434321532	0	-0.1905096331242205	0.04219661737152809	-4.514808176372112	6.337410280921465e-6	NA	NA	NA	NA	1.5737617133394785e-4	DOWN	6.337410280921465e-6	3	0	3	1
TUSC3	3	A2780,PEO1,UWB_BRCAdef	FALSE	-0.35532027558140894	0.07938553643745609	-4.475881773014762	7.609658787036709e-6	-0.510913067892215	-0.19972748327060286	0.010039462350932258	3.7145557831863947	0.15609696542482143	48.29067524333985	-0.42452030121972867	0.02446842082341754	-17.349722088049134	1.982007372355821e-67	NA	NA	NA	NA	1.872279941496037e-4	DOWN	7.609658787036709e-6	3	0	3	1
HADHB	3	A2780,PEO1,UWB_BRCAdef	FALSE	-0.2345107615434398	0.05260870303967635	-4.457641948834527	8.286616281558207e-6	-0.3376219247745683	-0.1313995983123113	0.0015178925170471259	1.6318205723083468	0.44223658224482326	12.960870815185672	-0.22504059381668048	0.043382911805940255	-5.187309575330684	2.1335390284291383e-7	NA	NA	NA	NA	2.0220164184059608e-4	DOWN	8.286616281558207e-6	3	0	3	1
LHX6	3	A2780,PEO1,UWB_BRCAdef	FALSE	-0.730959208212715	0.16452773300111076	-4.4427720170907605	8.880725111911632e-6	-1.053427639352914	-0.40849077707251585	0.06392854292459543	23.407387991136467	8.2632383470035e-6	88.24807237940301	-0.8917862790468076	0.03676149480936939	-24.258705574168282	5.351650423012077e-130	NA	NA	NA	NA	2.1563100530350954e-4	DOWN	8.880725111911632e-6	3	0	3	1
RPIA	3	A2780,PEO1,UWB_BRCAdef	FALSE	-0.3404584600501852	0.07674186487896976	-4.436411085228709	9.147109161599643e-6	-0.49086975131940525	-0.1900471687809652	0.009111682275769433	4.088974380113573	0.12944655443997014	51.0867411210536	-0.31744860646712786	0.049053127892227606	-6.471526284003331	9.701787768297975e-11	NA	NA	NA	NA	2.2173492323372776e-4	DOWN	9.147109161599643e-6	3	0	3	1
TMEM123	3	A2780,PEO1,UWB_BRCAdef	FALSE	-0.5082299740439208	0.11500083644381665	-4.419358934769272	9.899411364895343e-6	-0.7336274716657827	-0.2828324764220589	0.030399864160154878	7.233300842829182	0.026872537586658262	77.8932195854089	-0.5199301684666242	0.04663855548988227	-11.148076157277586	7.317127302856469e-29	NA	NA	NA	NA	2.3840813656792742e-4	DOWN	9.899411364895343e-6	3	0	3	1
WDFY1	3	A2780,PEO1,UWB_BRCAdef	FALSE	-0.3786903725199267	0.08605992392438983	-4.400310333211948	1.080961742574767e-5	-0.5473647239239877	-0.21001602111586573	0.01605833411920976	8.438380920524619	0.01471054845943069	73.60276535048882	-0.45929969233167944	0.03267427661503494	-14.056919996825101	6.986116434279856e-45	NA	NA	NA	NA	2.586437101529625e-4	DOWN	1.080961742574767e-5	3	0	3	1
KRT81	3	A2780,PEO1,UWB_BRCAdef	FALSE	-0.42550541404821496	0.09677564879372128	-4.39682316111552	1.0984676749116727e-5	-0.6151822002644057	-0.23582862783202416	0	0.607126061798687	0.7381833593043884	0	-0.42550541404821496	0.09677564879372128	-4.39682316111552	1.0984676749116727e-5	NA	NA	NA	NA	2.624077788193684e-4	DOWN	1.0984676749116727e-5	3	0	3	1
TPR	3	A2780,PEO1,UWB_BRCAdef	FALSE	-0.3736154102723513	0.08515953649857133	-4.3872410024051645	1.147975665456775e-5	-0.5405250347496753	-0.20670578579502727	0.01196354864929868	4.446840556034053	0.10823827002500806	55.737282593714454	-0.3963009724743982	0.054088669521086964	-7.326875960960671	2.3557967659811744e-13	NA	NA	NA	NA	2.7379219621144084e-4	DOWN	1.147975665456775e-5	3	0	3	1
RIC1	2	A2780,UWB_BRCAdef	FALSE	-1.0762389602113052	0.24576304258054746	-4.379173324478085	1.1913035617702634e-5	-1.5579256724001618	-0.5945522480224484	0.10970156423630043	10.22708212486429	0.0013839342471312014	90.22203999351115	-0.8926567641449531	0.043544646316727616	-20.49980513453017	2.161572681076403e-93	NA	NA	NA	NA	2.83668369853412e-4	DOWN	1.1913035617702634e-5	2	0	2	1
MYSM1	3	A2780,PEO1,UWB_BRCAdef	FALSE	-0.3226828493549364	0.0737496849402777	-4.375379360823631	1.2122147054221598e-5	-0.46722957570905665	-0.17813612300081613	0.008380664934052259	4.158610518542844	0.12501703646191042	51.917225185467466	-0.32306243560735337	0.047123880367485375	-6.855599180034007	7.101423226063604e-12	NA	NA	NA	NA	2.8818358278259607e-4	DOWN	1.2122147054221598e-5	3	0	3	1
UBE2J1	3	A2780,PEO1,UWB_BRCAdef	FALSE	-0.8965470070226156	0.20505438528930395	-4.37224010477859	1.2297816960956322e-5	-1.298446217061651	-0.49464779698358	0.09860114865359938	18.760375406142238	8.437936278126578e-5	89.27495557404993	-1.0786660264724959	0.05049850693330366	-21.360354829839885	3.124290935456571e-101	NA	NA	NA	NA	2.9142278750266204e-4	DOWN	1.2297816960956322e-5	3	0	3	1
HES7	2	A2780,UWB_BRCAdef	FALSE	-1.4479567903844122	0.33193479217542726	-4.362172404088235	1.2877732599684835e-5	-2.098537028264037	-0.7973765525047871	0.1371065744247124	1.7950494661158745	0.18031214436628237	44.29122880029602	-1.6158567925645908	0.0785492782824571	-20.57124938505603	4.966985101952231e-94	NA	NA	NA	NA	3.0419014688744353e-4	DOWN	1.2877732599684835e-5	2	0	2	1
FAM78B	3	A2780,PEO1,UWB_BRCAdef	FALSE	-0.11996300076671479	0.027522778648547498	-4.358680578679355	1.3084893005932451e-5	-0.17390665567233587	-0.06601934586109372	0	0.6897682797517459	0.7083024127194677	0	-0.11996300076671479	0.027522778648547498	-4.358680578679355	1.3084893005932451e-5	NA	NA	NA	NA	3.0859061065187105e-4	DOWN	1.3084893005932451e-5	3	1	2	0.6666666666666666
MRPL9	3	A2780,PEO1,UWB_BRCAdef	FALSE	-0.34629970933028686	0.0795589474900243	-4.35274372343486	1.3444427815667297e-5	-0.5022323810586478	-0.19036703760192591	0.00909532691282274	3.5648141524646344	0.16823271054675057	47.198769427198826	-0.31265230878369354	0.033010502039121585	-9.471298207254206	2.7638703144361614e-21	NA	NA	NA	NA	3.160616122579846e-4	DOWN	1.3444427815667297e-5	3	0	3	1
SOCS6	3	A2780,PEO1,UWB_BRCAdef	FALSE	-0.6209913952913966	0.14312980435357017	-4.338658870498951	1.4335483672912034e-5	-0.9015206569386582	-0.34046213364413486	0.05299696620989538	14.937432192863309	5.706604997901079e-4	88.40715704388411	-0.7241595347832673	0.043636022564999655	-16.595452385802776	7.517526675968392e-62	NA	NA	NA	NA	3.3594104131751227e-4	DOWN	1.4335483672912034e-5	3	0	3	1
ZNF432	3	A2780,PEO1,UWB_BRCAdef	FALSE	-0.19256916718942677	0.044646479725121375	-4.3131993468473455	1.6090890830159334e-5	-0.28007465948716237	-0.10506367489169115	0	0.17379694767189344	0.9167701670668603	0	-0.19256916718942677	0.044646479725121375	-4.3131993468473455	1.6090890830159334e-5	NA	NA	NA	NA	3.747023664654584e-4	DOWN	1.6090890830159334e-5	3	0	3	1
RSPH10B	2	A2780,PEO1	FALSE	-0.12563726258331703	0.029248881132277277	-4.295455337765773	1.7433513416063225e-5	-0.1829640161906736	-0.06831050897596046	4.247582301461256e-4	1.0377321016956151	0.3083495122477514	3.6360156570239415	-0.12830145025928372	0.021330846410121507	-6.014831657050634	1.8007373342487558e-9	NA	NA	NA	NA	4.040585625130516e-4	DOWN	1.7433513416063225e-5	2	1	1	0.5
PDGFRB	2	A2780,PEO1	FALSE	-0.10069383730112122	0.023461503494417245	-4.291874871748169	1.7717078442539224e-5	-0.14667753917333964	-0.0547101354289028	0	0.030480183399266968	0.861405148045757	0	-0.10069383730112122	0.023461503494417245	-4.291874871748169	1.7717078442539224e-5	NA	NA	NA	NA	4.093475608278555e-4	DOWN	1.7717078442539224e-5	2	0	2	1
CCNH	3	A2780,PEO1,UWB_BRCAdef	FALSE	-0.6013238675234037	0.14052315540194105	-4.2791799387327	1.8758316976616184e-5	-0.8767441911051332	-0.32590354394167415	0.04586634640349141	9.228080524113588	0.00991169146999824	78.33899769582953	-0.6519879020798869	0.05889451489048292	-11.070435053116382	1.7455113541365223e-28	NA	NA	NA	NA	4.3272891284434244e-4	DOWN	1.8758316976616184e-5	3	0	3	1
ITPA	3	A2780,PEO1,UWB_BRCAdef	FALSE	-0.22429835563753825	0.05249383473394241	-4.2728514076817365	1.9298906999217963e-5	-0.3271843811264631	-0.12141233014861341	3.3756821684818836e-6	1.6407865973452855	0.440258467380258	0.036400494581202404	-0.2243044979729475	0.05248078600779658	-4.2740308412992265	1.9197046418590952e-5	NA	NA	NA	NA	4.4450613364086606e-4	DOWN	1.9298906999217963e-5	3	0	3	1
RFK	3	A2780,PEO1,UWB_BRCAdef	FALSE	-0.995001856448497	0.234036062650709	-4.251489472088342	2.1235349426479988e-5	-1.4537041103274464	-0.5362996025695477	0.1535596406126241	47.87344649479142	4.0217324823026425e-11	94.63981934749776	-1.1960608197324814	0.04735727101465517	-25.25611789079545	9.701992404909107e-141	NA	NA	NA	NA	4.875886831822354e-4	DOWN	2.1235349426479988e-5	3	0	3	1
TBL1XR1	3	A2780,PEO1,UWB_BRCAdef	FALSE	-0.663022711510979	0.15611570227138466	-4.246995669650254	2.1665614537169494e-5	-0.9690038653840709	-0.3570415576378872	0.06538717839392495	19.05188394862649	7.293499636148101e-5	89.58731193717009	-0.6356211962785081	0.049925428683544465	-12.731411888467376	3.95619758809078e-37	NA	NA	NA	NA	4.966968095521322e-4	DOWN	2.1665614537169494e-5	3	0	3	1
TMEM183A	3	A2780,PEO1,UWB_BRCAdef	FALSE	-0.6372037445512522	0.15006887774782798	-4.246075229682156	2.1754761354802143e-5	-0.9313333401373394	-0.343074148965165	0.050869947750968585	10.005373108682392	0.006719869432379996	77.42578187607542	-0.7992811992178499	0.03328497863067135	-24.013270613349004	2.0210139181020445e-127	NA	NA	NA	NA	4.979685079774911e-4	DOWN	2.1754761354802143e-5	3	0	3	1
RNF128	2	A2780,UWB_BRCAdef	FALSE	-0.19777906805183137	0.04667595575896093	-4.237279447970627	2.2624447949832977e-5	-0.2892622602833797	-0.10629587582028305	0	0.29065454014852377	0.5898013906115588	0	-0.19777906805183137	0.04667595575896093	-4.237279447970627	2.2624447949832977e-5	NA	NA	NA	NA	5.146887874372004e-4	DOWN	2.2624447949832977e-5	2	1	1	0.5
FAM20B	3	A2780,PEO1,UWB_BRCAdef	FALSE	-0.2521788108285421	0.059524911375887606	-4.236525599107315	2.270050507707187e-5	-0.36884549330822036	-0.13551212834886384	0.005797868567121211	4.364180454781846	0.11280549490690873	54.05090290214279	-0.21546125506693675	0.032600502436620465	-6.6091390918229225	3.865613971338727e-11	NA	NA	NA	NA	5.156257581792039e-4	DOWN	2.270050507707187e-5	3	0	3	1
ILKAP	3	A2780,PEO1,UWB_BRCAdef	FALSE	-0.1569071749629565	0.037083632507432414	-4.231170582642051	2.3247827670440508e-5	-0.2295897590934428	-0.0842245908324702	0	1.3274678093403685	0.5149250593818813	0	-0.1569071749629565	0.037083632507432414	-4.231170582642051	2.3247827670440508e-5	NA	NA	NA	NA	5.264404713059783e-4	DOWN	2.3247827670440508e-5	3	0	3	1
ZNF614	3	A2780,PEO1,UWB_BRCAdef	FALSE	-0.4746468861261316	0.11230428468755098	-4.226436127941845	2.3742162272801588e-5	-0.6947592394232646	-0.2545345328289986	0.026491266336614167	9.18951622289808	0.01010466468808968	74.91072897388342	-0.47387964572194685	0.04971842646659084	-9.531267970445093	1.5537372858436146e-21	NA	NA	NA	NA	5.368124671680689e-4	DOWN	2.3742162272801588e-5	3	0	3	1
ZNF880	3	A2780,PEO1,UWB_BRCAdef	FALSE	-0.44387856973153317	0.1054372676909983	-4.209883084531308	2.5550287246328958e-5	-0.6505318170341985	-0.23722532242886785	0.023026089685595927	7.22848008352301	0.026937388731024983	73.72351388752988	-0.4567813810705798	0.041140566683651965	-11.102943345019385	1.2137951143124046e-28	NA	NA	NA	NA	5.759330754747963e-4	DOWN	2.5550287246328958e-5	3	0	3	1
ACADL	3	A2780,PEO1,UWB_BRCAdef	FALSE	-0.2437138945863699	0.05804298976715419	-4.19885149893303	2.6827217426394193e-5	-0.35747606408501903	-0.1299517250877208	0.0044917931030501596	4.539040581846338	0.10336175176267495	46.35798519780113	-0.2705141267194099	0.030346460292929332	-8.914190456092145	4.913930129007875e-19	NA	NA	NA	NA	6.037961401584337e-4	DOWN	2.6827217426394193e-5	3	1	2	0.6666666666666666
ULK4	3	A2780,PEO1,UWB_BRCAdef	FALSE	-0.3982548444442228	0.09496222156853833	-4.193824005652449	2.7429082288045086e-5	-0.5843773786104707	-0.212132310277975	0.014718065645453634	4.83421505142622	0.08917919328758427	59.78350168600987	-0.41591301407641135	0.04992093958844562	-8.331434013567241	7.986894960588543e-17	NA	NA	NA	NA	6.164040118439554e-4	DOWN	2.7429082288045086e-5	3	0	3	1
ZNF582	3	A2780,PEO1,UWB_BRCAdef	FALSE	-0.3317577077095591	0.07917920045550406	-4.189960315348162	2.7900324557662444e-5	-0.48694608892702446	-0.17656932649209373	0.01018425058293348	4.7005908966829315	0.09534098971671001	57.917310299527195	-0.30795109097413953	0.03576550937523017	-8.610281143861318	7.288161350925182e-18	NA	NA	NA	NA	6.241484103391143e-4	DOWN	2.7900324557662444e-5	3	0	3	1
GHRL	2	A2780,PEO1	FALSE	-0.3114325980754046	0.07441575094635322	-4.185036018784763	2.851208874704262e-5	-0.45728478981275933	-0.16558040633804982	0	0.15452014042771484	0.6942526411326991	0	-0.3114325980754046	0.07441575094635322	-4.185036018784763	2.851208874704262e-5	NA	NA	NA	NA	6.35909888842412e-4	DOWN	2.851208874704262e-5	2	0	2	1
ZNF45	3	A2780,PEO1,UWB_BRCAdef	FALSE	-0.16990317633439264	0.040633482099876925	-4.181359006269051	2.8977191516983178e-5	-0.24954333781660437	-0.09026301485218091	3.7258993927976184e-6	1.9855942850885986	0.3705387903059545	0.06245503140311132	-0.16991534318481738	0.04061299819042865	-4.183767531471283	2.8671731145323898e-5	NA	NA	NA	NA	6.453098357855877e-4	DOWN	2.8977191516983178e-5	3	1	2	0.6666666666666666
ZNF589	3	A2780,PEO1,UWB_BRCAdef	FALSE	-0.28085257656136914	0.0672087217975655	-4.178811455562341	2.9303649020147508e-5	-0.4125792507315696	-0.14912590239116869	0.006444830000077776	3.610780146541721	0.16441031199926082	46.511579007979336	-0.3176391127310361	0.039116541815686474	-8.120327053135787	4.649290708523321e-16	NA	NA	NA	NA	6.506202072986805e-4	DOWN	2.9303649020147508e-5	3	0	3	1
SMIM10L1	2	A2780,UWB_BRCAdef	FALSE	-0.24259757704697596	0.058357498388401256	-4.157093496920578	3.223221019308273e-5	-0.35697617211609667	-0.12821898197785525	0	0.4731377227625554	0.49154719991457996	0	-0.24259757704697596	0.058357498388401256	-4.157093496920578	3.223221019308273e-5	NA	NA	NA	NA	7.105681890055766e-4	DOWN	3.223221019308273e-5	2	0	2	1
GAS1	3	A2780,PEO1,UWB_BRCAdef	FALSE	-0.5722564430110124	0.13766057899900386	-4.157010286983853	3.224394771236504e-5	-0.8420662199399909	-0.30244666608203397	0.036388370108117074	12.174824186928433	0.002271279173915919	83.2041729783633	-0.5249218426878847	0.04233639247644311	-12.3988325878253	2.65158475117967e-35	NA	NA	NA	NA	7.105681890055766e-4	DOWN	3.224394771236504e-5	3	0	3	1
RALGPS2	3	A2780,PEO1,UWB_BRCAdef	FALSE	-0.732991891903066	0.17653880577090067	-4.152015692540087	3.295596574044591e-5	-1.0790015930877432	-0.3869821907183889	0.08588399033150089	21.192253185001164	2.5012706743019854e-5	92.08973744712077	-0.6935242317433763	0.0485133334084144	-14.295538628625506	2.332937668474612e-46	NA	NA	NA	NA	7.251783711368655e-4	DOWN	3.295596574044591e-5	3	0	3	1
DAGLA	3	A2780,PEO1,UWB_BRCAdef	FALSE	-0.42932445419231463	0.10354583705783557	-4.146226119670222	3.38000043366492e-5	-0.6322705655747252	-0.22637834280990407	0.01743013625855688	8.3146994075848	0.015648977434294446	66.3431654062093	-0.4317712497172931	0.04555723855840299	-9.477555343126769	2.6030992179147525e-21	NA	NA	NA	NA	7.407654137892957e-4	DOWN	3.38000043366492e-5	3	1	2	0.6666666666666666
TNNC1	2	A2780,UWB_BRCAdef	FALSE	-3.132129052395085	0.7563157447461379	-4.141298226505127	3.453455916553474e-5	-4.614480673038104	-1.6497774317520664	1.1178116035849128	43.273705280049754	4.7593657851491184e-11	97.68912785829545	-3.5823345495713594	0.09117629189434005	-39.29019786988881	0	NA	NA	NA	NA	7.554179384330802e-4	DOWN	3.453455916553474e-5	2	0	2	1
TSFM	3	A2780,PEO1,UWB_BRCAdef	FALSE	-0.14681514490030617	0.03547517727716542	-4.13853167676227	3.4953561885884326e-5	-0.2163452147087241	-0.07728507509188826	2.522475931376728e-6	2.612438451526576	0.27084211597323	0.031465868453571105	-0.14680742316304496	0.03545077244986966	-4.141162886384009	3.4554945396159125e-5	NA	NA	NA	NA	7.634539432888797e-4	DOWN	3.4953561885884326e-5	3	0	3	1
SLC35A3	3	A2780,PEO1,UWB_BRCAdef	FALSE	-0.6863586877503577	0.16601884570298844	-4.134221538790055	3.561597928534001e-5	-1.0117496460831272	-0.3609677294175881	0.07352686487787458	19.346602394026085	6.294172894243058e-5	90.36269654933976	-0.6545162199887407	0.048175318328112685	-13.586131710245452	4.839926108500016e-42	NA	NA	NA	NA	7.744904201357688e-4	DOWN	3.561597928534001e-5	3	0	3	1
PFN2	3	A2780,PEO1,UWB_BRCAdef	FALSE	-0.46835517189710874	0.11339973621697669	-4.130125761500606	3.625648459892122e-5	-0.6906145707387255	-0.24609577305549205	0.032918901003105065	10.522291747607632	0.005189354964609918	86.81256455425448	-0.49478017503943117	0.03277616594782035	-15.095730715640173	1.7276331981531028e-51	NA	NA	NA	NA	7.872608484056507e-4	DOWN	3.625648459892122e-5	3	0	3	1
KCNJ13	2	A2780,PEO1	FALSE	-0.09456953674007931	0.022909718332003073	-4.1279222803875815	3.660557859065335e-5	-0.1394717595667624	-0.04966731391339625	0	0.016217704802899045	0.898664375347364	0	-0.09456953674007931	0.022909718332003073	-4.1279222803875815	3.660557859065335e-5	NA	NA	NA	NA	7.92513456251817e-4	DOWN	3.660557859065335e-5	2	0	2	1
TMEM183B	2	A2780,UWB_BRCAdef	FALSE	-0.7064471850149737	0.17117151308023168	-4.127130573904824	3.673178488973003e-5	-1.0419371858314546	-0.3709571841984929	0.0239541230154947	1.1472760169805192	0.28412010144218364	12.837016968953327	-0.7437057715257215	0.08886377858639033	-8.36905411131844	5.808257562186172e-17	NA	NA	NA	NA	7.940831917608742e-4	DOWN	3.673178488973003e-5	2	0	2	1
SCP2	3	A2780,PEO1,UWB_BRCAdef	FALSE	-0.2672279594171528	0.0648606559180015	-4.120031714680611	3.788202521821781e-5	-0.39435250903008046	-0.1401034098042252	0.008088698448733856	6.076642215730057	0.04791526656728558	64.67694398848832	-0.3115834262237941	0.029820562385934075	-10.448609995724409	1.4868840772959342e-25	NA	NA	NA	NA	8.155126844660931e-4	DOWN	3.788202521821781e-5	3	0	3	1
KIAA0319	3	A2780,PEO1,UWB_BRCAdef	FALSE	-0.30561484626902025	0.07418336305098139	-4.119722181629742	3.793294929487393e-5	-0.4510115661010031	-0.16021812643703737	0.008648371388236167	8.018643669941758	0.01814569684209769	60.63611014879624	-0.28368351457054525	0.02746121957983915	-10.330331970354788	5.138244890070258e-25	NA	NA	NA	NA	8.155126844660931e-4	DOWN	3.793294929487393e-5	3	1	2	0.6666666666666666
MANSC1	3	A2780,PEO1,UWB_BRCAdef	FALSE	-0.3062552290282711	0.0744284362420881	-4.114761030745513	3.87580736343038e-5	-0.45213228348839946	-0.1603781745681428	0.007937999283355217	3.635515200483625	0.16238948510488818	46.25762594175855	-0.27009037482607695	0.046681141073655	-5.7858563140073995	7.214386236600828e-9	NA	NA	NA	NA	8.318078879977507e-4	DOWN	3.87580736343038e-5	3	0	3	1
SELENOF	2	A2780,UWB_BRCAdef	FALSE	-0.7591052249782798	0.18459261477660946	-4.112327169193279	3.916906808645571e-5	-1.1209001017525104	-0.39731034820404915	0.06281295972736971	12.379337922650727	4.341110557566033e-4	91.9220235666216	-0.6499565951578365	0.04026187894876913	-16.143225605165323	1.2674106565065405e-58	NA	NA	NA	NA	8.393927534918762e-4	DOWN	3.916906808645571e-5	2	0	2	1
SOWAHC	3	A2780,PEO1,UWB_BRCAdef	FALSE	-0.12244176190133729	0.02981646781359748	-4.106514650454305	4.016739965878761e-5	-0.18088096496218609	-0.0640025588404885	0	0.7529263577023375	0.686284387001098	0	-0.12244176190133729	0.02981646781359748	-4.106514650454305	4.016739965878761e-5	NA	NA	NA	NA	8.570784109011433e-4	DOWN	4.016739965878761e-5	3	0	3	1
SDHAF4	2	A2780,UWB_BRCAdef	FALSE	-0.32317693635884825	0.07874698568843108	-4.103991200850841	4.060829145067061e-5	-0.4775181921992642	-0.16883568051843229	7.831031536187818e-4	1.0387018280758775	0.3081235846469965	3.7259805489675455	-0.3206368466869589	0.0751187344925662	-4.268400537534206	1.9687957808828066e-5	NA	NA	NA	NA	8.652374721629199e-4	DOWN	4.060829145067061e-5	2	0	2	1
FZD1	3	A2780,PEO1,UWB_BRCAdef	FALSE	-0.3214026089348926	0.07843208802129949	-4.097845882256897	4.170127697066635e-5	-0.47512667668891495	-0.16767854118087022	0.005589577246348919	2.553350433838877	0.2789632526075639	24.624238596825528	-0.3073828347676424	0.05425371037234904	-5.665655540571161	1.4646349446412768e-8	NA	NA	NA	NA	8.859723887431656e-4	DOWN	4.170127697066635e-5	3	0	3	1
CNOT6L	3	A2780,PEO1,UWB_BRCAdef	FALSE	-0.2201484901426386	0.05380424688805818	-4.091656381710277	4.2830297054462356e-5	-0.3256028762585339	-0.1146941040267433	1.5701754692436915e-6	1.993497853964266	0.36907739035144976	0.014551816309672193	-0.22014142860955643	0.053797483868042784	-4.092039492953436	4.27595805032312e-5	NA	NA	NA	NA	9.086536621869941e-4	DOWN	4.2830297054462356e-5	3	0	3	1
ODF2L	3	A2780,PEO1,UWB_BRCAdef	FALSE	-0.24606110527066033	0.06028878489964096	-4.081374432745048	4.4770162910166246e-5	-0.36422495234563884	-0.12789725819568182	0.002285890203985549	2.33549653653911	0.3110665917722172	19.962146439080506	-0.23874540997297689	0.0524402318905596	-4.552714611774177	5.295809183507911e-6	NA	NA	NA	NA	9.45737712789469e-4	DOWN	4.4770162910166246e-5	3	0	3	1
ANP32E	3	A2780,PEO1,UWB_BRCAdef	FALSE	-0.892926184229828	0.2189589072320024	-4.078053711163756	4.541427646751775e-5	-1.3220777564987993	-0.4637746119608565	0.12352826495144655	11.75439597481752	0.0028026272801350114	89.51608043955196	-1.071990215667012	0.05846026577118152	-18.337073934334704	4.187371783144374e-75	NA	NA	NA	NA	9.566109773863035e-4	DOWN	4.541427646751775e-5	3	0	3	1
NT5C3A	3	A2780,PEO1,UWB_BRCAdef	FALSE	-0.23625626002720362	0.05795666055546354	-4.076429831582694	4.573244740584547e-5	-0.3498492273801253	-0.12266329267428193	0	1.2907391419427667	0.5244686778867587	0	-0.23625626002720362	0.05795666055546354	-4.076429831582694	4.573244740584547e-5	NA	NA	NA	NA	9.618044080041318e-4	DOWN	4.573244740584547e-5	3	0	3	1
FEM1B	3	A2780,PEO1,UWB_BRCAdef	FALSE	-0.3456620212293582	0.0848240754732932	-4.075046138736751	4.6005224863506434e-5	-0.5119141541789202	-0.1794098882797962	0.01376307890465119	5.975316005958057	0.05040534777035628	64.24018069472736	-0.40217760206300485	0.04287300823569533	-9.380671397071659	6.555395133306931e-21	NA	NA	NA	NA	9.649351206477584e-4	DOWN	4.6005224863506434e-5	3	0	3	1
RCOR2	3	A2780,PEO1,UWB_BRCAdef	FALSE	-2.08619360184105	0.513090305661433	-4.065938449473732	4.7839561679625466e-5	-3.0918321217541065	-1.0805550819279937	0.7359026810444885	289.0307804346979	1.7288745389319306e-63	98.7874039273672	-1.9982828994915587	0.047320810868784126	-42.22841626768817	0	NA	NA	NA	NA	0.0010019880999385577	DOWN	4.7839561679625466e-5	3	0	3	1
IFITM1	3	A2780,PEO1,UWB_BRCAdef	FALSE	-1.2136883003711114	0.2986021670204703	-4.064566283900774	4.812186221252753e-5	-1.7989377934368471	-0.6284388073053757	0.24058159023890352	27.698194657865358	9.669710025807248e-7	91.84405571722822	-0.9556576238927003	0.05424490088270086	-17.61746465274614	1.8093408159160039e-69	NA	NA	NA	NA	0.0010064752143375453	DOWN	4.812186221252753e-5	3	0	3	1
ADAR	3	A2780,PEO1,UWB_BRCAdef	FALSE	-0.5875177994948184	0.14457082138628458	-4.06387536475985	4.826460460864347e-5	-0.8708714026273092	-0.30416419636232767	0.05070619989479974	11.604074976642023	0.0030213924179078476	88.39952540158194	-0.7579292669294558	0.02530449417046186	-29.952357941783827	4.09955823627827e-197	NA	NA	NA	NA	0.001006613128840636	DOWN	4.826460460864347e-5	3	0	3	1
CTCF	3	A2780,PEO1,UWB_BRCAdef	FALSE	-0.10179354405347973	0.025061236523564647	-4.061792559906812	4.8697340494189665e-5	-0.15091266504770623	-0.05267442305925324	3.2064079788952623e-7	2.4132717632666356	0.29920213966120096	0.007223971441359354	-0.10179677048240261	0.025056649090029044	-4.062664968354099	4.851563796971211e-5	NA	NA	NA	NA	0.001014207850545891	DOWN	4.8697340494189665e-5	3	1	2	0.6666666666666666
CDHR4	2	A2780,PEO1	FALSE	-0.2505150331558752	0.06180102864554629	-4.053573842478893	5.0441068122097936e-5	-0.3716428235086741	-0.12938724280307629	0.005121020991920164	2.8138109478084488	0.0934561238927378	64.46100969296269	-0.27293727006440627	0.03133167910273845	-8.711223843747046	3.0061137413622943e-18	NA	NA	NA	NA	0.0010474446954197014	DOWN	5.0441068122097936e-5	2	0	2	1
GPAT3	2	A2780,UWB_BRCAdef	FALSE	-0.731102335304564	0.1803732676617346	-4.053274328187293	5.050571906635877e-5	-1.084627443695367	-0.37757722691376105	0.0485067685160419	3.1837831124817235	0.0743723534249535	68.5908252958691	-0.8471720186499816	0.04595587163480087	-18.434467425234214	6.949972034598704e-76	NA	NA	NA	NA	0.0010474446954197014	DOWN	5.050571906635877e-5	2	0	2	1
WDR35	3	A2780,PEO1,UWB_BRCAdef	FALSE	-0.4702859659435736	0.11622810513847574	-4.046232753973477	5.2048483087658696e-5	-0.6980888660063208	-0.24248306588082635	0.0316896426633224	10.476418275593113	0.005309757370040919	79.11700191835945	-0.5156125710894583	0.050777524399602154	-10.154346380334726	3.1692664108823947e-24	NA	NA	NA	NA	0.0010779284585675198	DOWN	5.2048483087658696e-5	3	0	3	1
HSPA6	2	A2780,PEO1	FALSE	-0.12416257195014466	0.030695981430760525	-4.044912922240727	5.234257571588826e-5	-0.18432559002454557	-0.06399955387574376	0	0.44743230534419376	0.5035568404594567	0	-0.12416257195014466	0.030695981430760525	-4.044912922240727	5.234257571588826e-5	NA	NA	NA	NA	0.0010825030309242513	DOWN	5.234257571588826e-5	2	0	2	1
CAP1	3	A2780,PEO1,UWB_BRCAdef	FALSE	-0.3337600494770433	0.08260718679845017	-4.0403270273731815	5.337672020034048e-5	-0.4956671604661782	-0.17185293848790836	0.016380367624640957	13.398984630368197	0.001231536976613029	81.90666192302673	-0.4317751018040718	0.02302109656221723	-18.755627067422644	1.741515871335994e-78	NA	NA	NA	NA	0.0011010917773721825	DOWN	5.337672020034048e-5	3	0	3	1
PUM2	3	A2780,PEO1,UWB_BRCAdef	FALSE	-0.30136028263878056	0.07482802927073136	-4.0273716356800575	5.6403842887052135e-5	-0.44802052504352297	-0.15470004023403816	0.011334281848321201	6.129797296196601	0.046658570559693247	68.14227089121907	-0.3207587489305023	0.041013162168441863	-7.820873397011911	5.245808334502369e-15	NA	NA	NA	NA	0.0011600050414058971	DOWN	5.6403842887052135e-5	3	0	3	1
CPT1B	2	A2780,PEO1	FALSE	-1.0695922624902983	0.26601415730991274	-4.020809543772508	5.799848302098317e-5	-1.5909704301954997	-0.548214094785097	0.12916465690305498	10.974462982943633	9.237602037415566e-4	90.88793682611909	-1.2404918226465225	0.05703560174473332	-21.749429912187605	6.994346459936584e-105	NA	NA	NA	NA	0.001189491773136308	DOWN	5.799848302098317e-5	2	0	2	1
BCL6B	2	A2780,UWB_BRCAdef	FALSE	-0.128158579886005	0.03189892588945408	-4.017645620110825	5.8782509873849366e-5	-0.1906793257748473	-0.06563783399716268	0	0.0024785206315714333	0.9602939249603233	0	-0.128158579886005	0.03189892588945408	-4.017645620110825	5.8782509873849366e-5	NA	NA	NA	NA	0.001202236477876363	DOWN	5.8782509873849366e-5	2	0	2	1
ZNF766	3	A2780,PEO1,UWB_BRCAdef	FALSE	-0.45822870709489094	0.11422517273334234	-4.0116263003131705	6.030190158451697e-5	-0.6821059317801085	-0.23435148240967338	0.02529670722086492	6.252683612565109	0.04387801830514691	65.0803050137085	-0.5621038866470391	0.04661050761088615	-12.059595903558806	1.7262781794964168e-33	NA	NA	NA	NA	0.0012316080369202383	DOWN	6.030190158451697e-5	3	0	3	1
SLC9B1	3	A2780,PEO1,UWB_BRCAdef	FALSE	-0.2028300118611075	0.05068784337728359	-4.001551424300849	6.292851471518149e-5	-0.3021763593345904	-0.10348366438762457	0	0.7243554905890284	0.6961586179255423	0	-0.2028300118611075	0.05068784337728359	-4.001551424300849	6.292851471518149e-5	NA	NA	NA	NA	0.0012817134257484693	DOWN	6.292851471518149e-5	3	1	2	0.6666666666666666
CRCP	3	A2780,PEO1,UWB_BRCAdef	FALSE	-0.68605034403964	0.1714864359028421	-4.000609963276226	6.317941963745654e-5	-1.0221575822463471	-0.3499431058329331	0.08226322154766978	49.07347173486427	2.2071457291097484e-11	94.3787007519905	-0.866961080817544	0.03224465744081606	-26.886968249199754	3.1195456017956147e-159	NA	NA	NA	NA	0.0012850537526534662	DOWN	6.317941963745654e-5	3	0	3	1
PPIL6	3	A2780,PEO1,UWB_BRCAdef	FALSE	-0.2508602819259368	0.06286818562200963	-3.9902580207136227	6.600145542754634e-5	-0.3740796615184545	-0.12764090233341907	0.003827526293086453	2.4122414536288797	0.29935631479388763	31.453350382856577	-0.2547762022435446	0.04502822882101992	-5.658143989101584	1.5301873538046994e-8	NA	NA	NA	NA	0.0013406092327020985	DOWN	6.600145542754634e-5	3	0	3	1
ATP2A2	3	A2780,PEO1,UWB_BRCAdef	FALSE	-0.6147586483709593	0.15408561368839455	-3.9897212572627203	6.615098780517953e-5	-0.9167609017359646	-0.31275639500595404	0.06282559001394253	26.110696381886	2.1386234342246673e-6	92.41484714706789	-0.8465331745527365	0.017715152784773935	-47.785824081648705	0	NA	NA	NA	NA	0.0013418033699248142	DOWN	6.615098780517953e-5	3	0	3	1
EYA1	3	A2780,PEO1,UWB_BRCAdef	FALSE	-0.053468776216647564	0.013406763437272881	-3.988194202636266	6.657815246873424e-5	-0.07974554970295084	-0.0271920027303443	3.032923372702473e-7	3.951846891485096	0.1386332328462226	0.00290126479357368	-0.05346750787410122	0.013395836464300708	-3.991352687574955	6.569749231795762e-5	NA	NA	NA	NA	0.0013467731060946282	DOWN	6.657815246873424e-5	3	0	3	1
ZNF251	3	A2780,PEO1,UWB_BRCAdef	FALSE	-0.4457678026639718	0.112063517801757	-3.9778137560570386	6.955181453456321e-5	-0.6654082615362787	-0.2261273437916649	0.02942386679792736	11.53259480023577	0.0031313301391481226	80.81384079500816	-0.4843521630815073	0.041051396604638496	-11.798676857361272	3.964967408241469e-32	NA	NA	NA	NA	0.0014011753154258668	DOWN	6.955181453456321e-5	3	0	3	1
NR2C1	3	A2780,PEO1,UWB_BRCAdef	FALSE	-0.4890981979496151	0.12307064759935982	-3.974125492065415	7.063831394532174e-5	-0.7303122347983813	-0.24788416110084904	0.03764500463461858	16.750226392138106	2.3053377059881514e-4	85.08743830887612	-0.49359141039206283	0.0444156148596506	-11.113015365244134	1.0843486825500189e-28	NA	NA	NA	NA	0.0014191966688987397	DOWN	7.063831394532174e-5	3	0	3	1
NPIPB4	3	A2780,PEO1,UWB_BRCAdef	FALSE	-0.23207880309677742	0.058439150244010106	-3.971289831007853	7.148454815363562e-5	-0.34661743286216234	-0.11754017333139251	0	0.798383605188044	0.6708620159378544	0	-0.23207880309677742	0.058439150244010106	-3.971289831007853	7.148454815363562e-5	NA	NA	NA	NA	0.0014342496791693487	DOWN	7.148454815363562e-5	3	0	3	1
FAM76B	3	A2780,PEO1,UWB_BRCAdef	FALSE	-0.2039029465757931	0.051356012676514566	-3.970381187109552	7.175773347036148e-5	-0.3045588818113441	-0.10324701134024211	0	0.9789726700710512	0.6129411597345175	0	-0.2039029465757931	0.051356012676514566	-3.970381187109552	7.175773347036148e-5	NA	NA	NA	NA	0.0014358343773020774	DOWN	7.175773347036148e-5	3	0	3	1
ZNF507	3	A2780,PEO1,UWB_BRCAdef	FALSE	-0.562794848437845	0.14179300312593088	-3.969129900845735	7.213555149446893e-5	-0.8407040278244449	-0.2848856690512452	0.05288564258296918	20.213860154259876	4.0795854907083654e-5	88.79949696375108	-0.4817754820929473	0.04435408228059595	-10.862032474149842	1.748144149891265e-27	NA	NA	NA	NA	0.0014414437837144758	DOWN	7.213555149446893e-5	3	0	3	1
BANK1	3	A2780,PEO1,UWB_BRCAdef	FALSE	-0.44884055597420336	0.11311176972408503	-3.9681154054000376	7.24432524376153e-5	-0.670535550860998	-0.22714556108740863	0.023260562195811723	8.620622971956026	0.013429365883529198	76.95098137245981	-0.4760716821722845	0.04169178695988856	-11.418836103866465	3.3671295948829606e-30	NA	NA	NA	NA	0.0014438311352858826	DOWN	7.24432524376153e-5	3	0	3	1
TRIM38	3	A2780,PEO1,UWB_BRCAdef	FALSE	-0.36159177662935216	0.09112484266771378	-3.968092191367556	7.245030786380773e-5	-0.54019318635495	-0.18299036690375434	0.01784477753588929	8.397024056381502	0.015017906424840981	74.13663635111158	-0.3882596196749558	0.03951502836446745	-9.825619156687361	8.733568529433887e-23	NA	NA	NA	NA	0.0014438311352858826	DOWN	7.245030786380773e-5	3	0	3	1
EIF3C	3	A2780,PEO1,UWB_BRCAdef	FALSE	-0.3032090948363272	0.07644183892838957	-3.9665332373855153	7.292561000241894e-5	-0.4530323460479826	-0.15338584362467175	0	0.027663506863769644	0.9862634657479797	0	-0.3032090948363272	0.07644183892838957	-3.9665332373855153	7.292561000241894e-5	NA	NA	NA	NA	0.0014513472343280873	DOWN	7.292561000241894e-5	3	0	3	1
PTBP2	3	A2780,PEO1,UWB_BRCAdef	FALSE	-0.612626913718953	0.1556856252491383	-3.935025553827384	8.31878446290093e-5	-0.9177651321178637	-0.30748869532004225	0.058684452246864076	11.790244814787753	0.00275283935454995	83.96693978047452	-0.5693073901790843	0.056870453220593094	-10.010600548070453	1.369188448138728e-23	NA	NA	NA	NA	0.0016423213064474774	DOWN	8.31878446290093e-5	3	0	3	1
FBXL7	3	A2780,PEO1,UWB_BRCAdef	FALSE	-0.06717295731416376	0.017082691700335318	-3.932223240488805	8.416385065500461e-5	-0.10065441780582227	-0.03369149682250524	0	0.00976012929399681	0.9951318235222743	0	-0.06717295731416376	0.017082691700335318	-3.932223240488805	8.416385065500461e-5	NA	NA	NA	NA	0.001659374479514071	DOWN	8.416385065500461e-5	3	0	3	1
ZNF749	3	A2780,PEO1,UWB_BRCAdef	FALSE	-0.48000700894123494	0.12224950537196765	-3.9264535875275834	8.620751757090753e-5	-0.7196116365981273	-0.24040238128434252	0.031491760536157466	9.920137255078252	0.007012446569120357	76.10252589694791	-0.5779059686272591	0.043773516819834206	-13.202182749122965	8.522913663421095e-40	NA	NA	NA	NA	0.0016951470243630445	DOWN	8.620751757090753e-5	3	0	3	1
HLA-DRB1	2	A2780,PEO1	FALSE	-0.3579183124280614	0.09119351618266164	-3.9248219326376996	8.679391611151172e-5	-0.5366543197696487	-0.179182305086474	0.010484546642060317	2.4677505431954456	0.11620412370606159	59.47726553004349	-0.32517550752776964	0.04841025247007672	-6.717079356873147	1.8540301136474207e-11	NA	NA	NA	NA	0.0017044112052336305	DOWN	8.679391611151172e-5	2	0	2	1
PTCD1	2	A2780,PEO1	FALSE	-0.07446398667643296	0.018993706671225352	-3.920455757550615	8.838166141121354e-5	-0.1116909676849528	-0.03723700566791312	0	0.02983663399929652	0.8628614292203497	0	-0.07446398667643296	0.018993706671225352	-3.920455757550615	8.838166141121354e-5	NA	NA	NA	NA	0.0017309928838246552	DOWN	8.838166141121354e-5	2	0	2	1
RANBP3L	2	A2780,UWB_BRCAdef	FALSE	-0.11566641503110194	0.029523628279710536	-3.9177574631161147	8.937656429919473e-5	-0.1735316631522828	-0.057801166909921056	0	0.005119644227508889	0.942958687905375	0	-0.11566641503110194	0.029523628279710536	-3.9177574631161147	8.937656429919473e-5	NA	NA	NA	NA	0.001748163037423535	DOWN	8.937656429919473e-5	2	0	2	1
NBPF9	3	A2780,PEO1,UWB_BRCAdef	FALSE	-0.23993577966520646	0.061656943921416775	-3.8914640331672983	9.96411613701514e-5	-0.36078116914798913	-0.11909039018242379	1.199056587081695e-6	2.4390081904202905	0.29537660928563464	0.006804080344680818	-0.23993679280439417	0.06165141498867216	-3.8918294551468153	9.949117272256814e-5	NA	NA	NA	NA	0.0019412303730967442	DOWN	9.96411613701514e-5	3	1	2	0.6666666666666666
ATP11B	3	A2780,PEO1,UWB_BRCAdef	FALSE	-0.4831635300538409	0.1250922406746491	-3.86245803455144	1.1225185244138203e-4	-0.7283398165215695	-0.23798724358611223	0.0396988157999216	13.313431759894407	0.0012853607253057048	85.09971880803838	-0.43009699055433137	0.046540584693301454	-9.241331912536863	2.4344768740633418e-20	NA	NA	NA	NA	0.0021754497274583434	DOWN	1.1225185244138203e-4	3	0	3	1
LRRC8D	3	A2780,PEO1,UWB_BRCAdef	FALSE	-0.9265393425773435	0.24020110392454644	-3.857348394486955	1.1462372937701643e-4	-1.3973248553162172	-0.4557538298384699	0.1655726874467391	55.951281876742634	7.08489654139555e-13	95.80601827508453	-0.8138124263500146	0.04764249640607764	-17.081649530149274	2.0328957784901314e-65	NA	NA	NA	NA	0.0022156092631345644	DOWN	1.1462372937701643e-4	3	0	3	1
RAB11FIP1	3	A2780,PEO1,UWB_BRCAdef	FALSE	-0.5910082947068144	0.15338580175985475	-3.853083453135474	1.1663961366763879e-4	-0.8916389418959301	-0.2903776475176987	0.060226732817372855	9.898375341135717	0.00708916532833482	88.46667174756152	-0.6962815021819957	0.02261682729224565	-30.78599368447762	4.035346825789681e-208	NA	NA	NA	NA	0.002245768186592936	DOWN	1.1663961366763879e-4	3	0	3	1
CDK7	3	A2780,PEO1,UWB_BRCAdef	FALSE	-0.20428521425157292	0.053115707582685766	-3.8460414733920287	1.2004145292869388e-4	-0.3083900881269981	-0.10018034037614777	6.363045606432527e-4	2.3497322011055575	0.3088603331472324	4.824904773559165	-0.20237334135773188	0.04943381525287008	-4.093824041752114	4.243163689127893e-5	NA	NA	NA	NA	0.0023082613321932337	DOWN	1.2004145292869388e-4	3	0	3	1
ZNF224	3	A2780,PEO1,UWB_BRCAdef	FALSE	-0.3731772428195728	0.09727913970697746	-3.8361486742548387	1.249787669414725e-4	-0.5638408530922889	-0.1825136325468567	0.01780464752925865	7.59820667359396	0.02239083989990579	72.29464066938826	-0.3963361746477902	0.04239156145836011	-9.34941202949315	8.81363054641491e-21	NA	NA	NA	NA	0.0023907645883099017	DOWN	1.249787669414725e-4	3	0	3	1
ATP11C	3	A2780,PEO1,UWB_BRCAdef	FALSE	-0.40005822000970503	0.10440207220816601	-3.8318992290884215	1.2715782527947248e-4	-0.6046825214490605	-0.19543391857034956	0.024905477539167813	8.309781118727182	0.01568750788652463	76.434033026277	-0.3732682223513274	0.04982102753840504	-7.492182333324816	6.773772915309361e-14	NA	NA	NA	NA	0.0024230447969169583	DOWN	1.2715782527947248e-4	3	0	3	1
LDHB	3	A2780,PEO1,UWB_BRCAdef	FALSE	-0.35804292590652137	0.0934529417459102	-3.8312643691838675	1.274864311156426e-4	-0.5412073259778251	-0.17487852583521768	0.020583380036517322	7.091412803541726	0.02884823686469744	81.56933459674822	-0.38814925437896874	0.025473323093573676	-15.237480125900406	1.994141096956041e-52	NA	NA	NA	NA	0.0024261799960193144	DOWN	1.274864311156426e-4	3	0	3	1
SEC11C	3	A2780,PEO1,UWB_BRCAdef	FALSE	-0.6633683021108502	0.17337448160001975	-3.8262164996187917	1.3012785482957394e-4	-1.0031760418851912	-0.3235605623365092	0.07731549016864404	10.958582558635063	0.004172285635436353	87.22885578735746	-0.728356552131519	0.05647267555428999	-12.897503880993094	4.649136033239842e-38	NA	NA	NA	NA	0.0024700906153593194	DOWN	1.3012785482957394e-4	3	0	3	1
ZNF784	3	A2780,PEO1,UWB_BRCAdef	FALSE	-0.40695813300586664	0.10641298424733708	-3.8243277912399165	1.3112936162099678e-4	-0.6155237496180754	-0.19839251639365788	0.016822564959569943	4.602599658944495	0.10012860898269271	53.601739540000196	-0.41490577753087166	0.060277748056660876	-6.883232882901691	5.850925750092661e-12	NA	NA	NA	NA	0.0024859100901149737	DOWN	1.3112936162099678e-4	3	1	2	0.6666666666666666
HEY1	3	A2780,PEO1,UWB_BRCAdef	FALSE	-0.17775611121951906	0.046544715128408236	-3.8190396209134145	1.3397224529864714e-4	-0.2689820765418758	-0.08653014589716233	0	0.72587347573371	0.6956304391725967	0	-0.17775611121951906	0.046544715128408236	-3.8190396209134145	1.3397224529864714e-4	NA	NA	NA	NA	0.002526846417386601	DOWN	1.3397224529864714e-4	3	1	2	0.6666666666666666
SARAF	2	A2780,UWB_BRCAdef	FALSE	-0.20548766099380814	0.05384075304714667	-3.816582223764014	1.3531299635033317e-4	-0.3110135978667308	-0.09996172412088551	0.002974886601022223	1.5761758485449409	0.20931239268053042	36.55530244781013	-0.18577776975503124	0.027150416368156523	-6.84253851712276	7.780197667181994e-12	NA	NA	NA	NA	0.002548883155455257	DOWN	1.3531299635033317e-4	2	0	2	1
PAF1	3	A2780,PEO1,UWB_BRCAdef	FALSE	-0.2673323925451798	0.07021423742754361	-3.8073815559280115	1.4044596800141029e-4	-0.4049497691051096	-0.12971501598525007	0.008658690292382618	5.106415557285302	0.0778315985954432	59.03055793646624	-0.2992044861794049	0.040152346355083086	-7.451731052861052	9.212337899452775e-14	NA	NA	NA	NA	0.002642206779690654	DOWN	1.4044596800141029e-4	3	0	3	1
DIABLO	3	A2780,PEO1,UWB_BRCAdef	FALSE	-0.19159913618765223	0.05034202166292975	-3.805948387820501	1.412618410045066e-4	-0.29026768555592974	-0.09293058681937473	7.752423262798728e-8	3.1025801155498653	0.2119743382187158	4.924009535172932e-4	-0.19159899977302097	0.050341499567324616	-3.805985149822255	1.412408574889683e-4	NA	NA	NA	NA	0.002654178961796238	DOWN	1.412618410045066e-4	3	1	2	0.6666666666666666
SLC25A13	3	A2780,PEO1,UWB_BRCAdef	FALSE	-0.2311202461747912	0.06086471413017738	-3.7972781023906803	1.462936327912187e-4	-0.350412893799265	-0.11182759855031743	0.004038376901651909	2.2402728806232073	0.3262352799430586	28.11168587598516	-0.2563131510742253	0.03479606958616238	-7.366152387974167	1.7562305937734436e-13	NA	NA	NA	NA	0.0027417540533380873	DOWN	1.462936327912187e-4	3	0	3	1
TAS2R20	2	A2780,UWB_BRCAdef	FALSE	-0.2788026954378846	0.07344901921649136	-3.79586682588793	1.4712846745409613e-4	-0.422760127801998	-0.13484526307377123	0	0.03780265444868443	0.8458399473842666	0	-0.2788026954378846	0.07344901921649136	-3.79586682588793	1.4712846745409613e-4	NA	NA	NA	NA	0.002753909681321164	DOWN	1.4712846745409613e-4	2	0	2	1
ZMPSTE24	3	A2780,PEO1,UWB_BRCAdef	FALSE	-0.5979173073886976	0.15775630078992106	-3.7901326564757922	1.5056685168431656e-4	-0.9071139752712105	-0.2887206395061847	0.06411322006680907	12.523300671715768	0.00190809420047261	86.51910116088042	-0.6372572402010147	0.053550491793691306	-11.900119286599883	1.1817810917317645e-32	NA	NA	NA	NA	0.0028147054814867114	DOWN	1.5056685168431656e-4	3	0	3	1
C16orf87	3	A2780,PEO1,UWB_BRCAdef	FALSE	-0.45897689627773675	0.12135293890063474	-3.7821654789386896	1.5546994898370204e-4	-0.6968242859410705	-0.22112950661440298	0.03193183236839093	8.650334357376497	0.013231337913914966	77.48920567494721	-0.3731031592711824	0.04803086519321111	-7.767987475768361	7.97429439011438e-15	NA	NA	NA	NA	0.0028917410510968583	DOWN	1.5546994898370204e-4	3	0	3	1
CABLES1	3	A2780,PEO1,UWB_BRCAdef	FALSE	-0.8000470097604686	0.21283239742488222	-3.759047116136724	1.7056171872428883e-4	-1.217190843456553	-0.3829031760643842	0.11480683134786762	14.046441628042349	8.909512783089599e-4	87.16353801857615	-0.8991571826918715	0.047288668164892064	-19.01422090291436	1.3005452189111807e-80	NA	NA	NA	NA	0.003144758272788104	DOWN	1.7056171872428883e-4	3	0	3	1
ZSWIM6	3	A2780,PEO1,UWB_BRCAdef	FALSE	-0.5379701966113555	0.14353103991442687	-3.748110491863593	1.7817176628877036e-4	-0.819285865507213	-0.2566545277154979	0.05141345477894943	24.43669069651298	4.939011498742762e-6	88.54899518035566	-0.6785790866197432	0.03485439202287219	-19.468969252840367	2.012809760874003e-84	NA	NA	NA	NA	0.0032687666353747487	DOWN	1.7817176628877036e-4	3	0	3	1
POLR2J2	2	A2780,PEO1	FALSE	-0.24801464749881308	0.06629623842032666	-3.7410063286904514	1.8328490497446397e-4	-0.3779528871131339	-0.11807640788449225	0.0023027830242014365	1.3533248411189103	0.24469770360279264	26.107910708768625	-0.2493800470431211	0.05690802424937096	-4.3821596397432065	1.1750865348871445e-5	NA	NA	NA	NA	0.003347243398404223	DOWN	1.8328490497446397e-4	2	0	2	1
ERBIN	2	A2780,UWB_BRCAdef	FALSE	-0.3377820611168981	0.09069007754382305	-3.7245757227815344	1.9564398223835525e-4	-0.515531346857936	-0.16003277537586025	0.006246566621501341	1.5604281739221744	0.2116025383911558	35.915025330100534	-0.349952822541725	0.06954923199511887	-5.0317280651824525	4.860784119594993e-7	NA	NA	NA	NA	0.003562792568175565	DOWN	1.9564398223835525e-4	2	0	2	1
STRBP	3	A2780,PEO1,UWB_BRCAdef	FALSE	-0.4515528338857784	0.12135247925768373	-3.7210021307182086	1.9843376391964036e-4	-0.6893993226654824	-0.21370634510607434	0.03565517773560245	13.500841640639905	0.0011703869945153707	82.78625481184403	-0.5227604449953075	0.04108454246431201	-12.72401768741619	4.349098721271433e-37	NA	NA	NA	NA	0.003604717527124965	DOWN	1.9843376391964036e-4	3	0	3	1
C16orf45	2	A2780,PEO1	FALSE	-1.8159084691465286	0.48824155836752575	-3.7192828796019786	1.997892012790978e-4	-2.7728443393025897	-0.8589725989904675	0.4538098670952358	19.88408315398933	8.228254862389353e-6	94.970851850419	-2.2550539155838654	0.03553377655536854	-63.46226419446445	0	NA	NA	NA	NA	0.0036248870175632133	DOWN	1.997892012790978e-4	2	0	2	1
AOC3	3	A2780,PEO1,UWB_BRCAdef	FALSE	-0.2813272397422204	0.07599997294405966	-3.70167552492806	2.1418041097793174e-4	-0.4302844495385959	-0.13237002994584493	0.006176250827092692	2.5240410556415136	0.2830814742713996	34.12558872092557	-0.2955068065960584	0.04965119383731611	-5.951655615055237	2.654434651629251e-9	NA	NA	NA	NA	0.003862299679427654	DOWN	2.1418041097793174e-4	3	0	3	1
VEZF1	3	A2780,PEO1,UWB_BRCAdef	FALSE	-0.28453168124183276	0.07695010673307648	-3.6976125611990707	2.1763672365336014e-4	-0.43535111904517576	-0.13371224343848975	0.009796049532407302	4.435659676191683	0.10884506411335884	54.995296462939045	-0.3042759379195765	0.0476405118256835	-6.386915804618585	1.6926476859789326e-10	NA	NA	NA	NA	0.003915078141924861	DOWN	2.1763672365336014e-4	3	0	3	1
GRK4	3	A2780,PEO1,UWB_BRCAdef	FALSE	-0.2469298683136022	0.06681628232125442	-3.6956541090741473	2.193213964723291e-4	-0.3778873752441212	-0.11597236138308323	0	1.7847851920888171	0.40967439388851473	0	-0.2469298683136022	0.06681628232125442	-3.6956541090741473	2.193213964723291e-4	NA	NA	NA	NA	0.003940589902352771	DOWN	2.193213964723291e-4	3	1	2	0.6666666666666666
SLC5A4	2	A2780,UWB_BRCAdef	FALSE	-0.14835988790707047	0.04024873223517024	-3.686076049307965	2.2773832265475966e-4	-0.22724595351140042	-0.0694738223027405	0	0.31779466321259753	0.5729359954380274	0	-0.14835988790707047	0.04024873223517024	-3.686076049307965	2.2773832265475966e-4	NA	NA	NA	NA	0.004086852642106713	DOWN	2.2773832265475966e-4	2	0	2	1
GBAS	2	A2780,PEO1	FALSE	-0.37294443168461544	0.10123409435230041	-3.68398052129303	2.2961979579197775e-4	-0.571359610622654	-0.17452925274657696	0.0130903992907785	2.62491128676006	0.10519838455575879	61.903474412870366	-0.40223310735842777	0.05634909181577524	-7.138235850782964	9.453632620859095e-13	NA	NA	NA	NA	0.004105668585702509	DOWN	2.2961979579197775e-4	2	0	2	1
ZNF107	3	A2780,PEO1,UWB_BRCAdef	FALSE	-0.2743095212413908	0.074485804264299	-3.6827087248471475	2.3076878360524158e-4	-0.4202990149589168	-0.1283200275238648	0.006309495148765105	3.083715298175586	0.21398322624012864	36.920244365357	-0.2910559284029229	0.05602668483865099	-5.194951820567703	2.0477286535177314e-7	NA	NA	NA	NA	0.00412122947242839	DOWN	2.3076878360524158e-4	3	0	3	1
STARD6	2	A2780,PEO1	FALSE	-0.27762348227762873	0.07591853971678696	-3.656860146590006	2.5532359140192153e-4	-0.4264210858814048	-0.12882587867385265	0	0.0072379748572721295	0.9322007410209969	0	-0.27762348227762873	0.07591853971678696	-3.656860146590006	2.5532359140192153e-4	NA	NA	NA	NA	0.004516112375670111	DOWN	2.5532359140192153e-4	2	0	2	1
POLR3F	3	A2780,PEO1,UWB_BRCAdef	FALSE	-0.43280939590265455	0.1187104734340962	-3.6459242675241694	2.66432439266799e-4	-0.665477648421182	-0.20014114338412714	0.028657735546377423	7.349120571112818	0.025360554473467432	69.49535402222648	-0.495724743316901	0.055114436991970245	-8.994462619460746	2.373906802916917e-19	NA	NA	NA	NA	0.004706973093713449	DOWN	2.66432439266799e-4	3	0	3	1
RSBN1	3	A2780,PEO1,UWB_BRCAdef	FALSE	-0.3192837357705825	0.0877070458997197	-3.6403430590472423	2.7227502660665047e-4	-0.4911863869244345	-0.1473810846167305	0.014835695529169688	6.858208388299147	0.03241596618255372	67.46814440794077	-0.347953196767833	0.04324688597662391	-8.045739916532046	8.572588007128477e-16	NA	NA	NA	NA	0.004793012879086358	DOWN	2.7227502660665047e-4	3	0	3	1
LRP11	3	A2780,PEO1,UWB_BRCAdef	FALSE	-1.726588534844945	0.47561214135583885	-3.6302448670105814	2.8315246889555693e-4	-2.658771202512362	-0.7944058671775278	0.6584376681870432	85.18435520171226	3.1801843475220985e-19	97.84064862264196	-1.3477506320115629	0.027256743945617307	-49.446501559415786	0	NA	NA	NA	NA	0.004960871513695024	DOWN	2.8315246889555693e-4	3	0	3	1
CSNK2A2	3	A2780,PEO1,UWB_BRCAdef	FALSE	-0.19888053192737154	0.054882885818545425	-3.623725847524002	2.9038940580254185e-4	-0.30644901149934467	-0.09131205235539844	0.0014277408872722809	2.1043648906591983	0.3491748618875932	14.272239732198074	-0.1927282127742874	0.04913488265932062	-3.9224315261029306	8.765981030831701e-5	NA	NA	NA	NA	0.005069643617003762	DOWN	2.9038940580254185e-4	3	0	3	1
M6PR	3	A2780,PEO1,UWB_BRCAdef	FALSE	-0.5590915686126401	0.15499990898534066	-3.6070444961713943	3.0970456652183764e-4	-0.8628858078308941	-0.2552973293943861	0.06672182990403178	40.79676012024362	1.3838725666338536e-9	93.76363506608894	-0.38462173103771347	0.030526328579890252	-12.599672116845708	2.120240617533553e-36	NA	NA	NA	NA	0.005363167520449571	DOWN	3.0970456652183764e-4	3	0	3	1
FLRT3	3	A2780,PEO1,UWB_BRCAdef	FALSE	-0.09883023591866624	0.02739946242740419	-3.607013684320279	3.097413310653908e-4	-0.15253219547213687	-0.045128276365195626	4.7200719141442547e-4	1.3301803995002917	0.5142271424549267	10.783128621098918	-0.10394319369051398	0.020086223419843965	-5.174850021225216	2.280941278609505e-7	NA	NA	NA	NA	0.005363167520449571	DOWN	3.097413310653908e-4	3	0	3	1
GABRA2	2	A2780,PEO1	FALSE	-0.0532131180956993	0.014779599153607006	-3.600443932385844	3.176743280624235e-4	-0.0821806001427077	-0.024245636048690903	0	0.09489570044548426	0.7580431774909164	0	-0.0532131180956993	0.014779599153607006	-3.600443932385844	3.176743280624235e-4	NA	NA	NA	NA	0.005474883786782117	DOWN	3.176743280624235e-4	2	0	2	1
NEGR1	3	A2780,PEO1,UWB_BRCAdef	FALSE	-1.4669984351204244	0.4075252195377329	-3.599773375460005	3.1849463746564977e-4	-2.2657331882061595	-0.6682636820346892	0.4704493621278439	23.61132901211952	7.462168472263403e-6	96.23973766759543	-1.630574871294087	0.024152130741560335	-67.51267160409321	0	NA	NA	NA	NA	0.005478491501366649	DOWN	3.1849463746564977e-4	3	0	3	1
PRSS3	2	A2780,PEO1	FALSE	-0.12000088028026454	0.033336659214733694	-3.5996672464176656	3.1862464943364563e-4	-0.1853395317060279	-0.054662228854501185	0	0.5671044771194511	0.45141181960535864	0	-0.12000088028026454	0.033336659214733694	-3.5996672464176656	3.1862464943364563e-4	NA	NA	NA	NA	0.005478491501366649	DOWN	3.1862464943364563e-4	2	0	2	1
ATP5SL	2	A2780,PEO1	FALSE	-0.16206508044931361	0.045131545709826124	-3.590949033549908	3.294760662733795e-4	-0.250521284607196	-0.07360887629143123	0	0.008587191565532361	0.9261680342942089	0	-0.16206508044931361	0.045131545709826124	-3.590949033549908	3.294760662733795e-4	NA	NA	NA	NA	0.005651928761002858	DOWN	3.294760662733795e-4	2	0	2	1
DYRK4	3	A2780,PEO1,UWB_BRCAdef	FALSE	-0.6997269010357916	0.19500145470612013	-3.5883163132825113	3.328203536438841e-4	-1.0819227291927056	-0.31753107287887755	0.08816897665471642	9.753479493967944	0.007621822634667089	79.35152633916732	-0.8988355636005158	0.057495691232125355	-15.633094312609934	4.332431997934873e-55	NA	NA	NA	NA	0.005702682003861082	DOWN	3.328203536438841e-4	3	0	3	1
PDE4C	3	A2780,PEO1,UWB_BRCAdef	FALSE	-0.5066241658045811	0.14122956746089374	-3.587238670435386	3.341984001792038e-4	-0.7834290315801027	-0.22981930002905954	0.04197656076524458	8.829671741089221	0.012096539360572908	86.69704083571857	-0.3679470913624077	0.027250440390959675	-13.502427340017377	1.5130753111388873e-41	NA	NA	NA	NA	0.0057130540386703885	DOWN	3.341984001792038e-4	3	0	3	1
DSTN	3	A2780,PEO1,UWB_BRCAdef	FALSE	-0.45385588439669544	0.12661919332023547	-3.5844161733745867	3.378330424305174e-4	-0.7020249430558715	-0.20568682573751937	0.04083227922524852	14.206651460137586	8.22365404986879e-4	84.98548413700351	-0.4419898068557333	0.04879848931205035	-9.05744856217481	1.3353748456208392e-19	NA	NA	NA	NA	0.0057638677388975705	DOWN	3.378330424305174e-4	3	0	3	1
ETFRF1	2	A2780,UWB_BRCAdef	FALSE	-0.7647260977686107	0.2133528619220921	-3.5843254732053134	3.379504517227425e-4	-1.1828900231344583	-0.3465621724027631	0.0561151123115087	2.2069714596658434	0.13738815297101858	54.68903797462749	-0.856522280485897	0.10237348907303603	-8.366641483468738	5.928372624420302e-17	NA	NA	NA	NA	0.0057638677388975705	DOWN	3.379504517227425e-4	2	0	2	1
ABHD12	3	A2780,PEO1,UWB_BRCAdef	FALSE	-0.4335952107569124	0.12113372707882268	-3.5794755202633906	3.4428449600104865e-4	-0.671012953144509	-0.19617746836931566	0.035155068005186925	13.474259877890107	0.0011860463017051889	82.65017658260442	-0.35583060413781087	0.038127219790802525	-9.332718359486792	1.0318975073995692e-20	NA	NA	NA	NA	0.005858383017684127	DOWN	3.4428449600104865e-4	3	0	3	1
AZIN1	3	A2780,PEO1,UWB_BRCAdef	FALSE	-0.19107291539696392	0.05355712481248461	-3.5676469949787752	3.602013177774352e-4	-0.2960429511449503	-0.08610287964897759	0.0015425884966713058	2.2559227301869877	0.3236924750194682	14.801043935608634	-0.19972771393126754	0.04578726269731044	-4.362080241652	1.2883159909253731e-5	NA	NA	NA	NA	0.006122180328706821	DOWN	3.602013177774352e-4	3	1	2	0.6666666666666666
MTDH	3	A2780,PEO1,UWB_BRCAdef	FALSE	-0.4983917714452708	0.13974165199602395	-3.5665226818661875	3.6174951272783596e-4	-0.7722803764976075	-0.2245031663929341	0.048339912227492586	17.818038907321032	1.3516430389510145e-4	85.32053354538371	-0.6245174450185568	0.04191245711919856	-14.900520941600634	3.2701981936268896e-50	NA	NA	NA	NA	0.0061414351833599425	DOWN	3.6174951272783596e-4	3	0	3	1
ZNF696	3	A2780,PEO1,UWB_BRCAdef	FALSE	-0.4480601111870108	0.12604115985486702	-3.5548713745806517	3.781640392608294e-4	-0.6950962450722058	-0.20102397730181573	0.03609418682439306	7.261297643438627	0.026498985712583568	81.77176035526765	-0.4737829635140841	0.03682569121462353	-12.865555211247313	7.033470814909596e-38	NA	NA	NA	NA	0.006398068247768746	DOWN	3.781640392608294e-4	3	0	3	1
CLCF1	3	A2780,PEO1,UWB_BRCAdef	FALSE	-0.5564488523570743	0.15678180749572487	-3.54919273635908	3.8641413766251e-4	-0.8637355484797868	-0.24916215623436172	0.0538802345664294	9.466516455674652	0.008797759186360218	75.88494399349138	-0.6633346347755401	0.05515073682611104	-12.027665865408443	2.542472888738036e-33	NA	NA	NA	NA	0.006522723577186684	DOWN	3.8641413766251e-4	3	0	3	1
ARPC4-TTLL3	2	A2780,PEO1	FALSE	-0.24119553848171668	0.06801266992205476	-3.546332451852521	3.906330580444993e-4	-0.37449792202135457	-0.10789315494207877	0.006980213638127961	3.5860384413774975	0.058266989127640244	72.11407472765765	-0.20336687601529252	0.024130010948800677	-8.427964514678365	3.517296792065892e-17	NA	NA	NA	NA	0.006586420785979489	DOWN	3.906330580444993e-4	2	0	2	1
VN1R1	3	A2780,PEO1,UWB_BRCAdef	FALSE	-0.12503808733646668	0.035294179917605466	-3.5427395572972387	3.959935757790818e-4	-0.19421340883885024	-0.05586276583408312	0	0.6759620944111465	0.7132088050700536	0	-0.12503808733646668	0.035294179917605466	-3.5427395572972387	3.959935757790818e-4	NA	NA	NA	NA	0.006661612064897932	DOWN	3.959935757790818e-4	3	0	3	1
CELA2B	2	A2780,PEO1	FALSE	-0.28034517515949675	0.07914638130312622	-3.5421098292010393	3.969401656305482e-4	-0.4354692320202984	-0.12522111829869506	0.0068917400610942064	1.990434797156631	0.15829542491619963	49.759720769124584	-0.25488369598703237	0.046515931020085576	-5.479492517885402	4.2654748457106286e-8	NA	NA	NA	NA	0.006669947987703315	DOWN	3.969401656305482e-4	2	0	2	1
CAPN12	3	A2780,PEO1,UWB_BRCAdef	FALSE	-0.7161896856075682	0.20227544689031282	-3.5406654471312766	3.9911931221348545e-4	-1.1126422764693258	-0.3197370947458107	0.08103293955652348	5.828946581073	0.05423258832911725	71.6385008530936	-0.899724457487946	0.05840199421092039	-15.405714644581598	1.4982357531051436e-53	NA	NA	NA	NA	0.006698952633031566	DOWN	3.9911931221348545e-4	3	0	3	1
WWTR1	3	A2780,PEO1,UWB_BRCAdef	FALSE	-0.5540369184871902	0.15674418936045484	-3.534656823629398	4.0830506599424525e-4	-0.8612498844196079	-0.2468239525547724	0.061121815342004185	14.588981795483246	6.792706576081919e-4	84.86768687342207	-0.6651077467122783	0.04545917943835398	-14.630878844045432	1.7846686406813616e-48	NA	NA	NA	NA	0.006845359422740255	DOWN	4.0830506599424525e-4	3	0	3	1
CREG1	3	A2780,PEO1,UWB_BRCAdef	FALSE	-0.5451582028824231	0.15431411137501383	-3.532782569428021	4.11210518023003e-4	-0.8476083034837529	-0.24270810228109335	0.06517138866261186	23.95959820590867	6.269593092493458e-6	92.43496809234549	-0.40621601689252346	0.034095699966356155	-11.91399552710037	1.0006482265251511e-32	NA	NA	NA	NA	0.0068713632046173145	DOWN	4.11210518023003e-4	3	0	3	1
SPATA9	3	A2780,PEO1,UWB_BRCAdef	FALSE	-0.23103681416862654	0.06540397160049435	-3.5324584809598973	4.1171487112267127e-4	-0.359226242951476	-0.10284738538577709	0.0021791693255630126	1.2799625854955756	0.5273022883276812	9.062678738843218	-0.24115055704878322	0.052364262901958135	-4.605250674497044	4.119693030664809e-6	NA	NA	NA	NA	0.0068713632046173145	DOWN	4.1171487112267127e-4	3	0	3	1
CTSC	3	A2780,PEO1,UWB_BRCAdef	FALSE	-0.6520118801692785	0.1849766242742376	-3.52483392281306	4.237483663199571e-4	-1.0145594017285817	-0.28946435860997527	0.08722483380604984	28.22786519504672	7.419881253167271e-7	90.98783551235364	-0.5126563187477577	0.032016761589255344	-16.012122816312644	1.0515983832328585e-57	NA	NA	NA	NA	0.007064224456339578	DOWN	4.237483663199571e-4	3	0	3	1
ZNF416	3	A2780,PEO1,UWB_BRCAdef	FALSE	-0.40638132970553875	0.11566278179832744	-3.513501261054879	4.422423145125501e-4	-0.6330762163819754	-0.17968644302910208	0.02394215925830281	6.112806652229296	0.047056638603937315	66.70448450090966	-0.3503080602492513	0.05393552310726359	-6.494941368281171	8.306575497566859e-11	NA	NA	NA	NA	0.007347682140109077	DOWN	4.422423145125501e-4	3	0	3	1
WDR41	3	A2780,PEO1,UWB_BRCAdef	FALSE	-0.7055290585244081	0.20107758487416352	-3.508740464363224	4.502340248322043e-4	-1.0996338829760646	-0.31142423407275166	0.10753961684077132	25.4183420595831	3.0232715150033645e-06	90.20906651687915	-0.9239573371541797	0.04368428512401076	-21.15079449122845	2.7133352021119878e-99	NA	NA	NA	NA	0.007451799214681864	DOWN	4.502340248322043e-4	3	0	3	1
HMGB3	3	A2780,PEO1,UWB_BRCAdef	FALSE	-0.3758602245761811	0.1071221729511937	-3.508706127044567	4.5029215164865574e-4	-0.5858158255061915	-0.16590462364617076	0.028447599900693493	12.441438089034817	0.001987815375519447	84.0939176747768	-0.4427845804065559	0.03326626073910314	-13.31032014325796	2.01615972082232e-40	NA	NA	NA	NA	0.007451799214681864	DOWN	4.5029215164865574e-4	3	0	3	1
RNASET2	3	A2780,PEO1,UWB_BRCAdef	FALSE	-1.1239641676779768	0.3203483329841434	-3.508568804488241	4.5052468370363066e-4	-1.7518353628343424	-0.4960929725216112	0.28015228228069144	21.58077654357633	2.0596523227269637e-5	92.5334927173455	-1.3652907115192834	0.07843205722892865	-17.4073046118662	7.262359255437708e-68	NA	NA	NA	NA	0.007451799214681864	DOWN	4.5052468370363066e-4	3	0	3	1
RABGEF1	3	A2780,PEO1,UWB_BRCAdef	FALSE	-0.5825373274681527	0.16618358211331224	-3.5053843469985484	4.5594854669531664e-4	-0.9082511632320993	-0.256823491704206	0.0766852320573522	55.19224892577786	1.0355126861809333e-12	94.6569610735808	-0.7595307287283258	0.02898715142444792	-26.202323836751116	2.5002009194026888e-151	NA	NA	NA	NA	0.007533085094953796	DOWN	4.5594854669531664e-4	3	0	3	1
GNAQ	3	A2780,PEO1,UWB_BRCAdef	FALSE	-0.8240798549265904	0.23516117667026593	-3.5043193208804357	4.577760863177214e-4	-1.2849872917623724	-0.36317241809080847	0.14632268122317807	11.79391618497487	0.002747790643721183	91.25816227350104	-0.6589565590297978	0.05733050649764993	-11.493995069741962	1.4141719908402282e-30	NA	NA	NA	NA	0.00755483815667427	DOWN	4.577760863177214e-4	3	0	3	1
CLDND2	2	A2780,PEO1	FALSE	-0.26916631948103453	0.07692282159591253	-3.4991737678969552	4.6670232194275023e-4	-0.419932279398223	-0.11840035956384612	0	3.509451414531023e-4	0.9850536799742267	0	-0.26916631948103453	0.07692282159591253	-3.4991737678969552	4.6670232194275023e-4	NA	NA	NA	NA	0.0076935643640662745	DOWN	4.6670232194275023e-4	2	0	2	1
G3BP2	3	A2780,PEO1,UWB_BRCAdef	FALSE	-0.13459605349510412	0.03848239513549085	-3.4976007346011397	4.6946338065105987e-4	-0.21002016199950554	-0.05917194499070269	1.9038854730257234e-6	1.7006796423392738	0.42726971198243846	0.023406097235040044	-0.13460902592090912	0.03846665894510959	-3.499368793972747	4.663610609814519e-4	NA	NA	NA	NA	0.007730462148872186	DOWN	4.6946338065105987e-4	3	1	2	0.6666666666666666
OXCT1	3	A2780,PEO1,UWB_BRCAdef	FALSE	-0.655709152884195	0.18749790786572745	-3.4971545034719362	4.70249395716251e-4	-1.02319829947763	-0.2882200062907599	0.09602849263087491	28.85693170706797	5.417474770739343e-7	92.11118972101352	-0.48372015120476997	0.04055753335293031	-11.926764554329605	8.584556486785006e-33	NA	NA	NA	NA	0.007734791784712128	DOWN	4.70249395716251e-4	3	0	3	1
VKORC1L1	3	A2780,PEO1,UWB_BRCAdef	FALSE	-0.921568660974891	0.2637373125650768	-3.494267276828701	4.753648535939115e-4	-1.4384842949818246	-0.40465302696795746	0.20304151718383717	111.26544224976459	6.902655550602594e-25	97.99891721267872	-1.3087087746583579	0.02215255436777538	-59.07710474066571	0	NA	NA	NA	NA	0.007783887170634622	DOWN	4.753648535939115e-4	3	0	3	1
GREB1L	3	A2780,PEO1,UWB_BRCAdef	FALSE	-0.7313810290412607	0.20937832585670066	-3.49310763685168	4.7743402475844876e-4	-1.1417550068636855	-0.3210070512188359	0.0984571110582142	37.32958857650194	7.833986787592552e-9	92.84694255395738	-0.8841908350293809	0.037009224875401855	-23.891093045211477	3.7905716406839296e-126	NA	NA	NA	NA	0.0078009026785670526	DOWN	4.7743402475844876e-4	3	0	3	1
ZNF772	3	A2780,PEO1,UWB_BRCAdef	FALSE	-0.9225061271870472	0.2644260723254476	-3.488710924283043	4.853557281086619e-4	-1.440771705518308	-0.4042405488557864	0.19842080503620985	71.61234739677661	2.815634932703066e-16	96.69924715214228	-0.9866019287899965	0.03883754631185039	-25.403302280426438	2.318651248348578e-142	NA	NA	NA	NA	0.00792158405247548	DOWN	4.853557281086619e-4	3	0	3	1
UNC5B	2	A2780,PEO1	FALSE	-0.20175174496468434	0.057949561589057806	-3.4815059757549514	4.986026559682331e-4	-0.31533079859912333	-0.08817269133024536	0.0034123651912592095	1.9926218104779205	0.15806701579863058	49.81486227132306	-0.20987037274782186	0.03981917940877712	-5.270585076435837	1.35989573973205e-7	NA	NA	NA	NA	0.008093125657302155	DOWN	4.986026559682331e-4	2	0	2	1
CNTN5	2	A2780,UWB_BRCAdef	FALSE	-0.04592505541900123	0.013207917086716271	-3.4770853812513622	5.068963705589741e-4	-0.07181209721975632	-0.020038013618246146	0	0.132138890031885	0.7162245914562583	0	-0.04592505541900123	0.013207917086716271	-3.4770853812513622	5.068963705589741e-4	NA	NA	NA	NA	0.008210273545729552	DOWN	5.068963705589741e-4	2	0	2	1
RDH14	2	A2780,PEO1	FALSE	-0.1833016878759094	0.05271732398474387	-3.4770673854567424	5.069303947556016e-4	-0.28662574424733694	-0.07997763150448184	0	0.06596090897489838	0.7973111220810665	0	-0.1833016878759094	0.05271732398474387	-3.4770673854567424	5.069303947556016e-4	NA	NA	NA	NA	0.008210273545729552	DOWN	5.069303947556016e-4	2	0	2	1
CCDC42	2	A2780,UWB_BRCAdef	FALSE	-0.1390269327449229	0.04011070423270975	-3.466080573862083	5.281049909595467e-4	-0.2176424684355723	-0.06041139705427348	0	0.402339536052837	0.5258834898180688	0	-0.1390269327449229	0.04011070423270975	-3.466080573862083	5.281049909595467e-4	NA	NA	NA	NA	0.008525205787465958	DOWN	5.281049909595467e-4	2	1	1	0.5
FAM105A	2	A2780,PEO1	FALSE	-0.1704580107612253	0.049269062683925204	-3.459737236219837	5.407027429474388e-4	-0.267023599173765	-0.07389242234868558	0	0.11161487599744652	0.7383130598211758	0	-0.1704580107612253	0.049269062683925204	-3.459737236219837	5.407027429474388e-4	NA	NA	NA	NA	0.008709554967280804	DOWN	5.407027429474388e-4	2	0	2	1
DTNB	3	A2780,PEO1,UWB_BRCAdef	FALSE	-0.3808987296795613	0.11013225275410018	-3.4585575083987425	5.430763198105239e-4	-0.5967539786138598	-0.16504348074526276	0.02794804462818808	8.356729136241817	0.015323547703840796	81.64738702325776	-0.4869984055631379	0.031186359024285973	-15.615750629430456	5.687183892971688e-55	NA	NA	NA	NA	0.00872877124025893	DOWN	5.430763198105239e-4	3	0	3	1
SEC62	3	A2780,PEO1,UWB_BRCAdef	FALSE	-0.4446530324145937	0.12884225908657246	-3.4511427816227576	5.582181684420503e-4	-0.6971792199110542	-0.1921268449181332	0.04290892253561628	20.995064258972626	2.7604489663958993e-5	87.79163302993757	-0.45767474045556034	0.04259714543800472	-10.744258464963425	6.306665744260937e-27	NA	NA	NA	NA	0.008952681189536441	DOWN	5.582181684420503e-4	3	0	3	1
DENND1B	3	A2780,PEO1,UWB_BRCAdef	FALSE	-0.41226788757992805	0.11974186745788325	-3.4429719222888755	5.75359045621276e-4	-0.6469576352389479	-0.1775781399209082	0.03310512347932407	10.91935188556661	0.00425493436361447	78.92527371608921	-0.4087025962969508	0.05162964123556665	-7.916045638051104	2.4518365019217376e-15	NA	NA	NA	NA	0.009184707719644584	DOWN	5.75359045621276e-4	3	0	3	1
TMEM243	3	A2780,PEO1,UWB_BRCAdef	FALSE	-0.34990263863795645	0.10167912700561182	-3.441243536823883	5.790471041706248e-4	-0.5491900655484296	-0.15061521172748332	0.01585946464925404	4.072181460514485	0.1305380230542666	49.023334825507696	-0.33511842186911184	0.05075681363428695	-6.6024322228678	4.0446621140335515e-11	NA	NA	NA	NA	0.009223210352402372	DOWN	5.790471041706248e-4	3	0	3	1
PCDHA11	2	A2780,PEO1	FALSE	-1.1150356538737696	0.3247362024133039	-3.433665989770435	5.954774785477691e-4	-1.7515069150801543	-0.47856439266738493	0.20794846969987385	71.04553317492469	3.490750119143018e-17	98.59245197366899	-1.27188687800512	0.03358769498236386	-37.86764404860051	0	NA	NA	NA	NA	0.009433576476306486	DOWN	5.954774785477691e-4	2	0	2	1
TRMT11	3	A2780,PEO1,UWB_BRCAdef	FALSE	-0.16195440168845268	0.04716899739734012	-3.433492561314974	5.958585533827184e-4	-0.25440393777410286	-0.0695048656028025	0	0.4688852413433914	0.7910116203046991	0	-0.16195440168845268	0.04716899739734012	-3.433492561314974	5.958585533827184e-4	NA	NA	NA	NA	0.009433576476306486	DOWN	5.958585533827184e-4	3	0	3	1
NAPG	3	A2780,PEO1,UWB_BRCAdef	FALSE	-0.31328044124834264	0.09164028382056007	-3.418588727439714	6.294679114294844e-4	-0.49289209706966897	-0.1336687854270163	0.015846263429555967	5.6092003436290465	0.06053096832213624	63.96200116036173	-0.3716585005819304	0.0465834611085269	-7.978335910164904	1.4831929531216855e-15	NA	NA	NA	NA	0.009933769483786324	DOWN	6.294679114294844e-4	3	0	3	1
ZNF737	3	A2780,PEO1,UWB_BRCAdef	FALSE	-0.05162865894327175	0.015112652048619406	-3.416254061641564	6.348898347647875e-4	-0.08124891266945125	-0.022008405217092256	0	1.150046703733204	0.562691728751346	0	-0.05162865894327175	0.015112652048619406	-3.416254061641564	6.348898347647875e-4	NA	NA	NA	NA	0.010008652437811207	DOWN	6.348898347647875e-4	3	1	2	0.6666666666666666
SPOPL	3	A2780,PEO1,UWB_BRCAdef	FALSE	-0.47278746913125236	0.13843662980573593	-3.4151905445451916	6.373740739113871e-4	-0.7441182776915989	-0.20145666057090578	0.04766539622856926	17.059970424142342	1.9745788989641158e-4	85.55956465793535	-0.49357118726408367	0.04769077693421271	-10.349405461457318	4.210925709856896e-25	NA	NA	NA	NA	0.010037114409933634	DOWN	6.373740739113871e-4	3	0	3	1
TAF7L	2	A2780,UWB_BRCAdef	FALSE	-0.11179432478362636	0.032770167196492804	-3.4114664143547926	6.461446083641299e-4	-0.17602267225610815	-0.047565977311144564	0	0.03285667497703905	0.8561602810362599	0	-0.11179432478362636	0.032770167196492804	-3.4114664143547926	6.461446083641299e-4	NA	NA	NA	NA	0.010153602894665664	DOWN	6.461446083641299e-4	2	0	2	1
RPS25	3	A2780,PEO1,UWB_BRCAdef	FALSE	-0.40676329465354405	0.11931289944376869	-3.4092147332757485	6.515017568832378e-4	-0.6406122804543797	-0.1729143088527084	0.035063139177459006	12.667832583364904	0.0017750684530807598	82.48207163631963	-0.4552995774132723	0.04824357003377782	-9.43751834896326	3.817125585538156e-21	NA	NA	NA	NA	0.010226917705979234	DOWN	6.515017568832378e-4	3	0	3	1
ZNF181	3	A2780,PEO1,UWB_BRCAdef	FALSE	-0.29400907692807676	0.08648930212043253	-3.3993692829048627	6.754145624495773e-4	-0.4635249941321282	-0.1244931597240253	0.011571787283610045	4.284413454978062	0.11739549710359239	53.09946015127491	-0.30367881497417654	0.05352219954719083	-5.673885183033653	1.3959471256813672e-8	NA	NA	NA	NA	0.010579825354811334	DOWN	6.754145624495773e-4	3	0	3	1
VWA5A	3	A2780,PEO1,UWB_BRCAdef	FALSE	-0.814585181133342	0.24006770371011568	-3.3931477185159498	6.909436735736724e-4	-1.2851092342564014	-0.3440611280102826	0.13813114243883715	16.370693223190734	2.787078070205801e-4	83.89924196021016	-1.1230983722564396	0.048619307822598525	-23.099842892753344	4.646840917444527e-118	NA	NA	NA	NA	0.01080019461007811	DOWN	6.909436735736724e-4	3	0	3	1
INTS3	3	A2780,PEO1,UWB_BRCAdef	FALSE	-0.3482911640662682	0.10282917983865811	-3.3870849170706885	7.063951977500288e-4	-0.5498326531098303	-0.14674967502270608	0.023549921620429105	9.056691739319715	0.010798523473015971	76.975079230036	-0.45969672837691095	0.03110744429128859	-14.77770800044945	2.0399057713098652e-49	NA	NA	NA	NA	0.011029871076581304	DOWN	7.063951977500288e-4	3	0	3	1
EIF3I	3	A2780,PEO1,UWB_BRCAdef	FALSE	-0.09818031471301965	0.0290285685938841	-3.3821962111388717	7.190876321198232e-4	-0.155075263679783	-0.041285365746256304	0	0.7003065597004783	0.7045800835116551	0	-0.09818031471301965	0.0290285685938841	-3.3821962111388717	7.190876321198232e-4	NA	NA	NA	NA	0.011204582524927108	DOWN	7.190876321198232e-4	3	0	3	1
UFD1L	2	A2780,PEO1	FALSE	-0.6827505297123324	0.20202383858542136	-3.3795542867266444	7.260346732407342e-4	-1.0787099773582915	-0.28679108206637327	0.06368612621511198	3.673530514554192	0.05528296544829152	72.77823075000757	-0.8277121916606314	0.033325562094137264	-24.83715621427568	3.559647738520323e-136	NA	NA	NA	NA	0.011300920750748143	DOWN	7.260346732407342e-4	2	0	2	1
TTC16	2	A2780,PEO1	FALSE	-0.10221767518091755	0.030255647745576895	-3.3784659327236137	7.28914632781297e-4	-0.16151765509117874	-0.042917695270656364	0	0.5073359550693974	0.47629438041461025	0	-0.10221767518091755	0.030255647745576895	-3.3784659327236137	7.28914632781297e-4	NA	NA	NA	NA	0.01133381774441329	DOWN	7.28914632781297e-4	2	0	2	1
TBCK	3	A2780,PEO1,UWB_BRCAdef	FALSE	-0.14081563828200794	0.04170700695192761	-3.376306490761014	7.346603053481486e-4	-0.2225598698107477	-0.05907140675326818	6.700178255862721e-4	2.5622466621519004	0.2777251478714942	9.832162537527156	-0.14216998355860586	0.03721252082321306	-3.8204878469270658	1.331879683019428e-4	NA	NA	NA	NA	0.011399715548716133	DOWN	7.346603053481486e-4	3	0	3	1
TYMP	3	A2780,PEO1,UWB_BRCAdef	FALSE	-0.3645701959164944	0.10805424997009945	-3.373955175454714	7.40964322833435e-4	-0.5763526342343775	-0.15278775759861132	0.008756399646098801	1.8423023503766596	0.39806053981061984	23.09102418203272	-0.3603610640613587	0.08689031910625254	-4.147309709159849	3.364048628993847e-5	NA	NA	NA	NA	0.01147292088140105	DOWN	7.40964322833435e-4	3	0	3	1
ATG101	2	A2780,UWB_BRCAdef	FALSE	-0.39103635416450305	0.11592790005657777	-3.3730996073737263	7.432705919185648e-4	-0.6182508630787543	-0.16382184525025176	0.011102487212179657	1.652748512442939	0.19858525632926322	39.494726967148	-0.4072421374568023	0.08651990247103059	-4.706918591282035	2.5148928005857063e-6	NA	NA	NA	NA	0.011496592304079307	DOWN	7.432705919185648e-4	2	0	2	1
HOXB2	3	A2780,PEO1,UWB_BRCAdef	FALSE	-2.4909645661344273	0.7420573272617622	-3.3568357519307055	7.883993250309267e-4	-3.9453702020315333	-1.036558930237321	1.5489263060530702	526.6063736224957	4.455319979145093e-115	99.59531379684185	-2.371319229981365	0.03716609914850519	-63.80328536783605	0	NA	NA	NA	NA	0.012128377857922479	DOWN	7.883993250309267e-4	3	0	3	1
COPS2	3	A2780,PEO1,UWB_BRCAdef	FALSE	-0.2526098903544526	0.07534560018128006	-3.352682701400985	8.003239989598563e-4	-0.400284553103316	-0.10493522760558913	0.0074442004133527286	3.5477168461237407	0.169677038374087	43.670507980170655	-0.25646109815848983	0.05628480589924824	-4.556488985989649	5.201576531088038e-6	NA	NA	NA	NA	0.012263617588206627	DOWN	8.003239989598563e-4	3	0	3	1
BICC1	3	A2780,PEO1,UWB_BRCAdef	FALSE	-0.7665734787913598	0.22949900715416313	-3.3402039002130564	8.371690022858132e-4	-1.2163832673012198	-0.3167636902815	0.14961524767320605	55.16965272485997	1.0472783522202186e-12	95.62366444619236	-1.0647549378168943	0.02797067284283048	-38.06683320776158	0	NA	NA	NA	NA	0.012773956001668016	DOWN	8.371690022858132e-4	3	0	3	1
EPHX3	3	A2780,PEO1,UWB_BRCAdef	FALSE	-0.09144389149396945	0.02739579963630375	-3.33787999284357	8.442020182679281e-4	-0.1451386721088003	-0.03774911087913859	4.448303853430085e-6	2.5718992141815704	0.2763879989719464	0.10112506956366826	-0.09141314834555513	0.027342211300730283	-3.3432975606882818	8.278907423877137e-4	NA	NA	NA	NA	0.012856040416197584	DOWN	8.442020182679281e-4	3	0	3	1
STRIP1	3	A2780,PEO1,UWB_BRCAdef	FALSE	-0.4327643364681767	0.12983168321926034	-3.3332721700705545	8.58309347257856e-4	-0.6872297596301402	-0.17829891330621317	0.04412953497298304	36.75199837577701	1.0456948117110981e-8	91.91480801583529	-0.5890179607254031	0.021661812659379616	-27.191536091064705	8.178490641461902e-163	NA	NA	NA	NA	0.01305742831059868	DOWN	8.58309347257856e-4	3	0	3	1
SFT2D3	2	A2780,PEO1	FALSE	-0.09816248579733694	0.029597859797070143	-3.3165399954713592	9.113954128065797e-4	-0.1561732250190604	-0.040151746575613476	0	0.00849100124862148	0.9265815413779436	0	-0.09816248579733694	0.029597859797070143	-3.3165399954713592	9.113954128065797e-4	NA	NA	NA	NA	0.013794067522181057	DOWN	9.113954128065797e-4	2	0	2	1
SLC9A2	3	A2780,PEO1,UWB_BRCAdef	FALSE	-1.2419137778488947	0.374635116489844	-3.314995640251364	9.164455393367815e-4	-1.9761851135129564	-0.5076424421848328	0.3976899267097647	27.52970655576513	1.0519623030614569e-6	95.59986662506549	-1.470857645244196	0.03075042042498458	-47.83211497326816	0	NA	NA	NA	NA	0.013856319212855815	DOWN	9.164455393367815e-4	3	0	3	1
PDHA1	3	A2780,PEO1,UWB_BRCAdef	FALSE	-0.10722840091968637	0.032373946622037054	-3.3121819273865003	9.25713254008679e-4	-0.17068017033630112	-0.04377663150307161	1.720951627315141e-4	2.219222755933698	0.32968705983807384	2.8197667044324146	-0.1086354167702715	0.03053671027327836	-3.557535038911335	3.74351179548282e-4	NA	NA	NA	NA	0.013977618996290542	DOWN	9.25713254008679e-4	3	1	2	0.6666666666666666
RYK	3	A2780,PEO1,UWB_BRCAdef	FALSE	-0.14121101480107187	0.04274051254678915	-3.3039148664041993	9.534478117027962e-4	-0.2249808800735609	-0.05744114952858284	0.0010426191182780235	2.0364669945357083	0.361232495075538	17.34807774078678	-0.13526219894507147	0.03728262149711288	-3.6280227493001265	2.8560010082177807e-4	NA	NA	NA	NA	0.014357059869296586	DOWN	9.534478117027962e-4	3	0	3	1
ERLEC1	3	A2780,PEO1,UWB_BRCAdef	FALSE	-0.3844553955863247	0.11661290939455715	-3.2968510740567196	9.777533122606356e-4	-0.6130124981320892	-0.1558982930405602	0.034055853906785366	14.870502085810955	5.900808226491711e-4	84.48483599174213	-0.4292332307411524	0.042507470375525575	-10.097830497772716	5.647778568780676e-24	NA	NA	NA	NA	0.014693128280892295	DOWN	9.777533122606356e-4	3	0	3	1
OVOL3	2	A2780,PEO1	FALSE	-0.2259104322203322	0.06855789710709263	-3.2951773866027856	9.835956991241287e-4	-0.36028144140603646	-0.09153942303462789	0	0.0378314786554958	0.8457819228519781	0	-0.2259104322203322	0.06855789710709263	-3.2951773866027856	9.835956991241287e-4	NA	NA	NA	NA	0.014750942802178998	DOWN	9.835956991241287e-4	2	0	2	1
ZNF605	3	A2780,PEO1,UWB_BRCAdef	FALSE	-0.23755966173003779	0.07210508911137174	-3.2946309984182807	9.85509979242795e-4	-0.3788830394903776	-0.09623628396969797	0.007601040234380721	3.9687205943261143	0.13746852500096884	49.74715204955397	-0.22867064179653332	0.04727581035434995	-4.8369481153799585	1.318478260964477e-6	NA	NA	NA	NA	0.014764676862272756	DOWN	9.85509979242795e-4	3	0	3	1
CPS1	3	A2780,PEO1,UWB_BRCAdef	FALSE	-0.5608261415276907	0.17046638202607348	-3.2899515720460957	0.0010020462712699968	-0.8949341108736407	-0.22671817218174073	0.06430269043911405	6.802208228277164	0.033336442395770806	79.32852381941576	-0.40848021021860437	0.04794343874968802	-8.520044053395367	1.5949264330864298e-17	NA	NA	NA	NA	0.014982060882982248	DOWN	0.0010020462712699968	3	0	3	1
BAG4	3	A2780,PEO1,UWB_BRCAdef	FALSE	-0.3990802184067147	0.12138619023567425	-3.28769045005771	0.0010101284003777192	-0.6369927794891638	-0.16116765732426563	0.02896831281708828	6.306226034550272	0.04271893487787061	66.17437811076786	-0.5035961859945136	0.0514010130435135	-9.797398070115749	1.1552304507883237e-22	NA	NA	NA	NA	0.015087645107459932	DOWN	0.0010101284003777192	3	0	3	1
CNOT3	3	A2780,PEO1,UWB_BRCAdef	FALSE	-0.3179389917112917	0.09676979209038626	-3.2855190121140896	0.0010179467236617822	-0.5076042989998777	-0.12827368442270565	0.0200905030384564	5.578782972463854	0.06145860094342628	77.76465880001375	-0.3669064666959619	0.0372573090356478	-9.847905718174808	6.998706729188355e-23	NA	NA	NA	NA	0.015189079922085543	DOWN	0.0010179467236617822	3	0	3	1
EIF2B2	3	A2780,PEO1,UWB_BRCAdef	FALSE	-0.17203472358927066	0.052411654361794964	-3.282375374028909	0.0010293647587072262	-0.27475967850855043	-0.06930976866999092	0.0030061883959830184	2.305967138705582	0.3156934695179916	23.081469208894724	-0.19121706369688718	0.024014587521491652	-7.9625379168290555	1.685459387474017e-15	NA	NA	NA	NA	0.01534396843447959	DOWN	0.0010293647587072262	3	0	3	1
SLC37A4	3	A2780,PEO1,UWB_BRCAdef	FALSE	-0.6579916103859973	0.20117074561744938	-3.270811610139619	0.0010723932343924907	-1.052279026539267	-0.2637041942327276	0.10930164181108609	36.03623523829337	1.4956533350712502e-8	92.22982350867909	-0.37278702777964823	0.028338240830557228	-13.154910709124563	1.5947178734577965e-39	NA	NA	NA	NA	0.015937164579861066	DOWN	0.0010723932343924907	3	0	3	1
LIX1	2	A2780,UWB_BRCAdef	FALSE	-0.05983373794591799	0.018334705516142812	-3.2634141788226327	0.0011007851792097696	-0.09576910042470577	-0.023898375467130216	0	0.0178444447156004	0.893732248323257	0	-0.05983373794591799	0.018334705516142812	-3.2634141788226327	0.0011007851792097696	NA	NA	NA	NA	0.016342681169653477	DOWN	0.0011007851792097696	2	0	2	1
ARSB	3	A2780,PEO1,UWB_BRCAdef	FALSE	-0.601426974611845	0.18445661759360052	-3.2605334655811813	0.001112028436175602	-0.9629553018053794	-0.23989864741831074	0.07833645317223885	6.510705202838844	0.038567219409297325	82.78988744772285	-0.7488434691140797	0.03502621342039046	-21.379515396835377	2.072705076606419e-101	NA	NA	NA	NA	0.016493043616578364	DOWN	0.001112028436175602	3	0	3	1
DSC1	2	A2780,PEO1	FALSE	-0.08052249072053308	0.024706968016157176	-3.2591004557044485	0.0011176608521922793	-0.12894725819938416	-0.032097723241681995	0	2.858912211853165e-4	0.9865097568272164	0	-0.08052249072053308	0.024706968016157176	-3.2591004557044485	0.0011176608521922793	NA	NA	NA	NA	0.01655997096329382	DOWN	0.0011176608521922793	2	0	2	1
CASP10	3	A2780,PEO1,UWB_BRCAdef	FALSE	-0.19442578848995498	0.0597697242016731	-3.252914265321514	0.0011422795621371337	-0.3115722952911263	-0.07727928168878369	0.005663647137977355	4.419948188381142	0.10970349043641708	54.64902765968723	-0.203592486180448	0.03158657750423577	-6.445538018582298	1.1519104564951773e-10	NA	NA	NA	NA	0.016874013871450346	DOWN	0.0011422795621371337	3	0	3	1
ATAD2B	3	A2780,PEO1,UWB_BRCAdef	FALSE	-0.6397196233464599	0.19703996542843843	-3.246649084389914	0.0011677227124577254	-1.0259108591012165	-0.25352838759170326	0.10487504347916453	31.280076535796383	1.6129380360484263e-7	92.0599420890019	-0.6175025825010614	0.051466165594277594	-11.99822398600684	3.630022558233697e-33	NA	NA	NA	NA	0.017232650448215953	DOWN	0.0011677227124577254	3	0	3	1
TMEM248	3	A2780,PEO1,UWB_BRCAdef	FALSE	-0.5174854779960836	0.16001664077155592	-3.2339478913000046	0.0012209172953472516	-0.8311123308354167	-0.2038586251567504	0.07236769207927465	54.96431963338377	1.1605120141434403e-12	95.34156507264166	-0.40012524569130403	0.027570372986987363	-14.512870242276184	1.0042872557316926e-47	NA	NA	NA	NA	0.017946027879025658	DOWN	0.0012209172953472516	3	0	3	1
TRUB1	3	A2780,PEO1,UWB_BRCAdef	FALSE	-0.29756894301458325	0.0921257734203714	-3.2300292520397234	0.0012377755322157678	-0.47813214096640855	-0.11700574506275793	0.015218607058239282	5.020470097863396	0.08124913947285511	60.59679228173672	-0.289002302412315	0.051722665350752414	-5.587536923174259	2.3031280036858827e-8	NA	NA	NA	NA	0.018157724994915237	DOWN	0.0012377755322157678	3	0	3	1
ATP5G2	2	A2780,PEO1	FALSE	-0.2918253095812816	0.09043259470906077	-3.226992551968019	0.0012509871641405033	-0.4690699382395481	-0.11458068092301507	0.0107190754456082	2.4658272228620874	0.11634643498975218	59.44565820636454	-0.33425351312135926	0.03988028209239271	-8.381422988608177	5.229161144161468e-17	NA	NA	NA	NA	0.018307947676769517	DOWN	0.0012509871641405033	2	0	2	1
MTMR11	3	A2780,PEO1,UWB_BRCAdef	FALSE	-1.2555306798588663	0.38976230910201537	-3.2212726847588717	0.0012762265764462689	-2.0194507682299845	-0.4916105914877482	0.41576407783470487	16.537256483366022	2.564368194360003e-4	94.11445000215468	-1.6188975340157177	0.04583317643927823	-35.32152165278143	2.7447794105801083e-273	NA	NA	NA	NA	0.018629380440188525	DOWN	0.0012762265764462689	3	0	3	1
SUSD6	2	A2780,UWB_BRCAdef	FALSE	-0.3168678570620346	0.09849648865339455	-3.217047240913132	0.001295172707906839	-0.5099174274263459	-0.12381828669772318	0.013366021634056573	2.625879210173666	0.10513425527214838	61.91751714528162	-0.2631436648254923	0.03526088772508087	-7.462763469744401	8.472636599680506e-14	NA	NA	NA	NA	0.018887296678321924	DOWN	0.001295172707906839	2	0	2	1
FUT10	3	A2780,PEO1,UWB_BRCAdef	FALSE	-0.36322609818213253	0.11306189933721626	-3.212630429096024	0.0013152541332254514	-0.5848233489067693	-0.14162884745749568	0.024753917756719482	4.9478545960684945	0.08425332050245694	65.74050954669882	-0.3333994228772611	0.04777123429433988	-6.979083287298765	2.9711231201516296e-12	NA	NA	NA	NA	0.019161244204930785	DOWN	0.0013152541332254514	3	0	3	1
FAM189A1	3	A2780,PEO1,UWB_BRCAdef	FALSE	-0.04874890572090487	0.015212091895334361	-3.204615516151099	0.0013524300829809808	-0.07856405796527387	-0.018933753476535878	0	1.0582245734807905	0.5891277141038586	0	-0.04874890572090487	0.015212091895334361	-3.204615516151099	0.0013524300829809808	NA	NA	NA	NA	0.019644777639528252	DOWN	0.0013524300829809808	3	1	2	0.6666666666666666
CALM1	3	A2780,PEO1,UWB_BRCAdef	FALSE	-0.34402691996532353	0.10751125567850574	-3.199915374387199	0.0013746794403218185	-0.5547451090278721	-0.13330873090277492	0.023209388446648747	8.013908355653243	0.018188710531604202	75.0792832665814	-0.3133912415105876	0.03544274314833503	-8.84218358040127	9.386582784706607e-19	NA	NA	NA	NA	0.01992880870984189	DOWN	0.0013746794403218185	3	0	3	1
RARG	3	A2780,PEO1,UWB_BRCAdef	FALSE	-0.37791298766206294	0.11821231747131242	-3.196900253256386	0.0013891295377383404	-0.6096048724348502	-0.14622110288927564	0.029019656963031763	8.24498867312603	0.01620404564800719	72.11740012651495	-0.2555983022686935	0.03841175162599107	-6.654169399964164	2.8490438134213845e-11	NA	NA	NA	NA	0.020098883047492015	DOWN	0.0013891295377383404	3	0	3	1
GATSL2	2	A2780,PEO1	FALSE	-0.13397360650011972	0.04191374818161264	-3.1964119725015023	0.0013914827801921657	-0.21612304339316168	-0.051824169607077766	0.0015003952517964447	1.1317906391349073	0.2873937144193313	11.64443622149419	-0.14299503831174432	0.01972366180007804	-7.249923455449766	4.1700723049155366e-13	NA	NA	NA	NA	0.020113251095504943	DOWN	0.0013914827801921657	2	1	1	0.5
TCTE3	2	A2780,UWB_BRCAdef	FALSE	-0.20682949754565053	0.06475588666420935	-3.193987577039315	0.0014032215565528913	-0.33374870319445843	-0.07991029189684262	0	0.17246329757635329	0.6779318121507665	0	-0.20682949754565053	0.06475588666420935	-3.193987577039315	0.0014032215565528913	NA	NA	NA	NA	0.020263122223386332	DOWN	0.0014032215565528913	2	0	2	1
BEND7	2	A2780,UWB_BRCAdef	FALSE	-1.0582809471660803	0.33158362868003405	-3.191595892049551	0.001414891361378451	-1.7081729172420497	-0.4083889770901111	0.18235679263210886	5.1407769355370085	0.023370187123156517	80.54768739162304	-1.2943534787190496	0.07287263956345347	-17.761858037158078	1.3953793818984875e-70	NA	NA	NA	NA	0.020391811462673638	DOWN	0.001414891361378451	2	0	2	1
SERPINE3	2	A2780,PEO1	FALSE	-0.10452484121019356	0.03279394896308125	-3.1873209697272342	0.0014359732497681678	-0.16879980008867745	-0.040249882331709674	0	0.5669171500608363	0.4514865659703878	0	-0.10452484121019356	0.03279394896308125	-3.1873209697272342	0.0014359732497681678	NA	NA	NA	NA	0.020615278101283396	DOWN	0.0014359732497681678	2	0	2	1
JADE3	2	A2780,UWB_BRCAdef	FALSE	-0.6218401899346765	0.19551563137027297	-3.1805139342389364	0.001470140688432226	-1.0050437858350212	-0.2386365940343319	0.06273974354481535	4.919140311895992	0.026560730568452904	79.67124463635054	-0.7546165556178054	0.04856095392330167	-15.539574383354676	1.8722268841141707e-54	NA	NA	NA	NA	0.021064893759541983	DOWN	0.001470140688432226	2	0	2	1
XKRX	2	A2780,PEO1	FALSE	-0.13678634726636069	0.04308698430337021	-3.174655861344685	0.001500143009105766	-0.22123528470340892	-0.05233740982931245	0	0.0642189700378317	0.7999478305513446	0	-0.13678634726636069	0.04308698430337021	-3.174655861344685	0.001500143009105766	NA	NA	NA	NA	0.021453205682443872	DOWN	0.001500143009105766	2	0	2	1
SLC5A2	2	A2780,PEO1	FALSE	-0.6048290140355974	0.19061626729645534	-3.1730188751148876	0.0015086271615580348	-0.97843003280411	-0.23122799526708487	0.049561447014687315	2.3921242279911628	0.12194782152300676	58.19615100676556	-0.49479995498721163	0.05345551366859527	-9.25629408511143	2.1165080968246375e-20	NA	NA	NA	NA	0.021553690664694355	DOWN	0.0015086271615580348	2	0	2	1
SLC30A5	3	A2780,PEO1,UWB_BRCAdef	FALSE	-0.4766964512828875	0.15037692288442026	-3.170010678096376	0.0015243333570975888	-0.7714298042423082	-0.1819630983234668	0.056958016230577134	17.79321124570695	1.368526685495774e-4	85.70769380103987	-0.6670860728691295	0.036759408250522166	-18.1473561359534	1.347315916843878e-73	NA	NA	NA	NA	0.021757063080503906	DOWN	0.0015243333570975888	3	0	3	1
ZXDA	3	A2780,PEO1,UWB_BRCAdef	FALSE	-0.7894851882712229	0.24910751714396787	-3.1692547752982985	0.0015283036340183272	-1.277726950151594	-0.3012434263908519	0.14597198868574496	32.911051691415544	7.136017861194046e-8	92.38287255324923	-0.6574295579343808	0.042429397314063394	-15.494671137279463	3.76884273572907e-54	NA	NA	NA	NA	0.021792696081223726	DOWN	0.0015283036340183272	3	0	3	1
MAGT1	3	A2780,PEO1,UWB_BRCAdef	FALSE	-0.7410677926762689	0.23407709245470062	-3.1659133531816352	0.0015459683680887084	-1.1998504634933345	-0.2822851218592033	0.1515364694137076	22.72414785312332	1.1628240105632116e-5	94.33889012236708	-0.7566607273428447	0.03857077367554595	-19.61746304877911	1.096925638776163e-85	NA	NA	NA	NA	0.022002150393578182	DOWN	0.0015459683680887084	3	0	3	1
HIST1H2BE	2	A2780,PEO1	FALSE	-0.23631194353376744	0.07481854015461684	-3.1584677146254814	0.001586008756696722	-0.3829535876126803	-0.08967029945485461	0.0031346989727649584	1.3275976496851492	0.2492330484361126	24.675973911436298	-0.24530692405759347	0.06151004522684104	-3.988079071522927	6.661046382034282e-5	NA	NA	NA	NA	0.02248543766565142	DOWN	0.001586008756696722	2	0	2	1
RAB10	3	A2780,PEO1,UWB_BRCAdef	FALSE	-0.3875482305149734	0.12282836483175211	-3.155201414964934	0.0016038733981046849	-0.6282874018651536	-0.14680905916479312	0.041329075303476306	37.223141652708634	8.262233996517527e-9	92.76047023245093	-0.4953041690043301	0.028065119786947777	-17.64838962970259	1.046992750014616e-69	NA	NA	NA	NA	0.022673495160395768	DOWN	0.0016038733981046849	3	0	3	1
ZNF566	3	A2780,PEO1,UWB_BRCAdef	FALSE	-0.5003771027911013	0.1587023330325807	-3.152928461917297	0.0016164141428457652	-0.8114279597974408	-0.18932624578476182	0.06132587623000042	19.786698899209462	5.050948338027971e-5	88.366519189564	-0.552640425463517	0.04689756384959195	-11.783990043404472	4.720444699496229e-32	NA	NA	NA	NA	0.022812405135766534	DOWN	0.0016164141428457652	3	0	3	1
H2AFV	2	A2780,PEO1	FALSE	-0.38115298922398866	0.12095229453152453	-3.15126712312718	0.001625637402202841	-0.6182151303532577	-0.14409084809471967	0.027459567886988556	15.740327355413047	7.265850292157593e-5	93.64689197740158	-0.29806928620909123	0.020769525135342876	-14.35128074747726	1.0458776938893903e-46	NA	NA	NA	NA	0.022915443533244432	DOWN	0.001625637402202841	2	0	2	1
NUP62	3	A2780,PEO1,UWB_BRCAdef	FALSE	-0.10762846610240284	0.03421727309191072	-3.1454425317091443	0.001658357723091087	-0.17469308901171934	-0.04056384319308634	0	0.16321240372737367	0.9216348253201315	0	-0.10762846610240284	0.03421727309191072	-3.1454425317091443	0.001658357723091087	NA	NA	NA	NA	0.023310014877707133	DOWN	0.001658357723091087	3	0	3	1
CCDC186	2	A2780,UWB_BRCAdef	FALSE	-0.27239064376041866	0.0866761262166147	-3.142625953075933	0.0016743965762696532	-0.4422727294644314	-0.10250855805640588	0.004747808222968346	1.3941062037753054	0.23771288228539295	28.269453410941548	-0.284112682984096	0.06921122752257963	-4.105008582478997	4.042998699683141e-5	NA	NA	NA	NA	0.02343828560390667	DOWN	0.0016743965762696532	2	0	2	1
CTNNB1	3	A2780,PEO1,UWB_BRCAdef	FALSE	-0.13528402471572343	0.043050506901276694	-3.1424490546872397	0.0016754086618874248	-0.21966146775841877	-0.05090658167302807	0.002340416090001416	3.117451378540369	0.21040402054011673	36.12416641173928	-0.11439465013217666	0.023746345354777633	-4.817358141772376	1.454714441388525e-6	NA	NA	NA	NA	0.02343828560390667	DOWN	0.0016754086618874248	3	0	3	1
C9orf3	2	A2780,PEO1	FALSE	-0.6833018208465756	0.21749274786578698	-3.1417223220161605	0.0016795724126800317	-1.1095797735621689	-0.2570238681309825	0.08507841248535375	9.389979855666883	0.002181746027570919	89.35034989029826	-0.536453144947748	0.04683606235644598	-11.453848123804043	2.2493354984137122e-30	NA	NA	NA	NA	0.023474326338657495	DOWN	0.0016795724126800317	2	0	2	1
S1PR1	3	A2780,PEO1,UWB_BRCAdef	FALSE	-0.9372041851990585	0.298382404458307	-3.140949905878294	0.0016840083370531255	-1.5220229515578039	-0.35238541884031316	0.18349343651843664	5.90857192475279	0.0521158599783098	73.95639643991336	-0.6438339617915121	0.029676436163126426	-21.695123978245366	2.281093981863036e-104	NA	NA	NA	NA	0.02351409941454633	DOWN	0.0016840083370531255	3	0	3	1
CMPK2	3	A2780,PEO1,UWB_BRCAdef	FALSE	-0.7102793357643739	0.2263372151476545	-3.138146483339085	0.001700198865373264	-1.1538921258148702	-0.2666665457138775	0.1358722690144817	36.25518722051756	1.3405595932517067e-8	95.67674716499661	-0.9018366184450045	0.03917344110006769	-23.02163387028683	2.8307427479802347e-117	NA	NA	NA	NA	0.02369542000214369	DOWN	0.001700198865373264	3	0	3	1
EMG1	3	A2780,PEO1,UWB_BRCAdef	FALSE	-0.9074431148676729	0.2892656697462407	-3.137057763072025	0.00170652502754908	-1.4743934095341622	-0.34049282020118377	0.24098491236078695	43.08851069541658	4.399960581931552e-10	96.18586350160344	-0.9451452321925442	0.05392413148083702	-17.527314881806113	8.865851651420828e-69	NA	NA	NA	NA	0.023738838741644633	DOWN	0.00170652502754908	3	0	3	1
CEP83	2	A2780,UWB_BRCAdef	FALSE	-0.6129176754359033	0.19591646866725043	-3.1284642868737	0.00175722364095853	-0.996906898001984	-0.2289284528698225	0.060620256047914774	4.413046445281866	0.03566509421619039	77.33991671288362	-0.5159287639145984	0.07291769496199645	-7.075494695539846	1.4891655770894177e-12	NA	NA	NA	NA	0.024284173812012883	DOWN	0.00175722364095853	2	0	2	1
UBA3	3	A2780,PEO1,UWB_BRCAdef	FALSE	-0.5180987591028807	0.16562804538743453	-3.1280859343051004	0.0017594873001111925	-0.8427237628920178	-0.19347375531374367	0.0659637476897812	11.395455771247859	0.0033535765170135874	81.77251486186232	-0.665120471996789	0.055569087037335776	-11.969253184777134	5.148999013783862e-33	NA	NA	NA	NA	0.024292753227585624	DOWN	0.0017594873001111925	3	0	3	1
NSD3	2	A2780,UWB_BRCAdef	FALSE	-0.20121629439489822	0.06445779886474826	-3.1216749243502746	0.0017982538169301844	-0.32755125869253154	-0.07488133009726486	0.003644517664556744	1.5980440834343033	0.20618061299549342	37.423503496165544	-0.2172018902359352	0.043649253143941164	-4.976073462693013	6.488702984224452e-7	NA	NA	NA	NA	0.024758639842594635	DOWN	0.0017982538169301844	2	0	2	1
KDELR1	3	A2780,PEO1,UWB_BRCAdef	FALSE	-0.5528002239624777	0.17713920218357432	-3.120710814704897	0.0018041510988292652	-0.8999866804924423	-0.2056137674325132	0.08805383795125966	53.17603561796018	2.8377267938129366e-12	95.36768793057585	-0.8278179577296626	0.02032535964907695	-40.728330126608945	0	NA	NA	NA	NA	0.02481672771943102	DOWN	0.0018041510988292652	3	0	3	1
TMEM39A	3	A2780,PEO1,UWB_BRCAdef	FALSE	-0.42763737892729903	0.1370504314557515	-3.1202921025853705	0.0018067178158351857	-0.6962512886462473	-0.1590234692083508	0.046094133812373976	15.200876814087405	5.002320800936989e-4	84.03051500396566	-0.6104452179699048	0.030128238999820638	-20.261563179100477	2.809015359753608e-91	NA	NA	NA	NA	0.024828937121519415	DOWN	0.0018067178158351857	3	0	3	1
CPSF2	3	A2780,PEO1,UWB_BRCAdef	FALSE	-0.5630274868691124	0.18048478473807036	-3.1195288161614814	0.0018114054198209919	-0.9167711647131946	-0.20928380902503013	0.07838146637103764	7.907473484052509	0.019182886183794313	86.28875344608953	-0.7027707762361921	0.053995338816469694	-13.015397099829523	1.0002098360217334e-38	NA	NA	NA	NA	0.02487024321531384	DOWN	0.0018114054198209919	3	0	3	1
COL4A3BP	2	A2780,PEO1	FALSE	-0.3160288552890536	0.10148318535095378	-3.114100667969262	0.0018450652653633011	-0.5149322436133258	-0.1171254669647814	0.014686231820645467	2.684377959137173	0.10133679053493005	62.747421740810815	-0.3791384465308293	0.024313707899478055	-15.593608679446556	8.045723824574797e-55	NA	NA	NA	NA	0.025294110150495056	DOWN	0.0018450652653633011	2	0	2	1
ZNF217	3	A2780,PEO1,UWB_BRCAdef	FALSE	-0.25804072752332585	0.08288258523941203	-3.1133286537570894	0.001849898917549094	-0.42048760953814446	-0.09559384550850722	0.01254155921145285	5.326504559252842	0.06972110009991467	61.5001691614183	-0.31605159276828343	0.0412530217229606	-7.661295574679696	1.8406668440117904e-14	NA	NA	NA	NA	0.025322786613722083	DOWN	0.001849898917549094	3	0	3	1
SCAMP1	3	A2780,PEO1,UWB_BRCAdef	FALSE	-0.591353737885102	0.189964960204074	-3.1129621865518113	0.0018521974722372943	-0.9636782182096717	-0.21902925756053243	0.08697501861230388	9.473396192082399	0.008767548045231532	81.38920240989363	-0.500010587725149	0.0714682415809374	-6.99626262888936	2.6288055987252737e-12	NA	NA	NA	NA	0.025322786613722083	DOWN	0.0018521974722372943	3	0	3	1
SMIM24	2	A2780,UWB_BRCAdef	FALSE	-0.14359162127826197	0.04612873065876099	-3.112845708686119	0.0018529285937679918	-0.2340022720219821	-0.053180970534541835	0	0.20686148134727028	0.649238543621687	0	-0.14359162127826197	0.04612873065876099	-3.112845708686119	0.0018529285937679918	NA	NA	NA	NA	0.025322786613722083	DOWN	0.0018529285937679918	2	0	2	1
EIF4E	3	A2780,PEO1,UWB_BRCAdef	FALSE	-0.30147973188900645	0.09691644626278766	-3.1107179793979256	0.00186633091329522	-0.4914324760736818	-0.11152698770433114	0.02041889511355155	8.660428912000851	0.013164723933284786	73.95330525626753	-0.36697718823652703	0.03974927874615938	-9.232298039420018	2.6488681962225342e-20	NA	NA	NA	NA	0.025452833317177306	DOWN	0.00186633091329522	3	0	3	1
AMDHD1	2	A2780,UWB_BRCAdef	FALSE	-0.2375240525188043	0.07647699355585623	-3.1058236140693043	0.0018974986509078709	-0.3874162055341843	-0.08763189950342429	0	0.8674477862435686	0.35166283959551403	0	-0.2375240525188043	0.07647699355585623	-3.1058236140693043	0.0018974986509078709	NA	NA	NA	NA	0.025836383564433414	DOWN	0.0018974986509078709	2	1	1	0.5
SPAST	3	A2780,PEO1,UWB_BRCAdef	FALSE	-0.74600884721473	0.24125186206120228	-3.0922407845518634	0.001986516441056083	-1.2188538080579114	-0.2731638863715486	0.16298439952902147	53.61576593307128	2.277636196843415e-12	95.02578223526322	-0.8492546357384961	0.04960711086190294	-17.119614929856823	1.0597401574183705e-65	NA	NA	NA	NA	0.026924490021903114	DOWN	0.001986516441056083	3	0	3	1
H2AFY2	2	A2780,PEO1	FALSE	-1.6621994846650523	0.538648723242293	-3.085869162855823	0.0020295810741042496	-2.7179315825384296	-0.606467386791675	0.4157191599616746	2.5396053571003283	0.11102253259285057	60.623803332113226	-1.3086748358196048	0.03326304296057927	-39.34320853839328	0	NA	NA	NA	NA	0.027439040954501052	DOWN	0.0020295810741042496	2	0	2	1
SLC26A5	2	A2780,UWB_BRCAdef	FALSE	-0.08215050176346082	0.026637055257611484	-3.0840684515975725	0.002041906084169606	-0.1343581707225826	-0.02994283280433903	0	0.11730272688668386	0.7319785139582844	0	-0.08215050176346082	0.026637055257611484	-3.0840684515975725	0.002041906084169606	NA	NA	NA	NA	0.027548964659321138	DOWN	0.002041906084169606	2	1	1	0.5
RPS6KA3	3	A2780,PEO1,UWB_BRCAdef	FALSE	-0.5830394325983859	0.1895228706555578	-3.0763539544417937	0.0020954892930575408	-0.9544974333299222	-0.21158143186684952	0.09686159201243062	30.386031924297214	2.522069233045599e-7	91.36445398981886	-0.5784031755669514	0.05256234755314125	-11.004135136509607	3.650013097475153e-28	NA	NA	NA	NA	0.028220400889291307	DOWN	0.0020954892930575408	3	0	3	1
APOC1	2	A2780,UWB_BRCAdef	FALSE	-3.7748631878074077	1.2284148677714826	-3.0729546563169987	0.0021195069057659654	-6.1825120867130465	-1.3672142889017693	2.679267419318183	7.941369271812303	0.004831726056139653	87.40771313141838	-2.707982668842871	0.07342385182609033	-36.881511954138865	9.144568885212428e-298	NA	NA	NA	NA	0.028517878631084015	DOWN	0.0021195069057659654	2	0	2	1
GNB3	3	A2780,PEO1,UWB_BRCAdef	FALSE	-0.9532673406517874	0.3106435169410397	-3.0686857721634606	0.0021500260572441914	-1.5621174458870835	-0.3444172354164915	0.23345385209505706	10.681027135732116	0.0047934083375617215	91.34630850895421	-1.1186729353453249	0.07375383587277008	-15.16765768325738	5.790668991727856e-52	NA	NA	NA	NA	0.02882360408746134	DOWN	0.0021500260572441914	3	0	3	1
PCGF1	3	A2780,PEO1,UWB_BRCAdef	FALSE	-0.1280258495909887	0.041772640525435764	-3.064825397212621	0.002177971064530921	-0.2098987205599811	-0.046152978621996285	0	0.6084127927873226	0.7377085903438921	0	-0.1280258495909887	0.041772640525435764	-3.064825397212621	0.002177971064530921	NA	NA	NA	NA	0.0291453919739536	DOWN	0.002177971064530921	3	0	3	1
FGD4	3	A2780,PEO1,UWB_BRCAdef	FALSE	-0.16666774100930337	0.05439921344043447	-3.063789537909397	0.002185526033591423	-0.2732882401398622	-0.06004724187874458	0	0.42635821597916485	0.8080114029574009	0	-0.16666774100930337	0.05439921344043447	-3.063789537909397	0.002185526033591423	NA	NA	NA	NA	0.029220048335186596	DOWN	0.002185526033591423	3	0	3	1
FUZ	3	A2780,PEO1,UWB_BRCAdef	FALSE	-0.5556937750229466	0.1814221789323753	-3.0629869969210333	0.0021913958183400876	-0.9112747117271836	-0.20011283831870968	0.07447040950434905	6.170937809154693	0.045708595904580165	81.49446362888708	-0.4441313497252909	0.06828165310548628	-6.504402420356836	7.800282919399319e-11	NA	NA	NA	NA	0.029272059589697266	DOWN	0.0021913958183400876	3	0	3	1
TGS1	3	A2780,PEO1,UWB_BRCAdef	FALSE	-0.15938371328078527	0.05205229316219826	-3.06199215439242	0.002198692153975047	-0.2614043331914144	-0.05736309337015616	0	0.1869129803285815	0.9107776443497859	0	-0.15938371328078527	0.05205229316219826	-3.06199215439242	0.002198692153975047	NA	NA	NA	NA	0.029316556249620398	DOWN	0.002198692153975047	3	0	3	1
JSRP1	2	A2780,PEO1	FALSE	-0.1384079537036063	0.04533645899494201	-3.052906132767182	0.002266368190817645	-0.2272657805202696	-0.04955012688694302	0	0.040983185203332786	0.839570382377669	0	-0.1384079537036063	0.04533645899494201	-3.052906132767182	0.002266368190817645	NA	NA	NA	NA	0.030029378528333796	DOWN	0.002266368190817645	2	0	2	1
ZNF155	3	A2780,PEO1,UWB_BRCAdef	FALSE	-0.5977260922926815	0.19634664733519766	-3.0442388520760413	0.002332698560793533	-0.9825584495548563	-0.21289373503050674	0.09240147367151062	21.341689362933455	2.3211918529950097e-5	87.33485280989514	-0.8186367120486648	0.04308471337690341	-19.00063033696575	1.6850855872361076e-80	NA	NA	NA	NA	0.030797869302191045	DOWN	0.002332698560793533	3	0	3	1
UQCRH	3	A2780,PEO1,UWB_BRCAdef	FALSE	-0.4691442678918292	0.15423752070653424	-3.0417000075128544	0.0023524621981173117	-0.7714442535413871	-0.16684428224227132	0.0656016573671585	22.594518349861723	1.2406882798729788e-5	92.37097723009904	-0.44775152936721024	0.03989229777310781	-11.224009504637973	3.108499977730311e-29	NA	NA	NA	NA	0.03099172910946132	DOWN	0.0023524621981173117	3	0	3	1
KCND2	2	A2780,PEO1	FALSE	-0.047185010158405045	0.015513497822184624	-3.0415455430644083	0.0023536695604196296	-0.07759090716412748	-0.016779113152682622	0	0.18836850532741034	0.6642779792661706	0	-0.047185010158405045	0.015513497822184624	-3.0415455430644083	0.0023536695604196296	NA	NA	NA	NA	0.03099172910946132	DOWN	0.0023536695604196296	2	0	2	1
PNPLA3	3	A2780,PEO1,UWB_BRCAdef	FALSE	-0.8157719886319883	0.2684475716275718	-3.038850318838949	0.0023748281530303478	-1.3419195607592656	-0.28962441650471116	0.2017272598139876	77.91831026289128	1.2029675344281793e-17	95.99850279273176	-0.9543261093639424	0.04551953083640283	-20.965200911094403	1.3634411651647082e-97	NA	NA	NA	NA	0.031242512365533586	DOWN	0.0023748281530303478	3	0	3	1
PXDNL	2	A2780,PEO1	FALSE	-0.0532601171888436	0.017532234967667933	-3.0378395730529073	0.002382807708719348	-0.0876226662939665	-0.0188975680837207	0	0.794932197218517	0.3726128917216127	0	-0.0532601171888436	0.017532234967667933	-3.0378395730529073	0.002382807708719348	NA	NA	NA	NA	0.031319624523407114	DOWN	0.002382807708719348	2	1	1	0.5
PCOLCE2	3	A2780,PEO1,UWB_BRCAdef	FALSE	-0.7981139781947731	0.2629165226372592	-3.0356174278781083	0.002400437297117033	-1.3134208935043108	-0.2828070628852354	0.15735437968591837	11.527535022108413	0.0031392620862644577	80.03120556497379	-1.1694582216831273	0.03587301220353511	-32.59994491256809	4.108597868230296e-233	NA	NA	NA	NA	0.03152332709810796	DOWN	0.002400437297117033	3	0	3	1
MIPOL1	3	A2780,PEO1,UWB_BRCAdef	FALSE	-0.5235423959142633	0.17250271965691558	-3.034980532223016	0.0024055121354680893	-0.8616415136770275	-0.1854432781514992	0.07657065225082603	22.007108130785888	1.6642447211381965e-5	88.45791338279982	-0.38574660500363567	0.049985633899117594	-7.717149407010828	1.1896017949134747e-14	NA	NA	NA	NA	0.031561941390564896	DOWN	0.0024055121354680893	3	0	3	1
ARL6IP5	3	A2780,PEO1,UWB_BRCAdef	FALSE	-0.8120599706136931	0.2676202996017323	-3.034373595060562	0.00241035739881033	-1.3365861193649073	-0.2875338218624789	0.20383354186469543	35.47624315876641	1.978935679485822e-8	95.44184280103019	-0.9538562825311768	0.04718632426936243	-20.214676546664293	7.272040133071803e-91	NA	NA	NA	NA	0.03159747770940456	DOWN	0.00241035739881033	3	0	3	1
DDX59	3	A2780,PEO1,UWB_BRCAdef	FALSE	-0.6110449251479554	0.20142648885186656	-3.033587730347279	0.0024166443370431893	-1.0058335888299725	-0.21625626146593824	0.10043125434216882	16.592540634281175	2.4944544671013275e-4	86.98083046453213	-0.71694189038164	0.04717480697263037	-15.197558535800509	3.670479156801975e-52	NA	NA	NA	NA	0.03162382284235189	DOWN	0.0024166443370431893	3	0	3	1
DHX29	3	A2780,PEO1,UWB_BRCAdef	FALSE	-0.3070060589870972	0.10128243917761755	-3.031187454408608	0.0024359396524934684	-0.5055159920415961	-0.10849612593259828	0.018105569664415084	5.073102295530699	0.07913886793093457	59.11004148399087	-0.3456415238382156	0.060791138502087644	-5.685722168640514	1.3026101827403314e-8	NA	NA	NA	NA	0.03184813407729524	DOWN	0.0024359396524934684	3	0	3	1
SSR1	3	A2780,PEO1,UWB_BRCAdef	FALSE	-0.30303244322690936	0.0999995704971945	-3.0303374476534475	0.002442806414511748	-0.49902799987088475	-0.107036886582934	0.024245952087717362	9.226416033333717	0.009919943863062332	81.44795003788882	-0.27975650452939893	0.0417731430022377	-6.697042272218132	2.1268011504621122e-11	NA	NA	NA	NA	0.03188153437898077	DOWN	0.002442806414511748	3	0	3	1
ACP1	3	A2780,PEO1,UWB_BRCAdef	FALSE	-0.2136143083106362	0.07077790363418837	-3.0180931808137434	0.0025437067741477023	-0.35233645033489197	-0.0748921662863804	0.010795479862047831	8.965129700312504	0.011304381894497936	73.88768971847593	-0.29041513615932546	0.022596059325796173	-12.85246829865511	8.330894485274977e-38	NA	NA	NA	NA	0.03316912880892599	DOWN	0.0025437067741477023	3	0	3	1
ZNF720	3	A2780,PEO1,UWB_BRCAdef	FALSE	-0.5140344131592434	0.1703788013274225	-3.017009212146097	0.0025528205373403948	-0.8479707274900966	-0.18009809882839012	0.0753730738757629	25.793533924326304	2.5061396866470605e-6	89.546790795876	-0.6370341785290452	0.047134675539067264	-13.515191761552355	1.2722376214672392e-41	NA	NA	NA	NA	0.033258640780310496	DOWN	0.0025528205373403948	3	0	3	1
SETDB1	3	A2780,PEO1,UWB_BRCAdef	FALSE	-0.571376895251808	0.18967313371602385	-3.012429246343692	0.002591658434913821	-0.9431294061700646	-0.1996243843335515	0.08629898813210417	27.094862391831377	1.307450897879344e-6	89.47328454990327	-0.7971620365560208	0.027414374102372633	-29.07825046740822	6.7635042800000234e-186	NA	NA	NA	NA	0.03373490605375939	DOWN	0.002591658434913821	3	0	3	1
FAM175B	2	A2780,PEO1	FALSE	-0.1608279884834013	0.053447051187028034	-3.0091087330639366	0.002620153247322909	-0.26558228388984495	-0.056073693076957615	0	0.1853161399158869	0.6668438854973407	0	-0.1608279884834013	0.053447051187028034	-3.0091087330639366	0.002620153247322909	NA	NA	NA	NA	0.0340458752795816	DOWN	0.002620153247322909	2	0	2	1
STT3B	3	A2780,PEO1,UWB_BRCAdef	FALSE	-0.7458459688163664	0.248572094372649	-3.0005217226766616	0.00269517528892527	-1.23303832134845	-0.258653616284283	0.1779278978352943	41.72996971109748	8.678650761720038e-10	96.15434849302748	-0.740544172130262	0.04682362375049944	-15.815610002255818	2.4284613859842147e-56	NA	NA	NA	NA	0.03495926052398068	DOWN	0.00269517528892527	3	0	3	1
TRABD2B	2	A2780,PEO1	FALSE	-0.07400897609229184	0.024702766305627673	-2.9959792833174093	0.002735650184817612	-0.12242550836983165	-0.025592443814752043	0	0.613755507456101	0.43337728906501205	0	-0.07400897609229184	0.024702766305627673	-2.9959792833174093	0.002735650184817612	NA	NA	NA	NA	0.03542211846138181	DOWN	0.002735650184817612	2	0	2	1
TPST1	3	A2780,PEO1,UWB_BRCAdef	FALSE	-0.9519242496843483	0.31867350265730626	-2.9871459087328778	0.002815952905554564	-1.5765128377198976	-0.3273356616487989	0.2865053080775455	109.08498573626403	2.053507617083454e-24	96.99605864673288	-1.3962658548124949	0.02890348217133229	-48.30787676501384	0	NA	NA	NA	NA	0.036253291622058446	DOWN	0.002815952905554564	3	0	3	1
GPHN	3	A2780,PEO1,UWB_BRCAdef	FALSE	-0.6790189671800837	0.22732230450811206	-2.987031864952138	0.002817003589216552	-1.1245624968986305	-0.23347543746153693	0.12572127842882047	14.176240494173339	8.349654200483873e-4	83.48317121287104	-0.9481942263940334	0.04198573365661723	-22.583724132318256	6.264167303003623e-113	NA	NA	NA	NA	0.036253291622058446	DOWN	0.002817003589216552	3	0	3	1
UBAP2L	3	A2780,PEO1,UWB_BRCAdef	FALSE	-0.1895751920158399	0.06347294500134328	-2.9867086206859934	0.0028199835794926937	-0.31397987821116435	-0.06517050582051542	0.006922927402147049	4.692055313929657	0.09574875467943832	57.3609101896987	-0.2492492969979333	0.019089120309887925	-13.05713898554169	5.786173152565903e-39	NA	NA	NA	NA	0.03626008451300736	DOWN	0.0028199835794926937	3	0	3	1
HERC5	3	A2780,PEO1,UWB_BRCAdef	FALSE	-0.8624420683092766	0.2890105177059807	-2.98412000765545	0.0028439520453744935	-1.4288922741662744	-0.29599186245227893	0.2284738540143602	63.28943396679628	1.806650030477926e-14	95.90796076222966	-1.1528027513519679	0.046302485326410445	-24.897211094075363	7.97605301700729e-137	NA	NA	NA	NA	0.03653650642480681	DOWN	0.0028439520453744935	3	0	3	1
LARS	2	A2780,PEO1	FALSE	-0.2617244508385065	0.08795395850941072	-2.9756983684879064	0.0029232222487657815	-0.4341110418146817	-0.08933785986233128	0.008911186969081284	1.882549369762557	0.17004467793240677	46.88054315801937	-0.22461282084909379	0.041469787226412855	-5.416300296473039	6.084487859867622e-8	NA	NA	NA	NA	0.0373924631423007	DOWN	0.0029232222487657815	2	0	2	1
AGAP6	3	A2780,PEO1,UWB_BRCAdef	FALSE	-0.15606269482383914	0.052454749680909345	-2.9751871045652405	0.002928098930096282	-0.2588721150164853	-0.053253274631192934	0	0.04825704272908686	0.9761602442489788	0	-0.15606269482383914	0.052454749680909345	-2.9751871045652405	0.002928098930096282	NA	NA	NA	NA	0.037421162070717065	DOWN	0.002928098930096282	3	0	3	1
PTX3	3	A2780,PEO1,UWB_BRCAdef	FALSE	-1.424402590302499	0.4788442220976561	-2.974668012203778	0.0029330578778630607	-2.3629200198190037	-0.48588516078599453	0.6608688822313835	51.32315364456346	7.166692804847053e-12	97.6581201550833	-1.956050037400703	0.05457583375817088	-35.8409556520582	2.5439056085834868e-281	NA	NA	NA	NA	0.037421162070717065	DOWN	0.0029330578778630607	3	0	3	1
SEPHS1	3	A2780,PEO1,UWB_BRCAdef	FALSE	-0.6210005302173749	0.20914530929928174	-2.969230016671034	0.0029854703001445685	-1.030917803979457	-0.2110832564552927	0.12497548458136333	68.24662581250925	1.5150727970364356e-15	96.12549894628627	-0.9426037365055054	0.022594767918566218	-41.71778793669148	0	NA	NA	NA	NA	0.03789369041050449	DOWN	0.0029854703001445685	3	0	3	1
PPP2R5C	3	A2780,PEO1,UWB_BRCAdef	FALSE	-0.38011972462676885	0.12823084451148406	-2.964339243610972	0.0030333368325084643	-0.6314475615764332	-0.12879188767710448	0.041658821092551465	14.82391873999728	6.039861021385099e-4	84.78396129588415	-0.42138729081103465	0.0487492808709484	-8.643969373139118	5.429311376337691e-18	NA	NA	NA	NA	0.03846822619408462	DOWN	0.0030333368325084643	3	0	3	1
TMPPE	3	A2780,PEO1,UWB_BRCAdef	FALSE	-0.37605966994358786	0.12696805094838035	-2.961844866756892	0.0030580181756452284	-0.6249124769896599	-0.12720686289751576	0.034751858162854275	15.755784518630715	3.790311147388422e-4	84.3464150215659	-0.4779393094073242	0.03400662619777951	-14.05429949527106	7.249570001807257e-45	NA	NA	NA	NA	0.03874799894024507	DOWN	0.0030580181756452284	3	0	3	1
PTMS	3	A2780,PEO1,UWB_BRCAdef	FALSE	-1.214068652010737	0.4101208552356785	-2.9602704581142674	0.0030736907640554357	-2.017890757581432	-0.4102465464400421	0.4904338900242502	143.24935357750286	7.830655218756166e-32	97.92934621958598	-1.5496103952620182	0.048854274185456806	-31.71903423187718	8.491277548422876e-221	NA	NA	NA	NA	0.038879953231897114	DOWN	0.0030736907640554357	3	0	3	1
SSR2	3	A2780,PEO1,UWB_BRCAdef	FALSE	-0.44031045972753347	0.1489307715546989	-2.9564773963842486	0.0031117503873444646	-0.7322094081645056	-0.14841151129056135	0.05192555434375662	8.945848733652113	0.011413888600378043	86.75598754247073	-0.5836990965485174	0.036858230301844395	-15.836329953131496	1.747254285604981e-56	NA	NA	NA	NA	0.039294152841727235	DOWN	0.0031117503873444646	3	0	3	1
SPEF2	3	A2780,PEO1,UWB_BRCAdef	FALSE	-0.1475041198624257	0.04996396167361946	-2.952210251580323	0.0031550802044089566	-0.24543168526765943	-0.049576554457191974	0	0.2629920081688953	0.8767827786807382	0	-0.1475041198624257	0.04996396167361946	-2.952210251580323	0.0031550802044089566	NA	NA	NA	NA	0.03977337679675639	DOWN	0.0031550802044089566	3	0	3	1
FAT3	3	A2780,PEO1,UWB_BRCAdef	FALSE	-0.879786620582751	0.2982457829728983	-2.9498711157391204	0.003179065157711003	-1.464337613750581	-0.29523562741492115	0.24505626666622987	128.4947826346821	1.25231180411568e-28	97.37543283881205	-1.2686310720516953	0.02734205702985397	-46.39852336883488	0	NA	NA	NA	NA	0.04004159837058995	DOWN	0.003179065157711003	3	0	3	1
RAPGEF4	3	A2780,PEO1,UWB_BRCAdef	FALSE	-0.12422813811994554	0.042152668364371156	-2.9471002178582677	0.003207692260994415	-0.2068458499663739	-0.04161042627351717	0	0.5085613277945409	0.7754741239108588	0	-0.12422813811994554	0.042152668364371156	-2.9471002178582677	0.003207692260994415	NA	NA	NA	NA	0.04029918900877181	DOWN	0.003207692260994415	3	1	2	0.6666666666666666
KSR2	3	A2780,PEO1,UWB_BRCAdef	FALSE	-0.05632443650841075	0.019196139890024312	-2.934154305558117	0.003344578891330852	-0.09394817933505106	-0.01870069368177043	3.1827636790856574e-6	2.0346687852129435	0.3615574269476944	0.08462333338730228	-0.056327746467110106	0.0191293116611928	-2.9445778010601877	0.0032339562750611133	NA	NA	NA	NA	0.04180582254108986	DOWN	0.003344578891330852	3	0	3	1
GTF3C6	3	A2780,PEO1,UWB_BRCAdef	FALSE	-0.7541249994795775	0.2571969720021317	-2.932091282448407	0.003366877695410829	-1.258221801536512	-0.2500281974226427	0.1839788873773422	46.05056951048425	1.000566335005478e-10	94.38085363745091	-0.9223305678120306	0.0484229040247302	-19.04740300872877	6.904353477787702e-81	NA	NA	NA	NA	0.042049003785506696	DOWN	0.003366877695410829	3	0	3	1
PRSS36	3	A2780,PEO1,UWB_BRCAdef	FALSE	-0.14018806934783762	0.047988816186684595	-2.9212654215616065	0.0034861269144161222	-0.23424442073445217	-0.04613171796122305	0	0.35500975174113025	0.8373569164818586	0	-0.14018806934783762	0.047988816186684595	-2.9212654215616065	0.0034861269144161222	NA	NA	NA	NA	0.043318788809639665	DOWN	0.0034861269144161222	3	0	3	1
SPG21	3	A2780,PEO1,UWB_BRCAdef	FALSE	-0.29798099362814306	0.10202317660033038	-2.920718640191587	0.003492250578061683	-0.4979427453531602	-0.09801924190312597	0.022512518293267704	8.711880195223541	0.012830372110586486	73.85082665677335	-0.40112724188089494	0.03631441946228316	-11.04594945535377	2.293303679787619e-28	NA	NA	NA	NA	0.0433584460938691	DOWN	0.003492250578061683	3	0	3	1
SORT1	3	A2780,PEO1,UWB_BRCAdef	FALSE	-0.8262335818071844	0.28334813385754215	-2.9159662022781725	0.003545889099183515	-1.3815857192546013	-0.2708814443597676	0.23345416359806043	107.02550286424457	5.7505229571017066e-24	97.4562925784046	-1.152493797202457	0.033638140294422476	-34.261519427503885	2.93834904640951e-257	NA	NA	NA	NA	0.04398746821277402	DOWN	0.003545889099183515	3	0	3	1
HS6ST2	3	A2780,PEO1,UWB_BRCAdef	FALSE	-0.8234187614246036	0.28271488275779194	-2.9125412620390576	0.0035850083308274685	-1.3775297495233396	-0.26930777332586753	0.22652164145268	64.19491180140062	1.1488200833874439e-14	95.61962159702368	-1.187364604475199	0.042298996625212096	-28.070751062862723	2.2297821382110846e-173	NA	NA	NA	NA	0.044361103086147095	DOWN	0.0035850083308274685	3	0	3	1
LPCAT3	3	A2780,PEO1,UWB_BRCAdef	FALSE	-0.8664928991521363	0.2987648949575193	-2.9002500420115993	0.0037286509134367004	-1.4520613331137664	-0.2809244651905062	0.25467019828526066	210.40200147934738	2.050151182623703e-46	98.37795826115816	-0.5506966526207454	0.023305991519298845	-23.62897335497327	1.9420175873695808e-123	NA	NA	NA	NA	0.045831721576881534	DOWN	0.0037286509134367004	3	0	3	1
YWHAZ	3	A2780,PEO1,UWB_BRCAdef	FALSE	-0.135234622082691	0.046778154158923994	-2.8909781609433582	0.0038404480719074056	-0.22691811949744456	-0.043551124667937424	4.164861282774879e-6	1.5382682439289819	0.46341415477815406	0.05279671121909771	-0.13523197028079126	0.04675832546785623	-2.892147418190923	0.0038261836939323963	NA	NA	NA	NA	0.04708847897122289	DOWN	0.0038404480719074056	3	0	3	1
SNX27	3	A2780,PEO1,UWB_BRCAdef	FALSE	-0.8663544072216677	0.3000875713547071	-2.8870052941900295	0.003889276861758704	-1.4545152392849872	-0.2781935751583482	0.2491271801106586	36.06513385704166	1.4741975611717557e-8	95.16361258420271	-1.316492265105699	0.02712537998927815	-48.53359715609768	0	NA	NA	NA	NA	0.04756720873459211	DOWN	0.003889276861758704	3	0	3	1
EIF2B5	3	A2780,PEO1,UWB_BRCAdef	FALSE	-0.2327992696637772	0.08071389674514479	-2.884252638660775	0.003923438559464237	-0.39099560033614567	-0.07460293899140874	0.013243669058027298	6.294870706017709	0.042962168493921794	68.8894682014683	-0.16412514802717865	0.029860688638778186	-5.496361788992358	3.877066943992522e-8	NA	NA	NA	NA	0.047867892721780256	DOWN	0.003923438559464237	3	0	3	1
FAM162A	3	A2780,PEO1,UWB_BRCAdef	FALSE	-0.1277913350992955	0.044434856491471365	-2.8759254600906208	0.004028448312147452	-0.2148820534807852	-0.040700616717805796	0	0.21146124986767575	0.8996669632853798	0	-0.1277913350992955	0.044434856491471365	-2.8759254600906208	0.004028448312147452	NA	NA	NA	NA	0.04886682952561475	DOWN	0.004028448312147452	3	0	3	1
FAM234B	2	A2780,UWB_BRCAdef	FALSE	-1.6092314249042887	0.5601488865045021	-2.872863739757438	0.004067695176941753	-2.707103068433327	-0.5113597813752504	0.5992555398018844	21.279338719004798	3.969874041921113e-6	95.30060584492274	-2.1206655293384706	0.03522655054275695	-60.200771766297954	0	NA	NA	NA	NA	0.04919350319555096	DOWN	0.004067695176941753	2	0	2	1
SLC27A6	3	A2780,PEO1,UWB_BRCAdef	FALSE	-0.22051524619465637	0.07689548682064566	-2.8677267719104975	0.00413432401247463	-0.3712276309367962	-0.06980286145251652	0.006212717179385126	2.2234356159060216	0.32899332803442827	22.23068522872165	-0.2536797144580396	0.03674751607325031	-6.903315967053925	5.08024586385245e-12	NA	NA	NA	NA	0.04986480356644563	DOWN	0.00413432401247463	3	1	2	0.6666666666666666
