gene_symbol	k	datasets	reml_warning	beta_meta	se_meta	z_meta	p_meta	ci_lb	ci_ub	tau2	Q	Q_pval	I2	beta_fixed	se_fixed	z_fixed	p_fixed	beta_meta_DL	se_meta_DL	p_meta_DL	tau2_DL	FDR_meta	direction	p_meta2	k_eff	n_pos	n_neg	concordance
LTBP1	3	A2780,PEO1,UWB_BRCAdef	FALSE	-0.8428811537577717	0.028954292523535676	-29.110749401755562	2.624489780239725e-186	-0.899630524301739	-0.7861317832138045	0	0.5317119710482455	0.7665495137786781	0	-0.8428811537577717	0.028954292523535676	-29.110749401755562	2.624489780239725e-186	NA	NA	NA	NA	4.851041297550602e-183	DOWN	2.624489780239725e-186	3	0	3	1
FAM167A	3	A2780,PEO1,UWB_BRCAdef	FALSE	-1.0894476872687575	0.039619033341010385	-27.498088554852508	1.850511986575955e-166	-1.1670995657194294	-1.0117958088180856	2.351896019950767e-6	1.9851564184073913	0.37061992248208453	0.00347122168338404	-1.0894555593892052	0.03959071613054287	-27.517955366024	1.0706279546727858e-166	NA	NA	NA	NA	2.7363520745498647e-163	DOWN	1.850511986575955e-166	3	0	3	1
AK5	3	A2780,PEO1,UWB_BRCAdef	FALSE	-1.0205094470365155	0.03802736315560688	-26.836187480594432	1.222672559387762e-158	-1.0950417092485303	-0.9459771848245005	5.395686114553544e-7	3.366435556216743	0.18577522977227856	0.003037399427965441	-1.020509126802485	0.038021423079535564	-26.840371668038856	1.0926295465721606e-158	NA	NA	NA	NA	1.5066382613055697e-155	DOWN	1.222672559387762e-158	3	0	3	1
ENDOD1	3	A2780,PEO1,UWB_BRCAdef	FALSE	-0.8473226712410089	0.03300065839988431	-25.67593230939839	2.171095607582718e-145	-0.9120027731708914	-0.7826425693111264	0	0.7716491573869402	0.6798897823738531	0	-0.8473226712410089	0.03300065839988431	-25.67593230939839	2.171095607582718e-145	NA	NA	NA	NA	2.2931421963804037e-142	DOWN	2.171095607582718e-145	3	0	3	1
URB1	3	A2780,PEO1,UWB_BRCAdef	FALSE	0.6709009539218961	0.026569181544856758	25.25109600343593	1.1016016683684997e-140	0.6188263149952705	0.7229755928485216	5.460552991482267e-6	1.7075669854543731	0.42580086599103484	0.07184645972951233	0.670902713218114	0.026485322416607247	25.331113688743844	1.451301230176907e-141	NA	NA	NA	NA	9.049657705647225e-138	UP	1.1016016683684997e-140	3	3	0	1
USP18	3	A2780,PEO1,UWB_BRCAdef	FALSE	-0.9359417247345541	0.04142895953436531	-22.591485165303045	5.255106440234366e-113	-1.0171409933388773	-0.8547424561302308	0	0.5152202885177066	0.7728964915137865	0	-0.9359417247345541	0.04142895953436531	-22.591485165303045	5.255106440234366e-113	NA	NA	NA	NA	3.8853629465872785e-110	DOWN	5.255106440234366e-113	3	0	3	1
NEDD9	3	A2780,PEO1,UWB_BRCAdef	FALSE	0.7321176085529686	0.037895570921715346	19.31934499853233	3.693067101003233e-83	0.6578436543728232	0.806391562733114	2.365131247202845e-6	1.3406484975397892	0.5115426838065636	0.021333937063788156	0.7321190339150205	0.0378724379704878	19.3311831280977	2.9360730472221235e-83	NA	NA	NA	NA	2.1003608931744156e-80	UP	3.693067101003233e-83	3	3	0	1
DNAJB11	3	A2780,PEO1,UWB_BRCAdef	FALSE	-0.7660324154678575	0.04065818519191923	-18.84079212714358	3.496929036031119e-79	-0.845720994120779	-0.686343836814936	0.0014549463248764787	1.9154751954948197	0.3837601243539631	19.487951598126195	-0.7805243373568498	0.026401612674960395	-29.56350988729974	4.4030889925531745e-192	NA	NA	NA	NA	1.9151514687330428e-76	DOWN	3.496929036031119e-79	3	0	3	1
GTF2E2	3	A2780,PEO1,UWB_BRCAdef	FALSE	-0.7319880638569554	0.040408886768691005	-18.114531787203383	2.447459104120723e-73	-0.8111880265789468	-0.6527881011349639	2.632016210869129e-6	4.130832955631927	0.12676548456034373	0.01874195529183253	-0.7320043592559996	0.040383880848747104	-18.126151916841092	1.9814962420213714e-73	NA	NA	NA	NA	1.2479509576770045e-70	DOWN	2.447459104120723e-73	3	0	3	1
DFFA	3	A2780,PEO1,UWB_BRCAdef	FALSE	0.45402361768111216	0.02545097828525493	17.839142079035586	3.510442630049701e-71	0.4041406168707015	0.5039066184915229	0	0.03868468447751796	0.9808435205929827	0	0.45402361768111216	0.02545097828525493	17.839142079035586	3.510442630049701e-71	NA	NA	NA	NA	1.6744811345337073e-68	UP	3.510442630049701e-71	3	3	0	1
LRRC8B	3	A2780,PEO1,UWB_BRCAdef	FALSE	-0.8454039198686563	0.04795015829989378	-17.630889028170923	1.4270539544566612e-69	-0.9393845031894424	-0.7514233365478701	0	0.29741034863850135	0.8618231650481848	0	-0.8454039198686563	0.04795015829989378	-17.630889028170923	1.4270539544566612e-69	NA	NA	NA	NA	6.39449903774262e-67	DOWN	1.4270539544566612e-69	3	0	3	1
TUBB6	3	A2780,PEO1,UWB_BRCAdef	FALSE	0.6819187690342039	0.039281155632376975	17.359946723974215	1.658772695609969e-67	0.6049291187236323	0.7589084193447755	1.4325018052713444e-6	1.5512641487094532	0.4604126739642082	0.008441564755731748	0.68192151101135	0.0392662336261048	17.36661370440169	1.4768860861827854e-67	NA	NA	NA	NA	6.4548083815748984e-65	UP	1.658772695609969e-67	3	3	0	1
TMED4	3	A2780,PEO1,UWB_BRCAdef	FALSE	-0.42571912009881663	0.026267855841394717	-16.206846979415	4.511272294144006e-59	-0.47720317149904035	-0.3742350686985929	0	0.6237848293610518	0.7320602829312252	0	-0.42571912009881663	0.026267855841394717	-16.206846979415	4.511272294144006e-59	NA	NA	NA	NA	1.6677045853376854e-56	DOWN	4.511272294144006e-59	3	0	3	1
BAMBI	3	A2780,PEO1,UWB_BRCAdef	FALSE	-0.7852731998272247	0.04845934800580882	-16.20478260939652	4.665338762052054e-59	-0.8802517766329028	-0.6902946230215465	1.5493477126881186e-6	2.083778312620557	0.35278758114321984	0.0017380319614823676	-0.7852720456108192	0.04844420156354419	-16.209825330298383	4.297883642181765e-59	NA	NA	NA	NA	1.682594250596676e-56	DOWN	4.665338762052054e-59	3	0	3	1
JUN	3	A2780,PEO1,UWB_BRCAdef	FALSE	0.9120798035445721	0.05676657922310299	16.067196861729723	4.332392731317975e-58	0.8008193527417505	1.0233402543473937	5.290116973318875e-6	2.248310938169134	0.3249267622127447	0.036025112120691406	0.9120839998696091	0.056740421807762065	16.07467781892373	3.83984510942926e-58	NA	NA	NA	NA	1.4898393329767185e-55	UP	4.332392731317975e-58	3	3	0	1
SYNE1	3	A2780,PEO1,UWB_BRCAdef	FALSE	0.48088731813540136	0.030139010820255892	15.955643700562513	2.6027621374743987e-57	0.4218159423980368	0.5399586938727658	0	0.13888870931393837	0.9329120441509607	0	0.48088731813540136	0.030139010820255892	15.955643700562513	2.6027621374743987e-57	NA	NA	NA	NA	8.747055392462258e-55	UP	2.6027621374743987e-57	3	3	0	1
LHFPL2	3	A2780,PEO1,UWB_BRCAdef	FALSE	-0.5857660194537324	0.03703986046262014	-15.814476948283199	2.472545687139427e-56	-0.658362811952857	-0.5131692269546079	7.933961687972202e-7	2.931260643426743	0.2309323838964506	0.004291297230672673	-0.5857637497763649	0.03703073843036701	-15.818311343637967	2.3264916962735256e-56	NA	NA	NA	NA	7.779049590581e-54	DOWN	2.472545687139427e-56	3	0	3	1
UCK1	3	A2780,PEO1,UWB_BRCAdef	FALSE	0.6302033058456442	0.040159205849016805	15.692623709118319	1.698861289608262e-55	0.551492708733841	0.7089139029574474	0	0.6323467892936874	0.7289330461209431	0	0.6302033058456442	0.040159205849016805	15.692623709118319	1.698861289608262e-55	NA	NA	NA	NA	5.233554560299451e-53	UP	1.698861289608262e-55	3	3	0	1
TSHZ1	3	A2780,PEO1,UWB_BRCAdef	FALSE	-0.3798827116196148	0.02456341270401833	-15.465388144436044	5.941405844470523e-54	-0.4280261158568843	-0.33173930738234525	0	1.817158991365013	0.4030964177373688	0	-0.3798827116196148	0.02456341270401833	-15.465388144436044	5.941405844470523e-54	NA	NA	NA	NA	1.7571113644437124e-51	DOWN	5.941405844470523e-54	3	0	3	1
HEBP2	3	A2780,PEO1,UWB_BRCAdef	FALSE	-0.48693380798267827	0.032886947580846634	-14.80629379742949	1.3339536978801814e-49	-0.5513910408025944	-0.4224765751627622	0	1.1949021554354395	0.5502122986336773	0	-0.48693380798267827	0.032886947580846634	-14.80629379742949	1.3339536978801814e-49	NA	NA	NA	NA	3.793302563568124e-47	DOWN	1.3339536978801814e-49	3	0	3	1
LRRC47	3	A2780,PEO1,UWB_BRCAdef	FALSE	0.5052910419291756	0.03495466777145504	14.45560991261403	2.310737929988553e-47	0.4367811520055608	0.5738009318527905	0	0.1760577410395606	0.9157344386124631	0	0.5052910419291756	0.03495466777145504	14.45560991261403	2.310737929988553e-47	NA	NA	NA	NA	6.32757069828532e-45	UP	2.310737929988553e-47	3	3	0	1
TDRKH	3	A2780,PEO1,UWB_BRCAdef	FALSE	-0.4288524587968963	0.03033016244606805	-14.139471213168262	2.1690811545779353e-45	-0.48829848483643895	-0.3694064327573537	3.3302602898321557e-7	2.1570555628279107	0.34009585269455345	0.0023045569308919444	-0.4288531243132108	0.030325370922521945	-14.141727249070897	2.1006439936984933e-45	NA	NA	NA	NA	5.627053163639286e-43	DOWN	2.1690811545779353e-45	3	0	3	1
LMAN1	3	A2780,PEO1,UWB_BRCAdef	FALSE	-0.5857208535097608	0.041508817186831776	-14.110757501795893	3.2605667577026305e-45	-0.6670766402368082	-0.5043650667827133	0	1.0988366311249904	0.5772855107327761	0	-0.5857208535097608	0.041508817186831776	-14.110757501795893	3.2605667577026305e-45	NA	NA	NA	NA	8.31275873209462e-43	DOWN	3.2605667577026305e-45	3	0	3	1
RUFY3	3	A2780,PEO1,UWB_BRCAdef	FALSE	-0.48205913674626444	0.03439809427941284	-14.01412336481604	1.2776618724085435e-44	-0.5494781626707268	-0.414640110821802	1.4448781549505138e-7	3.059794517170343	0.2165579156397205	0.002891939304943263	-0.48205994805732116	0.0343969887776019	-14.014597358336829	1.2691603541207707e-44	NA	NA	NA	NA	3.148797684550855e-42	DOWN	1.2776618724085435e-44	3	0	3	1
FAM86B1	3	A2780,PEO1,UWB_BRCAdef	FALSE	0.8052574717596558	0.058549698893761146	13.753400734319767	4.859070289199674e-43	0.6905021706222193	0.9200127728970923	2.767789464418131e-6	2.8146395511104867	0.24479851964715532	0.0063200678001773935	0.8052670640927762	0.05852975843640725	13.758250257733442	4.543915164477312e-43	NA	NA	NA	NA	1.122673005724931e-40	UP	4.859070289199674e-43	3	3	0	1
FAR2	3	A2780,PEO1,UWB_BRCAdef	FALSE	-0.7544018418332081	0.05524831489886981	-13.654748442809801	1.891413580657866e-42	-0.8626865492415207	-0.6461171344248956	0	1.0167335446513661	0.6014771261368299	0	-0.7544018418332081	0.05524831489886981	-13.654748442809801	1.891413580657866e-42	NA	NA	NA	NA	4.237626154119373e-40	DOWN	1.891413580657866e-42	3	0	3	1
PP2D1	3	A2780,PEO1,UWB_BRCAdef	FALSE	-0.632060570046965	0.0471212719632657	-13.413487024282793	5.041163480254845e-41	-0.7244165660006828	-0.5397045740932472	7.970816756112064e-7	2.098701713755841	0.35016498253967604	3.818565030423928e-4	-0.6320613379625133	0.047112993371163814	-13.415860312314088	4.882341970257139e-41	NA	NA	NA	NA	1.049911047641245e-38	DOWN	5.041163480254845e-41	3	0	3	1
PEX6	3	A2780,PEO1,UWB_BRCAdef	FALSE	0.6494248292652791	0.049169105829362146	13.207985345901172	7.8908192494182e-40	0.5530551526876909	0.7457945058428673	0	1.6538770957304685	0.4373862758605037	0	0.6494248292652791	0.049169105829362146	13.207985345901172	7.8908192494182e-40	NA	NA	NA	NA	1.576777624880364e-37	UP	7.8908192494182e-40	3	3	0	1
BACE1	3	A2780,PEO1,UWB_BRCAdef	FALSE	-0.4629792205528157	0.03577157269693871	-12.942657692890224	2.585286459412473e-38	-0.5330902147091718	-0.3928682263964595	0	1.510599950292689	0.4698696443724597	0	-0.4629792205528157	0.03577157269693871	-12.942657692890224	2.585286459412473e-38	NA	NA	NA	NA	4.901106522478492e-36	DOWN	2.585286459412473e-38	3	0	3	1
CYSTM1	3	A2780,PEO1,UWB_BRCAdef	FALSE	-0.48409165497786216	0.03817016189327659	-12.68246271345083	7.397065160335513e-37	-0.5589037975727474	-0.40927951238297683	0	0.6175171902417161	0.7343580262407166	0	-0.48409165497786216	0.03817016189327659	-12.68246271345083	7.397065160335513e-37	NA	NA	NA	NA	1.3845620572896359e-34	DOWN	7.397065160335513e-37	3	0	3	1
TULP3	3	A2780,PEO1,UWB_BRCAdef	FALSE	-0.7375399719500021	0.0583046821707346	-12.649755465440172	1.1222356748512779e-36	-0.8518150491346965	-0.6232648947653077	0.0014546029983562184	1.5453583314106902	0.4617742398318888	7.2116665785008855	-0.7460918883115188	0.04871780673254222	-15.314562340778552	6.112191286719264e-53	NA	NA	NA	NA	2.0743123655032307e-34	DOWN	1.1222356748512779e-36	3	0	3	1
SLC9A3	3	A2780,PEO1,UWB_BRCAdef	FALSE	0.6450341515234393	0.051097835517269326	12.623512228917011	1.5667454907867987e-36	0.5448842342216399	0.7451840688252388	7.026941618727306e-7	1.1308411780170773	0.5681211509899424	0.0031107577911626484	0.645032710183694	0.05109254864677485	12.624790253527719	1.5415163147144187e-36	NA	NA	NA	NA	2.8601809348474555e-34	UP	1.5667454907867987e-36	3	3	0	1
TOP3A	3	A2780,PEO1,UWB_BRCAdef	FALSE	0.3815700535275948	0.030229949179414583	12.622252563607654	1.5920137372462673e-36	0.3223204418814661	0.44081966517372356	0	1.3061110719533138	0.5204530816164745	0	0.3815700535275948	0.030229949179414583	12.622252563607654	1.5920137372462673e-36	NA	NA	NA	NA	2.8708667234951898e-34	UP	1.5920137372462673e-36	3	3	0	1
ZNF92	3	A2780,PEO1,UWB_BRCAdef	FALSE	-0.671972236541052	0.053330424378187184	-12.600166684889482	2.106987688163414e-36	-0.7764979476025358	-0.5674465254795682	0	1.2614917862192256	0.5321946925709241	0	-0.671972236541052	0.053330424378187184	-12.600166684889482	2.106987688163414e-36	NA	NA	NA	NA	3.7090508267705236e-34	DOWN	2.106987688163414e-36	3	0	3	1
SMPDL3A	3	A2780,PEO1,UWB_BRCAdef	FALSE	-0.7666211447375001	0.06107569900251634	-12.551983149728914	3.8767742271438686e-36	-0.886327315113041	-0.6469149743619592	0.0022559917595595786	2.524639157878974	0.2829968310967758	18.162899173963172	-0.7693149755673806	0.05167367404555382	-14.887948065956714	3.9469796877342894e-50	NA	NA	NA	NA	6.744218881973693e-34	DOWN	3.8767742271438686e-36	3	0	3	1
GRN	3	A2780,PEO1,UWB_BRCAdef	FALSE	0.498256621813397	0.040787155360402935	12.216017945127781	2.552859883603955e-34	0.41831526627516746	0.5781979773516266	4.355552280934636e-6	3.585646553295332	0.16648945970381768	0.03815121099243127	0.49825513003484645	0.04074929107194679	12.227332474450394	2.2211342207497483e-34	NA	NA	NA	NA	4.289674897596782e-32	UP	2.552859883603955e-34	3	3	0	1
SERPING1	3	A2780,PEO1,UWB_BRCAdef	TRUE	-0.9228834236557923	0.07565624853651316	-12.198376756817265	3.1708195644226088e-34	-1.0711669459927693	-0.7745999013188154	0	8.169791775279645	0.016824890903882575	0	-0.9228834236557923	0.07565624853651316	-12.198376756817265	3.1708195644226088e-34	-1.03216009568858	0.33724934915629834	0.002209492453290698	0.20668901455645658	5.268192011136754e-32	DOWN	3.1708195644226088e-34	3	0	3	1
MAPK7	3	A2780,PEO1,UWB_BRCAdef	TRUE	0.6164519490151545	0.05080489347755804	12.13371206628863	7.000273851935147e-34	0.5168761875607469	0.7160277104695622	0	4.316279758080386	0.11553983935200449	0	0.6164519490151545	0.05080489347755804	12.13371206628863	7.000273851935147e-34	0.6666226609084003	0.125455200357431	1.0746202764342533e-7	0.025871250550348963	1.1375060378963187e-31	UP	7.000273851935147e-34	3	3	0	1
MEMO1	3	A2780,PEO1,UWB_BRCAdef	FALSE	-0.3411983663928752	0.02833393425284533	-12.042039885746245	2.136073968336619e-33	-0.39673185706877784	-0.2856648757169726	6.057212964751604e-6	2.0951324167008196	0.3507904619245718	0.11611816009638062	-0.3411922363331432	0.028259774905460347	-12.07342370824115	1.459339111243289e-33	NA	NA	NA	NA	3.3963576096552244e-31	DOWN	2.136073968336619e-33	3	0	3	1
OGFOD1	3	A2780,PEO1,UWB_BRCAdef	FALSE	-0.4018399457811427	0.03349547467478062	-11.996842847660721	3.691093250379099e-33	-0.46748986978878615	-0.3361900217734992	5.809182339234844e-6	2.8026371580555276	0.24627202063543746	0.10567131319845377	-0.4018642820163202	0.03344407607314462	-12.016007891424893	2.9277792566729293e-33	NA	NA	NA	NA	5.8064038184421e-31	DOWN	3.691093250379099e-33	3	0	3	1
RPN2	3	A2780,PEO1,UWB_BRCAdef	FALSE	-0.4554224828927171	0.038483731398909184	-11.83415605342329	2.599449486662948e-32	-0.5308492104252923	-0.37999575536014185	0.0010158706388698358	2.175111825916238	0.3370392411058361	20.847092255242476	-0.4625162018533423	0.03237723070504802	-14.28523044687791	2.705131692189352e-46	NA	NA	NA	NA	4.046111532556317e-30	DOWN	2.599449486662948e-32	3	0	3	1
PLA2G15	3	A2780,PEO1,UWB_BRCAdef	FALSE	0.5234364175698221	0.044321343367860096	11.810030513411634	3.464355382268525e-32	0.43656818082238313	0.610304654317261	1.9273909499538273e-6	2.6862399256804057	0.26102999292501466	0.013447131471177685	0.5234400768433082	0.044305555247861596	11.814321565659014	3.291955187410455e-32	NA	NA	NA	NA	5.2811776327427506e-30	UP	3.464355382268525e-32	3	3	0	1
SLFN13	3	A2780,PEO1,UWB_BRCAdef	FALSE	0.2970195807747121	0.025256930884201674	11.759923726936243	6.279099226944438e-32	0.24751690588165942	0.34652225566776473	4.056254406060127e-4	1.5494210523033873	0.4608371619996052	6.36804380060889	0.3023601216760181	0.01712483661092729	17.656233956888286	9.112025447865063e-70	NA	NA	NA	NA	9.378690936245193e-30	UP	6.279099226944438e-32	3	3	0	1
ITGB1BP1	3	A2780,PEO1,UWB_BRCAdef	FALSE	-0.34743977200081044	0.03015859692622041	-11.520422281274639	1.0409956622418401e-30	-0.4065495358004628	-0.28833000820115806	0	0.6417762151376591	0.7255044249026105	0	-0.34743977200081044	0.03015859692622041	-11.520422281274639	1.0409956622418401e-30	NA	NA	NA	NA	1.5091375350558912e-28	DOWN	1.0409956622418401e-30	3	0	3	1
PLEKHM1	3	A2780,PEO1,UWB_BRCAdef	FALSE	0.558149927720647	0.048685808725304626	11.464324868666433	1.9930777697493513e-30	0.462727496060844	0.65357235938045	0	0.6494344324463903	0.7227317015477545	0	0.558149927720647	0.048685808725304626	11.464324868666433	1.9930777697493513e-30	NA	NA	NA	NA	2.7543589702134255e-28	UP	1.9930777697493513e-30	3	3	0	1
SLC39A10	3	A2780,PEO1,UWB_BRCAdef	FALSE	-0.5214235055666989	0.045981825400877814	-11.339773943744841	8.335950866164699e-30	-0.6115462272958284	-0.43130078383756937	0	0.9766382998936474	0.6136569931902127	0	-0.5214235055666989	0.045981825400877814	-11.339773943744841	8.335950866164699e-30	NA	NA	NA	NA	1.1413306060923832e-27	DOWN	8.335950866164699e-30	3	0	3	1
LCORL	3	A2780,PEO1,UWB_BRCAdef	FALSE	-0.542426214076618	0.04813411735164928	-11.269059118999968	1.8655269787441907e-29	-0.636767350513475	-0.4480850776397609	0	0.47007329892008887	0.7905418761649039	0	-0.542426214076618	0.04813411735164928	-11.269059118999968	1.8655269787441907e-29	NA	NA	NA	NA	2.485184453575707e-27	DOWN	1.8655269787441907e-29	3	0	3	1
KCTD21	3	A2780,PEO1,UWB_BRCAdef	FALSE	0.7387375314646804	0.06577345594122634	11.231545019084892	2.854430387239914e-29	0.6098239266811447	0.867651136248216	0.004122108861338207	2.902846784120328	0.2342366401204448	24.484092299334968	0.7640471866408233	0.04351297228995006	17.55906678931448	5.070192970121227e-69	NA	NA	NA	NA	3.7686126907246974e-27	UP	2.854430387239914e-29	3	3	0	1
TMX3	3	A2780,PEO1,UWB_BRCAdef	FALSE	-0.5534772950490818	0.04929349487910154	-11.228201538692968	2.964511775554444e-29	-0.6500907696842304	-0.45686382041393325	0	1.2015387329962437	0.5483895611934001	0	-0.5534772950490818	0.04929349487910154	-11.228201538692968	2.964511775554444e-29	NA	NA	NA	NA	3.879312887179076e-27	DOWN	2.964511775554444e-29	3	0	3	1
FRMD4A	3	A2780,PEO1,UWB_BRCAdef	FALSE	-0.3978718722965176	0.035625621379928384	-11.168138460054488	5.839179339771165e-29	-0.46769680712803735	-0.32804693746499786	0	1.5915229403548083	0.45123750016801484	0	-0.3978718722965176	0.035625621379928384	-11.168138460054488	5.839179339771165e-29	NA	NA	NA	NA	7.508169121495323e-27	DOWN	5.839179339771165e-29	3	0	3	1
B4GALT1	3	A2780,PEO1,UWB_BRCAdef	FALSE	-0.4732177072408082	0.04427447038769609	-10.688274825130733	1.154993336646752e-26	-0.5599940746352776	-0.38644133984633877	0.001619880286420398	1.7652800291630426	0.4136893229268687	15.142336314985226	-0.4613922592623087	0.027821916576178957	-16.583769777289586	9.131649089002595e-62	NA	NA	NA	NA	1.4473632600843662e-24	DOWN	1.154993336646752e-26	3	0	3	1
SIX2	3	A2780,PEO1,UWB_BRCAdef	FALSE	-0.5047331234068619	0.04732920658720818	-10.664305611733576	1.4951165646732185e-26	-0.5974966637346458	-0.41196958307907805	0	0.5142032352597636	0.7732896299133604	0	-0.5047331234068619	0.04732920658720818	-10.664305611733576	1.4951165646732185e-26	NA	NA	NA	NA	1.8578393816657884e-24	DOWN	1.4951165646732185e-26	3	0	3	1
PTS	3	A2780,PEO1,UWB_BRCAdef	FALSE	-0.37479643942614094	0.03588335310720589	-10.444855538064989	1.546907242456833e-25	-0.44512651916079793	-0.30446635969148395	0	0.16681882238313314	0.9199744222832464	0	-0.37479643942614094	0.03588335310720589	-10.444855538064989	1.546907242456833e-25	NA	NA	NA	NA	1.8596843409926172e-23	DOWN	1.546907242456833e-25	3	0	3	1
SEC11A	3	A2780,PEO1,UWB_BRCAdef	FALSE	-0.29213162196606385	0.02811846003767466	-10.389317963169029	2.773291085172736e-25	-0.3472427909406349	-0.23702045299149274	1.7261860171788723e-6	2.6280177445840245	0.2687405474892042	0.031913750686618975	-0.29214274988660566	0.028096724623218616	-10.397751118832701	2.53853571199383e-25	NA	NA	NA	NA	3.2546551806705754e-23	DOWN	2.773291085172736e-25	3	0	3	1
ARF1	3	A2780,PEO1,UWB_BRCAdef	FALSE	0.4558094801733739	0.04389945280831415	10.383033295737295	2.9621126882396253e-25	0.36976813372806244	0.5418508266186853	0.001981820093719284	1.9512139525940393	0.376963476213717	18.033624299674234	0.47493358771552174	0.02009985464040403	23.628707580841244	1.9542736085157092e-123	NA	NA	NA	NA	3.448878765433019e-23	UP	2.9621126882396253e-25	3	3	0	1
AMZ2	3	A2780,PEO1,UWB_BRCAdef	FALSE	0.311759361950169	0.0301632515324068	10.335734581373659	4.856765670599505e-25	0.2526404752900291	0.37087824861030894	0	1.1895097938974115	0.5516977721047575	0	0.311759361950169	0.0301632515324068	10.335734581373659	4.856765670599505e-25	NA	NA	NA	NA	5.610702653996475e-23	UP	4.856765670599505e-25	3	3	0	1
BCL3	3	A2780,PEO1,UWB_BRCAdef	FALSE	-0.597711991808115	0.057956445671379954	-10.313123672166062	6.1470248449866e-25	-0.7113045379959719	-0.48411944562025794	0	0.18297173022288976	0.9125742151956778	0	-0.597711991808115	0.057956445671379954	-10.313123672166062	6.1470248449866e-25	NA	NA	NA	NA	7.046205921148593e-23	DOWN	6.1470248449866e-25	3	0	3	1
SFXN3	3	A2780,PEO1,UWB_BRCAdef	FALSE	0.5857519169936322	0.057681419556041995	10.154949748151196	3.1497240300497095e-24	0.47269841208664554	0.6988054219006188	0.004038053983766721	2.9032693037011827	0.23418716056364697	38.90265211129671	0.6054559689146805	0.039051350196692855	15.504098215942218	3.2545395543957447e-54	NA	NA	NA	NA	3.5553411627744316e-22	UP	3.1497240300497095e-24	3	3	0	1
TRAM1	3	A2780,PEO1,UWB_BRCAdef	FALSE	-0.6410711916203453	0.06351963482142503	-10.092488620607016	5.96380464092331e-24	-0.7655673881814746	-0.516574995059216	4.800716440215059e-6	2.352500092770316	0.3084331828210199	0.03113351692377928	-0.6410784122680402	0.0635016157220871	-10.09546615433693	5.7855534485527375e-24	NA	NA	NA	NA	6.630584904160375e-22	DOWN	5.96380464092331e-24	3	0	3	1
TMEM63A	3	A2780,PEO1,UWB_BRCAdef	FALSE	0.3192780992612397	0.03164346431138952	10.089859192386879	6.1257325024307624e-24	0.25725804886483766	0.3812981496576417	0	1.0254169398913984	0.5988713551579203	0	0.3192780992612397	0.03164346431138952	10.089859192386879	6.1257325024307624e-24	NA	NA	NA	NA	6.759791530854006e-22	UP	6.1257325024307624e-24	3	3	0	1
LEO1	3	A2780,PEO1,UWB_BRCAdef	FALSE	-0.3265162831272753	0.03256557681720253	-10.02642406612603	1.1666549792135617e-23	-0.3903436408247648	-0.26268892542978584	1.036731852195488e-6	4.004245953961559	0.13504827431008276	0.017223987852435525	-0.32652288728249523	0.032555265239967004	-10.029802702440712	1.1274165623840298e-23	NA	NA	NA	NA	1.2778760872319212e-21	DOWN	1.1666549792135617e-23	3	0	3	1
TYW1	3	A2780,PEO1,UWB_BRCAdef	FALSE	-0.6635280956563552	0.06686916580312695	-9.92278111573701	3.313912719152738e-23	-0.7945892523067214	-0.532466939005989	0.005366518134487324	2.9718021095614247	0.22629834158054227	36.17374666296605	-0.6952046166028855	0.04283136626681531	-16.23120337259736	3.0345154363629077e-59	NA	NA	NA	NA	3.576848713730769e-21	DOWN	3.313912719152738e-23	3	0	3	1
GBP4	3	A2780,PEO1,UWB_BRCAdef	FALSE	-0.2961622171079711	0.030051635155724534	-9.855111562924561	6.514430818877368e-23	-0.3550623396897289	-0.23726209452621327	1.2281812523774029e-6	2.554358919534219	0.27882262284143	0.0027853418976735	-0.2961636863784015	0.030032030740028547	-9.861593741100439	6.107219497132846e-23	NA	NA	NA	NA	6.930135864657527e-21	DOWN	6.514430818877368e-23	3	0	3	1
PCTP	3	A2780,PEO1,UWB_BRCAdef	FALSE	0.3269469453795584	0.03319537015780571	9.849173057125215	6.91102377083951e-23	0.2618852154167835	0.39200867534233325	0	0.6347420917486778	0.7280605611341411	0	0.3269469453795584	0.03319537015780571	9.849173057125215	6.91102377083951e-23	NA	NA	NA	NA	7.299522035671702e-21	UP	6.91102377083951e-23	3	3	0	1
PTPRD	3	A2780,PEO1,UWB_BRCAdef	FALSE	-0.130982177243677	0.013454344391974139	-9.735307305037562	2.131723876293924e-22	-0.15735220768754477	-0.10461214679980924	1.0017547914486677e-6	5.127892510874952	0.07700027733070466	0.013424246313924809	-0.13097980470151702	0.013418871100614273	-9.76086615032178	1.6573363311450915e-22	NA	NA	NA	NA	2.219845137940722e-20	DOWN	2.131723876293924e-22	3	0	3	1
PPP4R4	3	A2780,PEO1,UWB_BRCAdef	FALSE	0.6818676636166943	0.07057361526031605	9.66179302422831	4.3812745118081045e-22	0.5435459194476885	0.8201894077857	0	0.6759015738966874	0.7132303872784933	0	0.6818676636166943	0.07057361526031605	9.66179302422831	4.3812745118081045e-22	NA	NA	NA	NA	4.4679935314556165e-20	UP	4.3812745118081045e-22	3	3	0	1
MARVELD1	3	A2780,PEO1,UWB_BRCAdef	FALSE	0.3092746856422109	0.03209727314894357	9.635543935681346	5.659148149961646e-22	0.24636518626833698	0.3721841850160848	5.06280401804027e-6	3.411250066600492	0.1816588078797488	0.06310925737596565	0.30927523589833406	0.032038577397257455	9.653213751145156	4.763888642866327e-22	NA	NA	NA	NA	5.731631759827594e-20	UP	5.659148149961646e-22	3	3	0	1
PPP1CB	3	A2780,PEO1,UWB_BRCAdef	FALSE	-0.44386529898125937	0.046692192678452024	-9.506199506156385	1.977555822811422e-21	-0.5353803149902301	-0.3523502829722886	0	0.32678612675263546	0.8492573108554012	0	-0.44386529898125937	0.046692192678452024	-9.506199506156385	1.977555822811422e-21	NA	NA	NA	NA	1.9758187805346281e-19	DOWN	1.977555822811422e-21	3	0	3	1
FPGS	3	A2780,PEO1,UWB_BRCAdef	FALSE	0.4972596389001329	0.05293974384336286	9.392936247886192	5.835045966329565e-21	0.3934996476163657	0.6010196301839001	0.0010994618068220208	1.7237874724832352	0.42236148324738404	11.974800032576454	0.49753697092585647	0.04845132883524175	10.268799285520648	9.740944975367093e-25	NA	NA	NA	NA	5.773419443082655e-19	UP	5.835045966329565e-21	3	3	0	1
DNM1L	3	A2780,PEO1,UWB_BRCAdef	FALSE	-0.3660394650477757	0.03897126240763112	-9.392548314680717	5.85658292055453e-21	-0.4424217357987924	-0.28965719429675896	1.5824991521601282e-6	2.1174305238415596	0.34690120134649327	0.02713946618605603	-0.3660433882922619	0.03896153302084881	-9.394994496145403	5.7220814723549946e-21	NA	NA	NA	NA	5.773419443082655e-19	DOWN	5.85658292055453e-21	3	0	3	1
SCARB1	3	A2780,PEO1,UWB_BRCAdef	FALSE	-0.44367636624608914	0.047842005643729334	-9.273782741260177	1.7965866422199083e-20	-0.5374449742559606	-0.34990775823621767	0.0014222651537562213	2.4788622627554773	0.28954888637332576	9.376961660409195	-0.45076215803099945	0.034749233396190286	-12.971859059210743	1.7669220547128678e-38	NA	NA	NA	NA	1.7363481489219465e-18	DOWN	1.7965866422199083e-20	3	0	3	1
POLR3G	3	A2780,PEO1,UWB_BRCAdef	FALSE	-0.6085478692877169	0.06564603927165513	-9.270138397374382	1.8590454630799187e-20	-0.7372117419878629	-0.47988399658757086	0	1.1966586935666828	0.5497292763350827	0	-0.6085478692877169	0.06564603927165513	-9.270138397374382	1.8590454630799187e-20	NA	NA	NA	NA	1.785045796270309e-18	DOWN	1.8590454630799187e-20	3	0	3	1
SIM2	3	A2780,PEO1,UWB_BRCAdef	FALSE	0.5012687598354842	0.054366864266716206	9.22011535144514	2.967807751807328e-20	0.39471166392034285	0.6078258557506256	0.002125118572596212	3.1739608760578717	0.2045423083646045	16.342072279079083	0.4959491567492799	0.04019295977008832	12.339204666344733	5.570339786576422e-35	NA	NA	NA	NA	2.8312885952241914e-18	UP	2.967807751807328e-20	3	3	0	1
PEX7	3	A2780,PEO1,UWB_BRCAdef	FALSE	-0.42822132031945365	0.04654582173716462	-9.199994851042437	3.5796691489325824e-20	-0.5194494545551178	-0.3369931860837894	0	0.8566609040993605	0.65159605796522	0	-0.42822132031945365	0.04654582173716462	-9.199994851042437	3.5796691489325824e-20	NA	NA	NA	NA	3.3931133144401343e-18	DOWN	3.5796691489325824e-20	3	0	3	1
SART1	3	A2780,PEO1,UWB_BRCAdef	FALSE	0.6324968219192137	0.0688028198158787	9.192890983419296	3.824225177843071e-20	0.4976457730452928	0.7673478707931347	0	0.06206052640849964	0.9694462340826909	0	0.6324968219192137	0.0688028198158787	9.192890983419296	3.824225177843071e-20	NA	NA	NA	NA	3.5790390952383214e-18	UP	3.824225177843071e-20	3	3	0	1
RHBDF2	3	A2780,PEO1,UWB_BRCAdef	FALSE	0.6868795637475916	0.07473397160500266	9.190995058820242	3.8922397102902155e-20	0.5404036709801474	0.8333554565150358	0.0057180915762141005	3.078507267505789	0.21454116797180292	24.127381135634696	0.7035347673536911	0.04336943647065165	16.221902441129878	3.5308644526650612e-59	NA	NA	NA	NA	3.619782930569901e-18	UP	3.8922397102902155e-20	3	3	0	1
CCDC69	3	A2780,PEO1,UWB_BRCAdef	FALSE	0.3404547985738197	0.03711154835391517	9.173823612183043	4.565317705519849e-20	0.26771750038962927	0.41319209675801016	0	0.08336174288565341	0.959175832134375	0	0.3404547985738197	0.03711154835391517	9.173823612183043	4.565317705519849e-20	NA	NA	NA	NA	4.167120550093951e-18	UP	4.565317705519849e-20	3	3	0	1
OIP5	3	A2780,PEO1,UWB_BRCAdef	FALSE	0.33577982230292425	0.037337189388081705	8.993173503576772	2.401926448895393e-19	0.262600275818333	0.4089593687875155	8.90756504616418e-4	1.5106122993967055	0.46986674314686017	15.58107551441463	0.34258723251538226	0.02941232475203952	11.64774411419575	2.3561356273263216e-31	NA	NA	NA	NA	2.1525628121100713e-17	UP	2.401926448895393e-19	3	3	0	1
FCHO2	3	A2780,PEO1,UWB_BRCAdef	FALSE	-0.6109702826052023	0.06816184176603393	-8.963523677989258	3.1446502466470483e-19	-0.7445650375865468	-0.4773755276238577	0	0.19197372580856195	0.9084759507258358	0	-0.6109702826052023	0.06816184176603393	-8.963523677989258	3.1446502466470483e-19	NA	NA	NA	NA	2.8012013974198737e-17	DOWN	3.1446502466470483e-19	3	0	3	1
GSR	3	A2780,PEO1,UWB_BRCAdef	FALSE	-0.2893344744460823	0.03248458668805661	-8.906823325920904	5.251564783747905e-19	-0.3530030944073425	-0.22566585448482207	0	0.36660371584191687	0.832516816009312	0	-0.2893344744460823	0.03248458668805661	-8.906823325920904	5.251564783747905e-19	NA	NA	NA	NA	4.594963814040253e-17	DOWN	5.251564783747905e-19	3	0	3	1
ATL2	3	A2780,PEO1,UWB_BRCAdef	FALSE	-0.5947297172128089	0.06686889731169433	-8.89396627015711	5.896560097329629e-19	-0.725790347629637	-0.46366908679598073	0.005298013554625693	3.2595084959891496	0.1959777301296479	38.68817741720647	-0.6106013552805065	0.04975335756932227	-12.272565814874794	1.2715885797341412e-34	NA	NA	NA	NA	5.128966715247837e-17	DOWN	5.896560097329629e-19	3	0	3	1
TRAPPC13	3	A2780,PEO1,UWB_BRCAdef	FALSE	-0.4864862276112337	0.0548272605771239	-8.87307194432791	7.115533241533001e-19	-0.5939456837133893	-0.37902677150907815	0	0.7067719254770767	0.7023060770834104	0	-0.4864862276112337	0.0548272605771239	-8.87307194432791	7.115533241533001e-19	NA	NA	NA	NA	6.117290118752819e-17	DOWN	7.115533241533001e-19	3	0	3	1
TIMP2	3	A2780,PEO1,UWB_BRCAdef	FALSE	0.5175650310127973	0.0584438677314065	8.855762821711211	8.311343855673999e-19	0.4030171551420179	0.6321129068835767	0.004130801959374877	2.75875197029214	0.25173559080564323	31.155175227326797	0.4960174762560456	0.026126476672151074	18.985241771415897	2.2589411645822e-80	NA	NA	NA	NA	7.022848091077225e-17	UP	8.311343855673999e-19	3	3	0	1
TMEM217	3	A2780,PEO1,UWB_BRCAdef	FALSE	0.39864802707447256	0.0452621614956436	8.80753401741191	1.2792899128975251e-18	0.3099358206805755	0.4873602334683696	5.612697057156699e-4	1.8969021407377538	0.38734052225617066	4.271775920018042	0.4015324971903393	0.04056718380696086	9.89796331687784	4.2483847623454236e-23	NA	NA	NA	NA	1.0748215876145286e-16	UP	1.2792899128975251e-18	3	3	0	1
PIK3CA	3	A2780,PEO1,UWB_BRCAdef	FALSE	-0.41203943733152004	0.04768954790299877	-8.640036558317018	5.6195036613264854e-18	-0.5055092336603952	-0.3185696410026448	9.739539020272161e-4	2.6760559041769003	0.2623625502744193	13.881661595006662	-0.41102499812608884	0.04387544977043319	-9.367995092396079	7.392332966120534e-21	NA	NA	NA	NA	4.491654088650526e-16	DOWN	5.6195036613264854e-18	3	0	3	1
MRPS18B	3	A2780,PEO1,UWB_BRCAdef	FALSE	0.2739228904992184	0.03195620233010323	8.571822385827707	1.0186010631746932e-17	0.21128988484954114	0.3365558961488957	4.430138831467476e-6	1.6235811693200333	0.44406222291871944	0.07325784547960465	0.2739401976991843	0.03191023733979565	8.584712008943603	9.106426397032255e-18	NA	NA	NA	NA	7.969340699028671e-16	UP	1.0186010631746932e-17	3	3	0	1
RELA	3	A2780,PEO1,UWB_BRCAdef	FALSE	0.43593119484964726	0.05087882615397409	8.568027759335346	1.0527242391825659e-17	0.3362105280121835	0.535651861687111	0.002721170661733793	2.580704033164479	0.27517390026267996	31.964478291959722	0.42559854485721643	0.03508988682838767	12.12880927597942	7.432223902585593e-34	NA	NA	NA	NA	8.1929649077855795e-16	UP	1.0527242391825659e-17	3	3	0	1
VPS45	3	A2780,PEO1,UWB_BRCAdef	FALSE	-0.4449705567182074	0.05204103653694795	-8.550378438413471	1.2268558454831233e-17	-0.5469691140487585	-0.3429719993876564	3.891739865219495e-4	1.961450893004176	0.37503892946164513	2.3076904494673682	-0.4434624769206127	0.04938184465471446	-8.980273621234106	2.700942238383118e-19	NA	NA	NA	NA	9.448706972478617e-16	DOWN	1.2268558454831233e-17	3	0	3	1
LSM14A	3	A2780,PEO1,UWB_BRCAdef	FALSE	-0.4394105689595739	0.051518261526245196	-8.529219658076444	1.4733818919959485e-17	-0.54038450609713	-0.33843663182201783	0.0033933302173319276	3.2030854688139594	0.2015852854260203	40.981752254026084	-0.4189408802406968	0.03530826786848276	-11.865234562091228	1.7939900059099297e-32	NA	NA	NA	NA	1.1172768224073894e-15	DOWN	1.4733818919959485e-17	3	0	3	1
ZNF644	3	A2780,PEO1,UWB_BRCAdef	FALSE	-0.5541416822083934	0.06541270317777462	-8.47146892404647	2.4231763459666882e-17	-0.6823482245682404	-0.4259351398485465	0	1.5657278400134151	0.457095051296595	0	-0.5541416822083934	0.06541270317777462	-8.47146892404647	2.4231763459666882e-17	NA	NA	NA	NA	1.8281381952963988e-15	DOWN	2.4231763459666882e-17	3	0	3	1
BRMS1	3	A2780,PEO1,UWB_BRCAdef	FALSE	0.4788259986202321	0.0566947823873358	8.445680157107189	3.02280269404354e-17	0.3677062670297182	0.589945730210746	0.0025703536022987678	2.2108393104867887	0.33107191701936045	25.531957246516573	0.4748967666601991	0.046330443079672476	10.250209907199451	1.1808681308314326e-24	NA	NA	NA	NA	2.2689433216660825e-15	UP	3.02280269404354e-17	3	3	0	1
ESYT3	3	A2780,PEO1,UWB_BRCAdef	FALSE	0.2881353675577281	0.034172833868396535	8.431708317412895	3.406552151839285e-17	0.22115784392600035	0.3551128911894559	2.9950273120960536e-6	1.49307727853853	0.47400441676101274	0.016652194565293026	0.28813764974638995	0.03413467517273162	8.44120086944808	3.140938418400452e-17	NA	NA	NA	NA	2.54407508430543e-15	UP	3.406552151839285e-17	3	3	0	1
NADK2	3	A2780,PEO1,UWB_BRCAdef	FALSE	-0.23316648571775164	0.027777483713776547	-8.39408234814697	4.695469777421604e-17	-0.28760935337790156	-0.1787236180576017	0	1.52691063583349	0.4660532793994989	0	-0.23316648571775164	0.027777483713776547	-8.39408234814697	4.695469777421604e-17	NA	NA	NA	NA	3.489040783855943e-15	DOWN	4.695469777421604e-17	3	0	3	1
URM1	3	A2780,PEO1,UWB_BRCAdef	FALSE	0.3906215414892109	0.04833985359230066	8.080734889760345	6.437762790544043e-16	0.29587716943036246	0.48536591354805936	0.0018283872814687972	2.97090205596487	0.2264002048175333	20.250416105476305	0.39603311741700986	0.03629821649205657	10.910539296157346	1.0264559405380982e-27	NA	NA	NA	NA	4.643668213842671e-14	UP	6.437762790544043e-16	3	3	0	1
PANK1	3	A2780,PEO1,UWB_BRCAdef	FALSE	-0.3389262503949901	0.04198241169357935	-8.073053374559336	6.856161767440169e-16	-0.42121026529853883	-0.25664223549144133	0	0.31014280129758703	0.8563540310672776	0	-0.3389262503949901	0.04198241169357935	-8.073053374559336	6.856161767440169e-16	NA	NA	NA	NA	4.8976842538713905e-14	DOWN	6.856161767440169e-16	3	0	3	1
SH3GL1	3	A2780,PEO1,UWB_BRCAdef	FALSE	0.46064841855582006	0.057078570796180866	8.070426644015447	7.005294260095673e-16	0.3487764755062859	0.5725203616053542	2.289371123628529e-6	2.5950894117534	0.27320176089135956	0.014423003016045549	0.4606468280650982	0.05706674612924783	8.072071027526269	6.911564661489453e-16	NA	NA	NA	NA	4.980157991540131e-14	UP	7.005294260095673e-16	3	3	0	1
PRKACB	3	A2780,PEO1,UWB_BRCAdef	FALSE	0.40962779330610866	0.05083797097252347	8.05751656625913	7.786004399879923e-16	0.30998720115287	0.5092683854593474	7.962744531873596e-7	2.6251171856639326	0.26913057914439525	0.008807113979270583	0.4096267028268868	0.05083461659981629	8.05802679799039	7.753582364153458e-16	NA	NA	NA	NA	5.508691246938967e-14	UP	7.786004399879923e-16	3	3	0	1
ATF7IP2	3	A2780,PEO1,UWB_BRCAdef	FALSE	0.45272288940801425	0.05635827375941178	8.032944574218972	9.516066452817215e-16	0.3422627026087184	0.5631830762073101	2.2848388671176632e-6	1.9378580050700958	0.3794892525647146	0.01613881991898523	0.4527310114532076	0.05634709600135884	8.03468223885557	9.382173415408723e-16	NA	NA	NA	NA	6.668913489943514e-14	UP	9.516066452817215e-16	3	3	0	1
RPGR	3	A2780,PEO1,UWB_BRCAdef	FALSE	-0.419336904315239	0.05229108129784631	-8.019281565946697	1.063654361836801e-15	-0.5218255403716737	-0.31684826825880424	0	0.3967567510673264	0.8200595039748165	0	-0.419336904315239	0.05229108129784631	-8.019281565946697	1.063654361836801e-15	NA	NA	NA	NA	7.418989173811686e-14	DOWN	1.063654361836801e-15	3	0	3	1
GPBP1L1	3	A2780,PEO1,UWB_BRCAdef	FALSE	-0.4121197408259303	0.05147473778965366	-8.00625235839017	1.1825693012408312e-15	-0.5130083730072943	-0.3112311086445662	0.0016136296691764802	2.173914181480247	0.3372411281329324	17.950521760376716	-0.42101315237998305	0.04387537351642196	-9.595659675065866	8.338198593803088e-22	NA	NA	NA	NA	8.171332830583257e-14	DOWN	1.1825693012408312e-15	3	0	3	1
ACVR2B	3	A2780,PEO1,UWB_BRCAdef	FALSE	-0.20984107601311552	0.026249986372428133	-7.99394990290447	1.3068288033586057e-15	-0.2612901038977419	-0.15839204812848917	0	0.16625523153725846	0.9202337033950647	0	-0.20984107601311552	0.026249986372428133	-7.99394990290447	1.3068288033586057e-15	NA	NA	NA	NA	8.98794303035521e-14	DOWN	1.3068288033586057e-15	3	0	3	1
ZNF7	3	A2780,PEO1,UWB_BRCAdef	FALSE	-0.33592935648547867	0.042039551914643473	-7.990792983891574	1.3407353144659558e-15	-0.4183253641643817	-0.25353334880657563	3.016783188544282e-4	1.6195323714272496	0.44496209255518077	4.919754412812158	-0.3346008955791252	0.0404504306691668	-8.2718747376446	1.318688109089677e-16	NA	NA	NA	NA	9.178450506948189e-14	DOWN	1.3407353144659558e-15	3	0	3	1
PPP2R5D	3	A2780,PEO1,UWB_BRCAdef	FALSE	0.17589194374325853	0.022076003951936832	7.967562613514875	1.618344696804712e-15	0.13262377107489845	0.21916011641161862	0	0.8358016576270023	0.6584275222257444	0	0.17589194374325853	0.022076003951936832	7.967562613514875	1.618344696804712e-15	NA	NA	NA	NA	1.1027863148226394e-13	UP	1.618344696804712e-15	3	3	0	1
GPSM3	3	A2780,PEO1,UWB_BRCAdef	FALSE	0.6401514915641651	0.08036997555389505	7.965057686684101	1.6514671763960755e-15	0.4826292340401662	0.7976737490881639	0	0.793570594864205	0.67247839297191	0	0.6401514915641651	0.08036997555389505	7.965057686684101	1.6514671763960755e-15	NA	NA	NA	NA	1.1201947310719617e-13	UP	1.6514671763960755e-15	3	3	0	1
SURF2	3	A2780,PEO1,UWB_BRCAdef	FALSE	0.5926163537094566	0.07447233654202079	7.957536734127775	1.754980281851136e-15	0.4466532562425497	0.7385794511763636	0.0046369404190340965	2.7012973299006235	0.25907215510308207	26.97666123374687	0.6049643412058189	0.061494056091166635	9.83776936601714	7.740802993526118e-23	NA	NA	NA	NA	1.1849723026361985e-13	UP	1.754980281851136e-15	3	3	0	1
CCT3	3	A2780,PEO1,UWB_BRCAdef	FALSE	-0.33152153257516803	0.04169834869071495	-7.950471493107078	1.8580299365663243e-15	-0.41324879422376226	-0.24979427092657383	0.0020125463437626707	2.300008479255572	0.31663542695985336	27.072389334885656	-0.3145018730184768	0.018422541811086407	-17.07157873454869	2.4157797765094393e-65	NA	NA	NA	NA	1.2488494850911928e-13	DOWN	1.8580299365663243e-15	3	0	3	1
SIAE	3	A2780,PEO1,UWB_BRCAdef	FALSE	-0.25276722553130904	0.031833363377615026	-7.940324198009595	2.016534803056305e-15	-0.3151594712582108	-0.19037497980440726	2.105908081819942e-6	1.7724673430642879	0.412205333487681	0.04240477254023456	-0.2527734416628048	0.031813772968447895	-7.945409113012127	1.935509224187806e-15	NA	NA	NA	NA	1.349253399673918e-13	DOWN	2.016534803056305e-15	3	0	3	1
RPS6KB2	3	A2780,PEO1,UWB_BRCAdef	FALSE	0.5492359641325344	0.06947974438680984	7.9049796308232	2.67977415316642e-15	0.4130581674793381	0.6854137607857307	0.005587023104079981	2.8001033617658644	0.2465842199220955	38.66629478133215	0.5482821925405699	0.05004542562694654	10.955690468647985	6.240066111936565e-28	NA	NA	NA	NA	1.769009839413922e-13	UP	2.67977415316642e-15	3	3	0	1
PFN4	3	A2780,PEO1,UWB_BRCAdef	FALSE	0.3606117606538501	0.04586337300889198	7.862739632864219	3.758216684244305e-15	0.27072120134689537	0.4505023199608048	0	0.32499040005562596	0.8500201702887817	0	0.3606117606538501	0.04586337300889198	7.862739632864219	3.758216684244305e-15	NA	NA	NA	NA	2.448138771362138e-13	UP	3.758216684244305e-15	3	3	0	1
CDK5R1	3	A2780,PEO1,UWB_BRCAdef	FALSE	0.34043350152904095	0.04362056327625248	7.804426994054356	5.9772495267211035e-15	0.2549387685222356	0.4259282345358463	0	0.7109783358340847	0.7008305355324272	0	0.34043350152904095	0.04362056327625248	7.804426994054356	5.9772495267211035e-15	NA	NA	NA	NA	3.8765609101589893e-13	UP	5.9772495267211035e-15	3	3	0	1
ARHGEF26	3	A2780,PEO1,UWB_BRCAdef	FALSE	-0.33958722254685986	0.04376135662895153	-7.7599793220806275	8.49432338106468e-15	-0.425357905454218	-0.25381653963950174	7.786174697469907e-4	1.6209235555700618	0.4446526880736505	10.889915620567251	-0.3359628837240198	0.038944921147871944	-8.62661609837096	6.319384964845143e-18	NA	NA	NA	NA	5.48495894479491e-13	DOWN	8.49432338106468e-15	3	0	3	1
ZNF548	3	A2780,PEO1,UWB_BRCAdef	FALSE	-0.4525390358415514	0.05868148950932901	-7.711785089736144	1.240699355318641e-14	-0.5675526418390013	-0.33752542984410155	0.002538126516525634	2.1004223183612707	0.34986386434377764	15.669083231165102	-0.4700913364736823	0.04208859115101199	-11.169091756647674	5.776853873719157e-29	NA	NA	NA	NA	7.976617985694237e-13	DOWN	1.240699355318641e-14	3	0	3	1
KCTD18	3	A2780,PEO1,UWB_BRCAdef	FALSE	0.38191564332233563	0.049554909248154526	7.706918428804479	1.2889212614442922e-14	0.28478980593880193	0.4790414807058693	0.0014759239502220222	1.7958921366270546	0.4074055842195144	12.005262971527014	0.3926485508064733	0.038436855665793655	10.215418093002478	1.691483612337558e-24	NA	NA	NA	NA	8.250769996959631e-13	UP	1.2889212614442922e-14	3	3	0	1
DPY30	3	A2780,PEO1,UWB_BRCAdef	FALSE	-0.427133201549726	0.05550143360282358	-7.6958949314058085	1.4050723546085e-14	-0.5359140125016013	-0.3183523905978507	0.004221615984933856	3.5022338342996373	0.17357996070430787	44.04927576742282	-0.4428233858396942	0.034721371068919885	-12.753626144564274	2.9757475975127293e-37	NA	NA	NA	NA	8.955519356722366e-13	DOWN	1.4050723546085e-14	3	0	3	1
ST3GAL3	3	A2780,PEO1,UWB_BRCAdef	FALSE	0.3434717977395214	0.04523750046555658	7.592634301292524	3.1346630875979145e-14	0.2548079260764166	0.4321356694026262	0	1.1404381729876094	0.565401553285321	0	0.3434717977395214	0.04523750046555658	7.592634301292524	3.1346630875979145e-14	NA	NA	NA	NA	1.9724367266515046e-12	UP	3.1346630875979145e-14	3	3	0	1
CHST12	3	A2780,PEO1,UWB_BRCAdef	FALSE	0.5384771809842234	0.07107195071616185	7.5765076877476645	3.549806787258641e-14	0.39917871726954046	0.6777756446989063	4.016256817352894e-6	2.851099831133038	0.2403762402196163	0.015166918116009407	0.5384780236637112	0.07105447083356425	7.578383419743215	3.498870955439842e-14	NA	NA	NA	NA	2.214809829670613e-12	UP	3.549806787258641e-14	3	3	0	1
KIAA0753	3	A2780,PEO1,UWB_BRCAdef	FALSE	0.32937911629666955	0.043582473640517705	7.557604899012725	4.105588934292672e-14	0.2439590376040886	0.4147991949892505	0	0.05186924890661845	0.9743987893800735	0	0.32937911629666955	0.043582473640517705	7.557604899012725	4.105588934292672e-14	NA	NA	NA	NA	2.5401398983843406e-12	UP	4.105588934292672e-14	3	3	0	1
SLC22A5	3	A2780,PEO1,UWB_BRCAdef	FALSE	0.4536439687611931	0.060446299798407224	7.504908824429759	6.147137146795933e-14	0.3351713981576042	0.572116539364782	0.004490567532088943	2.641583516604667	0.26692387908162923	35.53455610728679	0.4860274482164955	0.032647062285374756	14.887325664037657	3.9838878203782004e-50	NA	NA	NA	NA	3.787404874569644e-12	UP	6.147137146795933e-14	3	3	0	1
HERC1	3	A2780,PEO1,UWB_BRCAdef	FALSE	0.23394345932712549	0.031435203547566445	7.442085080604996	9.910835419241706e-14	0.17233159252720953	0.29555532612704144	0	1.776219201449095	0.41143279031402824	0	0.23394345932712549	0.031435203547566445	7.442085080604996	9.910835419241706e-14	NA	NA	NA	NA	6.030926886597824e-12	UP	9.910835419241706e-14	3	3	0	1
LRWD1	3	A2780,PEO1,UWB_BRCAdef	FALSE	0.42640152615569593	0.05735779567766769	7.4340640381637915	1.0531094580257619e-13	0.3139823123948601	0.5388207399165318	1.805903578769994e-6	1.8855892687128435	0.38953769736729166	0.010900809387592301	0.42640226477422305	0.05734830399030552	7.435307325676178	1.0432512752550624e-13	NA	NA	NA	NA	6.382102276978254e-12	UP	1.0531094580257619e-13	3	3	0	1
TTC21A	3	A2780,PEO1,UWB_BRCAdef	FALSE	-0.37788390096446756	0.05108824023187713	-7.39669049568637	1.3962045830896768e-13	-0.47801501185247697	-0.27775279007645814	0	1.4756731130089187	0.47814724188676344	0	-0.37788390096446756	0.05108824023187713	-7.39669049568637	1.3962045830896768e-13	NA	NA	NA	NA	8.392551695181729e-12	DOWN	1.3962045830896768e-13	3	0	3	1
ME2	3	A2780,PEO1,UWB_BRCAdef	FALSE	-0.374966883647625	0.05082306701095084	-7.377887752559895	1.6082045999062834e-13	-0.4745782645729544	-0.2753555027222956	5.709524869773165e-5	2.625491576722963	0.2690802038182886	0.6372712024026898	-0.37505048592408835	0.05058411625696254	-7.414392376034945	1.2218368242284052e-13	NA	NA	NA	NA	9.588919926941215e-12	DOWN	1.6082045999062834e-13	3	0	3	1
FAM20A	3	A2780,PEO1,UWB_BRCAdef	FALSE	-0.22149348212384878	0.030168037403317097	-7.341991763093435	2.1043834978378465e-13	-0.2806217489186075	-0.16236521532909004	8.874422627071597e-7	1.0434386356687368	0.5934992564031562	0.005864239851725986	-0.221499779073247	0.03015509468091735	-7.345351802639697	2.052185983737224e-13	NA	NA	NA	NA	1.249699549499126e-11	DOWN	2.1043834978378465e-13	3	0	3	1
GNB5	3	A2780,PEO1,UWB_BRCAdef	FALSE	0.3183759965668952	0.04337661826664639	7.339806773542423	2.1390244090901363e-13	0.23335938699312603	0.40339260614066436	9.992020062733408e-4	2.750475937334948	0.252779435061518	8.472468353421569	0.3106777558013022	0.033880040772319424	9.169934531340093	4.7330640326236985e-20	NA	NA	NA	NA	1.2651901574886338e-11	UP	2.1390244090901363e-13	3	3	0	1
ZMYND19	3	A2780,PEO1,UWB_BRCAdef	FALSE	0.6205821007819371	0.08465078872541132	7.3310846848098485	2.2829733935737977e-13	0.45466960361722164	0.7864945979466526	0.009414028456639719	3.297623330749366	0.19227826383128646	43.94021210789503	0.6320796615479373	0.0584381962552946	10.816207584276178	2.8846825896832433e-27	NA	NA	NA	NA	1.3449532896723405e-11	UP	2.2829733935737977e-13	3	3	0	1
FLYWCH1	3	A2780,PEO1,UWB_BRCAdef	FALSE	0.5595879667296533	0.07639184959482379	7.325231287076603	2.3848704099846405e-13	0.409862692811398	0.7093132406479086	0.0019612069446137983	1.3903880248744416	0.49897763072730755	9.59567206183017	0.5592515475389631	0.07018045305097997	7.968765136536176	1.6026771278339745e-15	NA	NA	NA	NA	1.3994078870017017e-11	UP	2.3848704099846405e-13	3	3	0	1
OSBPL9	3	A2780,PEO1,UWB_BRCAdef	FALSE	-0.30937717591274017	0.042610063146723054	-7.260659878569857	3.852064391520715e-13	-0.3928913650592948	-0.22586298676618555	0	0.18584180222753854	0.9112655775377319	0	-0.30937717591274017	0.042610063146723054	-7.260659878569857	3.852064391520715e-13	NA	NA	NA	NA	2.2337441630359532e-11	DOWN	3.852064391520715e-13	3	0	3	1
PACSIN3	3	A2780,PEO1,UWB_BRCAdef	FALSE	0.5814876529693038	0.0804388133380336	7.2289437006694515	4.867651559493022e-13	0.4238304758676179	0.7391448300709897	0	0.48761692132502865	0.783637717338205	0	0.5814876529693038	0.0804388133380336	7.2289437006694515	4.867651559493022e-13	NA	NA	NA	NA	2.80069897316044e-11	UP	4.867651559493022e-13	3	3	0	1
AKR1A1	3	A2780,PEO1,UWB_BRCAdef	FALSE	-0.3321792266939562	0.04596143854684877	-7.227346166621046	4.925235397339834e-13	-0.42226199092343075	-0.2420964624644817	0	0.9845684978493341	0.6112286000649182	0	-0.3321792266939562	0.04596143854684877	-7.227346166621046	4.925235397339834e-13	NA	NA	NA	NA	2.8228471248241912e-11	DOWN	4.925235397339834e-13	3	0	3	1
TUBG2	3	A2780,PEO1,UWB_BRCAdef	FALSE	0.3529629536940508	0.048907352415384873	7.216971196809635	5.315823062849903e-13	0.25710630438068843	0.44881960300741314	0	0.5045240023588871	0.7770411257053603	0	0.3529629536940508	0.048907352415384873	7.216971196809635	5.315823062849903e-13	NA	NA	NA	NA	3.034945005033264e-11	UP	5.315823062849903e-13	3	3	0	1
HMGA1	3	A2780,PEO1,UWB_BRCAdef	FALSE	0.35720261023154243	0.049921909979560586	7.155227241461536	8.353442755204618e-13	0.259357464632153	0.4550477558309319	0	1.2703386488590807	0.5298457648897145	0	0.35720261023154243	0.049921909979560586	7.155227241461536	8.353442755204618e-13	NA	NA	NA	NA	4.6612210574041765e-11	UP	8.353442755204618e-13	3	3	0	1
RAVER2	3	A2780,PEO1,UWB_BRCAdef	FALSE	-0.31864575167996995	0.044581305101892385	-7.1475195926115695	8.835991185313519e-13	-0.40602350406347076	-0.23126799929646913	0	0.8925547743745277	0.6400062179125445	0	-0.31864575167996995	0.044581305101892385	-7.1475195926115695	8.835991185313519e-13	NA	NA	NA	NA	4.91194743072297e-11	DOWN	8.835991185313519e-13	3	0	3	1
INPP4A	3	A2780,PEO1,UWB_BRCAdef	FALSE	0.13612288902956196	0.019074837475859103	7.136254198854251	9.590857434965225e-13	0.09873689456592322	0.1735088834932007	2.913982063355711e-6	2.0437192625435774	0.3599249896694074	0.09531340328153308	0.1360746770113628	0.0190164948395974	7.155612964383906	8.329985947550105e-13	NA	NA	NA	NA	5.311610819881303e-11	UP	9.590857434965225e-13	3	3	0	1
LTBP3	3	A2780,PEO1,UWB_BRCAdef	FALSE	-0.48239063523118014	0.06772746012950308	-7.122526583881797	1.0596630648132484e-12	-0.6151340178493786	-0.3496472526129817	0	0.04622318390536763	0.9771534352290113	0	-0.48239063523118014	0.06772746012950308	-7.122526583881797	1.0596630648132484e-12	NA	NA	NA	NA	5.846730499773696e-11	DOWN	1.0596630648132484e-12	3	0	3	1
JMJD4	3	A2780,PEO1,UWB_BRCAdef	FALSE	0.7157268114596054	0.10117970853399806	7.073817683701958	1.5072829073338648e-12	0.5174182267667092	0.9140353961525015	0.011772522273971379	3.4530268524673433	0.17790360394834506	29.143437632440435	0.6923226772775783	0.05376010709011809	12.87800033800226	5.986661270191699e-38	NA	NA	NA	NA	8.254886055831799e-11	UP	1.5072829073338648e-12	3	3	0	1
SND1	3	A2780,PEO1,UWB_BRCAdef	FALSE	0.34869253727023686	0.04932006476684437	7.06999349896732	1.5494095585260613e-12	0.25202698661203904	0.4453580879284347	0.0020292718045809796	2.1011736520208992	0.34973245677927006	23.0642974279614	0.360184972086867	0.03693991178004883	9.750563949137588	1.8344632686046526e-22	NA	NA	NA	NA	8.454287506245339e-11	UP	1.5494095585260613e-12	3	3	0	1
RASGEF1B	3	A2780,PEO1,UWB_BRCAdef	FALSE	0.23366863575907082	0.033131873367521256	7.0526840775666235	1.7549900988505774e-12	0.16873135721838736	0.29860591429975425	0	0.8350611361710076	0.6586713572179324	0	0.23366863575907082	0.033131873367521256	7.0526840775666235	1.7549900988505774e-12	NA	NA	NA	NA	9.505874942015931e-11	UP	1.7549900988505774e-12	3	3	0	1
IREB2	3	A2780,PEO1,UWB_BRCAdef	FALSE	-0.2879619916677056	0.04090799999741445	-7.039258621440939	1.9326536420824565e-12	-0.3681401983422025	-0.20778378499320865	0	0.09468250417062109	0.9537618688232192	0	-0.2879619916677056	0.04090799999741445	-7.039258621440939	1.9326536420824565e-12	NA	NA	NA	NA	1.0429981534844264e-10	DOWN	1.9326536420824565e-12	3	0	3	1
HDAC8	3	A2780,PEO1,UWB_BRCAdef	FALSE	-0.28819071210898883	0.040968858498300224	-7.034384717381025	2.0014219811904053e-12	-0.368488199253375	-0.20789322496460266	0	1.2534979409157139	0.5343260902711873	0	-0.28819071210898883	0.040968858498300224	-7.034384717381025	2.0014219811904053e-12	NA	NA	NA	NA	1.0761827940313646e-10	DOWN	2.0014219811904053e-12	3	0	3	1
NRL	3	A2780,PEO1,UWB_BRCAdef	FALSE	-0.3024379794884357	0.042998660247097927	-7.033660531524303	2.011842600513857e-12	-0.38671380495622176	-0.21816215402064965	0	0.9347528511689317	0.6266441611156511	0	-0.3024379794884357	0.042998660247097927	-7.033660531524303	2.011842600513857e-12	NA	NA	NA	NA	1.0778665410796522e-10	DOWN	2.011842600513857e-12	3	0	3	1
SYTL1	3	A2780,PEO1,UWB_BRCAdef	FALSE	0.5169976190975817	0.07379878229006287	7.005503384399288	2.460993852165868e-12	0.3723546637061461	0.6616405744890173	5.471239623319426e-9	1.4712241183819752	0.47921206304859565	2.0904034043325625e-5	0.5169976086117198	0.07379876064834755	7.0055052966976366	2.4609602365716527e-12	NA	NA	NA	NA	1.3043267416479101e-10	UP	2.460993852165868e-12	3	3	0	1
NUS1	3	A2780,PEO1,UWB_BRCAdef	FALSE	-0.27633341630646907	0.03971908699087261	-6.957194569199693	3.471154169296085e-12	-0.35418139630739276	-0.19848543630554538	5.4475854860084064e-5	1.6002590048643515	0.4492707786911799	0.50335260666580794	-0.27675359526317156	0.03922816486938692	-7.054971757782786	1.7263578247345155e-12	NA	NA	NA	NA	1.826617676205737e-10	DOWN	3.471154169296085e-12	3	0	3	1
ADAM17	3	A2780,PEO1,UWB_BRCAdef	FALSE	-0.48436374041596075	0.0704299484476003	-6.877241160787249	6.102275955586346e-12	-0.62240390280627	-0.3463235780256515	0.007589113897729846	3.6960027214562836	0.15755174094510838	47.96779643208904	-0.5375961792965277	0.03173194924066025	-16.941795009796312	2.2126871646817774e-64	NA	NA	NA	NA	3.188493093825276e-10	DOWN	6.102275955586346e-12	3	0	3	1
COMMD6	3	A2780,PEO1,UWB_BRCAdef	FALSE	0.5607078721816358	0.0816517618874034	6.867063970460843	6.5536686960018265e-12	0.40067335960808487	0.7207423847551866	0	0.28647057081410016	0.8665501583011108	0	0.5607078721816358	0.0816517618874034	6.867063970460843	6.5536686960018265e-12	NA	NA	NA	NA	3.412292218583768e-10	UP	6.5536686960018265e-12	3	3	0	1
DEF6	3	A2780,PEO1,UWB_BRCAdef	FALSE	0.5741405999686318	0.08366422148964824	6.862438802943623	6.769474223277678e-12	0.41016173905433917	0.7381194608829243	0.00869368529986582	4.241456278299214	0.1199442605954066	41.99678256058563	0.5414424606885853	0.052249156753657974	10.36270237319531	3.6645952617928456e-25	NA	NA	NA	NA	3.5000075293568887e-10	UP	6.769474223277678e-12	3	3	0	1
NDUFAF5	3	A2780,PEO1,UWB_BRCAdef	FALSE	-0.32759750217566597	0.04792520362924433	-6.835599587849502	8.166274468827951e-12	-0.42152917524073313	-0.2336658291105988	2.230791541764988e-6	4.319299617538003	0.115365513956374	0.026965275179316815	-0.3275894831337094	0.047914850153105	-6.836909268983298	8.091995383309358e-12	NA	NA	NA	NA	4.178363341541831e-10	DOWN	8.166274468827951e-12	3	0	3	1
C2orf81	3	A2780,PEO1,UWB_BRCAdef	FALSE	0.4232066401279826	0.06263670688559861	6.756527620472429	1.4133804700625631e-11	0.3004409505220173	0.5459723297339478	5.673185782515335e-7	3.0823018316079684	0.21413450876018864	0.0036499369381293406	0.42320552947412	0.06263446432592548	6.756751798369702	1.411196292569586e-11	NA	NA	NA	NA	7.157416784525726e-10	UP	1.4133804700625631e-11	3	3	0	1
ZNF417	3	A2780,PEO1,UWB_BRCAdef	FALSE	-0.3213788407731869	0.04758501655327888	-6.753782262812769	1.440398675255709e-11	-0.4146437594213558	-0.22811392212501802	0	0.46448135232238785	0.7927553030415582	0	-0.3213788407731869	0.04758501655327888	-6.753782262812769	1.440398675255709e-11	NA	NA	NA	NA	7.269343075428727e-10	DOWN	1.440398675255709e-11	3	0	3	1
HBEGF	3	A2780,PEO1,UWB_BRCAdef	FALSE	-0.401573395097138	0.06023263052699209	-6.667040632023877	2.6101285024570532e-11	-0.5196271816241503	-0.2835196085701257	0	1.0418009709379563	0.5939854318240545	0	-0.401573395097138	0.06023263052699209	-6.667040632023877	2.6101285024570532e-11	NA	NA	NA	NA	1.2951667840883372e-9	DOWN	2.6101285024570532e-11	3	0	3	1
MLLT6	3	A2780,PEO1,UWB_BRCAdef	FALSE	0.6432084265040471	0.09734755502125977	6.607340331902291	3.912858264756432e-11	0.4524107246793466	0.8340061283287475	0.013875155611170965	3.983728379547942	0.13644083660594433	48.057870966153835	0.6902060982699463	0.058628488236210176	11.772537874235356	5.407292247734788e-32	NA	NA	NA	NA	1.9032708934524135e-9	UP	3.912858264756432e-11	3	3	0	1
HIVEP2	3	A2780,PEO1,UWB_BRCAdef	FALSE	-0.23435394583466906	0.03569170724584384	-6.5660615285349975	5.1663475439522957e-11	-0.3043084065832703	-0.16439948508606786	5.85758933457996e-6	1.6999002035556492	0.4274362597260668	0.04307069606973856	-0.23433138290406896	0.035624932736842106	-6.5777354482337405	4.776671154827338e-11	NA	NA	NA	NA	2.5047469223745117e-9	DOWN	5.1663475439522957e-11	3	0	3	1
RHOG	3	A2780,PEO1,UWB_BRCAdef	FALSE	0.27242320355704963	0.041750488277419534	6.525030360049414	6.798776143247036e-11	0.1905937501963456	0.35425265691775365	4.2699684184212627e-7	3.4908196539759464	0.1745734294015401	0.0037628694700037766	0.27242404327366354	0.0417469453493157	6.525604232696968	6.77279386873405e-11	NA	NA	NA	NA	3.2430162203288365e-9	UP	6.798776143247036e-11	3	3	0	1
FIBP	3	A2780,PEO1,UWB_BRCAdef	FALSE	0.2855544851866839	0.043883155934969754	6.507154718084674	7.65875225288431e-11	0.1995450800261881	0.37156389034717974	0.002261602453696808	2.71148850710901	0.25775538768356043	33.66326879424277	0.3080703054248031	0.026476120838657007	11.635779550265488	2.7110188606826773e-31	NA	NA	NA	NA	3.6414781210096554e-9	UP	7.65875225288431e-11	3	3	0	1
SETD3	3	A2780,PEO1,UWB_BRCAdef	FALSE	-0.5072215645142064	0.07856732389084081	-6.455884449099036	1.0758867983037889e-10	-0.6612106897019477	-0.3532324393264651	0.008370626614355748	3.290946079154161	0.19292128180414903	42.32850886917701	-0.5529693398252011	0.04419960150687268	-12.510731340851995	6.522096130500038e-36	NA	NA	NA	NA	5.0505200274660716e-9	DOWN	1.0758867983037889e-10	3	0	3	1
RNF214	3	A2780,PEO1,UWB_BRCAdef	FALSE	-0.25033137019564344	0.03884731031255551	-6.443982046158185	1.1637885810085427e-10	-0.3264706993045037	-0.1741920410867832	0	0.11486952714336941	0.944183483535482	0	-0.25033137019564344	0.03884731031255551	-6.443982046158185	1.1637885810085427e-10	NA	NA	NA	NA	5.394652585383487e-9	DOWN	1.1637885810085427e-10	3	0	3	1
KANSL1	3	A2780,PEO1,UWB_BRCAdef	FALSE	0.26057382100056603	0.040513673937966316	6.43174996667918	1.2614312250649259e-10	0.18116847920075302	0.33997916280037904	0.0013263331195339577	2.514932995672334	0.28437357569453164	21.42976019831439	0.267981354721958	0.030285565975936096	8.848484289013687	8.87159196639335e-19	NA	NA	NA	NA	5.810835989107494e-9	UP	1.2614312250649259e-10	3	3	0	1
ENG	3	A2780,PEO1,UWB_BRCAdef	FALSE	0.3757538445837033	0.05862251973367121	6.4097184203407815	1.4578864481213788e-10	0.26085581722271917	0.49065187194468746	0	0.32792668125480273	0.8487731368005502	0	0.3757538445837033	0.05862251973367121	6.4097184203407815	1.4578864481213788e-10	NA	NA	NA	NA	6.674231240981681e-9	UP	1.4578864481213788e-10	3	3	0	1
TRIT1	3	A2780,PEO1,UWB_BRCAdef	FALSE	-0.38732287012752703	0.06053584785358974	-6.398239784537172	1.571783228607456e-10	-0.5059709516941593	-0.26867478856089483	0.003984374923928276	2.16778756492306	0.33827578560092814	24.399417933902523	-0.41822250304743686	0.03077194475891628	-13.591032556571044	4.526491094347611e-42	NA	NA	NA	NA	7.1734440127834726e-9	DOWN	1.571783228607456e-10	3	0	3	1
SIAH3	3	A2780,PEO1,UWB_BRCAdef	FALSE	-0.12321008707394582	0.019258783530304205	-6.397604858067567	1.578330897883884e-10	-0.16095660917939522	-0.08546356496849641	0	0.6107210981318886	0.7368576531531558	0	-0.12321008707394582	0.019258783530304205	-6.397604858067567	1.578330897883884e-10	NA	NA	NA	NA	7.1811627652335365e-9	DOWN	1.578330897883884e-10	3	0	3	1
ETNK2	3	A2780,PEO1,UWB_BRCAdef	FALSE	-0.3223002463150821	0.05056310083692785	-6.374218372297608	1.8389840653797387e-10	-0.42140210290212776	-0.22319838972803643	2.7164277368072425e-6	1.4366511555379233	0.48756796749053605	0.009738976410484542	-0.32229864478277587	0.05054115669598065	-6.376954265639256	1.8064437594605627e-10	NA	NA	NA	NA	8.265366983212825e-9	DOWN	1.8389840653797387e-10	3	0	3	1
RBM25	3	A2780,PEO1,UWB_BRCAdef	FALSE	-0.3364493027971772	0.05285472739883357	-6.365547971866036	1.945937409113055e-10	-0.4400426649115734	-0.23285594068278104	0	0.00813107533714367	0.995942715441464	0	-0.3364493027971772	0.05285472739883357	-6.365547971866036	1.945937409113055e-10	NA	NA	NA	NA	8.70535118015742e-9	DOWN	1.945937409113055e-10	3	0	3	1
C2orf76	3	A2780,PEO1,UWB_BRCAdef	FALSE	-0.3598081636546904	0.056526202893430584	-6.36533404398382	1.9486516809576696e-10	-0.47059748550861813	-0.2490188418007627	2.0180402185777447e-4	1.6313882805672981	0.44233218018704845	1.7272335346524061	-0.35979093005399354	0.05570144461177362	-6.459274666243476	1.0520601133180004e-10	NA	NA	NA	NA	8.70535118015742e-9	DOWN	1.9486516809576696e-10	3	0	3	1
EIF4E3	3	A2780,PEO1,UWB_BRCAdef	FALSE	-0.7714292974545075	0.1212015400254257	-6.364847322011559	1.9548408946391285e-10	-1.0089799507751316	-0.5338786441338833	0.019511794938288373	2.8300638083494976	0.24291786323115283	36.31355631184654	-0.8487072828890282	0.05359667768203365	-15.835072612598275	1.7825327092854083e-56	NA	NA	NA	NA	8.70669647862313e-9	DOWN	1.9548408946391285e-10	3	0	3	1
ARID5A	3	A2780,PEO1,UWB_BRCAdef	FALSE	0.41823756412710206	0.06578955125248265	6.3572034793491525	2.0545975741938808e-10	0.2892924131131841	0.54718271514102	2.7687823307596705e-6	2.379777903815582	0.3042550491335369	0.0047389970915448585	0.4182374330475703	0.06577162304885331	6.358934349801817	2.0315820541872916e-10	NA	NA	NA	NA	9.123523822704179e-9	UP	2.0545975741938808e-10	3	3	0	1
ZNF701	3	A2780,PEO1,UWB_BRCAdef	FALSE	-0.2749599476463741	0.043276087624405025	-6.3536230454278355	2.1030181939084665e-10	-0.3597795207820075	-0.19014037451074073	0	0.50502498446435	0.7768465082317523	0	-0.2749599476463741	0.043276087624405025	-6.3536230454278355	2.1030181939084665e-10	NA	NA	NA	NA	9.310577854288771e-9	DOWN	2.1030181939084665e-10	3	0	3	1
SLFN12	3	A2780,PEO1,UWB_BRCAdef	FALSE	0.2942269350501504	0.04713794473778	6.24182782441794	4.3248687021499943e-10	0.20183826105886227	0.38661560904143855	0.001607347812514053	2.2945559242112115	0.31749984078769167	20.987898002728457	0.2898650555243346	0.037981428613709164	7.631757574798269	2.3157460109324647e-14	NA	NA	NA	NA	1.8809362793732932e-8	UP	4.3248687021499943e-10	3	3	0	1
RBM8A	3	A2780,PEO1,UWB_BRCAdef	FALSE	-0.17282436698455414	0.027818252761590532	-6.212624799468993	5.210676596825793e-10	-0.22734714051010346	-0.1183015934590048	0	0.37223600458934375	0.8301756265728816	0	-0.17282436698455414	0.027818252761590532	-6.212624799468993	5.210676596825793e-10	NA	NA	NA	NA	2.252932012785468e-8	DOWN	5.210676596825793e-10	3	0	3	1
CUL3	3	A2780,PEO1,UWB_BRCAdef	FALSE	-0.4033751004961027	0.0650602704898439	-6.200021879083192	5.645531200374997e-10	-0.5308908874806308	-0.27585931351157456	0.006177219394212105	3.761027448256065	0.15251173666962659	47.75406049813759	-0.4329570799345927	0.041650694266933415	-10.3949546953487	2.6141114459799083e-25	NA	NA	NA	NA	2.4338329405231803e-8	DOWN	5.645531200374997e-10	3	0	3	1
AREL1	3	A2780,PEO1,UWB_BRCAdef	FALSE	-0.33478854049477463	0.05407065940383325	-6.191685919610596	5.952407176570989e-10	-0.44076508554661975	-0.2288119954429295	0.003069221356305599	2.2290723462957596	0.3280674100897008	26.955519582103594	-0.3115015361371731	0.03269338314790516	-9.527968847027465	1.6039053988232274e-21	NA	NA	NA	NA	2.5586699104638145e-8	DOWN	5.952407176570989e-10	3	0	3	1
ZFAND5	3	A2780,PEO1,UWB_BRCAdef	FALSE	-0.26328909521848154	0.0427746346248612	-6.155262284004509	7.495334466610183e-10	-0.34712583853506945	-0.17945235190189363	5.007854225940037e-4	2.4902100748840432	0.2879106651426777	6.89353278665198	-0.2650555968528287	0.03962975807512723	-6.688297121328762	2.2578237389021993e-11	NA	NA	NA	NA	3.2125655292105736e-8	DOWN	7.495334466610183e-10	3	0	3	1
EEF1E1	3	A2780,PEO1,UWB_BRCAdef	FALSE	-0.25572016924000496	0.04187352080351465	-6.106966033258448	1.015428380909781e-9	-0.3377907619207824	-0.17364957655922755	0	1.4311653741739003	0.48890714889991266	0	-0.25572016924000496	0.04187352080351465	-6.106966033258448	1.015428380909781e-9	NA	NA	NA	NA	4.327129529830816e-8	DOWN	1.015428380909781e-9	3	0	3	1
PSMG1	3	A2780,PEO1,UWB_BRCAdef	FALSE	-0.33360689249858055	0.055209615769677194	-6.042550520371628	1.516968265800491e-9	-0.44181575100744247	-0.22539803398971864	0	0.48836868973541486	0.7833432156503979	0	-0.33360689249858055	0.055209615769677194	-6.042550520371628	1.516968265800491e-9	NA	NA	NA	NA	6.427338036215432e-8	DOWN	1.516968265800491e-9	3	0	3	1
SPTLC1	3	A2780,PEO1,UWB_BRCAdef	FALSE	-0.3905432019436309	0.06523360837529785	-5.98684039823127	2.1395654297959134e-9	-0.5183987249408051	-0.2626876789464567	0.002932205814643913	2.257257560821604	0.32347650978081366	21.353374194306003	-0.40159507928478744	0.05531708013602097	-7.259874857770733	3.874486108329345e-13	NA	NA	NA	NA	8.912043383209063e-8	DOWN	2.1395654297959134e-9	3	0	3	1
IWS1	3	A2780,PEO1,UWB_BRCAdef	FALSE	-0.20944956406097523	0.03502172060564718	-5.980561789622693	2.22369353151271e-9	-0.278090875124668	-0.14080825299728247	0	1.8025618772149026	0.4060492023749496	0	-0.20944956406097523	0.03502172060564718	-5.980561789622693	2.22369353151271e-9	NA	NA	NA	NA	9.236448384965854e-8	DOWN	2.22369353151271e-9	3	0	3	1
TEAD4	3	A2780,PEO1,UWB_BRCAdef	FALSE	-0.5321399223411306	0.08900815250872178	-5.978552608301661	2.2512891088482572e-9	-0.7065926955886738	-0.35768714909358745	0.009698645580409206	3.7366098011819324	0.15438513829489584	39.774931014572054	-0.5672775027198602	0.0599557340978286	-9.461605487045569	3.032507650939072e-21	NA	NA	NA	NA	9.324877325641227e-8	DOWN	2.2512891088482572e-9	3	0	3	1
SNX11	3	A2780,PEO1,UWB_BRCAdef	FALSE	-0.2672138460934077	0.045176218234563296	-5.914922862865233	3.3203115195844446e-9	-0.3557576067908734	-0.17867008539594198	1.6759874666923857e-6	2.4975323110995626	0.28685851738693696	0.013056135445147823	-0.2672241737245162	0.045163563937505855	-5.916808826121032	3.2824784385630323e-9	NA	NA	NA	NA	1.3638179566693107e-7	DOWN	3.3203115195844446e-9	3	0	3	1
RRP1B	3	A2780,PEO1,UWB_BRCAdef	FALSE	0.3106561272452937	0.05256824975449135	5.909577143925202	3.4298702662676e-9	0.2076242509961841	0.41368800349440327	0.003767434534185927	3.0176429200329435	0.22117048267862496	37.185170385226215	0.3394886077204504	0.020460486238077988	16.592401752830543	7.909319075842294e-62	NA	NA	NA	NA	1.4049166655761494e-7	UP	3.4298702662676e-9	3	3	0	1
REV3L	3	A2780,PEO1,UWB_BRCAdef	FALSE	-0.42036508159981073	0.0712462198363108	-5.900173827686655	3.6311879999645718e-9	-0.560005106513603	-0.28072505668601844	0.006470884530353976	3.557167523372403	0.16887714827516892	42.43223936046015	-0.4283975322587721	0.05317188254297488	-8.056843424953597	7.82898275387574e-16	NA	NA	NA	NA	1.4751202460295637e-7	DOWN	3.6311879999645718e-9	3	0	3	1
ATG16L2	3	A2780,PEO1,UWB_BRCAdef	FALSE	0.6170831223096227	0.10492612368418591	5.881119978919294	4.074996359571038e-9	0.41143169885122316	0.8227345457680222	0.012022310486596521	2.408536461281872	0.29991138519571703	33.146484829076876	0.6543548414604045	0.06902260819671446	9.48029723240091	2.535597783607196e-21	NA	NA	NA	NA	1.6463653324857086e-7	UP	4.074996359571038e-9	3	3	0	1
RRP36	3	A2780,PEO1,UWB_BRCAdef	FALSE	0.19513997812414455	0.033198202226837	5.878028478493812	4.151815039944528e-9	0.13007269740806662	0.26020725884022244	1.877376188938634e-7	1.957610477756653	0.37575977393724225	0.0031188028553752324	0.19514092266053853	0.03319640999520179	5.878374278686888	4.143152960793702e-9	NA	NA	NA	NA	1.672830762824516e-7	UP	4.151815039944528e-9	3	3	0	1
PROX1	3	A2780,PEO1,UWB_BRCAdef	FALSE	0.0947781503704776	0.01617105693393897	5.860974378957392	4.601589800590879e-9	0.0630834611880105	0.1264728395529447	3.900094700405428e-6	2.121685624221931	0.3461639361920034	0.1011118069633121	0.09482300745577424	0.01606637561024145	5.901953854192833	3.59221652460644e-9	NA	NA	NA	NA	1.8390191454415494e-7	UP	4.601589800590879e-9	3	3	0	1
STAP2	3	A2780,PEO1,UWB_BRCAdef	FALSE	0.34571348402594604	0.059065296117627654	5.8530728998202735	4.825724708818755e-9	0.22994763089920237	0.46147933715268974	0	0.8337887565961337	0.6590905305314244	0	0.34571348402594604	0.059065296117627654	5.8530728998202735	4.825724708818755e-9	NA	NA	NA	NA	1.923395991086332e-7	UP	4.825724708818755e-9	3	3	0	1
BRWD1	3	A2780,PEO1,UWB_BRCAdef	FALSE	0.23904003959425377	0.04084659226223675	5.852141546095381	4.85283338687175e-9	0.1589821898690773	0.31909788931943023	0	0.1079533004575254	0.9474542290830256	0	0.23904003959425377	0.04084659226223675	5.852141546095381	4.85283338687175e-9	NA	NA	NA	NA	1.9290012712815206e-7	UP	4.85283338687175e-9	3	3	0	1
TST	3	A2780,PEO1,UWB_BRCAdef	FALSE	0.8497604396899606	0.14574855144606927	5.830318251940871	5.532176408727767e-9	0.5640985280567816	1.1354223513231396	0.03233808884167587	3.822198459265354	0.14791770167692117	49.05450834641718	0.9327026076142756	0.07972076968454186	11.699618697925466	1.2802747269698695e-31	NA	NA	NA	NA	2.1700585703571206e-7	UP	5.532176408727767e-9	3	3	0	1
BAK1	3	A2780,PEO1,UWB_BRCAdef	FALSE	0.3440969063215481	0.05914393803449875	5.817957304784741	5.957111192774018e-9	0.2281769178700619	0.4600168947730343	0	0.12013303193596508	0.9417018932879988	0	0.3440969063215481	0.05914393803449875	5.817957304784741	5.957111192774018e-9	NA	NA	NA	NA	2.3242164434709604e-7	UP	5.957111192774018e-9	3	3	0	1
RASA1	3	A2780,PEO1,UWB_BRCAdef	FALSE	-0.2685641286396423	0.046572291320557097	-5.7666075905760215	8.08830815670033e-9	-0.35984414230544154	-0.17728411497384305	0	0.9560768442889267	0.6199983748572225	0	-0.2685641286396423	0.046572291320557097	-5.7666075905760215	8.08830815670033e-9	NA	NA	NA	NA	3.10654058995137e-7	DOWN	8.08830815670033e-9	3	0	3	1
ARNT2	3	A2780,PEO1,UWB_BRCAdef	FALSE	0.26158372496524424	0.045457258304539803	5.754498505228151	8.689937425406638e-9	0.17248913585241193	0.35067831407807654	0	0.051691021679188126	0.9744856254464752	0	0.26158372496524424	0.045457258304539803	5.754498505228151	8.689937425406638e-9	NA	NA	NA	NA	3.3289664432509836e-7	UP	8.689937425406638e-9	3	3	0	1
FAH	3	A2780,PEO1,UWB_BRCAdef	FALSE	-0.26133664906175164	0.045465128872158575	-5.748067926885082	9.026897656980584e-9	-0.3504466642036546	-0.17222663391984866	0	0.8916530057154496	0.6402948517523566	0	-0.26133664906175164	0.045465128872158575	-5.748067926885082	9.026897656980584e-9	NA	NA	NA	NA	3.4420693827912647e-7	DOWN	9.026897656980584e-9	3	0	3	1
ACTR10	3	A2780,PEO1,UWB_BRCAdef	FALSE	0.19392832110447755	0.03373853295507871	5.747977286466015	9.03173679937114e-9	0.12780201162130556	0.26005463058764955	0	0.04289608053972391	0.9787803333098916	0	0.19392832110447755	0.03373853295507871	5.747977286466015	9.03173679937114e-9	NA	NA	NA	NA	3.4420693827912647e-7	UP	9.03173679937114e-9	3	3	0	1
RANGAP1	3	A2780,PEO1,UWB_BRCAdef	FALSE	0.49098761394949286	0.08597542348367665	5.710790293957809	1.1245274329036912e-8	0.32247888036590744	0.6594963475330783	0.007133997523839597	2.662032646227144	0.2642086034908462	29.18922489811299	0.4680317070376244	0.06448235848582289	7.258290763985099	3.920121846135504e-13	NA	NA	NA	NA	4.263689012909457e-7	UP	1.1245274329036912e-8	3	3	0	1
TDP2	3	A2780,PEO1,UWB_BRCAdef	FALSE	0.22753155351443421	0.0399696013799197	5.692615028899028	1.2510825643482601e-8	0.14919257433336916	0.30587053269549924	0	0.8345542551758292	0.6588383123701583	0	0.22753155351443421	0.0399696013799197	5.692615028899028	1.2510825643482601e-8	NA	NA	NA	NA	4.7073175264676136e-7	UP	1.2510825643482601e-8	3	3	0	1
INPP5E	3	A2780,PEO1,UWB_BRCAdef	FALSE	0.33829093650706105	0.06023165777491796	5.616497187761853	1.9486742009370707e-8	0.22023905653907994	0.45634281647504216	3.3518644484415174e-6	2.2707900020366654	0.3212951843409209	0.024519749636979952	0.33828032713825873	0.060218597880729224	5.617539083328825	1.9369636980672787e-8	NA	NA	NA	NA	7.221815892044227e-7	UP	1.9486742009370707e-8	3	3	0	1
SEH1L	3	A2780,PEO1,UWB_BRCAdef	FALSE	-0.2533914249905608	0.04512311902623944	-5.61555651423856	1.9593060335285374e-8	-0.3418311131521041	-0.16495173682901743	2.771288560513188e-7	3.005567024240193	0.2225099382413488	0.003241318929651006	-0.25339150323199755	0.045121510742595836	-5.615758405730632	1.9570194467971064e-8	NA	NA	NA	NA	7.243064579446621e-7	DOWN	1.9593060335285374e-8	3	0	3	1
ATP1B3	3	A2780,PEO1,UWB_BRCAdef	FALSE	-0.2917951886193536	0.05212170082418824	-5.598343569094344	2.1640955004170662e-8	-0.3939518450477342	-0.189638532190973	0.0035282034420716993	2.6770787865392998	0.2622284015693146	35.80152437340488	-0.32410219618210456	0.02424703057230738	-13.36667577564169	9.467845280018167e-41	NA	NA	NA	NA	7.980169617123979e-7	DOWN	2.1640955004170662e-8	3	0	3	1
HYAL3	3	A2780,PEO1,UWB_BRCAdef	FALSE	0.5560463490623022	0.10022949224281663	5.547731876314614	2.893992203083875e-8	0.3596001540776449	0.7524925440469595	0.01252213381757455	3.1302471887934304	0.2090621726633384	41.088448969034324	0.5772738344553279	0.05945620855023079	9.709227152747651	2.754174448746832e-22	NA	NA	NA	NA	1.0412034721898116e-6	UP	2.893992203083875e-8	3	3	0	1
SDR16C5	3	A2780,PEO1,UWB_BRCAdef	FALSE	0.1356316236009822	0.024589203251640556	5.515901520393226	3.469965365283702e-8	0.08743767081923151	0.18382557638273286	0	1.1130380246362406	0.573200900331679	0	0.1356316236009822	0.024589203251640556	5.515901520393226	3.469965365283702e-8	NA	NA	NA	NA	1.2363946471433759e-6	UP	3.469965365283702e-8	3	3	0	1
ADPRHL2	3	A2780,PEO1,UWB_BRCAdef	FALSE	0.3575132419613821	0.06540161306944221	5.466428505085665	4.591935106504737e-8	0.2293284358144513	0.48569804810831296	0.005582148647073043	3.3003269223600675	0.19201851848167006	43.60545639009253	0.34662600930544724	0.04573499701265916	7.579010209829102	3.4820111134231287e-14	NA	NA	NA	NA	1.6090271189546337e-6	UP	4.591935106504737e-8	3	3	0	1
SMAD5	3	A2780,PEO1,UWB_BRCAdef	FALSE	0.23037160240848045	0.04222189842141817	5.456211374228933	4.864008765290086e-8	0.14761820214359228	0.3131250026733686	0	1.3958531038689617	0.497616015823587	0	0.23037160240848045	0.04222189842141817	5.456211374228933	4.864008765290086e-8	NA	NA	NA	NA	1.7003332768875769e-6	UP	4.864008765290086e-8	3	3	0	1
MIER3	3	A2780,PEO1,UWB_BRCAdef	FALSE	-0.42728565059712226	0.07891929320481472	-5.41421030581473	6.155977972444241e-8	-0.5819646229639157	-0.2726066782303288	0.005219933770338262	2.7238670099063156	0.25616500151661864	27.213682667651913	-0.436279253669158	0.06501567750676832	-6.71037002765587	1.9413149447710146e-11	NA	NA	NA	NA	2.13681798775899e-6	DOWN	6.155977972444241e-8	3	0	3	1
CDC20	3	A2780,PEO1,UWB_BRCAdef	FALSE	-0.20649001989052587	0.03815189429182183	-5.412313693026475	6.221557295466091e-8	-0.2812663586444759	-0.13171368113657583	0	0.3270553984240011	0.8491429780844613	0	-0.20649001989052587	0.03815189429182183	-5.412313693026475	6.221557295466091e-8	NA	NA	NA	NA	2.1545238343807283e-6	DOWN	6.221557295466091e-8	3	0	3	1
MMGT1	3	A2780,PEO1,UWB_BRCAdef	FALSE	-0.29240914386114336	0.05411357889637445	-5.403618644797017	6.530972172873102e-8	-0.39846980957260403	-0.18634847814968272	0	0.9041490832621624	0.6363067366152231	0	-0.29240914386114336	0.05411357889637445	-5.403618644797017	6.530972172873102e-8	NA	NA	NA	NA	2.2563898486045453e-6	DOWN	6.530972172873102e-8	3	0	3	1
EEFSEC	3	A2780,PEO1,UWB_BRCAdef	FALSE	0.31107794150743173	0.057646188024113254	5.396331521128658	6.801721975702752e-8	0.1980934891341456	0.42406239388071787	0.0036447886892277746	2.27226048325252	0.3210590418956573	25.43815496533352	0.33213582662761454	0.028605165163191174	11.611043835363112	3.621671368916048e-31	NA	NA	NA	NA	2.3444536795971235e-6	UP	6.801721975702752e-8	3	3	0	1
ANKRD12	3	A2780,PEO1,UWB_BRCAdef	FALSE	-0.3068719059018102	0.05703970677648434	-5.379969905951967	7.449829129452124e-8	-0.4186676768724447	-0.19507613493117565	4.277749688861716e-7	1.9906757448547885	0.3695985462874131	0.004289135882498433	-0.3068725515465218	0.05703840346731171	-5.380104156007596	7.444275570062171e-8	NA	NA	NA	NA	2.5559309358981104e-6	DOWN	7.449829129452124e-8	3	0	3	1
TRAPPC1	3	A2780,PEO1,UWB_BRCAdef	FALSE	0.3967925650682085	0.07380336643391282	5.376347777082989	7.601190526090402e-8	0.25214062491992706	0.5414445052164899	0.007893023039685053	3.4845599248426	0.17512067655049862	45.34951507789269	0.3502263774149597	0.040406755916613885	8.667520306201036	4.416328985325992e-18	NA	NA	NA	NA	2.6018241738263604e-6	UP	7.601190526090402e-8	3	3	0	1
C8orf44	3	A2780,PEO1,UWB_BRCAdef	FALSE	0.3828714028733923	0.07139940784958962	5.362389050620017	8.212841370352128e-8	0.2429311349707102	0.5228116707760744	0	1.7229122474589886	0.4225463543650989	0	0.3828714028733923	0.07139940784958962	5.362389050620017	8.212841370352128e-8	NA	NA	NA	NA	2.804694811625795e-6	UP	8.212841370352128e-8	3	3	0	1
SLC30A6	3	A2780,PEO1,UWB_BRCAdef	FALSE	-0.2607671836035892	0.04878005790012178	-5.3457743764371015	9.003130113746564e-8	-0.3563743402516064	-0.16516002695557197	0	1.148351198090768	0.5631689545080305	0	-0.2607671836035892	0.04878005790012178	-5.3457743764371015	9.003130113746564e-8	NA	NA	NA	NA	3.0674950458979362e-6	DOWN	9.003130113746564e-8	3	0	3	1
MRPS18A	3	A2780,PEO1,UWB_BRCAdef	FALSE	0.21829601716379315	0.04088045003714892	5.339863356822711	9.301666288031034e-8	0.13817180741919216	0.29842022690839415	1.7468729342274023e-7	2.29480416126292	0.3174604356210003	0.0024043227275669294	0.21829561992415328	0.04087929633378516	5.340004342093833	9.294435537767986e-8	NA	NA	NA	NA	3.15467292204392e-6	UP	9.301666288031034e-8	3	3	0	1
CTDSPL2	3	A2780,PEO1,UWB_BRCAdef	FALSE	-0.31623895474092145	0.059485377980144645	-5.316246874088577	1.059294079698346e-7	-0.43282815318875695	-0.19964975629308596	0	0.604466388862856	0.7391656754707643	0	-0.31623895474092145	0.059485377980144645	-5.316246874088577	1.059294079698346e-7	NA	NA	NA	NA	3.5700848812442826e-6	DOWN	1.059294079698346e-7	3	0	3	1
RIMKLB	3	A2780,PEO1,UWB_BRCAdef	FALSE	-0.2259381375060167	0.042569765315069195	-5.307479048423066	1.1115177715842374e-7	-0.3093733443538747	-0.14250293065815872	9.490719745267555e-4	3.061336479522801	0.21639101790897045	11.690371548139087	-0.22847840823351817	0.03518783459409229	-6.49310794111433	8.408339793311357e-11	NA	NA	NA	NA	3.726987140230412e-6	DOWN	1.1115177715842374e-7	3	0	3	1
UBE2O	3	A2780,PEO1,UWB_BRCAdef	TRUE	0.2564738232023076	0.04845510811145071	5.293019316196691	1.2031320660031833e-7	0.1615035564368696	0.3514440899677456	0	4.151318551940501	0.12547367843786952	0	0.2564738232023076	0.04845510811145071	5.293019316196691	1.2031320660031833e-7	0.28533808062656063	0.07825212910612087	2.6594628599477125e-4	0.009322012456908845	4.015962496611529e-6	UP	1.2031320660031833e-7	3	3	0	1
SPRTN	3	A2780,PEO1,UWB_BRCAdef	FALSE	0.2620971315297631	0.0495854056765584	5.285771649009016	1.2517596386093404e-7	0.1649115222449007	0.3592827408146255	0.001200656765823285	3.083040586328758	0.21405542692699192	13.75345779441619	0.26596131646704235	0.04354932174750615	6.107128786277197	1.0143938593672398e-9	NA	NA	NA	NA	4.1501725955417744e-6	UP	1.2517596386093404e-7	3	3	0	1
ZNF234	3	A2780,PEO1,UWB_BRCAdef	FALSE	-0.19101439456885005	0.036168498833204214	-5.281236455229675	1.283149584362041e-7	-0.2619033496568093	-0.12012543948089084	0	1.0448712262694457	0.5930742878946735	0	-0.19101439456885005	0.036168498833204214	-5.281236455229675	1.283149584362041e-7	NA	NA	NA	NA	4.244727719007047e-6	DOWN	1.283149584362041e-7	3	0	3	1
MPLKIP	3	A2780,PEO1,UWB_BRCAdef	FALSE	0.32176708478361726	0.061383458130911665	5.241918500215302	1.589155636008855e-7	0.20145771760050807	0.44207645196672646	0.0016027237297983647	1.70664429882614	0.4259973516939026	12.43768117924266	0.31672211854737203	0.05525387243488714	5.732125271773613	9.91799756253522e-9	NA	NA	NA	NA	5.1532553486102945e-6	UP	1.589155636008855e-7	3	3	0	1
DMC1	3	A2780,PEO1,UWB_BRCAdef	FALSE	-0.5802018931494983	0.11086317126641042	-5.233495366601417	1.663341780603784e-7	-0.7974897160435586	-0.36291407025543815	0.013947219547785463	2.8372250278746662	0.24204962449822656	31.03975775024275	-0.6168037586309966	0.05757788231761508	-10.712512058511308	8.891578526427047e-27	NA	NA	NA	NA	5.346920632562642e-6	DOWN	1.663341780603784e-7	3	0	3	1
PDGFA	3	A2780,PEO1,UWB_BRCAdef	FALSE	-0.17620173110129986	0.03378844987636143	-5.2148509844653	1.8396506264607666e-7	-0.2424258759524051	-0.10997758625019462	0	0.06493527023846904	0.9680537802694733	0	-0.17620173110129986	0.03378844987636143	-5.2148509844653	1.8396506264607666e-7	NA	NA	NA	NA	5.8375351531063e-6	DOWN	1.8396506264607666e-7	3	0	3	1
TTLL4	3	A2780,PEO1,UWB_BRCAdef	FALSE	-0.21845126013422084	0.04217569667372585	-5.179553092487722	2.2241810514510898e-7	-0.30111410663760924	-0.13578841363083244	9.338393487431132e-4	1.6145080905660343	0.44608130503884336	8.61766285134014	-0.22683112475485012	0.033207988038392755	-6.830619322453496	8.454882003005541e-12	NA	NA	NA	NA	7.012572538978095e-6	DOWN	2.2241810514510898e-7	3	0	3	1
ORAI3	3	A2780,PEO1,UWB_BRCAdef	FALSE	0.3112716064490926	0.060432763036152755	5.150709496153274	2.5950288022370863e-7	0.19282556741198975	0.4297176454861954	0.003578663282900121	1.9139177261803497	0.3840590880544515	19.805630660260043	0.33691668452987455	0.033222884729822384	10.141102654684369	3.629789726476717e-24	NA	NA	NA	NA	8.164402318868041e-6	UP	2.5950288022370863e-7	3	3	0	1
PAPSS1	3	A2780,PEO1,UWB_BRCAdef	FALSE	0.17551509975152899	0.034095720109720146	5.147716463729782	2.6367664575863627e-7	0.10868871630951944	0.24234148319353854	6.897866964104331e-4	2.099828435516324	0.3499677688433394	8.692653506589581	0.1826908205649194	0.025196728563064503	7.250576998822104	4.1499987109737785e-13	NA	NA	NA	NA	8.260564747527445e-6	UP	2.6367664575863627e-7	3	3	0	1
AGL	3	A2780,PEO1,UWB_BRCAdef	FALSE	-0.3882444600320517	0.0755295589475415	-5.140298254643643	2.7430270489344027e-7	-0.536279675337428	-0.2402092447266754	0.007354436779641082	3.415288560684359	0.18129236396420298	41.99182033939526	-0.3683322002582509	0.05340383729550761	-6.8971111236839056	5.307066879027312e-12	NA	NA	NA	NA	8.557202736833968e-6	DOWN	2.7430270489344027e-7	3	0	3	1
ZNF808	3	A2780,PEO1,UWB_BRCAdef	FALSE	-0.3004480924828958	0.058781271028610735	-5.1112894843096885	3.199672415826533e-7	-0.4156572666644605	-0.18523891830133105	0	1.0118945228183052	0.6029341685637926	0	-0.3004480924828958	0.058781271028610735	-5.1112894843096885	3.199672415826533e-7	NA	NA	NA	NA	9.87756910497431e-6	DOWN	3.199672415826533e-7	3	0	3	1
TTC21B	3	A2780,PEO1,UWB_BRCAdef	FALSE	-0.29310095092355465	0.05735243057012416	-5.110523617045026	3.212671457267153e-7	-0.405509649266832	-0.18069225258027732	0.0037043834430449418	2.769584880093953	0.25037576238031123	37.107415496135985	-0.2879533006974807	0.042173109762672925	-6.827888726203108	8.617338242428404e-12	NA	NA	NA	NA	9.897036008043622e-6	DOWN	3.212671457267153e-7	3	0	3	1
METTL4	3	A2780,PEO1,UWB_BRCAdef	FALSE	-0.3323153278886121	0.06503373868790624	-5.109891182534919	3.223444169345731e-7	-0.4597791134968975	-0.20485154228032676	0.004447141193565995	2.822586440617857	0.2438277561683016	30.74394797588017	-0.3572275192766591	0.044854031879928306	-7.964223154630488	1.6626497228760555e-15	NA	NA	NA	NA	9.909577740564517e-6	DOWN	3.223444169345731e-7	3	0	3	1
OPA3	3	A2780,PEO1,UWB_BRCAdef	FALSE	-0.15297004898747976	0.030175136784238856	-5.069406978376297	3.990571129361703e-7	-0.2121122303131577	-0.09382786766180182	0	0.8875490829980487	0.6416100609640888	0	-0.15297004898747976	0.030175136784238856	-5.069406978376297	3.990571129361703e-7	NA	NA	NA	NA	1.2141682158409774e-5	DOWN	3.990571129361703e-7	3	0	3	1
TMEM59	3	A2780,PEO1,UWB_BRCAdef	FALSE	-0.30479560652796905	0.06015199571471024	-5.067090508078204	4.0394224669798617e-7	-0.4226913517270088	-0.18689986132892933	0.004537604396877256	2.357255313572906	0.30770071997812987	35.47956239020192	-0.3339234543227432	0.027432286655930564	-12.172643808770951	4.347684615512873e-34	NA	NA	NA	NA	1.2265080086084439e-5	DOWN	4.0394224669798617e-7	3	0	3	1
SPCS1	3	A2780,PEO1,UWB_BRCAdef	FALSE	-0.1974695631511248	0.039083553787262686	-5.052497636882755	4.3606975404200714e-7	-0.2740719209619937	-0.12086720534025591	0	0.3347149167250489	0.845897184265514	0	-0.1974695631511248	0.039083553787262686	-5.052497636882755	4.3606975404200714e-7	NA	NA	NA	NA	1.3132715790263054e-5	DOWN	4.3606975404200714e-7	3	0	3	1
THBS4	3	A2780,PEO1,UWB_BRCAdef	FALSE	-0.09686600397672425	0.019210818016974593	-5.0422633690628835	4.6005749074463705e-7	-0.13451851540354764	-0.05921349254990087	1.7971436761312924e-6	2.7070585611581475	0.2583269416561777	0.02563650327758189	-0.09686905714652577	0.01916891234388993	-5.05344567332234	4.3390977933628287e-7	NA	NA	NA	NA	1.376198067079025e-5	DOWN	4.6005749074463705e-7	3	0	3	1
AIP	3	A2780,PEO1,UWB_BRCAdef	FALSE	0.4369753935309763	0.08666704551466513	5.0420017312928325	4.6068711922913195e-7	0.26711110567573904	0.6068396813862136	0.01105545737724671	3.9358336146582	0.13974767452593997	49.91002571911833	0.44125753633674214	0.055004718628194824	8.022176048557375	1.0388810180579764e-15	NA	NA	NA	NA	1.376198067079025e-5	UP	4.6068711922913195e-7	3	3	0	1
CCDC9	3	A2780,PEO1,UWB_BRCAdef	FALSE	-0.40783763649719723	0.08103562207416315	-5.032819222686382	4.833188541269672e-7	-0.566664537227356	-0.24901073576703847	4.422761835697943e-6	2.6944286695049584	0.2599634240086135	0.020011913032647724	-0.40784776109648585	0.08102454820139862	-5.0336320306621065	4.81273073623238e-7	NA	NA	NA	NA	1.435107609633627e-5	DOWN	4.833188541269672e-7	3	0	3	1
ZNF485	3	A2780,PEO1,UWB_BRCAdef	FALSE	-0.2682965563126115	0.053394198665143076	-5.024825973982853	5.038892464564807e-7	-0.37294726267966855	-0.16364584994555448	6.328318149255203e-4	2.0248893572713973	0.3633296686960082	5.817503222954791	-0.2688927602934982	0.05034037482475593	-5.341493010919429	9.218417090731727e-8	NA	NA	NA	NA	1.490202057470396e-5	DOWN	5.038892464564807e-7	3	0	3	1
PEX12	3	A2780,PEO1,UWB_BRCAdef	FALSE	0.26639863402718506	0.05317581485834997	5.0097706022337265	5.449495289443289e-7	0.16217595205624924	0.37062131599812087	0.0026593994115634216	1.7695808741917705	0.4128006719229083	19.819305074196624	0.28635267941073356	0.031141618534019103	9.195176515887313	3.743794198464339e-20	NA	NA	NA	NA	1.598842992956308e-5	UP	5.449495289443289e-7	3	3	0	1
PBK	3	A2780,PEO1,UWB_BRCAdef	FALSE	-0.2922981126487161	0.05836518432663928	-5.008090285689446	5.497274815900536e-7	-0.4066917718799707	-0.17790445341746147	0	0.3018056871934128	0.8599312424273278	0	-0.2922981126487161	0.05836518432663928	-5.008090285689446	5.497274815900536e-7	NA	NA	NA	NA	1.6096673802519052e-5	DOWN	5.497274815900536e-7	3	0	3	1
UBA6	3	A2780,PEO1,UWB_BRCAdef	FALSE	-0.26313801389026004	0.05335117974833556	-4.93218735052376	8.131386747799739e-7	-0.36770440472972044	-0.15857162305079964	0	0.015913135023638853	0.9920750021871652	0	-0.26313801389026004	0.05335117974833556	-4.93218735052376	8.131386747799739e-7	NA	NA	NA	NA	2.3438365660763104e-5	DOWN	8.131386747799739e-7	3	0	3	1
AK8	3	A2780,PEO1,UWB_BRCAdef	FALSE	0.25510941310264695	0.051980880182225936	4.907754778455593	9.212493908312805e-7	0.15322876006079228	0.35699006614450163	0	0.71621532400228	0.6989978154516971	0	0.25510941310264695	0.051980880182225936	4.907754778455593	9.212493908312805e-7	NA	NA	NA	NA	2.6349158108746894e-5	UP	9.212493908312805e-7	3	3	0	1
TSPYL4	3	A2780,PEO1,UWB_BRCAdef	FALSE	0.3096648111337984	0.06387790296383644	4.8477610686298	1.2486265656335086e-6	0.18446642191673462	0.4348632003508622	0.005397148961498703	3.8296934913606693	0.14736441508886203	38.016126104149876	0.3113655709653987	0.032404214637757764	9.608798560499347	7.340041384077424e-22	NA	NA	NA	NA	3.5034992459246096e-5	UP	1.2486265656335086e-6	3	3	0	1
IGFLR1	3	A2780,PEO1,UWB_BRCAdef	FALSE	0.2796020390204176	0.057742614335241534	4.842213021341685	1.2840100200490972e-6	0.16642859455015796	0.3927754834906772	5.023988459804415e-7	2.449269024295257	0.29386508481721024	0.0011954555852342447	0.27960319455293015	0.057738954134756354	4.842539993023897	1.2818982373410843e-6	NA	NA	NA	NA	3.5959576072852275e-5	UP	1.2840100200490972e-6	3	3	0	1
TANGO6	3	A2780,PEO1,UWB_BRCAdef	FALSE	0.3860204838052537	0.08021624649867168	4.812248149901229	1.492418829621077e-6	0.22879952969287004	0.5432414379176373	0.009897621303452108	3.9760589808922546	0.13696505064961112	49.9977901253151	0.44681015949473735	0.03413011277043167	13.091376594624895	3.688614376502276e-39	NA	NA	NA	NA	4.140412238950632e-5	UP	1.492418829621077e-6	3	3	0	1
SNX22	3	A2780,PEO1,UWB_BRCAdef	FALSE	-0.24339836110760146	0.05092476631700012	-4.779567560359099	1.7567263418284027e-6	-0.3432090690100401	-0.14358765320516279	0	1.0710347298709424	0.5853663637587926	0	-0.24339836110760146	0.05092476631700012	-4.779567560359099	1.7567263418284027e-6	NA	NA	NA	NA	4.837376613895082e-5	DOWN	1.7567263418284027e-6	3	0	3	1
WDR43	3	A2780,PEO1,UWB_BRCAdef	FALSE	-0.26572276135230255	0.05561710611475053	-4.777716424224897	1.772971781842899e-6	-0.37473028626155597	-0.15671523644304913	0.0019094491295110966	2.359037684850513	0.307426623668924	18.199888685731764	-0.2756436458524203	0.04729872081853389	-5.827718827956336	5.6190144748526475e-9	NA	NA	NA	NA	4.873036010801292e-5	DOWN	1.772971781842899e-6	3	0	3	1
CIITA	3	A2780,PEO1,UWB_BRCAdef	FALSE	0.0975530280655059	0.020464044894857595	4.767045252623541	1.8694733203679645e-6	0.05744423709357427	0.13766181903743754	2.9831529940783133e-6	1.0596755404994855	0.5887004666616027	0.0379605443007472	0.09754983374116291	0.020398796909911796	4.7821366216829855	1.7344172913677324e-6	NA	NA	NA	NA	5.109778556059351e-5	UP	1.8694733203679645e-6	3	3	0	1
ALDH8A1	3	A2780,PEO1,UWB_BRCAdef	FALSE	0.19453253202542442	0.04113448840433152	4.729183212715971	2.2542489146114216e-6	0.11391041623045417	0.27515464782039467	0	0.8374482163624968	0.6578856755077555	0	0.19453253202542442	0.04113448840433152	4.729183212715971	2.2542489146114216e-6	NA	NA	NA	NA	6.09389007319179e-5	UP	2.2542489146114216e-6	3	3	0	1
CCDC149	3	A2780,PEO1,UWB_BRCAdef	FALSE	-0.16260535898935732	0.034486998866815895	-4.714975623634783	2.4173968838495136e-6	-0.23019863470319013	-0.09501208327552452	0	0.8616805841498296	0.6499627066812813	0	-0.16260535898935732	0.034486998866815895	-4.714975623634783	2.4173968838495136e-6	NA	NA	NA	NA	6.511119803548773e-5	DOWN	2.4173968838495136e-6	3	0	3	1
PRR3	3	A2780,PEO1,UWB_BRCAdef	FALSE	-0.1958596024762533	0.041892638840617676	-4.6752748906892565	2.935601307159954e-6	-0.27796766582120774	-0.11375153913129887	0	0.6459627518462929	0.7239873378381771	0	-0.1958596024762533	0.041892638840617676	-4.6752748906892565	2.935601307159954e-6	NA	NA	NA	NA	7.793309969295196e-5	DOWN	2.935601307159954e-6	3	0	3	1
DOC2A	3	A2780,PEO1,UWB_BRCAdef	FALSE	0.2288871792465204	0.049028784445203095	4.668424515038418	3.0351825272939924e-6	0.13279252752814474	0.3249818309648961	0	0.9052496014743908	0.6359566993535463	0	0.2288871792465204	0.049028784445203095	4.668424515038418	3.0351825272939924e-6	NA	NA	NA	NA	8.014507862695762e-5	UP	3.0351825272939924e-6	3	3	0	1
ZNF385A	3	A2780,PEO1,UWB_BRCAdef	FALSE	0.5025860425153608	0.1077767444468704	4.663214175699244	3.1130846033787817e-6	0.2913475050285176	0.713824580002204	0.01571117381207453	4.211993147090315	0.12172430657947107	45.37576056965976	0.5500500730634584	0.06774990130215018	8.118832094091943	4.706911805424613e-16	NA	NA	NA	NA	8.190957656612464e-5	UP	3.1130846033787817e-6	3	3	0	1
SENP2	3	A2780,PEO1,UWB_BRCAdef	FALSE	-0.16083048852519846	0.034580425651629845	-4.650911187312646	3.304716333736447e-6	-0.228606877372458	-0.09305409967793894	1.7431526320342447e-6	2.17258584980309	0.3374651865673447	0.02445369551967732	-0.1608260398918312	0.03456367021897371	-4.653037101469213	3.2708136806516328e-6	NA	NA	NA	NA	8.63371738992241e-5	DOWN	3.304716333736447e-6	3	0	3	1
METTL18	3	A2780,PEO1,UWB_BRCAdef	FALSE	-0.2546250050641885	0.05486370488191211	-4.641046491705945	3.466491136869772e-6	-0.3621558906911706	-0.14709411943720643	5.822708431055581e-6	1.9387733455378813	0.37931561136796804	0.052493198982067564	-0.25462801674590246	0.054839426552334064	-4.643156078645484	3.431269414328136e-6	NA	NA	NA	NA	8.977058571084644e-5	DOWN	3.466491136869772e-6	3	0	3	1
ZNF136	3	A2780,PEO1,UWB_BRCAdef	FALSE	-0.2644338573205063	0.057054121754114645	-4.634789725799886	3.5730048662711717e-6	-0.3762578811281342	-0.15260983351287838	0	1.0127993443157168	0.6026614563587901	0	-0.2644338573205063	0.057054121754114645	-4.634789725799886	3.5730048662711717e-6	NA	NA	NA	NA	9.204533616298226e-5	DOWN	3.5730048662711717e-6	3	0	3	1
NPIPB3	3	A2780,PEO1,UWB_BRCAdef	FALSE	-0.3471488652023294	0.07501037236532537	-4.628011490352286	3.6919353755099844e-6	-0.49416649350530567	-0.20013123689935314	0	0.7707413272302747	0.6801984646501467	0	-0.3471488652023294	0.07501037236532537	-4.628011490352286	3.6919353755099844e-6	NA	NA	NA	NA	9.49437363437672e-5	DOWN	3.6919353755099844e-6	3	0	3	1
KCNMB3	3	A2780,PEO1,UWB_BRCAdef	FALSE	-0.299707529393101	0.06488617363132958	-4.618973698402683	3.85642731356477e-6	-0.4268820928051195	-0.17253296598108253	0.002075934505434668	2.3059408093609437	0.31569762554642744	14.447085158964667	-0.29496662961971826	0.0569298011651139	-5.181234144209014	2.2042258877476595e-7	NA	NA	NA	NA	9.88301398365377e-5	DOWN	3.85642731356477e-6	3	0	3	1
XRCC3	3	A2780,PEO1,UWB_BRCAdef	FALSE	0.3516810495568591	0.07620589520876311	4.614879840902629	3.933228084151162e-6	0.20232023953804992	0.5010418595756683	0	0.23603011583765532	0.8886826708023461	0	0.3516810495568591	0.07620589520876311	4.614879840902629	3.933228084151162e-6	NA	NA	NA	NA	1.0062395100405403e-4	UP	3.933228084151162e-6	3	3	0	1
SPNS3	3	A2780,PEO1,UWB_BRCAdef	FALSE	0.3505207075880009	0.07607807322658519	4.607381505891145	4.077714374677566e-6	0.201410424050693	0.49963099112530884	0.005006172832664221	1.7293526675862392	0.42118785484328186	19.387498645125465	0.37434610604533064	0.049134767441292235	7.618762142155473	2.5611991451918005e-14	NA	NA	NA	NA	1.0396062492820201e-4	UP	4.077714374677566e-6	3	3	0	1
GPATCH4	3	A2780,PEO1,UWB_BRCAdef	FALSE	-0.3078540075289962	0.06775774241951446	-4.543451368597151	5.534057711484097e-6	-0.4406567423449864	-0.17505127271300602	0.005413800783461595	2.677717492685855	0.2621446714938128	34.81024001722016	-0.33141310211915836	0.0408200371611865	-8.118882910628034	4.704941648677423e-16	NA	NA	NA	NA	1.384638094411427e-4	DOWN	5.534057711484097e-6	3	0	3	1
CEP76	3	A2780,PEO1,UWB_BRCAdef	FALSE	-0.1905096331242205	0.04219661737152809	-4.514808176372112	6.337410280921465e-6	-0.27321348344183277	-0.10780578280660826	0	0.5047581922803313	0.7769501434321532	0	-0.1905096331242205	0.04219661737152809	-4.514808176372112	6.337410280921465e-6	NA	NA	NA	NA	1.5737617133394785e-4	DOWN	6.337410280921465e-6	3	0	3	1
TUSC3	3	A2780,PEO1,UWB_BRCAdef	FALSE	-0.35532027558140894	0.07938553643745609	-4.475881773014762	7.609658787036709e-6	-0.510913067892215	-0.19972748327060286	0.010039462350932258	3.7145557831863947	0.15609696542482143	48.29067524333985	-0.42452030121972867	0.02446842082341754	-17.349722088049134	1.982007372355821e-67	NA	NA	NA	NA	1.872279941496037e-4	DOWN	7.609658787036709e-6	3	0	3	1
WASL	3	A2780,PEO1,UWB_BRCAdef	FALSE	0.19803333795543487	0.04429182826034893	4.471103265175416	7.781710994904638e-6	0.11122294975571763	0.28484372615515213	0	0.3786627671492099	0.8275122372898333	0	0.19803333795543487	0.04429182826034893	4.471103265175416	7.781710994904638e-6	NA	NA	NA	NA	1.9087306890354141e-4	UP	7.781710994904638e-6	3	3	0	1
MKNK2	3	A2780,PEO1,UWB_BRCAdef	FALSE	0.2978747956104038	0.06664273065431103	4.469726745675219	7.831959146183906e-6	0.16725744369655077	0.42849214752425685	0	0.824463290989539	0.6621708693861659	0	0.2978747956104038	0.06664273065431103	4.469726745675219	7.831959146183906e-6	NA	NA	NA	NA	1.9161842856862507e-4	UP	7.831959146183906e-6	3	3	0	1
HADHB	3	A2780,PEO1,UWB_BRCAdef	FALSE	-0.2345107615434398	0.05260870303967635	-4.457641948834527	8.286616281558207e-6	-0.3376219247745683	-0.1313995983123113	0.0015178925170471259	1.6318205723083468	0.44223658224482326	12.960870815185672	-0.22504059381668048	0.043382911805940255	-5.187309575330684	2.1335390284291383e-7	NA	NA	NA	NA	2.0220164184059608e-4	DOWN	8.286616281558207e-6	3	0	3	1
DYRK3	3	A2780,PEO1,UWB_BRCAdef	FALSE	0.31030912662507	0.06972688574911214	4.450351156390507	8.572999410338043e-6	0.17364694180267107	0.44697131144746893	0.0015012360130151625	1.2523556547452268	0.5346313540892721	2.6819773283260657	0.31611429171027267	0.05990777107320025	5.2766825746866495	1.3154345115074293e-7	NA	NA	NA	NA	2.0884504494344093e-4	UP	8.572999410338043e-6	3	3	0	1
KRT81	3	A2780,PEO1,UWB_BRCAdef	FALSE	-0.42550541404821496	0.09677564879372128	-4.39682316111552	1.0984676749116727e-5	-0.6151822002644057	-0.23582862783202416	0	0.607126061798687	0.7381833593043884	0	-0.42550541404821496	0.09677564879372128	-4.39682316111552	1.0984676749116727e-5	NA	NA	NA	NA	2.624077788193684e-4	DOWN	1.0984676749116727e-5	3	0	3	1
ZNHIT2	3	A2780,PEO1,UWB_BRCAdef	FALSE	0.310522714602525	0.07127672436173904	4.356579477847216	1.3211073603630722e-5	0.17082290191752783	0.4502225272875222	0.0030260119370122828	3.780179915805303	0.1510582193445484	16.22590548181917	0.29980568956013703	0.05875516540176203	5.102626935182554	3.34970922736152e-7	NA	NA	NA	NA	3.1107029518612656e-4	UP	1.3211073603630722e-5	3	3	0	1
MRPL9	3	A2780,PEO1,UWB_BRCAdef	FALSE	-0.34629970933028686	0.0795589474900243	-4.35274372343486	1.3444427815667297e-5	-0.5022323810586478	-0.19036703760192591	0.00909532691282274	3.5648141524646344	0.16823271054675057	47.198769427198826	-0.31265230878369354	0.033010502039121585	-9.471298207254206	2.7638703144361614e-21	NA	NA	NA	NA	3.160616122579846e-4	DOWN	1.3444427815667297e-5	3	0	3	1
CTSB	3	A2780,PEO1,UWB_BRCAdef	FALSE	0.2839744844257352	0.06583598031215962	4.313363043722862	1.6078976010096027e-5	0.1549383341270143	0.4130106347244561	0.005076999074677691	2.4982646419861183	0.2867534989389966	30.774263779571235	0.25133154720395023	0.030348095395446497	8.281625055180914	1.2150564423140902e-16	NA	NA	NA	NA	3.747023664654584e-4	UP	1.6078976010096027e-5	3	3	0	1
ZNF432	3	A2780,PEO1,UWB_BRCAdef	FALSE	-0.19256916718942677	0.044646479725121375	-4.3131993468473455	1.6090890830159334e-5	-0.28007465948716237	-0.10506367489169115	0	0.17379694767189344	0.9167701670668603	0	-0.19256916718942677	0.044646479725121375	-4.3131993468473455	1.6090890830159334e-5	NA	NA	NA	NA	3.747023664654584e-4	DOWN	1.6090890830159334e-5	3	0	3	1
SLC7A6	3	A2780,PEO1,UWB_BRCAdef	FALSE	0.1186130151170218	0.027514136219279662	4.310984512532415	1.6252929011660812e-5	0.06468629906150461	0.17253973117253898	0	0.8712864822608825	0.6468484536990219	0	0.1186130151170218	0.027514136219279662	4.310984512532415	1.6252929011660812e-5	NA	NA	NA	NA	3.778805995211139e-4	UP	1.6252929011660812e-5	3	3	0	1
ITPA	3	A2780,PEO1,UWB_BRCAdef	FALSE	-0.22429835563753825	0.05249383473394241	-4.2728514076817365	1.9298906999217963e-5	-0.3271843811264631	-0.12141233014861341	3.3756821684818836e-6	1.6407865973452855	0.440258467380258	0.036400494581202404	-0.2243044979729475	0.05248078600779658	-4.2740308412992265	1.9197046418590952e-5	NA	NA	NA	NA	4.4450613364086606e-4	DOWN	1.9298906999217963e-5	3	0	3	1
VPS41	3	A2780,PEO1,UWB_BRCAdef	FALSE	0.21981791309064347	0.05183691322006884	4.2405671834167045	2.229556877848258e-5	0.11821943010958035	0.3214163960717066	0.001693255479149502	2.39066554152406	0.3026032399149513	18.107380928446084	0.2255759258258649	0.04353816965709738	5.181107235386332	2.2057263197605818e-7	NA	NA	NA	NA	5.079885601347025e-4	UP	2.229556877848258e-5	3	3	0	1
ILKAP	3	A2780,PEO1,UWB_BRCAdef	FALSE	-0.1569071749629565	0.037083632507432414	-4.231170582642051	2.3247827670440508e-5	-0.2295897590934428	-0.0842245908324702	0	1.3274678093403685	0.5149250593818813	0	-0.1569071749629565	0.037083632507432414	-4.231170582642051	2.3247827670440508e-5	NA	NA	NA	NA	5.264404713059783e-4	DOWN	2.3247827670440508e-5	3	0	3	1
DCAF7	3	A2780,PEO1,UWB_BRCAdef	FALSE	0.07564060371643312	0.018047378885091753	4.1912237892294115	2.7745382006831254e-5	0.04026839108630466	0.11101281634656159	0	0.24142193527312153	0.8862900890953788	0	0.07564060371643312	0.018047378885091753	4.1912237892294115	2.7745382006831254e-5	NA	NA	NA	NA	6.216226723257784e-4	UP	2.7745382006831254e-5	3	3	0	1
BMP1	3	A2780,PEO1,UWB_BRCAdef	FALSE	0.3559929829529339	0.08504495698162437	4.185938773887006	2.839898975999404e-5	0.18930793020219194	0.5226780357036759	0.008924729462878669	2.587218520122072	0.2742790500342193	34.6326905447575	0.40020378735863404	0.04527891020100915	8.838635593966096	9.689459332010955e-19	NA	NA	NA	NA	6.34344201784036e-4	UP	2.839898975999404e-5	3	3	0	1
ZNF589	3	A2780,PEO1,UWB_BRCAdef	FALSE	-0.28085257656136914	0.0672087217975655	-4.178811455562341	2.9303649020147508e-5	-0.4125792507315696	-0.14912590239116869	0.006444830000077776	3.610780146541721	0.16441031199926082	46.511579007979336	-0.3176391127310361	0.039116541815686474	-8.120327053135787	4.649290708523321e-16	NA	NA	NA	NA	6.506202072986805e-4	DOWN	2.9303649020147508e-5	3	0	3	1
TMSB10	3	A2780,PEO1,UWB_BRCAdef	FALSE	0.2500298738296225	0.06007128497405876	4.162219502006585	3.151691695819458e-5	0.13229231877542524	0.36776742888381975	1.1404383302990107e-6	1.902719371616178	0.3862155345043962	0.009635581337078376	0.2500307813597126	0.060067580608880594	4.1624912943929555	3.1479414696779244e-5	NA	NA	NA	NA	6.966227968024263e-4	UP	3.151691695819458e-5	3	3	0	1
TSFM	3	A2780,PEO1,UWB_BRCAdef	FALSE	-0.14681514490030617	0.03547517727716542	-4.13853167676227	3.4953561885884326e-5	-0.2163452147087241	-0.07728507509188826	2.522475931376728e-6	2.612438451526576	0.27084211597323	0.031465868453571105	-0.14680742316304496	0.03545077244986966	-4.141162886384009	3.4554945396159125e-5	NA	NA	NA	NA	7.634539432888797e-4	DOWN	3.4953561885884326e-5	3	0	3	1
VPS4A	3	A2780,PEO1,UWB_BRCAdef	FALSE	0.22499179207426154	0.054370285192919844	4.138138898406224	3.50134393390899e-5	0.11842799126696726	0.3315555928815558	0	0.11789051093086571	0.9427583786130656	0	0.22499179207426154	0.054370285192919844	4.138138898406224	3.50134393390899e-5	NA	NA	NA	NA	7.636338163821864e-4	UP	3.50134393390899e-5	3	3	0	1
MANSC1	3	A2780,PEO1,UWB_BRCAdef	FALSE	-0.3062552290282711	0.0744284362420881	-4.114761030745513	3.87580736343038e-5	-0.45213228348839946	-0.1603781745681428	0.007937999283355217	3.635515200483625	0.16238948510488818	46.25762594175855	-0.27009037482607695	0.046681141073655	-5.7858563140073995	7.214386236600828e-9	NA	NA	NA	NA	8.318078879977507e-4	DOWN	3.87580736343038e-5	3	0	3	1
TMEM91	3	A2780,PEO1,UWB_BRCAdef	FALSE	0.4754803632480372	0.11563244884923524	4.111997695975302	3.9225021482578376e-5	0.24884492805936617	0.7021157984367082	0.015342101770713861	3.0269967078817555	0.220138506893629	38.93988769821379	0.4898219993899317	0.0741823868605281	6.602942020601961	4.0307721677959605e-11	NA	NA	NA	NA	8.393927534918762e-4	UP	3.9225021482578376e-5	3	3	0	1
SOWAHC	3	A2780,PEO1,UWB_BRCAdef	FALSE	-0.12244176190133729	0.02981646781359748	-4.106514650454305	4.016739965878761e-5	-0.18088096496218609	-0.0640025588404885	0	0.7529263577023375	0.686284387001098	0	-0.12244176190133729	0.02981646781359748	-4.106514650454305	4.016739965878761e-5	NA	NA	NA	NA	8.570784109011433e-4	DOWN	4.016739965878761e-5	3	0	3	1
FZD1	3	A2780,PEO1,UWB_BRCAdef	FALSE	-0.3214026089348926	0.07843208802129949	-4.097845882256897	4.170127697066635e-5	-0.47512667668891495	-0.16767854118087022	0.005589577246348919	2.553350433838877	0.2789632526075639	24.624238596825528	-0.3073828347676424	0.05425371037234904	-5.665655540571161	1.4646349446412768e-8	NA	NA	NA	NA	8.859723887431656e-4	DOWN	4.170127697066635e-5	3	0	3	1
CNOT6L	3	A2780,PEO1,UWB_BRCAdef	FALSE	-0.2201484901426386	0.05380424688805818	-4.091656381710277	4.2830297054462356e-5	-0.3256028762585339	-0.1146941040267433	1.5701754692436915e-6	1.993497853964266	0.36907739035144976	0.014551816309672193	-0.22014142860955643	0.053797483868042784	-4.092039492953436	4.27595805032312e-5	NA	NA	NA	NA	9.086536621869941e-4	DOWN	4.2830297054462356e-5	3	0	3	1
TRIM23	3	A2780,PEO1,UWB_BRCAdef	FALSE	0.24914525565106693	0.06103633048190421	4.081917338148833	4.466568427043963e-5	0.1295162461580504	0.36877426514408346	0	0.49221446340796365	0.781838382568277	0	0.24914525565106693	0.06103633048190421	4.081917338148833	4.466568427043963e-5	NA	NA	NA	NA	9.448805054463387e-4	UP	4.466568427043963e-5	3	3	0	1
ODF2L	3	A2780,PEO1,UWB_BRCAdef	FALSE	-0.24606110527066033	0.06028878489964096	-4.081374432745048	4.4770162910166246e-5	-0.36422495234563884	-0.12789725819568182	0.002285890203985549	2.33549653653911	0.3110665917722172	19.962146439080506	-0.23874540997297689	0.0524402318905596	-4.552714611774177	5.295809183507911e-6	NA	NA	NA	NA	9.45737712789469e-4	DOWN	4.4770162910166246e-5	3	0	3	1
NT5C3A	3	A2780,PEO1,UWB_BRCAdef	FALSE	-0.23625626002720362	0.05795666055546354	-4.076429831582694	4.573244740584547e-5	-0.3498492273801253	-0.12266329267428193	0	1.2907391419427667	0.5244686778867587	0	-0.23625626002720362	0.05795666055546354	-4.076429831582694	4.573244740584547e-5	NA	NA	NA	NA	9.618044080041318e-4	DOWN	4.573244740584547e-5	3	0	3	1
THAP3	3	A2780,PEO1,UWB_BRCAdef	FALSE	0.26671204381240865	0.06562608673487537	4.064116223932504	4.821479810989518e-5	0.13808727736575116	0.39533681025906614	1.3346505239381698e-6	1.770246586657159	0.4126632915116299	0.007694502662031557	0.2667106457888302	0.06562096720995865	4.064411987946958	4.815370466904402e-5	NA	NA	NA	NA	0.001006613128840636	UP	4.821479810989518e-5	3	3	0	1
GADD45B	3	A2780,PEO1,UWB_BRCAdef	FALSE	0.34936412639623815	0.08665097266710761	4.031854642167859	5.5338411714666995e-5	0.17953134074334262	0.5191969120491337	0.007802130867938459	2.403671451101106	0.3006418091867428	28.744894783557623	0.31197207476552336	0.05726255844023346	5.4480987797836065	5.091108299015108e-8	NA	NA	NA	NA	0.001139678403934235	UP	5.5338411714666995e-5	3	3	0	1
CIR1	3	A2780,PEO1,UWB_BRCAdef	FALSE	0.2571127533596672	0.06385800901034	4.02631960100784	5.6656669306003626e-5	0.13195335557496657	0.38227215114436786	0.0014665838205484229	2.0451579895787573	0.35966616586813177	11.094688224739885	0.25426779817271133	0.05913800261443177	4.299566893229176	1.7113221751994073e-5	NA	NA	NA	NA	0.0011635863458720496	UP	5.6656669306003626e-5	3	3	0	1
ZWILCH	3	A2780,PEO1,UWB_BRCAdef	FALSE	0.18611766056096057	0.04629564984835002	4.020197603244008	5.814934641814156e-5	0.09537985421731732	0.27685546690460383	0	0.567205949231371	0.7530655715094476	0	0.18611766056096057	0.04629564984835002	4.020197603244008	5.814934641814156e-5	NA	NA	NA	NA	0.0011909340519183646	UP	5.814934641814156e-5	3	3	0	1
PPIL6	3	A2780,PEO1,UWB_BRCAdef	FALSE	-0.2508602819259368	0.06286818562200963	-3.9902580207136227	6.600145542754634e-5	-0.3740796615184545	-0.12764090233341907	0.003827526293086453	2.4122414536288797	0.29935631479388763	31.453350382856577	-0.2547762022435446	0.04502822882101992	-5.658143989101584	1.5301873538046994e-8	NA	NA	NA	NA	0.0013406092327020985	DOWN	6.600145542754634e-5	3	0	3	1
C16orf70	3	A2780,PEO1,UWB_BRCAdef	FALSE	0.14040417668491129	0.03519493760832771	3.989328756522339	6.626053413414123e-5	0.07142336653445472	0.20938498683536785	0	0.19972859609173838	0.9049602145734343	0	0.14040417668491129	0.03519493760832771	3.989328756522339	6.626053413414123e-5	NA	NA	NA	NA	0.001342184271563762	UP	6.626053413414123e-5	3	3	0	1
EYA1	3	A2780,PEO1,UWB_BRCAdef	FALSE	-0.053468776216647564	0.013406763437272881	-3.988194202636266	6.657815246873424e-5	-0.07974554970295084	-0.0271920027303443	3.032923372702473e-7	3.951846891485096	0.1386332328462226	0.00290126479357368	-0.05346750787410122	0.013395836464300708	-3.991352687574955	6.569749231795762e-5	NA	NA	NA	NA	0.0013467731060946282	DOWN	6.657815246873424e-5	3	0	3	1
DPH6	3	A2780,PEO1,UWB_BRCAdef	FALSE	0.20942335601518927	0.05266682739099198	3.976380700900328	6.997207636771865e-5	0.10619827114885738	0.31264844088152116	0	0.8986769064520644	0.6380501120263528	0	0.20942335601518927	0.05266682739099198	3.976380700900328	6.997207636771865e-5	NA	NA	NA	NA	0.0014077239363938174	UP	6.997207636771865e-5	3	3	0	1
NPIPB4	3	A2780,PEO1,UWB_BRCAdef	FALSE	-0.23207880309677742	0.058439150244010106	-3.971289831007853	7.148454815363562e-5	-0.34661743286216234	-0.11754017333139251	0	0.798383605188044	0.6708620159378544	0	-0.23207880309677742	0.058439150244010106	-3.971289831007853	7.148454815363562e-5	NA	NA	NA	NA	0.0014342496791693487	DOWN	7.148454815363562e-5	3	0	3	1
FAM76B	3	A2780,PEO1,UWB_BRCAdef	FALSE	-0.2039029465757931	0.051356012676514566	-3.970381187109552	7.175773347036148e-5	-0.3045588818113441	-0.10324701134024211	0	0.9789726700710512	0.6129411597345175	0	-0.2039029465757931	0.051356012676514566	-3.970381187109552	7.175773347036148e-5	NA	NA	NA	NA	0.0014358343773020774	DOWN	7.175773347036148e-5	3	0	3	1
EIF3C	3	A2780,PEO1,UWB_BRCAdef	FALSE	-0.3032090948363272	0.07644183892838957	-3.9665332373855153	7.292561000241894e-5	-0.4530323460479826	-0.15338584362467175	0	0.027663506863769644	0.9862634657479797	0	-0.3032090948363272	0.07644183892838957	-3.9665332373855153	7.292561000241894e-5	NA	NA	NA	NA	0.0014513472343280873	DOWN	7.292561000241894e-5	3	0	3	1
BYSL	3	A2780,PEO1,UWB_BRCAdef	FALSE	0.17316741523629633	0.04370253503130894	3.962411221963152	7.419660052990062e-5	0.08751202054183077	0.2588228099307619	0	0.14017652493484914	0.9323115281584816	0	0.17316741523629633	0.04370253503130894	3.962411221963152	7.419660052990062e-5	NA	NA	NA	NA	0.001472678029578041	UP	7.419660052990062e-5	3	3	0	1
WIPF2	3	A2780,PEO1,UWB_BRCAdef	FALSE	0.13307299748335558	0.03361112590069242	3.9591948772121954	7.520285541330561e-5	0.06719640123815705	0.19894959372855409	0	0.46394706235063277	0.792967111936376	0	0.13307299748335558	0.03361112590069242	3.9591948772121954	7.520285541330561e-5	NA	NA	NA	NA	0.0014906496286817023	UP	7.520285541330561e-5	3	3	0	1
ZBTB7A	3	A2780,PEO1,UWB_BRCAdef	FALSE	0.15550515379042104	0.03949587819070774	3.9372501869576606	8.242066302644179e-5	0.07809465499885289	0.2329156525819892	1.3750773648823176e-7	2.4471406934930817	0.2941779723255634	0.001961849454248093	0.15550468305543305	0.03949491222640485	3.9373345651207274	8.239169661478153e-5	NA	NA	NA	NA	0.0016293507275026667	UP	8.242066302644179e-5	3	3	0	1
FBXL7	3	A2780,PEO1,UWB_BRCAdef	FALSE	-0.06717295731416376	0.017082691700335318	-3.932223240488805	8.416385065500461e-5	-0.10065441780582227	-0.03369149682250524	0	0.00976012929399681	0.9951318235222743	0	-0.06717295731416376	0.017082691700335318	-3.932223240488805	8.416385065500461e-5	NA	NA	NA	NA	0.001659374479514071	DOWN	8.416385065500461e-5	3	0	3	1
NCOR1	3	A2780,PEO1,UWB_BRCAdef	FALSE	0.14546218502681593	0.037082213628846575	3.922694218924936	8.756425553786426e-5	0.07278238184725631	0.21814198820637554	0	0.4480775724422995	0.7992841325570206	0	0.14546218502681593	0.037082213628846575	3.922694218924936	8.756425553786426e-5	NA	NA	NA	NA	0.0017172581520403167	UP	8.756425553786426e-5	3	3	0	1
CDK7	3	A2780,PEO1,UWB_BRCAdef	FALSE	-0.20428521425157292	0.053115707582685766	-3.8460414733920287	1.2004145292869388e-4	-0.3083900881269981	-0.10018034037614777	6.363045606432527e-4	2.3497322011055575	0.3088603331472324	4.824904773559165	-0.20237334135773188	0.04943381525287008	-4.093824041752114	4.243163689127893e-5	NA	NA	NA	NA	0.0023082613321932337	DOWN	1.2004145292869388e-4	3	0	3	1
GPAM	3	A2780,PEO1,UWB_BRCAdef	FALSE	0.29489828574366705	0.0771491642337158	3.822443038401579	1.321360082312524e-4	0.14368870240821843	0.4461078690791157	0.007630379004143155	2.9292280728545776	0.23116719637830946	37.996012187177676	0.3378733866489334	0.04460051894007192	7.575548327204925	3.5761395424603144e-14	NA	NA	NA	NA	0.002501786368393763	UP	1.321360082312524e-4	3	3	0	1
SLC25A13	3	A2780,PEO1,UWB_BRCAdef	FALSE	-0.2311202461747912	0.06086471413017738	-3.7972781023906803	1.462936327912187e-4	-0.350412893799265	-0.11182759855031743	0.004038376901651909	2.2402728806232073	0.3262352799430586	28.11168587598516	-0.2563131510742253	0.03479606958616238	-7.366152387974167	1.7562305937734436e-13	NA	NA	NA	NA	0.0027417540533380873	DOWN	1.462936327912187e-4	3	0	3	1
S100A3	3	A2780,PEO1,UWB_BRCAdef	FALSE	0.810648076350233	0.21397307118755796	3.7885518577226005	1.5152796612306703e-4	0.3912685631611943	1.2300275895392716	0.058953391725055024	3.7314468672177963	0.15478419328395768	33.2746597809382	0.8423002383862012	0.09013739446896647	9.34462598290655	9.221481012188147e-21	NA	NA	NA	NA	0.0028290960038658995	UP	1.5152796612306703e-4	3	3	0	1
UBE2L3	3	A2780,PEO1,UWB_BRCAdef	FALSE	0.10439114048720388	0.027723973392585016	3.7653744291618776	1.6629968441556612e-4	0.05005315112939052	0.15872912984501725	3.007607971923953e-6	2.834237249024944	0.24241149009885493	0.07828321403758932	0.10436923663405141	0.027691396934930848	3.769013057712397	1.638943145257267e-4	NA	NA	NA	NA	0.0030700042864581474	UP	1.6629968441556612e-4	3	3	0	1
ERC2	3	A2780,PEO1,UWB_BRCAdef	FALSE	0.06776565273271998	0.018116249871816904	3.7406004671055944	1.8358114533751437e-4	0.03225845544903048	0.10327285001640948	0	0.08714067694612178	0.957365212115447	0	0.06776565273271998	0.018116249871816904	3.7406004671055944	1.8358114533751437e-4	NA	NA	NA	NA	0.003347243398404223	UP	1.8358114533751437e-4	3	3	0	1
PITPNC1	3	A2780,PEO1,UWB_BRCAdef	FALSE	0.11640091339144785	0.031323704447647205	3.7160647325731935	2.0234976114363878e-4	0.055007580811682236	0.17779424597121346	3.9692374791034675e-8	2.206506899839514	0.3317898640981628	8.096991542124789e-4	0.11640105302544651	0.031323324486653585	3.716114267342322	2.0231011561498038e-4	NA	NA	NA	NA	0.003666845487783072	UP	2.0234976114363878e-4	3	3	0	1
JMJD6	3	A2780,PEO1,UWB_BRCAdef	FALSE	0.18391622497099788	0.049614330699605164	3.706917384102926	2.0979734436428807e-4	0.08667392368271183	0.28115852625928395	0	0.4084576159482389	0.8152758082385297	0	0.18391622497099788	0.049614330699605164	3.706917384102926	2.0979734436428807e-4	NA	NA	NA	NA	0.003792510184736831	UP	2.0979734436428807e-4	3	3	0	1
AOC3	3	A2780,PEO1,UWB_BRCAdef	FALSE	-0.2813272397422204	0.07599997294405966	-3.70167552492806	2.1418041097793174e-4	-0.4302844495385959	-0.13237002994584493	0.006176250827092692	2.5240410556415136	0.2830814742713996	34.12558872092557	-0.2955068065960584	0.04965119383731611	-5.951655615055237	2.654434651629251e-9	NA	NA	NA	NA	0.003862299679427654	DOWN	2.1418041097793174e-4	3	0	3	1
NDUFB3	3	A2780,PEO1,UWB_BRCAdef	FALSE	0.1735740719702061	0.047095130291854824	3.6856055157835717	2.281595278499666e-4	0.08126931275094934	0.26587883118946287	0	1.3588075700163698	0.5069191350736021	0	0.1735740719702061	0.047095130291854824	3.6856055157835717	2.281595278499666e-4	NA	NA	NA	NA	0.004089448410081764	UP	2.281595278499666e-4	3	3	0	1
ZNF107	3	A2780,PEO1,UWB_BRCAdef	FALSE	-0.2743095212413908	0.074485804264299	-3.6827087248471475	2.3076878360524158e-4	-0.4202990149589168	-0.1283200275238648	0.006309495148765105	3.083715298175586	0.21398322624012864	36.920244365357	-0.2910559284029229	0.05602668483865099	-5.194951820567703	2.0477286535177314e-7	NA	NA	NA	NA	0.00412122947242839	DOWN	2.3076878360524158e-4	3	0	3	1
SMIM4	3	A2780,PEO1,UWB_BRCAdef	FALSE	0.22493490291982204	0.061349555511165256	3.666447149382936	2.459437202275962e-4	0.10469198365039736	0.34517782218924675	4.457110228464836e-6	3.3405284560982103	0.1881973320546366	0.03147359473447467	0.22492109564326176	0.061332533177386815	3.6672396196769146	2.451830126146419e-4	NA	NA	NA	NA	0.004381650350608994	UP	2.459437202275962e-4	3	3	0	1
WDR91	3	A2780,PEO1,UWB_BRCAdef	FALSE	0.16006376974363948	0.04416780536657117	3.6239919193446117	2.900906717762815e-4	0.07349646194898508	0.24663107753829389	0	1.4550643701426897	0.48309972093757403	0	0.16006376974363948	0.04416780536657117	3.6239919193446117	2.900906717762815e-4	NA	NA	NA	NA	0.005069643617003762	UP	2.900906717762815e-4	3	3	0	1
CSNK2A2	3	A2780,PEO1,UWB_BRCAdef	FALSE	-0.19888053192737154	0.054882885818545425	-3.623725847524002	2.9038940580254185e-4	-0.30644901149934467	-0.09131205235539844	0.0014277408872722809	2.1043648906591983	0.3491748618875932	14.272239732198074	-0.1927282127742874	0.04913488265932062	-3.9224315261029306	8.765981030831701e-5	NA	NA	NA	NA	0.005069643617003762	DOWN	2.9038940580254185e-4	3	0	3	1
FLRT3	3	A2780,PEO1,UWB_BRCAdef	FALSE	-0.09883023591866624	0.02739946242740419	-3.607013684320279	3.097413310653908e-4	-0.15253219547213687	-0.045128276365195626	4.7200719141442547e-4	1.3301803995002917	0.5142271424549267	10.783128621098918	-0.10394319369051398	0.020086223419843965	-5.174850021225216	2.280941278609505e-7	NA	NA	NA	NA	0.005363167520449571	DOWN	3.097413310653908e-4	3	0	3	1
NOD1	3	A2780,PEO1,UWB_BRCAdef	FALSE	0.09657973234464134	0.026784669057409675	3.6057840452549352	3.112118700360062e-4	0.044082745654293994	0.1490767190349887	0	0.2711362295521344	0.8732196817396491	0	0.09657973234464134	0.026784669057409675	3.6057840452549352	3.112118700360062e-4	NA	NA	NA	NA	0.005382327394412191	UP	3.112118700360062e-4	3	3	0	1
MAK	3	A2780,PEO1,UWB_BRCAdef	FALSE	0.15735033323340739	0.04369171583340662	3.60137683384587	3.1653637525318895e-4	0.07171614377717199	0.24298452268964277	7.587377378956359e-4	1.3387535320010304	0.5120275913697768	9.2496493762128	0.16166382776061913	0.03828001833997858	4.223190969367482	2.4086755977112764e-5	NA	NA	NA	NA	0.005468017968304795	UP	3.1653637525318895e-4	3	3	0	1
RMDN1	3	A2780,PEO1,UWB_BRCAdef	FALSE	0.22088692530742804	0.06141312777644344	3.5967379175264025	3.2223285522062445e-4	0.10051940668764249	0.3412544439272136	0.0025865005477203173	1.818990385741801	0.4027274724278665	18.234100094972263	0.20774631893793238	0.04888560519656615	4.249641957025931	2.1411248205860242e-5	NA	NA	NA	NA	0.005534096666837832	UP	3.2223285522062445e-4	3	3	0	1
ING3	3	A2780,PEO1,UWB_BRCAdef	FALSE	0.38135713911952157	0.10714586598983813	3.5592333460227947	3.7193895773899037e-4	0.1713551006870838	0.5913591775519593	0.014626172645415233	3.3844642711610304	0.1841081107340913	42.230564212965035	0.3949811312975169	0.0795542598203977	4.964927487091568	6.872674364582863e-7	NA	NA	NA	NA	0.006299955748094445	UP	3.7193895773899037e-4	3	3	0	1
C18orf21	3	A2780,PEO1,UWB_BRCAdef	FALSE	0.21185587475083892	0.05968306891589366	3.5496813183214426	3.856977512688609e-4	0.09487920918886536	0.3288325403128125	0	0.3584871767703811	0.8359022585144368	0	0.21185587475083892	0.05968306891589366	3.5496813183214426	3.856977512688609e-4	NA	NA	NA	NA	0.006518071597728738	UP	3.856977512688609e-4	3	3	0	1
VN1R1	3	A2780,PEO1,UWB_BRCAdef	FALSE	-0.12503808733646668	0.035294179917605466	-3.5427395572972387	3.959935757790818e-4	-0.19421340883885024	-0.05586276583408312	0	0.6759620944111465	0.7132088050700536	0	-0.12503808733646668	0.035294179917605466	-3.5427395572972387	3.959935757790818e-4	NA	NA	NA	NA	0.006661612064897932	DOWN	3.959935757790818e-4	3	0	3	1
SPATA9	3	A2780,PEO1,UWB_BRCAdef	FALSE	-0.23103681416862654	0.06540397160049435	-3.5324584809598973	4.1171487112267127e-4	-0.359226242951476	-0.10284738538577709	0.0021791693255630126	1.2799625854955756	0.5273022883276812	9.062678738843218	-0.24115055704878322	0.052364262901958135	-4.605250674497044	4.119693030664809e-6	NA	NA	NA	NA	0.0068713632046173145	DOWN	4.1171487112267127e-4	3	0	3	1
RABL6	3	A2780,PEO1,UWB_BRCAdef	FALSE	0.2765137751881903	0.07910388923600235	3.495577497627529	4.730370639797785e-4	0.12147300124858007	0.43155454912780056	0.005951178635446709	3.640043461973785	0.16202222999266788	30.721104455166923	0.261367033213168	0.06246747765461508	4.184049733179171	2.8636142011886918e-5	NA	NA	NA	NA	0.007756980075216325	UP	4.730370639797785e-4	3	3	0	1
TMEM243	3	A2780,PEO1,UWB_BRCAdef	FALSE	-0.34990263863795645	0.10167912700561182	-3.441243536823883	5.790471041706248e-4	-0.5491900655484296	-0.15061521172748332	0.01585946464925404	4.072181460514485	0.1305380230542666	49.023334825507696	-0.33511842186911184	0.05075681363428695	-6.6024322228678	4.0446621140335515e-11	NA	NA	NA	NA	0.009223210352402372	DOWN	5.790471041706248e-4	3	0	3	1
CMC2	3	A2780,PEO1,UWB_BRCAdef	FALSE	0.10924452993988776	0.03180876492070987	3.434415960890121	5.938321750096176e-4	0.046900496302595344	0.17158856357718016	1.4078729242783513e-7	1.491256167943904	0.4744362205544257	0.0012766037564683579	0.10924407812843359	0.03180695789351137	3.4345968732432413	5.934359194111543e-4	NA	NA	NA	NA	0.009421669926896154	UP	5.938321750096176e-4	3	3	0	1
TRMT11	3	A2780,PEO1,UWB_BRCAdef	FALSE	-0.16195440168845268	0.04716899739734012	-3.433492561314974	5.958585533827184e-4	-0.25440393777410286	-0.0695048656028025	0	0.4688852413433914	0.7910116203046991	0	-0.16195440168845268	0.04716899739734012	-3.433492561314974	5.958585533827184e-4	NA	NA	NA	NA	0.009433576476306486	DOWN	5.958585533827184e-4	3	0	3	1
EIF3I	3	A2780,PEO1,UWB_BRCAdef	FALSE	-0.09818031471301965	0.0290285685938841	-3.3821962111388717	7.190876321198232e-4	-0.155075263679783	-0.041285365746256304	0	0.7003065597004783	0.7045800835116551	0	-0.09818031471301965	0.0290285685938841	-3.3821962111388717	7.190876321198232e-4	NA	NA	NA	NA	0.011204582524927108	DOWN	7.190876321198232e-4	3	0	3	1
TBCK	3	A2780,PEO1,UWB_BRCAdef	FALSE	-0.14081563828200794	0.04170700695192761	-3.376306490761014	7.346603053481486e-4	-0.2225598698107477	-0.05907140675326818	6.700178255862721e-4	2.5622466621519004	0.2777251478714942	9.832162537527156	-0.14216998355860586	0.03721252082321306	-3.8204878469270658	1.331879683019428e-4	NA	NA	NA	NA	0.011399715548716133	DOWN	7.346603053481486e-4	3	0	3	1
SLC26A7	3	A2780,PEO1,UWB_BRCAdef	FALSE	0.131963262417731	0.03908524435900593	3.376293652039669	7.346945910547423e-4	0.05535759114713207	0.2085689336883299	0.0016747461194642375	2.398958859146334	0.3013510455295867	28.891734126097223	0.14550639365210524	0.02062273386516424	7.055630674548611	1.7181962676980966e-12	NA	NA	NA	NA	0.011399715548716133	UP	7.346945910547423e-4	3	3	0	1
SVIP	3	A2780,PEO1,UWB_BRCAdef	FALSE	0.14113174232163095	0.04180602404214704	3.375870955328064	7.358242296927216e-4	0.05919344086220715	0.22307004378105474	0	1.1247578731313272	0.569851808772149	0	0.14113174232163095	0.04180602404214704	3.375870955328064	7.358242296927216e-4	NA	NA	NA	NA	0.011405275560237184	UP	7.358242296927216e-4	3	3	0	1
TYMP	3	A2780,PEO1,UWB_BRCAdef	FALSE	-0.3645701959164944	0.10805424997009945	-3.373955175454714	7.40964322833435e-4	-0.5763526342343775	-0.15278775759861132	0.008756399646098801	1.8423023503766596	0.39806053981061984	23.09102418203272	-0.3603610640613587	0.08689031910625254	-4.147309709159849	3.364048628993847e-5	NA	NA	NA	NA	0.01147292088140105	DOWN	7.40964322833435e-4	3	0	3	1
COPS2	3	A2780,PEO1,UWB_BRCAdef	FALSE	-0.2526098903544526	0.07534560018128006	-3.352682701400985	8.003239989598563e-4	-0.400284553103316	-0.10493522760558913	0.0074442004133527286	3.5477168461237407	0.169677038374087	43.670507980170655	-0.25646109815848983	0.05628480589924824	-4.556488985989649	5.201576531088038e-6	NA	NA	NA	NA	0.012263617588206627	DOWN	8.003239989598563e-4	3	0	3	1
ICMT	3	A2780,PEO1,UWB_BRCAdef	FALSE	0.08291494394989327	0.024825237842978142	3.339945601904712	8.379480166103994e-4	0.0342583718700153	0.13157151602977124	0	0.35419645099728525	0.8376974972273279	0	0.08291494394989327	0.024825237842978142	3.339945601904712	8.379480166103994e-4	NA	NA	NA	NA	0.012773956001668016	UP	8.379480166103994e-4	3	3	0	1
EPHX3	3	A2780,PEO1,UWB_BRCAdef	FALSE	-0.09144389149396945	0.02739579963630375	-3.33787999284357	8.442020182679281e-4	-0.1451386721088003	-0.03774911087913859	4.448303853430085e-6	2.5718992141815704	0.2763879989719464	0.10112506956366826	-0.09141314834555513	0.027342211300730283	-3.3432975606882818	8.278907423877137e-4	NA	NA	NA	NA	0.012856040416197584	DOWN	8.442020182679281e-4	3	0	3	1
CSNK1G1	3	A2780,PEO1,UWB_BRCAdef	FALSE	0.2333519320318896	0.07005570378836593	3.3309483655582386	8.655065504112705e-4	0.09604527569508617	0.37065858836869303	0.00637442006904585	3.4298822158425106	0.17997431946281175	36.29541126839935	0.2617477582019124	0.034825170328231334	7.516051055455262	5.6455514023504994e-14	NA	NA	NA	NA	0.013139882300750983	UP	8.655065504112705e-4	3	3	0	1
DPY19L1	3	A2780,PEO1,UWB_BRCAdef	FALSE	0.1971758979700582	0.059336859064743994	3.3229918313491185	8.905752232177585e-4	0.08087779124743094	0.31347400469268544	0	1.2214575586886607	0.542955030441424	0	0.1971758979700582	0.059336859064743994	3.3229918313491185	8.905752232177585e-4	NA	NA	NA	NA	0.013492762116517412	UP	8.905752232177585e-4	3	3	0	1
RYK	3	A2780,PEO1,UWB_BRCAdef	FALSE	-0.14121101480107187	0.04274051254678915	-3.3039148664041993	9.534478117027962e-4	-0.2249808800735609	-0.05744114952858284	0.0010426191182780235	2.0364669945357083	0.361232495075538	17.34807774078678	-0.13526219894507147	0.03728262149711288	-3.6280227493001265	2.8560010082177807e-4	NA	NA	NA	NA	0.014357059869296586	DOWN	9.534478117027962e-4	3	0	3	1
ZNF605	3	A2780,PEO1,UWB_BRCAdef	FALSE	-0.23755966173003779	0.07210508911137174	-3.2946309984182807	9.85509979242795e-4	-0.3788830394903776	-0.09623628396969797	0.007601040234380721	3.9687205943261143	0.13746852500096884	49.74715204955397	-0.22867064179653332	0.04727581035434995	-4.8369481153799585	1.318478260964477e-6	NA	NA	NA	NA	0.014764676862272756	DOWN	9.85509979242795e-4	3	0	3	1
EIF2B2	3	A2780,PEO1,UWB_BRCAdef	FALSE	-0.17203472358927066	0.052411654361794964	-3.282375374028909	0.0010293647587072262	-0.27475967850855043	-0.06930976866999092	0.0030061883959830184	2.305967138705582	0.3156934695179916	23.081469208894724	-0.19121706369688718	0.024014587521491652	-7.9625379168290555	1.685459387474017e-15	NA	NA	NA	NA	0.01534396843447959	DOWN	0.0010293647587072262	3	0	3	1
ORAI1	3	A2780,PEO1,UWB_BRCAdef	FALSE	0.13884737687155274	0.042846679034933756	3.2405633295020997	0.001192937705558812	0.05486942910593519	0.2228253246371703	0	0.7826446774936622	0.6761621676423508	0	0.13884737687155274	0.042846679034933756	3.2405633295020997	0.001192937705558812	NA	NA	NA	NA	0.017569691087747162	UP	0.001192937705558812	3	3	0	1
C11orf24	3	A2780,PEO1,UWB_BRCAdef	FALSE	0.22176027013189342	0.06872403449200061	3.226822635939775	0.001251730242862919	0.0870636376552838	0.35645690260850305	0.005279537714784382	2.610739493522671	0.27107228841307957	29.169979372975938	0.1968597938157287	0.03882679798249779	5.070204190015064	3.9738912105334045e-7	NA	NA	NA	NA	0.018307947676769517	UP	0.001251730242862919	3	3	0	1
PDCL3	3	A2780,PEO1,UWB_BRCAdef	FALSE	0.16002467353623298	0.05016763371665258	3.189799113110543	0.0014237172162580604	0.06169791826199664	0.25835142881046935	0	0.41780107741273964	0.8114759420767105	0	0.16002467353623298	0.05016763371665258	3.189799113110543	0.0014237172162580604	NA	NA	NA	NA	0.020491348476634544	UP	0.0014237172162580604	3	3	0	1
ABCB4	3	A2780,PEO1,UWB_BRCAdef	FALSE	0.05407687629985014	0.017136330350534548	3.1556859137092483	0.0016012118413035697	0.02049028598562179	0.08766346661407849	0	0.09221103443655146	0.9549411941360036	0	0.05407687629985014	0.017136330350534548	3.1556859137092483	0.0016012118413035697	NA	NA	NA	NA	0.022657530619479314	UP	0.0016012118413035697	3	3	0	1
NUP62	3	A2780,PEO1,UWB_BRCAdef	FALSE	-0.10762846610240284	0.03421727309191072	-3.1454425317091443	0.001658357723091087	-0.17469308901171934	-0.04056384319308634	0	0.16321240372737367	0.9216348253201315	0	-0.10762846610240284	0.03421727309191072	-3.1454425317091443	0.001658357723091087	NA	NA	NA	NA	0.023310014877707133	DOWN	0.001658357723091087	3	0	3	1
CTNNB1	3	A2780,PEO1,UWB_BRCAdef	FALSE	-0.13528402471572343	0.043050506901276694	-3.1424490546872397	0.0016754086618874248	-0.21966146775841877	-0.05090658167302807	0.002340416090001416	3.117451378540369	0.21040402054011673	36.12416641173928	-0.11439465013217666	0.023746345354777633	-4.817358141772376	1.454714441388525e-6	NA	NA	NA	NA	0.02343828560390667	DOWN	0.0016754086618874248	3	0	3	1
CMC4	3	A2780,PEO1,UWB_BRCAdef	FALSE	0.2258612262284339	0.07196815830926612	3.138349396935361	0.0016990221948616025	0.0848062279085953	0.36691622454827255	0	0.482251500936271	0.7857428126490139	0	0.2258612262284339	0.07196815830926612	3.138349396935361	0.0016990221948616025	NA	NA	NA	NA	0.02369542000214369	UP	0.0016990221948616025	3	3	0	1
PCGF1	3	A2780,PEO1,UWB_BRCAdef	FALSE	-0.1280258495909887	0.041772640525435764	-3.064825397212621	0.002177971064530921	-0.2098987205599811	-0.046152978621996285	0	0.6084127927873226	0.7377085903438921	0	-0.1280258495909887	0.041772640525435764	-3.064825397212621	0.002177971064530921	NA	NA	NA	NA	0.0291453919739536	DOWN	0.002177971064530921	3	0	3	1
FGD4	3	A2780,PEO1,UWB_BRCAdef	FALSE	-0.16666774100930337	0.05439921344043447	-3.063789537909397	0.002185526033591423	-0.2732882401398622	-0.06004724187874458	0	0.42635821597916485	0.8080114029574009	0	-0.16666774100930337	0.05439921344043447	-3.063789537909397	0.002185526033591423	NA	NA	NA	NA	0.029220048335186596	DOWN	0.002185526033591423	3	0	3	1
TGS1	3	A2780,PEO1,UWB_BRCAdef	FALSE	-0.15938371328078527	0.05205229316219826	-3.06199215439242	0.002198692153975047	-0.2614043331914144	-0.05736309337015616	0	0.1869129803285815	0.9107776443497859	0	-0.15938371328078527	0.05205229316219826	-3.06199215439242	0.002198692153975047	NA	NA	NA	NA	0.029316556249620398	DOWN	0.002198692153975047	3	0	3	1
MTMR4	3	A2780,PEO1,UWB_BRCAdef	FALSE	0.13231399400355132	0.0432658720198853	3.05816080495821	0.0022270003701065954	0.0475144430848569	0.21711354492224572	0.002415361875961556	3.1458019116017244	0.20744252703927973	41.24378944379892	0.14463157698709878	0.027051681910675494	5.346491115216845	8.967568084125272e-8	NA	NA	NA	NA	0.029613897907163872	UP	0.0022270003701065954	3	3	0	1
ALKBH4	3	A2780,PEO1,UWB_BRCAdef	FALSE	0.23369654772624673	0.07650752010376424	3.054556563972966	0.0022539350707160483	0.08374456377639469	0.3836485316760988	7.213382545296117e-7	3.753156381932766	0.1531131343007662	0.0034783168616261064	0.23369481704189546	0.07650546704215214	3.0546159127835515	0.0022534891471931977	NA	NA	NA	NA	0.029945137368084643	UP	0.0022539350707160483	3	3	0	1
MARK2	3	A2780,PEO1,UWB_BRCAdef	FALSE	0.13465987809262162	0.04472905882900007	3.0105681098148867	0.0026075945876476367	0.04699253372540815	0.22232722245983508	0	1.478374790523545	0.47750177811760997	0	0.13465987809262162	0.04472905882900007	3.0105681098148867	0.0026075945876476367	NA	NA	NA	NA	0.033912490033021644	UP	0.0026075945876476367	3	3	0	1
AGAP6	3	A2780,PEO1,UWB_BRCAdef	FALSE	-0.15606269482383914	0.052454749680909345	-2.9751871045652405	0.002928098930096282	-0.2588721150164853	-0.053253274631192934	0	0.04825704272908686	0.9761602442489788	0	-0.15606269482383914	0.052454749680909345	-2.9751871045652405	0.002928098930096282	NA	NA	NA	NA	0.037421162070717065	DOWN	0.002928098930096282	3	0	3	1
AGBL2	3	A2780,PEO1,UWB_BRCAdef	FALSE	0.16922994854941886	0.056903136094647144	2.97400038317639	0.002939447080670652	0.05770185119652929	0.28075804590230846	0.0017711389643178992	2.112010883845299	0.3478425159798707	16.04890048417887	0.16864299524503246	0.04885321924989325	3.4520344377387366	5.563767105662677e-4	NA	NA	NA	NA	0.037470348260238734	UP	0.002939447080670652	3	3	0	1
ENY2	3	A2780,PEO1,UWB_BRCAdef	FALSE	0.1956644890165722	0.06584887411373641	2.971417380327777	0.002964286196805772	0.066603067331137	0.3247259107020074	0.006021794594684066	3.783081341040907	0.15083923615896316	46.06659838970162	0.18540049507501932	0.04680069212683869	3.961490453443489	7.448336060593237e-5	NA	NA	NA	NA	0.037689509881484916	UP	0.002964286196805772	3	3	0	1
FIG4	3	A2780,PEO1,UWB_BRCAdef	FALSE	0.09937277885254119	0.033602021716335216	2.9573452362907173	0.003103004759661515	0.033514026480791395	0.16523153122429096	0	0.25616916013839797	0.8797789642320044	0	0.09937277885254119	0.033602021716335216	2.9573452362907173	0.003103004759661515	NA	NA	NA	NA	0.03921720630864515	UP	0.003103004759661515	3	3	0	1
SPEF2	3	A2780,PEO1,UWB_BRCAdef	FALSE	-0.1475041198624257	0.04996396167361946	-2.952210251580323	0.0031550802044089566	-0.24543168526765943	-0.049576554457191974	0	0.2629920081688953	0.8767827786807382	0	-0.1475041198624257	0.04996396167361946	-2.952210251580323	0.0031550802044089566	NA	NA	NA	NA	0.03977337679675639	DOWN	0.0031550802044089566	3	0	3	1
KSR2	3	A2780,PEO1,UWB_BRCAdef	FALSE	-0.05632443650841075	0.019196139890024312	-2.934154305558117	0.003344578891330852	-0.09394817933505106	-0.01870069368177043	3.1827636790856574e-6	2.0346687852129435	0.3615574269476944	0.08462333338730228	-0.056327746467110106	0.0191293116611928	-2.9445778010601877	0.0032339562750611133	NA	NA	NA	NA	0.04180582254108986	DOWN	0.003344578891330852	3	0	3	1
RNF6	3	A2780,PEO1,UWB_BRCAdef	FALSE	0.13522860197911526	0.04620047425673414	2.9269959703802058	0.0034225331513754093	0.04467733636724644	0.2257798675909841	1.7419001438879854e-8	2.035112841324141	0.3614771599662926	2.596880176010694e-4	0.13522864474967528	0.04620040571835533	2.927001238345169	0.0034224751800995324	NA	NA	NA	NA	0.042672004813986655	UP	0.0034225331513754093	3	3	0	1
PRSS36	3	A2780,PEO1,UWB_BRCAdef	FALSE	-0.14018806934783762	0.047988816186684595	-2.9212654215616065	0.0034861269144161222	-0.23424442073445217	-0.04613171796122305	0	0.35500975174113025	0.8373569164818586	0	-0.14018806934783762	0.047988816186684595	-2.9212654215616065	0.0034861269144161222	NA	NA	NA	NA	0.043318788809639665	DOWN	0.0034861269144161222	3	0	3	1
PINX1	3	A2780,PEO1,UWB_BRCAdef	FALSE	0.14812408144335185	0.050812241950107556	2.9151258783030003	0.003555451052363444	0.04853391724740576	0.24771424563929795	0	0.9660483112716395	0.6169149212213939	0	0.14812408144335185	0.050812241950107556	2.9151258783030003	0.003555451052363444	NA	NA	NA	NA	0.0440649994688503	UP	0.003555451052363444	3	3	0	1
RBM4	3	A2780,PEO1,UWB_BRCAdef	FALSE	0.15475930556772666	0.05309260991834216	2.9148935380225343	0.003558098962995013	0.050699702282541975	0.25881890885291137	0.0032017318219372337	2.9483785172652652	0.22896428263184282	37.066752258623765	0.1489512751745454	0.039284633902619215	3.7915912757077876	1.496851150381107e-4	NA	NA	NA	NA	0.0440649994688503	UP	0.003558098962995013	3	3	0	1
YWHAZ	3	A2780,PEO1,UWB_BRCAdef	FALSE	-0.135234622082691	0.046778154158923994	-2.8909781609433582	0.0038404480719074056	-0.22691811949744456	-0.043551124667937424	4.164861282774879e-6	1.5382682439289819	0.46341415477815406	0.05279671121909771	-0.13523197028079126	0.04675832546785623	-2.892147418190923	0.0038261836939323963	NA	NA	NA	NA	0.04708847897122289	DOWN	0.0038404480719074056	3	0	3	1
FAM162A	3	A2780,PEO1,UWB_BRCAdef	FALSE	-0.1277913350992955	0.044434856491471365	-2.8759254600906208	0.004028448312147452	-0.2148820534807852	-0.040700616717805796	0	0.21146124986767575	0.8996669632853798	0	-0.1277913350992955	0.044434856491471365	-2.8759254600906208	0.004028448312147452	NA	NA	NA	NA	0.04886682952561475	DOWN	0.004028448312147452	3	0	3	1
