gene_symbol	k	datasets	reml_warning	beta_meta	se_meta	z_meta	p_meta	ci_lb	ci_ub	tau2	Q	Q_pval	I2	beta_fixed	se_fixed	z_fixed	p_fixed	beta_meta_DL	se_meta_DL	p_meta_DL	tau2_DL	FDR_meta	direction	p_meta2	k_eff	n_pos	n_neg	concordance
GLDC	3	A2780,PEO1,UWB_BRCAdef	FALSE	-2.414182323062443	0.18639850505001904	-12.951725779209495	2.2973075181437562e-38	-2.7795166797325876	-2.048847966392298	0.08390032095744059	20.958804706652373	2.8109517066467762e-5	90.29347321526883	-2.4914700710187936	0.031643816644659414	-78.73481568283842	0	NA	NA	NA	NA	4.4697745093147006e-36	DOWN	2.2973075181437562e-38	3	0	3	1
NFASC	2	A2780,PEO1	FALSE	1.0681806397826956	0.13219850125236401	8.080126700858449	6.46995165137938e-16	0.809076338517889	1.3272849410475023	0.02912704745913626	5.516323452268219	0.018839813610259805	81.87198396444981	0.9884420836612239	0.03879542759130864	25.4783139413745	3.4290184028092915e-143	NA	NA	NA	NA	4.644231799463441e-14	UP	6.46995165137938e-16	2	2	0	1
AFDN	2	A2780,UWB_BRCAdef	FALSE	-0.9145229578852996	0.11618691045414468	-7.871135864708555	3.5143572107523326e-15	-1.1422451178504034	-0.6868007979201958	0.022887365410022547	6.0418971881154935	0.01397026345016268	83.44890737354791	-0.9882799218513316	0.03125281951063193	-31.622104415735283	1.8344528007155603e-219	NA	NA	NA	NA	2.2994159325395905e-13	DOWN	3.5143572107523326e-15	2	0	2	1
NARS	2	A2780,PEO1	FALSE	-0.6409554330703807	0.09029746976870878	-7.098265706803826	1.2633212853401063e-12	-0.8179352217121443	-0.46397564442861716	0.012520636691391591	4.154826556119719	0.04151602554772511	75.9316066147916	-0.6710584021252098	0.040075876195551086	-16.74469695561405	6.19049194832951e-63	NA	NA	NA	NA	6.944509980046153e-11	DOWN	1.2633212853401063e-12	2	0	2	1
ECT2	3	A2780,PEO1,UWB_BRCAdef	FALSE	-0.7812743982568108	0.11615278470283677	-6.726264895461692	1.7407354287114855e-11	-1.0089296729784056	-0.5536191235352158	0.033472395614635594	11.886435008256298	0.002623574693969293	82.87428011976111	-0.7842811916756841	0.047629655632288964	-16.466236869955583	6.413814550942681e-61	NA	NA	NA	NA	8.755188702162154e-10	DOWN	1.7407354287114855e-11	3	0	3	1
PDIA6	3	A2780,PEO1,UWB_BRCAdef	FALSE	-0.9462154454684214	0.14238102367959635	-6.645656991466182	3.018675125231369e-11	-1.2252771239623748	-0.667153766974468	0.054614039730501135	32.30561693188332	9.65882763488199e-8	91.94172181165946	-1.100705514443284	0.025002408991513906	-44.023978442112345	0	NA	NA	NA	NA	1.4829617633487125e-9	DOWN	3.018675125231369e-11	3	0	3	1
SNAI2	3	A2780,PEO1,UWB_BRCAdef	FALSE	2.5188165180696838	0.388276351908767	6.487174677744804	8.74609191428757e-11	1.7578088522799007	3.279824183859467	0.3975266248652644	25.461237305615256	2.959119935845026e-6	89.62602518874894	3.0588272301837933	0.07258808422560484	42.139522799319415	0	NA	NA	NA	NA	4.145142985146483e-9	UP	8.74609191428757e-11	3	3	0	1
ACP6	3	A2780,PEO1,UWB_BRCAdef	FALSE	-0.9034014827601399	0.14258438279308386	-6.335907657370453	2.3594807844100016e-10	-1.1828617377924568	-0.6239412277278229	0.05187294800555659	10.883242943587922	0.004332452622554289	87.7251115810292	-0.9234276822738942	0.021247018402080622	-43.46151844926473	0	NA	NA	NA	NA	1.0383822130675801e-8	DOWN	2.3594807844100016e-10	3	0	3	1
NLGN1	2	A2780,UWB_BRCAdef	FALSE	-2.61585749606543	0.43010347706225877	-6.081925944734404	1.1874741648569907e-9	-3.4588448207329066	-1.7728701713979538	0.2963232631056655	4.097714964858987	0.04294121192382999	75.59615520904312	-2.940777535691403	0.05240640485229696	-56.11484977799444	0	NA	NA	NA	NA	5.045741516017334e-8	DOWN	1.1874741648569907e-9	2	0	2	1
GMDS	3	A2780,PEO1,UWB_BRCAdef	FALSE	-0.6973123842465428	0.11608005851822814	-6.007167752564867	1.8879215510037443e-9	-0.9248251182655719	-0.4697996502275138	0.02958860380312136	10.516243879195947	0.005205070982720194	76.76366265421215	-0.8325620070210992	0.02515061893675132	-33.10304247839081	2.6868905987039626e-240	NA	NA	NA	NA	7.886072309235132e-8	DOWN	1.8879215510037443e-9	3	0	3	1
IGFN1	2	A2780,UWB_BRCAdef	FALSE	-2.866709074373619	0.48797473588570617	-5.874707978826719	4.2358937498849755e-9	-3.823121982075048	-1.91029616667219	0.45513124168969	21.975591113721123	2.7614010863496216e-6	95.44949669465036	-2.506230073766817	0.06602014047208486	-37.96159862499112	0	NA	NA	NA	NA	1.702069589118183e-7	DOWN	4.2358937498849755e-9	2	0	2	1
ATRN	3	A2780,PEO1,UWB_BRCAdef	FALSE	-0.5371338450600018	0.09212792876217425	-5.830304146385384	5.532644086188101e-9	-0.7177012674041351	-0.3565664227158686	0.01935434911184709	9.827188111829814	0.007346038755172245	77.44317203782208	-0.6026850575987261	0.034748343933356005	-17.344281464308583	2.1788566121312654e-67	NA	NA	NA	NA	2.1700585703571206e-7	DOWN	5.532644086188101e-9	3	0	3	1
TMEM50A	3	A2780,PEO1,UWB_BRCAdef	FALSE	-0.6021215061746531	0.10368265683935936	-5.807350279493219	6.346926350054431e-9	-0.8053357794012229	-0.3989072329480833	0.024746271932470698	10.226294537094486	0.0060171156129321226	79.64107789872531	-0.6886577791220996	0.020365678029684996	-33.814625671598684	1.2023297838813667e-250	NA	NA	NA	NA	2.469789472059339e-7	DOWN	6.346926350054431e-9	3	0	3	1
C2orf82	2	A2780,PEO1	FALSE	-0.6209871860333227	0.10723048671469493	-5.791143965293801	6.990862061102974e-9	-0.8311550780388255	-0.4108192940278199	0.018446494411349212	5.053942805696925	0.024569967280916562	80.21346820797467	-0.6209829152421333	0.04769832356484371	-13.018967310201903	9.545307807218075e-39	NA	NA	NA	NA	2.7132251259194143e-7	DOWN	6.990862061102974e-9	2	0	2	1
ATRAID	3	A2780,PEO1,UWB_BRCAdef	FALSE	-0.44826511429805876	0.07755639402772133	-5.7798601897070325	7.476272843794233e-9	-0.6002728533631899	-0.2962573752329276	0.01333269359787993	9.2679303753836475	0.009716156235997309	76.03839831542093	-0.5258804452380624	0.02713852616230599	-19.37763466199145	1.1920131561159965e-83	NA	NA	NA	NA	2.878949128676701e-7	DOWN	7.476272843794233e-9	3	0	3	1
WWC1	3	A2780,PEO1,UWB_BRCAdef	FALSE	1.2355350217212888	0.21748842598006896	5.680923093509884	1.3396971114426e-8	0.8092655397460483	1.6618045036965294	0.131380973265644	36.59697821608787	1.1299706239799684e-8	94.87404051038364	1.5630135192840258	0.019512212979660475	80.10436955117856	0	NA	NA	NA	NA	5.015215490354868e-7	UP	1.3396971114426e-8	3	3	0	1
KYAT3	2	A2780,UWB_BRCAdef	FALSE	-1.0122935744144614	0.18127244525081682	-5.584376450672389	2.345401801186625e-8	-1.3675810384955711	-0.6570061103333518	0.051367840787336715	4.542344090650357	0.03306628159863052	77.98493508982885	-1.0429229969746294	0.08313204559198027	-12.545378735095627	4.213947837637002e-36	NA	NA	NA	NA	8.605820455123232e-7	DOWN	2.345401801186625e-8	2	0	2	1
PAX9	3	A2780,PEO1,UWB_BRCAdef	FALSE	-2.2691215294034253	0.4085096749595492	-5.554633509299663	2.7819481675020974e-8	-3.0697857796603056	-1.468457279146545	0.465347842297158	187.7605281505162	1.691684431354284e-41	98.4080966873794	-2.891743825475852	0.027479585607221295	-105.23243933911208	0	NA	NA	NA	NA	1.008251655707194e-6	DOWN	2.7819481675020974e-8	3	0	3	1
TMEM141	3	A2780,PEO1,UWB_BRCAdef	FALSE	0.7033278630155427	0.12672370000286545	5.550089391326478	2.8552356527552568e-8	0.4549539750222681	0.9517017510088174	0.039165183914592124	9.877379787558825	0.007163977798828915	83.08545389504009	0.7240588588834331	0.047470651821513214	15.25276841796592	1.5779825048132809e-52	NA	NA	NA	NA	1.0297651121290727e-6	UP	2.8552356527552568e-8	3	3	0	1
FKBP9	3	A2780,PEO1,UWB_BRCAdef	FALSE	-0.8855481693698043	0.15980248762976795	-5.541516796793873	2.998628056942024e-8	-1.198755289764057	-0.5723410489755516	0.06933598678726144	27.26560774198327	1.2004622452209997e-6	91.75500795255638	-1.059188655913967	0.03182764689661944	-33.27888672870969	7.802242652792683e-243	NA	NA	NA	NA	1.0736250139951987e-6	DOWN	2.998628056942024e-8	3	0	3	1
SLC9A1	3	A2780,PEO1,UWB_BRCAdef	FALSE	0.6432307846908716	0.11666310025017554	5.5135752719712565	3.516165517117851e-8	0.41457530987574176	0.8718862595060014	0.02976547969683812	6.310648336288852	0.042624581221407734	75.77947533445705	0.7218161089090358	0.04250848484070764	16.980518398006954	1.144704782968009e-64	NA	NA	NA	NA	1.2468474700628694e-6	UP	3.516165517117851e-8	3	3	0	1
STK10	3	A2780,PEO1,UWB_BRCAdef	FALSE	1.0016129703236962	0.18599614819486165	5.385127488093685	7.239331782702798e-8	0.6370672185985928	1.3661587220487996	0.09627243306059415	28.90247011283997	5.29551689922116e-7	95.46722188424191	0.9524794868526897	0.032150183246108216	29.625942706500357	6.924767182627547e-193	NA	NA	NA	NA	2.489488350484332e-6	UP	7.239331782702798e-8	3	3	0	1
SLC6A15	3	A2780,PEO1,UWB_BRCAdef	FALSE	-0.8231240434230094	0.15435998440229895	-5.332496285292124	9.687175179687006e-8	-1.1256640535056799	-0.520584033340339	0.058453436764188	9.86355732973584	0.007213661178156538	84.12535395872519	-0.9427366864648609	0.04808323493473849	-19.606349026732516	1.3648470043823265e-85	NA	NA	NA	NA	3.277900672357706e-6	DOWN	9.687175179687006e-8	3	0	3	1
PPP1R26	3	A2780,PEO1,UWB_BRCAdef	FALSE	0.731544554001295	0.13824011143778636	5.291840019461498	1.210917995878892e-7	0.46059891436443023	1.0024901936381598	0.04586922578446279	16.176278218393698	3.071608183690393e-4	85.95985056153663	0.789334173920695	0.04553696366665739	17.333921947427804	2.6091344076726858e-67	NA	NA	NA	NA	4.030054445301159e-6	UP	1.210917995878892e-7	3	3	0	1
POC1A	3	A2780,PEO1,UWB_BRCAdef	FALSE	0.5999278688346426	0.1137685864636613	5.273229522160451	1.340437506041936e-7	0.37694553679383536	0.8229102008754497	0.03228831384355796	19.64556846109609	5.420246176411304e-5	86.3745169436714	0.6912416913537363	0.0337020307702408	20.510386927903138	1.7390547697313725e-93	NA	NA	NA	NA	4.404677644853802e-6	UP	1.340437506041936e-7	3	3	0	1
ZER1	3	A2780,PEO1,UWB_BRCAdef	FALSE	0.4982184781619824	0.09525287823010938	5.230482137856238	1.6906851291249337e-7	0.3115262674071887	0.6849106889167761	0.018641672884807257	10.980231321845089	0.004127366771599071	78.29518755787755	0.5772235602835851	0.0269016356242028	21.456820259816098	3.943692112044591e-102	NA	NA	NA	NA	5.423028417433925e-6	UP	1.6906851291249337e-7	3	3	0	1
PEX5	3	A2780,PEO1,UWB_BRCAdef	FALSE	-0.7176809336592377	0.13746487056441048	-5.220831552909086	1.781215028943036e-7	-0.9871071291049425	-0.44825473821353296	0.04894109976376859	11.465336544406235	0.003238424696482527	89.2192683790367	-0.7614196395133634	0.036433126868840836	-20.899102134562103	5.456158070073244e-97	NA	NA	NA	NA	5.701044725753393e-6	DOWN	1.781215028943036e-7	3	0	3	1
PRTG	3	A2780,PEO1,UWB_BRCAdef	FALSE	-0.41254081799565734	0.07946240560647101	-5.191647733882123	2.0844109742597587e-7	-0.5682842711092542	-0.2567973648820605	0.013358378405277519	10.642674512598102	0.004886215232295507	77.05548238388843	-0.46180175473559987	0.02889838773881848	-15.9801909680682	1.7560712066369558e-57	NA	NA	NA	NA	6.5859369821322765e-6	DOWN	2.0844109742597587e-7	3	0	3	1
DUSP14	3	A2780,PEO1,UWB_BRCAdef	FALSE	0.5325184738347737	0.10378293562189565	5.131079311293112	2.8808548302916436e-7	0.3291076578060192	0.7359292898635281	0.02481890561252092	7.918289907915202	0.01907942110258607	78.96929499599246	0.5645471203950901	0.04423002582220953	12.763888555353503	2.608472864766875e-37	NA	NA	NA	NA	8.968252710636323e-6	UP	2.8808548302916436e-7	3	3	0	1
GTF3C5	3	A2780,PEO1,UWB_BRCAdef	FALSE	0.9209749805435992	0.18068950875089362	5.097003068469765	3.4507273752257426e-7	0.5668300510076127	1.2751199100795856	0.09035004150775258	32.2169818527248	1.009650997992292e-7	93.66113156158247	1.0864738408410948	0.03906000606484649	27.815506199291338	2.816795569742008e-170	NA	NA	NA	NA	1.0542542499475838e-5	UP	3.4507273752257426e-7	3	3	0	1
TSPAN5	3	A2780,PEO1,UWB_BRCAdef	FALSE	-0.751114315381345	0.14839364846577968	-5.06163385796499	4.156787355312268e-7	-1.0419605219087706	-0.4602681088539194	0.05723182823392775	24.81219841327631	4.093545034854218e-6	90.80013801446131	-0.8737429107482265	0.03806884522844053	-22.951652604777973	1.4185304493804327e-116	NA	NA	NA	NA	1.2569818941309305e-5	DOWN	4.156787355312268e-7	3	0	3	1
ATG2A	3	A2780,PEO1,UWB_BRCAdef	FALSE	0.7410655677729268	0.14780743183264256	5.0137233194878235	5.338673938501643e-7	0.4513683247335883	1.0307628108122653	0.052579921894336	20.906097719776245	2.886014847730206e-5	88.64032968075279	0.6742734782139979	0.04237338636873652	15.912664433907107	5.176286792830912e-57	NA	NA	NA	NA	1.575708014543389e-5	UP	5.338673938501643e-7	3	3	0	1
GSTK1	3	A2780,PEO1,UWB_BRCAdef	FALSE	0.8067693719353505	0.16294931253977654	4.951044956009956	7.381604760679663e-7	0.4873945880518275	1.1261441558188734	0.07111515962606306	13.618750571772935	0.001103381982992736	91.35425412956793	0.829238594931953	0.02585605009441392	32.07135629394167	1.1062480228195841e-225	NA	NA	NA	NA	2.1360428492401207e-5	UP	7.381604760679663e-7	3	3	0	1
TMEM139	3	A2780,PEO1,UWB_BRCAdef	FALSE	1.0930280024141024	0.22197217046113366	4.92416684552574	8.472053027787897e-7	0.6579705427400948	1.52808546208811	0.127913736731693	20.87293352406848	2.93427000853673e-5	90.4979746813321	1.3138253646368558	0.05462733862989938	24.050693253391536	8.209502734187435e-128	NA	NA	NA	NA	2.4372810918657517e-5	UP	8.472053027787897e-7	3	3	0	1
BCHE	2	A2780,UWB_BRCAdef	FALSE	-2.126379626725943	0.4328738479829848	-4.912238604004384	9.004238239683429e-7	-2.9747967786218594	-1.277962474830027	0.32163885308901197	6.224025969829542	0.01260282182879603	83.93322899281881	-1.786848694749087	0.06702857679791972	-26.658013344608907	1.4450636559189188e-156	NA	NA	NA	NA	2.5803424583371872e-5	DOWN	9.004238239683429e-7	2	0	2	1
SURF6	3	A2780,PEO1,UWB_BRCAdef	FALSE	0.9356802916141035	0.19113759691891619	4.895323090260651	9.814434834745086e-7	0.5610574855614938	1.3103030976667132	0.09370967084849201	18.41494376929096	1.0028726053770655e-4	87.27050911620697	0.9659905608392093	0.06431648154293698	15.019331556473974	5.485812001164424e-51	NA	NA	NA	NA	2.7855287505062492e-5	UP	9.814434834745086e-7	3	3	0	1
SPATS2	3	A2780,PEO1,UWB_BRCAdef	FALSE	-0.9538474171460237	0.19490061615228763	-4.894019505822009	9.879704024355288e-7	-1.335845605369173	-0.5718492289228745	0.09922089358037067	31.25216722221287	1.6356038115143273e-7	90.79440094496654	-0.723826807284072	0.03700231161836881	-19.561664545432006	3.281870255981633e-85	NA	NA	NA	NA	2.798681674485472e-5	DOWN	9.879704024355288e-7	3	0	3	1
OCIAD1	3	A2780,PEO1,UWB_BRCAdef	FALSE	-0.572505433207201	0.11958850133874206	-4.7872949890520236	1.6904427466453942e-6	-0.8068945887962555	-0.33811627761814655	0.03392007410068301	9.773127015519893	0.007547314247920426	79.37515978163329	-0.5858978735832852	0.05311559002323988	-11.030619698038464	2.719843995851739e-28	NA	NA	NA	NA	4.67225736348513e-5	DOWN	1.6904427466453942e-6	3	0	3	1
PPT1	3	A2780,PEO1,UWB_BRCAdef	FALSE	-0.5841421986848039	0.12261408515323216	-4.764070929981616	1.897257633257626e-6	-0.8244613895824662	-0.34382300778714153	0.03848173783833662	13.943444482460105	9.380359896192766e-4	86.76907744799671	-0.6825003532643212	0.03514239552269844	-19.420996864698505	5.128473828034695e-84	NA	NA	NA	NA	5.166620372556265e-5	DOWN	1.897257633257626e-6	3	0	3	1
GUSB	3	A2780,PEO1,UWB_BRCAdef	FALSE	-0.9367303414855979	0.1989561460250912	-4.708225205405129	2.4988294024847127e-6	-1.3266772221976684	-0.5467834607735274	0.10937012490131309	33.766991113805716	4.651478783733715e-8	93.31437039209449	-1.1679705476265412	0.037992430793293876	-30.742190568988338	1.555024165336036e-207	NA	NA	NA	NA	6.70602366144128e-5	DOWN	2.4988294024847127e-6	3	0	3	1
FBLIM1	3	A2780,PEO1,UWB_BRCAdef	FALSE	1.089186295587623	0.23160954529182667	4.702683104943946	2.567647752985884e-6	0.6352399283399444	1.5431326628353017	0.14761283271557063	30.769935558871094	2.0815813546649722e-7	92.85806872770388	1.2934730022597851	0.045364056125266644	28.51316907571131	8.044129882998549e-179	NA	NA	NA	NA	6.865787942749054e-5	UP	2.567647752985884e-6	3	3	0	1
SPX	2	A2780,UWB_BRCAdef	FALSE	-2.6711154083347575	0.5685023918554931	-4.698512172687085	2.620635727363024e-6	-3.7853596214964007	-1.5568711951731142	0.5614724254875402	6.715101156856195	0.009559986810205416	85.10819157237887	-2.204605223146334	0.06617124884450537	-33.31666337939149	2.2153276652608635e-243	NA	NA	NA	NA	6.982223513606673e-5	DOWN	2.620635727363024e-6	2	0	2	1
VAMP3	3	A2780,PEO1,UWB_BRCAdef	FALSE	0.7262249598823105	0.1552442854700418	4.677949707993944	2.8975758747956794e-6	0.4219517515553738	1.0304981682092471	0.06344924425033469	17.04748258460668	1.9869465824150245e-4	87.83818049541017	0.7554604717722447	0.053797747618682216	14.042604109133702	8.55117327536377e-45	NA	NA	NA	NA	7.706196845432323e-5	UP	2.8975758747956794e-6	3	3	0	1
UBXN1	3	A2780,PEO1,UWB_BRCAdef	FALSE	0.5375253184182572	0.11513665417205558	4.668585536757052	3.032805065097879e-6	0.31186162294058495	0.7631890138959295	0.031137976476738487	10.692109861818121	0.004766919780885771	79.25852745037248	0.5120344519425034	0.050618633471608394	10.115532894219667	4.7144439732383935e-24	NA	NA	NA	NA	8.014507862695762e-5	UP	3.032805065097879e-6	3	3	0	1
SIPA1	3	A2780,PEO1,UWB_BRCAdef	FALSE	0.9944707378987845	0.21338245751198764	4.660508410551584	3.154292706231245e-6	0.5762488062426405	1.4126926695549284	0.10911204446791296	19.338865256809587	6.318569493449279e-5	86.24011501061507	1.0343432960142616	0.06934141165379298	14.91667491827999	2.5675277030319856e-50	NA	NA	NA	NA	8.284640541215172e-5	UP	3.154292706231245e-6	3	3	0	1
IFFO2	3	A2780,PEO1,UWB_BRCAdef	FALSE	1.18318025521693	0.2547032349713561	4.645328730708859	3.395353587230782e-6	0.6839710879272292	1.6823894225066307	0.18374175218545094	54.47745015154004	1.480375897254088e-12	95.12419869628718	1.4696002178168606	0.04497608412737713	32.67514827780013	3.521593839278e-234	NA	NA	NA	NA	8.839277023658728e-5	UP	3.395353587230782e-6	3	3	0	1
HS2ST1	3	A2780,PEO1,UWB_BRCAdef	FALSE	-0.7983247868592208	0.17194434180296728	-4.642925603065375	3.4351006782735485e-6	-1.1353295041384814	-0.46132006957996013	0.0796076585467721	24.93481379098546	3.850117481354044e-6	90.78212332268869	-0.9622567750475159	0.042637495725462105	-22.568322990716336	8.874852733419564e-113	NA	NA	NA	NA	8.911374338531748e-5	DOWN	3.4351006782735485e-6	3	0	3	1
SFT2D2	3	A2780,PEO1,UWB_BRCAdef	FALSE	-0.5140400756083672	0.11078348828701637	-4.640042334437052	3.483378109840298e-6	-0.7311717227326342	-0.29690842848410015	0.029138842163692457	11.469522218962652	0.0032316542877081733	79.9785865811007	-0.5428698006767515	0.0473316972462544	-11.469476740974287	1.8779135724918004e-30	NA	NA	NA	NA	9.005019599686798e-5	DOWN	3.483378109840298e-6	3	0	3	1
SSX2IP	3	A2780,PEO1,UWB_BRCAdef	FALSE	-0.6558834189367972	0.14232912011177506	-4.60821663494943	4.061373907969672e-6	-0.9348433683071518	-0.3769234695664427	0.050330324258195454	13.97730083702389	9.222903981789694e-4	83.53771533377096	-0.7197031242987875	0.05415870933701029	-13.288779092210861	2.689304787728349e-40	NA	NA	NA	NA	1.037228600641581e-4	DOWN	4.061373907969672e-6	3	0	3	1
ZNF419	3	A2780,PEO1,UWB_BRCAdef	FALSE	-0.5213933478356687	0.11375453092523713	-4.583495211969569	4.572673595810638e-6	-0.7443481315273812	-0.2984385641439562	0.02848316048620275	10.71046568374207	0.004723369571247591	77.59949117488966	-0.5192237314433148	0.04843378276720062	-10.720280386501907	8.175511808626481e-27	NA	NA	NA	NA	1.1558311873718273e-4	DOWN	4.572673595810638e-6	3	0	3	1
LPIN1	3	A2780,PEO1,UWB_BRCAdef	FALSE	-1.0090497842629984	0.2212253865860169	-4.561184409415234	5.0865883148851065e-6	-1.4426435744375419	-0.5754559940884549	0.137638432453834	50.91098770983693	8.80682739494323e-12	94.7785165822585	-1.3020985291475449	0.03552881089598653	-36.64908834015143	4.731565960499312e-294	NA	NA	NA	NA	1.2770013822106295e-4	DOWN	5.0865883148851065e-6	3	0	3	1
GUCD1	3	A2780,PEO1,UWB_BRCAdef	FALSE	0.5437129419732776	0.11941008591430273	4.553325104911868	5.280457327634811e-6	0.30967347419041064	0.7777524097561446	0.037437354068154335	23.507093842603165	7.861391580713877e-6	89.26400777089155	0.66701898153323	0.031179591664747455	21.392806830353102	1.5589039954550972e-101	NA	NA	NA	NA	1.323425805148067e-4	UP	5.280457327634811e-6	3	3	0	1
TRAPPC2L	3	A2780,PEO1,UWB_BRCAdef	FALSE	0.559910734779688	0.12390812456604688	4.518757238402379	6.220366637104555e-6	0.31705527323833343	0.8027661963210426	0.03743759957359113	12.290998763807522	0.0021431053965895158	83.23389038312561	0.5463961966630001	0.04728744366732343	11.554783982551605	6.982283125616031e-31	NA	NA	NA	NA	1.5484943007216338e-4	UP	6.220366637104555e-6	3	3	0	1
TLE1	3	A2780,PEO1,UWB_BRCAdef	FALSE	0.5078187139820285	0.11263597551424481	4.50849483625066	6.528915788070728e-6	0.28705625861057327	0.7285811693534837	0.03138984691444915	18.633199225668545	8.99191510679045e-5	85.71642205921657	0.6270690561036143	0.029515595543610513	21.245346555081156	3.6400651297207905e-100	NA	NA	NA	NA	1.617136980874403e-4	UP	6.528915788070728e-6	3	3	0	1
FBXL18	3	A2780,PEO1,UWB_BRCAdef	FALSE	0.5290814363593135	0.11761681333490975	4.49834867446011	6.84833156745251e-6	0.29855671824652	0.7596061544721069	0.030091034853542614	10.2545876650465	0.005932593361264899	77.07492594247877	0.4122863262617873	0.03823218406931015	10.783750295676645	4.107886926352851e-27	NA	NA	NA	NA	1.6905889630704552e-4	UP	6.84833156745251e-6	3	3	0	1
MRPL10	3	A2780,PEO1,UWB_BRCAdef	FALSE	0.5578484449197618	0.12476898266857371	4.471050680933943	7.783624842688543e-6	0.31330573250165517	0.8023911573378685	0.03638113460897779	11.05994839423691	0.003966091424358007	79.66471998559855	0.6949051772414909	0.034259434827139876	20.283614739931323	1.7944691948926072e-91	NA	NA	NA	NA	1.9087306890354141e-4	UP	7.783624842688543e-6	3	3	0	1
LHX6	3	A2780,PEO1,UWB_BRCAdef	FALSE	-0.730959208212715	0.16452773300111076	-4.4427720170907605	8.880725111911632e-6	-1.053427639352914	-0.40849077707251585	0.06392854292459543	23.407387991136467	8.2632383470035e-6	88.24807237940301	-0.8917862790468076	0.03676149480936939	-24.258705574168282	5.351650423012077e-130	NA	NA	NA	NA	2.1563100530350954e-4	DOWN	8.880725111911632e-6	3	0	3	1
TRPM2	3	A2780,PEO1,UWB_BRCAdef	FALSE	1.2121022013505889	0.27350847294288816	4.431680628788748	9.350143875730315e-6	0.6760354449159803	1.7481689577851975	0.19230986485057194	18.40234018766229	1.0092124539684297e-4	90.20166964782678	1.232766033312316	0.06544675091589008	18.836168580723353	3.816103288275756e-79	NA	NA	NA	NA	2.2628572420691352e-4	UP	9.350143875730315e-6	3	3	0	1
TMEM123	3	A2780,PEO1,UWB_BRCAdef	FALSE	-0.5082299740439208	0.11500083644381665	-4.419358934769272	9.899411364895343e-6	-0.7336274716657827	-0.2828324764220589	0.030399864160154878	7.233300842829182	0.026872537586658262	77.8932195854089	-0.5199301684666242	0.04663855548988227	-11.148076157277586	7.317127302856469e-29	NA	NA	NA	NA	2.3840813656792742e-4	DOWN	9.899411364895343e-6	3	0	3	1
PLIN3	3	A2780,PEO1,UWB_BRCAdef	FALSE	0.716927327359412	0.16231393633276658	4.416917878755705	1.0011824529221471e-5	0.39879785795826217	1.035056796760562	0.06397968902825252	11.131544321312068	0.0038266246351841868	84.30214131138906	0.8692061213128808	0.0491777167454707	17.67479620519257	6.557695256701833e-70	NA	NA	NA	NA	2.4072333221723233e-4	UP	1.0011824529221471e-5	3	3	0	1
RIC1	2	A2780,UWB_BRCAdef	FALSE	-1.0762389602113052	0.24576304258054746	-4.379173324478085	1.1913035617702634e-5	-1.5579256724001618	-0.5945522480224484	0.10970156423630043	10.22708212486429	0.0013839342471312014	90.22203999351115	-0.8926567641449531	0.043544646316727616	-20.49980513453017	2.161572681076403e-93	NA	NA	NA	NA	2.83668369853412e-4	DOWN	1.1913035617702634e-5	2	0	2	1
FIGN	3	A2780,PEO1,UWB_BRCAdef	FALSE	0.4001044998351809	0.09148574842108852	4.37340795413936	1.2232183270183271e-5	0.22079572783115534	0.5794132718392065	0.019555514690430008	11.018553851389756	0.0040490340774879665	79.05655317748733	0.47463235185755354	0.03461146057350294	13.713155815819913	8.469250131838984e-43	NA	NA	NA	NA	2.903327351784912e-4	UP	1.2232183270183271e-5	3	3	0	1
UBE2J1	3	A2780,PEO1,UWB_BRCAdef	FALSE	-0.8965470070226156	0.20505438528930395	-4.37224010477859	1.2297816960956322e-5	-1.298446217061651	-0.49464779698358	0.09860114865359938	18.760375406142238	8.437936278126578e-5	89.27495557404993	-1.0786660264724959	0.05049850693330366	-21.360354829839885	3.124290935456571e-101	NA	NA	NA	NA	2.9142278750266204e-4	DOWN	1.2297816960956322e-5	3	0	3	1
PIK3R2	3	A2780,PEO1,UWB_BRCAdef	FALSE	0.5078366597715438	0.11628391180180497	4.367213416737337	1.2584175196752695e-5	0.27992438065857395	0.7357489388845136	0.02971269056292657	9.440500219467534	0.008912949054327027	75.00408414868079	0.6244510084945165	0.0393145483077371	15.883458805289761	8.250086181328393e-57	NA	NA	NA	NA	2.9773151781501133e-4	UP	1.2584175196752695e-5	3	3	0	1
MOB3A	3	A2780,PEO1,UWB_BRCAdef	FALSE	0.5846224892077921	0.13445218765056455	4.348181308341378	1.3727110443315191e-5	0.32110104377006465	0.8481439346455196	0.04340719725784043	14.549589407272263	6.927823318022628e-4	82.68436624105483	0.7589810660497375	0.031529518752308715	24.072078994043064	4.90294495059645e-128	NA	NA	NA	NA	3.221948922623837e-4	UP	1.3727110443315191e-5	3	3	0	1
SOCS6	3	A2780,PEO1,UWB_BRCAdef	FALSE	-0.6209913952913966	0.14312980435357017	-4.338658870498951	1.4335483672912034e-5	-0.9015206569386582	-0.34046213364413486	0.05299696620989538	14.937432192863309	5.706604997901079e-4	88.40715704388411	-0.7241595347832673	0.043636022564999655	-16.595452385802776	7.517526675968392e-62	NA	NA	NA	NA	3.3594104131751227e-4	DOWN	1.4335483672912034e-5	3	0	3	1
SH3D21	3	A2780,PEO1,UWB_BRCAdef	FALSE	0.8776464811954794	0.2033578037933628	4.315774781317362	1.5904407284803128e-5	0.47907250978532556	1.2762204526056333	0.1005663994653626	13.802522191690064	0.001006515316066684	85.49435037462649	0.9494325251807233	0.05395054067451734	17.598202229494472	2.542681295309166e-69	NA	NA	NA	NA	3.715299692265148e-4	UP	1.5904407284803128e-5	3	3	0	1
SLC12A4	3	A2780,PEO1,UWB_BRCAdef	FALSE	0.9096065069353749	0.21110215196248486	4.308845260360121	1.641091331911788e-5	0.4958538920300032	1.3233591218407468	0.11047971144526915	20.3096671726552	3.888765980512323e-5	87.38698610694948	0.8573839458193256	0.06709246219179577	12.779139679929182	2.1442826097243607e-37	NA	NA	NA	NA	3.809547492147505e-4	UP	1.641091331911788e-5	3	3	0	1
CCNH	3	A2780,PEO1,UWB_BRCAdef	FALSE	-0.6013238675234037	0.14052315540194105	-4.2791799387327	1.8758316976616184e-5	-0.8767441911051332	-0.32590354394167415	0.04586634640349141	9.228080524113588	0.00991169146999824	78.33899769582953	-0.6519879020798869	0.05889451489048292	-11.070435053116382	1.7455113541365223e-28	NA	NA	NA	NA	4.3272891284434244e-4	DOWN	1.8758316976616184e-5	3	0	3	1
RFK	3	A2780,PEO1,UWB_BRCAdef	FALSE	-0.995001856448497	0.234036062650709	-4.251489472088342	2.1235349426479988e-5	-1.4537041103274464	-0.5362996025695477	0.1535596406126241	47.87344649479142	4.0217324823026425e-11	94.63981934749776	-1.1960608197324814	0.04735727101465517	-25.25611789079545	9.701992404909107e-141	NA	NA	NA	NA	4.875886831822354e-4	DOWN	2.1235349426479988e-5	3	0	3	1
TBL1XR1	3	A2780,PEO1,UWB_BRCAdef	FALSE	-0.663022711510979	0.15611570227138466	-4.246995669650254	2.1665614537169494e-5	-0.9690038653840709	-0.3570415576378872	0.06538717839392495	19.05188394862649	7.293499636148101e-5	89.58731193717009	-0.6356211962785081	0.049925428683544465	-12.731411888467376	3.95619758809078e-37	NA	NA	NA	NA	4.966968095521322e-4	DOWN	2.1665614537169494e-5	3	0	3	1
TMEM183A	3	A2780,PEO1,UWB_BRCAdef	FALSE	-0.6372037445512522	0.15006887774782798	-4.246075229682156	2.1754761354802143e-5	-0.9313333401373394	-0.343074148965165	0.050869947750968585	10.005373108682392	0.006719869432379996	77.42578187607542	-0.7992811992178499	0.03328497863067135	-24.013270613349004	2.0210139181020445e-127	NA	NA	NA	NA	4.979685079774911e-4	DOWN	2.1754761354802143e-5	3	0	3	1
NDUFB6	3	A2780,PEO1,UWB_BRCAdef	FALSE	0.4780059015410537	0.11264288012649207	4.243551842817567	2.200095163527585e-5	0.2572299133782667	0.6987818897038407	0.02935811564389726	8.798713928811713	0.012285237208479625	79.72661765322722	0.5054710513901091	0.03734125997195851	13.536529077210933	9.518107798842001e-42	NA	NA	NA	NA	5.028254587802535e-4	UP	2.200095163527585e-5	3	3	0	1
RACK1	2	A2780,UWB_BRCAdef	FALSE	1.0294778399470346	0.24379803533829	4.222666677844835	2.4142873497215142e-5	0.5516424711823629	1.5073132087117063	0.11400545936930087	23.704018942726854	1.1234767947024898e-6	95.78130610502726	0.8316313545234222	0.026658697349695858	31.195498550228677	1.2262611131980134e-213	NA	NA	NA	NA	5.450391914554509e-4	UP	2.4142873497215142e-5	2	2	0	1
HIF1AN	3	A2780,PEO1,UWB_BRCAdef	FALSE	0.3631123818180881	0.08698173420942279	4.174581998374917	2.9853368080379795e-5	0.19263131545478387	0.5335934481813923	0.01788322002260664	13.026864335578669	0.0014833797678562145	81.46998989054337	0.4395854894734231	0.03012281667168112	14.59310708771413	3.1071773793492866e-48	NA	NA	NA	NA	6.618317148494393e-4	UP	2.9853368080379795e-5	3	3	0	1
GAS1	3	A2780,PEO1,UWB_BRCAdef	FALSE	-0.5722564430110124	0.13766057899900386	-4.157010286983853	3.224394771236504e-5	-0.8420662199399909	-0.30244666608203397	0.036388370108117074	12.174824186928433	0.002271279173915919	83.2041729783633	-0.5249218426878847	0.04233639247644311	-12.3988325878253	2.65158475117967e-35	NA	NA	NA	NA	7.105681890055766e-4	DOWN	3.224394771236504e-5	3	0	3	1
RALGPS2	3	A2780,PEO1,UWB_BRCAdef	FALSE	-0.732991891903066	0.17653880577090067	-4.152015692540087	3.295596574044591e-5	-1.0790015930877432	-0.3869821907183889	0.08588399033150089	21.192253185001164	2.5012706743019854e-5	92.08973744712077	-0.6935242317433763	0.0485133334084144	-14.295538628625506	2.332937668474612e-46	NA	NA	NA	NA	7.251783711368655e-4	DOWN	3.295596574044591e-5	3	0	3	1
ANAPC2	3	A2780,PEO1,UWB_BRCAdef	FALSE	1.1314989658555212	0.2725761670073492	4.15112949264201	3.308385049529151e-5	0.5972594954771419	1.6657384362339007	0.19841747795907647	38.05670125922161	5.446184149168976e-9	94.04522289367645	1.0032093009841094	0.058536615171185157	17.138150165504317	7.706361152966502e-66	NA	NA	NA	NA	7.269106943148225e-4	UP	3.308385049529151e-5	3	3	0	1
TNNC1	2	A2780,UWB_BRCAdef	FALSE	-3.132129052395085	0.7563157447461379	-4.141298226505127	3.453455916553474e-5	-4.614480673038104	-1.6497774317520664	1.1178116035849128	43.273705280049754	4.7593657851491184e-11	97.68912785829545	-3.5823345495713594	0.09117629189434005	-39.29019786988881	0	NA	NA	NA	NA	7.554179384330802e-4	DOWN	3.453455916553474e-5	2	0	2	1
SLC35A3	3	A2780,PEO1,UWB_BRCAdef	FALSE	-0.6863586877503577	0.16601884570298844	-4.134221538790055	3.561597928534001e-5	-1.0117496460831272	-0.3609677294175881	0.07352686487787458	19.346602394026085	6.294172894243058e-5	90.36269654933976	-0.6545162199887407	0.048175318328112685	-13.586131710245452	4.839926108500016e-42	NA	NA	NA	NA	7.744904201357688e-4	DOWN	3.561597928534001e-5	3	0	3	1
PFN2	3	A2780,PEO1,UWB_BRCAdef	FALSE	-0.46835517189710874	0.11339973621697669	-4.130125761500606	3.625648459892122e-5	-0.6906145707387255	-0.24609577305549205	0.032918901003105065	10.522291747607632	0.005189354964609918	86.81256455425448	-0.49478017503943117	0.03277616594782035	-15.095730715640173	1.7276331981531028e-51	NA	NA	NA	NA	7.872608484056507e-4	DOWN	3.625648459892122e-5	3	0	3	1
SELENOF	2	A2780,UWB_BRCAdef	FALSE	-0.7591052249782798	0.18459261477660946	-4.112327169193279	3.916906808645571e-5	-1.1209001017525104	-0.39731034820404915	0.06281295972736971	12.379337922650727	4.341110557566033e-4	91.9220235666216	-0.6499565951578365	0.04026187894876913	-16.143225605165323	1.2674106565065405e-58	NA	NA	NA	NA	8.393927534918762e-4	DOWN	3.916906808645571e-5	2	0	2	1
C11orf68	3	A2780,PEO1,UWB_BRCAdef	FALSE	1.0019772787899832	0.2455893214465883	4.079889438547503	4.505712583085399e-5	0.52063105376704	1.4833235038129264	0.16596758509177753	26.052770898174536	2.2014695373140925e-6	92.69379000826365	1.1669727234845944	0.06139879389242357	19.006443767107864	1.5083802291516346e-80	NA	NA	NA	NA	9.504418254790841e-4	UP	4.505712583085399e-5	3	3	0	1
ANP32E	3	A2780,PEO1,UWB_BRCAdef	FALSE	-0.892926184229828	0.2189589072320024	-4.078053711163756	4.541427646751775e-5	-1.3220777564987993	-0.4637746119608565	0.12352826495144655	11.75439597481752	0.0028026272801350114	89.51608043955196	-1.071990215667012	0.05846026577118152	-18.337073934334704	4.187371783144374e-75	NA	NA	NA	NA	9.566109773863035e-4	DOWN	4.541427646751775e-5	3	0	3	1
RCOR2	3	A2780,PEO1,UWB_BRCAdef	FALSE	-2.08619360184105	0.513090305661433	-4.065938449473732	4.7839561679625466e-5	-3.0918321217541065	-1.0805550819279937	0.7359026810444885	289.0307804346979	1.7288745389319306e-63	98.7874039273672	-1.9982828994915587	0.047320810868784126	-42.22841626768817	0	NA	NA	NA	NA	0.0010019880999385577	DOWN	4.7839561679625466e-5	3	0	3	1
IFITM1	3	A2780,PEO1,UWB_BRCAdef	FALSE	-1.2136883003711114	0.2986021670204703	-4.064566283900774	4.812186221252753e-5	-1.7989377934368471	-0.6284388073053757	0.24058159023890352	27.698194657865358	9.669710025807248e-7	91.84405571722822	-0.9556576238927003	0.05424490088270086	-17.61746465274614	1.8093408159160039e-69	NA	NA	NA	NA	0.0010064752143375453	DOWN	4.812186221252753e-5	3	0	3	1
ADAR	3	A2780,PEO1,UWB_BRCAdef	FALSE	-0.5875177994948184	0.14457082138628458	-4.06387536475985	4.826460460864347e-5	-0.8708714026273092	-0.30416419636232767	0.05070619989479974	11.604074976642023	0.0030213924179078476	88.39952540158194	-0.7579292669294558	0.02530449417046186	-29.952357941783827	4.09955823627827e-197	NA	NA	NA	NA	0.001006613128840636	DOWN	4.826460460864347e-5	3	0	3	1
WDR35	3	A2780,PEO1,UWB_BRCAdef	FALSE	-0.4702859659435736	0.11622810513847574	-4.046232753973477	5.2048483087658696e-5	-0.6980888660063208	-0.24248306588082635	0.0316896426633224	10.476418275593113	0.005309757370040919	79.11700191835945	-0.5156125710894583	0.050777524399602154	-10.154346380334726	3.1692664108823947e-24	NA	NA	NA	NA	0.0010779284585675198	DOWN	5.2048483087658696e-5	3	0	3	1
CAP1	3	A2780,PEO1,UWB_BRCAdef	FALSE	-0.3337600494770433	0.08260718679845017	-4.0403270273731815	5.337672020034048e-5	-0.4956671604661782	-0.17185293848790836	0.016380367624640957	13.398984630368197	0.001231536976613029	81.90666192302673	-0.4317751018040718	0.02302109656221723	-18.755627067422644	1.741515871335994e-78	NA	NA	NA	NA	0.0011010917773721825	DOWN	5.337672020034048e-5	3	0	3	1
CPT1B	2	A2780,PEO1	FALSE	-1.0695922624902983	0.26601415730991274	-4.020809543772508	5.799848302098317e-5	-1.5909704301954997	-0.548214094785097	0.12916465690305498	10.974462982943633	9.237602037415566e-4	90.88793682611909	-1.2404918226465225	0.05703560174473332	-21.749429912187605	6.994346459936584e-105	NA	NA	NA	NA	0.001189491773136308	DOWN	5.799848302098317e-5	2	0	2	1
MRPL55	3	A2780,PEO1,UWB_BRCAdef	FALSE	0.6709443313648379	0.1674404374338406	4.007062700310627	6.147854654270009e-5	0.3427671044388781	0.9991215582907977	0.06535482335560201	8.034636201201574	0.01800117760725274	86.10130977426962	0.5179099359468793	0.043098281992129193	12.016950839048814	2.8945679851759718e-33	NA	NA	NA	NA	0.001253907955485388	UP	6.147854654270009e-5	3	3	0	1
CRCP	3	A2780,PEO1,UWB_BRCAdef	FALSE	-0.68605034403964	0.1714864359028421	-4.000609963276226	6.317941963745654e-5	-1.0221575822463471	-0.3499431058329331	0.08226322154766978	49.07347173486427	2.2071457291097484e-11	94.3787007519905	-0.866961080817544	0.03224465744081606	-26.886968249199754	3.1195456017956147e-159	NA	NA	NA	NA	0.0012850537526534662	DOWN	6.317941963745654e-5	3	0	3	1
ATP2A2	3	A2780,PEO1,UWB_BRCAdef	FALSE	-0.6147586483709593	0.15408561368839455	-3.9897212572627203	6.615098780517953e-5	-0.9167609017359646	-0.31275639500595404	0.06282559001394253	26.110696381886	2.1386234342246673e-6	92.41484714706789	-0.8465331745527365	0.017715152784773935	-47.785824081648705	0	NA	NA	NA	NA	0.0013418033699248142	DOWN	6.615098780517953e-5	3	0	3	1
CCDC86	3	A2780,PEO1,UWB_BRCAdef	FALSE	0.6619225495066219	0.16618830062056242	3.982967194651742	6.806015338592765e-5	0.3361994656384041	0.9876456333748397	0.06500282520145642	11.710159271350397	0.002865307411338044	79.88985414863286	0.8016827723917486	0.059432225301494036	13.489024991490526	1.8148468776211367e-41	NA	NA	NA	NA	0.0013748708854067107	UP	6.806015338592765e-5	3	3	0	1
ZNF251	3	A2780,PEO1,UWB_BRCAdef	FALSE	-0.4457678026639718	0.112063517801757	-3.9778137560570386	6.955181453456321e-5	-0.6654082615362787	-0.2261273437916649	0.02942386679792736	11.53259480023577	0.0031313301391481226	80.81384079500816	-0.4843521630815073	0.041051396604638496	-11.798676857361272	3.964967408241469e-32	NA	NA	NA	NA	0.0014011753154258668	DOWN	6.955181453456321e-5	3	0	3	1
NR2C1	3	A2780,PEO1,UWB_BRCAdef	FALSE	-0.4890981979496151	0.12307064759935982	-3.974125492065415	7.063831394532174e-5	-0.7303122347983813	-0.24788416110084904	0.03764500463461858	16.750226392138106	2.3053377059881514e-4	85.08743830887612	-0.49359141039206283	0.0444156148596506	-11.113015365244134	1.0843486825500189e-28	NA	NA	NA	NA	0.0014191966688987397	DOWN	7.063831394532174e-5	3	0	3	1
ZNF507	3	A2780,PEO1,UWB_BRCAdef	FALSE	-0.562794848437845	0.14179300312593088	-3.969129900845735	7.213555149446893e-5	-0.8407040278244449	-0.2848856690512452	0.05288564258296918	20.213860154259876	4.0795854907083654e-5	88.79949696375108	-0.4817754820929473	0.04435408228059595	-10.862032474149842	1.748144149891265e-27	NA	NA	NA	NA	0.0014414437837144758	DOWN	7.213555149446893e-5	3	0	3	1
BANK1	3	A2780,PEO1,UWB_BRCAdef	FALSE	-0.44884055597420336	0.11311176972408503	-3.9681154054000376	7.24432524376153e-5	-0.670535550860998	-0.22714556108740863	0.023260562195811723	8.620622971956026	0.013429365883529198	76.95098137245981	-0.4760716821722845	0.04169178695988856	-11.418836103866465	3.3671295948829606e-30	NA	NA	NA	NA	0.0014438311352858826	DOWN	7.24432524376153e-5	3	0	3	1
KATNAL1	3	A2780,PEO1,UWB_BRCAdef	FALSE	0.42912265702828467	0.10824280656532746	3.9644450346850304	7.356689474906406e-5	0.21697065457470716	0.6412746594818621	0.02590515347249917	6.024081426047005	0.04919119115771867	77.03921955524217	0.37093620748684686	0.03887331602559464	9.542180740192531	1.3985985459620346e-21	NA	NA	NA	NA	0.0014621420331376483	UP	7.356689474906406e-5	3	3	0	1
SNAPC4	3	A2780,PEO1,UWB_BRCAdef	FALSE	0.6191750055150607	0.15700600556154654	3.943638992027877	8.025444218422169e-5	0.31144888925793407	0.9269011217721872	0.05832197411780018	18.273935481474197	1.0761314624116378e-4	86.3696853835464	0.6109223606292253	0.04954265685161061	12.331239369318654	6.149355482644135e-35	NA	NA	NA	NA	0.0015886511868515208	UP	8.025444218422169e-5	3	3	0	1
PTBP2	3	A2780,PEO1,UWB_BRCAdef	FALSE	-0.612626913718953	0.1556856252491383	-3.935025553827384	8.31878446290093e-5	-0.9177651321178637	-0.30748869532004225	0.058684452246864076	11.790244814787753	0.00275283935454995	83.96693978047452	-0.5693073901790843	0.056870453220593094	-10.010600548070453	1.369188448138728e-23	NA	NA	NA	NA	0.0016423213064474774	DOWN	8.31878446290093e-5	3	0	3	1
ZNF749	3	A2780,PEO1,UWB_BRCAdef	FALSE	-0.48000700894123494	0.12224950537196765	-3.9264535875275834	8.620751757090753e-5	-0.7196116365981273	-0.24040238128434252	0.031491760536157466	9.920137255078252	0.007012446569120357	76.10252589694791	-0.5779059686272591	0.043773516819834206	-13.202182749122965	8.522913663421095e-40	NA	NA	NA	NA	0.0016951470243630445	DOWN	8.620751757090753e-5	3	0	3	1
PLAU	3	A2780,PEO1,UWB_BRCAdef	FALSE	0.524574268250055	0.13458611809422766	3.897684810871693	9.711670248221245e-5	0.26079032396631435	0.7883582125337958	0.044768911501228054	17.805939989245164	1.3598445304306662e-4	85.31100539148167	0.5775467605400197	0.04578681994808168	12.613821208699537	1.771890260537163e-36	NA	NA	NA	NA	0.001894544432195878	UP	9.711670248221245e-5	3	3	0	1
DLG5	3	A2780,PEO1,UWB_BRCAdef	FALSE	0.5767916812898728	0.14864712543340097	3.8802747083615508	1.0433855251182816e-4	0.28544866903499905	0.8681346935447465	0.06076635753318926	44.11541392759528	2.633052885991347e-10	93.63695704509234	0.7000606827287102	0.03177801790332137	22.02971515902952	1.4951048457731232e-107	NA	NA	NA	NA	0.0020300712842005303	UP	1.0433855251182816e-4	3	3	0	1
SIRPB2	2	A2780,PEO1	FALSE	1.070906073232007	0.27681266652760056	3.8687032882768344	1.0941569128775853e-4	0.5283632163734139	1.6134489300906	0.14611245176356003	20.8297266652145	5.019775749480187e-6	95.19916887978182	1.2836954710526223	0.03585554231453348	35.80187017649142	1.0328292011795705e-280	NA	NA	NA	NA	0.002126057591421926	UP	1.0941569128775853e-4	2	2	0	1
ATP11B	3	A2780,PEO1,UWB_BRCAdef	FALSE	-0.4831635300538409	0.1250922406746491	-3.86245803455144	1.1225185244138203e-4	-0.7283398165215695	-0.23798724358611223	0.0396988157999216	13.313431759894407	0.0012853607253057048	85.09971880803838	-0.43009699055433137	0.046540584693301454	-9.241331912536863	2.4344768740633418e-20	NA	NA	NA	NA	0.0021754497274583434	DOWN	1.1225185244138203e-4	3	0	3	1
LRRC8D	3	A2780,PEO1,UWB_BRCAdef	FALSE	-0.9265393425773435	0.24020110392454644	-3.857348394486955	1.1462372937701643e-4	-1.3973248553162172	-0.4557538298384699	0.1655726874467391	55.951281876742634	7.08489654139555e-13	95.80601827508453	-0.8138124263500146	0.04764249640607764	-17.081649530149274	2.0328957784901314e-65	NA	NA	NA	NA	0.0022156092631345644	DOWN	1.1462372937701643e-4	3	0	3	1
CCND1	3	A2780,PEO1,UWB_BRCAdef	FALSE	0.5513315086820085	0.14301430561490605	3.8550794363647527	1.1569205733482263e-4	0.2710286204027883	0.8316343969612288	0.05247417324684638	9.264778621998778	0.009731479770979296	89.88816398530837	0.6486193553973756	0.019265284946791122	33.66777897076531	1.7129546766470308e-248	NA	NA	NA	NA	0.0022304282292177602	UP	1.1569205733482263e-4	3	3	0	1
RAB11FIP1	3	A2780,PEO1,UWB_BRCAdef	FALSE	-0.5910082947068144	0.15338580175985475	-3.853083453135474	1.1663961366763879e-4	-0.8916389418959301	-0.2903776475176987	0.060226732817372855	9.898375341135717	0.00708916532833482	88.46667174756152	-0.6962815021819957	0.02261682729224565	-30.78599368447762	4.035346825789681e-208	NA	NA	NA	NA	0.002245768186592936	DOWN	1.1663961366763879e-4	3	0	3	1
TMEM44	3	A2780,PEO1,UWB_BRCAdef	FALSE	0.8219640050175331	0.21405555594193862	3.8399564141212306	1.2305615555800744e-4	0.40242282468063467	1.2415051853544314	0.12236600549818896	21.766541164343067	1.8769626953604568e-5	91.28354988176972	0.5738946716581568	0.043677878422425466	13.139252463404974	1.9615494166144978e-39	NA	NA	NA	NA	0.002360092570993847	UP	1.2305615555800744e-4	3	3	0	1
TRAF2	3	A2780,PEO1,UWB_BRCAdef	FALSE	0.65921873580148	0.17195195598671248	3.8337379299856345	1.262106053633872e-4	0.3221990949963071	0.9962383766066529	0.06781240684765776	11.301988659201209	0.0035140209421552315	78.56577085743315	0.5627871692496619	0.07017071283411501	8.020257262885474	1.0552392125398674e-15	NA	NA	NA	NA	0.0024112095885121536	UP	1.262106053633872e-4	3	3	0	1
PI4K2A	3	A2780,PEO1,UWB_BRCAdef	FALSE	0.4900798714062534	0.12785409818157636	3.833118205646015	1.2652911525633365e-4	0.23949044369451578	0.7406692991179911	0.04106743882425276	16.01855397039627	3.323649369019224e-4	85.72720826224145	0.6506733022850877	0.025404578484177986	25.612442367045297	1.1087831381243733e-144	NA	NA	NA	NA	0.0024141755190908456	UP	1.2652911525633365e-4	3	3	0	1
ATP11C	3	A2780,PEO1,UWB_BRCAdef	FALSE	-0.40005822000970503	0.10440207220816601	-3.8318992290884215	1.2715782527947248e-4	-0.6046825214490605	-0.19543391857034956	0.024905477539167813	8.309781118727182	0.01568750788652463	76.434033026277	-0.3732682223513274	0.04982102753840504	-7.492182333324816	6.773772915309361e-14	NA	NA	NA	NA	0.0024230447969169583	DOWN	1.2715782527947248e-4	3	0	3	1
LDHB	3	A2780,PEO1,UWB_BRCAdef	FALSE	-0.35804292590652137	0.0934529417459102	-3.8312643691838675	1.274864311156426e-4	-0.5412073259778251	-0.17487852583521768	0.020583380036517322	7.091412803541726	0.02884823686469744	81.56933459674822	-0.38814925437896874	0.025473323093573676	-15.237480125900406	1.994141096956041e-52	NA	NA	NA	NA	0.0024261799960193144	DOWN	1.274864311156426e-4	3	0	3	1
SEC11C	3	A2780,PEO1,UWB_BRCAdef	FALSE	-0.6633683021108502	0.17337448160001975	-3.8262164996187917	1.3012785482957394e-4	-1.0031760418851912	-0.3235605623365092	0.07731549016864404	10.958582558635063	0.004172285635436353	87.22885578735746	-0.728356552131519	0.05647267555428999	-12.897503880993094	4.649136033239842e-38	NA	NA	NA	NA	0.0024700906153593194	DOWN	1.3012785482957394e-4	3	0	3	1
EDN1	3	A2780,PEO1,UWB_BRCAdef	FALSE	1.466965818162141	0.3838568635933964	3.82164800813888	1.3256281376028547e-4	0.7146201903005799	2.2193114460237022	0.4219017155522223	63.662161137290624	1.4994685319197634e-14	97.68962905052491	1.4041556437844087	0.04556673273496084	30.815368131651834	1.6313168683803695e-208	NA	NA	NA	NA	0.002506657707254912	UP	1.3256281376028547e-4	3	3	0	1
ZMPSTE24	3	A2780,PEO1,UWB_BRCAdef	FALSE	-0.5979173073886976	0.15775630078992106	-3.7901326564757922	1.5056685168431656e-4	-0.9071139752712105	-0.2887206395061847	0.06411322006680907	12.523300671715768	0.00190809420047261	86.51910116088042	-0.6372572402010147	0.053550491793691306	-11.900119286599883	1.1817810917317645e-32	NA	NA	NA	NA	0.0028147054814867114	DOWN	1.5056685168431656e-4	3	0	3	1
ACTR1A	3	A2780,PEO1,UWB_BRCAdef	FALSE	0.4648687364731259	0.12274948212857285	3.7871339936587534	1.523949278810239e-4	0.22428417238018009	0.7054533005660717	0.038735781433110024	19.634251238583015	5.4510041841705466e-5	87.28114331075506	0.3166983537379301	0.030048208195761573	10.539675167140306	5.669438177979325e-26	NA	NA	NA	NA	0.0028416945757587645	UP	1.523949278810239e-4	3	3	0	1
C16orf87	3	A2780,PEO1,UWB_BRCAdef	FALSE	-0.45897689627773675	0.12135293890063474	-3.7821654789386896	1.5546994898370204e-4	-0.6968242859410705	-0.22112950661440298	0.03193183236839093	8.650334357376497	0.013231337913914966	77.48920567494721	-0.3731031592711824	0.04803086519321111	-7.767987475768361	7.97429439011438e-15	NA	NA	NA	NA	0.0028917410510968583	DOWN	1.5546994898370204e-4	3	0	3	1
BTD	3	A2780,PEO1,UWB_BRCAdef	FALSE	0.6617322710448503	0.1753109779951778	3.774619699304012	1.6025194751881095e-4	0.31812906807980795	1.0053354740098928	0.07590622370123905	16.845657181892015	2.1979207086873662e-4	84.69195969454783	0.8495377873554075	0.04914168342353287	17.287519030098643	5.841277039392433e-67	NA	NA	NA	NA	0.002969480636542177	UP	1.6025194751881095e-4	3	3	0	1
CABLES1	3	A2780,PEO1,UWB_BRCAdef	FALSE	-0.8000470097604686	0.21283239742488222	-3.759047116136724	1.7056171872428883e-4	-1.217190843456553	-0.3829031760643842	0.11480683134786762	14.046441628042349	8.909512783089599e-4	87.16353801857615	-0.8991571826918715	0.047288668164892064	-19.01422090291436	1.3005452189111807e-80	NA	NA	NA	NA	0.003144758272788104	DOWN	1.7056171872428883e-4	3	0	3	1
ZSWIM6	3	A2780,PEO1,UWB_BRCAdef	FALSE	-0.5379701966113555	0.14353103991442687	-3.748110491863593	1.7817176628877036e-4	-0.819285865507213	-0.2566545277154979	0.05141345477894943	24.43669069651298	4.939011498742762e-6	88.54899518035566	-0.6785790866197432	0.03485439202287219	-19.468969252840367	2.012809760874003e-84	NA	NA	NA	NA	0.0032687666353747487	DOWN	1.7817176628877036e-4	3	0	3	1
MEN1	3	A2780,PEO1,UWB_BRCAdef	FALSE	0.7647063360969694	0.20442807438048657	3.7407109488967696	1.83500459578484e-4	0.3640346728823404	1.1653779993115982	0.11507123248827592	35.76599278742691	1.7120377885701872e-8	93.8026799810371	0.8054973164648676	0.04669397154533191	17.250563398379306	1.1081351477838867e-66	NA	NA	NA	NA	0.003347243398404223	UP	1.83500459578484e-4	3	3	0	1
SNX1	3	A2780,PEO1,UWB_BRCAdef	FALSE	0.38858063673790966	0.10439978207831889	3.722044519656212	1.9761616901131144e-4	0.18396082387057447	0.5932004496052449	0.02723970609212002	19.42827028674391	6.042333761043546e-5	86.30151370501974	0.5374584568335671	0.018090439565974364	29.70952999088274	5.783638172608586e-194	NA	NA	NA	NA	0.003594280800947432	UP	1.9761616901131144e-4	3	3	0	1
STRBP	3	A2780,PEO1,UWB_BRCAdef	FALSE	-0.4515528338857784	0.12135247925768373	-3.7210021307182086	1.9843376391964036e-4	-0.6893993226654824	-0.21370634510607434	0.03565517773560245	13.500841640639905	0.0011703869945153707	82.78625481184403	-0.5227604449953075	0.04108454246431201	-12.72401768741619	4.349098721271433e-37	NA	NA	NA	NA	0.003604717527124965	DOWN	1.9843376391964036e-4	3	0	3	1
C16orf45	2	A2780,PEO1	FALSE	-1.8159084691465286	0.48824155836752575	-3.7192828796019786	1.997892012790978e-4	-2.7728443393025897	-0.8589725989904675	0.4538098670952358	19.88408315398933	8.228254862389353e-6	94.970851850419	-2.2550539155838654	0.03553377655536854	-63.46226419446445	0	NA	NA	NA	NA	0.0036248870175632133	DOWN	1.997892012790978e-4	2	0	2	1
WDR54	3	A2780,PEO1,UWB_BRCAdef	FALSE	0.6812837124670592	0.18388143771855983	3.705016237200623	2.1137719163791962e-4	0.32088271711323696	1.0416847078208815	0.09051733680723228	26.770834728704497	1.537400792805301e-6	90.75275504667586	0.8044626918191928	0.046350470894097766	17.356084551055392	1.7741806215240277e-67	NA	NA	NA	NA	0.00381640358089123	UP	2.1137719163791962e-4	3	3	0	1
GTF2F1	3	A2780,PEO1,UWB_BRCAdef	FALSE	0.42258449885308536	0.11469767835941372	3.6843335008829503	2.2930185417014863e-4	0.19778118015827534	0.6473878175478953	0.031490575330125954	14.388248531867358	7.509854609808479e-4	84.3980729998497	0.42245328172682434	0.03948938535158473	10.697894585231145	1.0411700506646573e-26	NA	NA	NA	NA	0.004104947357886184	UP	2.2930185417014863e-4	3	3	0	1
NDOR1	3	A2780,PEO1,UWB_BRCAdef	FALSE	0.7681381545604014	0.20929967419401593	3.6700398962320175	2.4251261510269145e-4	0.35791833116416283	1.1783579779566398	0.10808590301620817	8.007384954781983	0.018248133513970533	89.6330686496502	0.6225519364031238	0.0582089733324902	10.69511968278673	1.0728106349747003e-26	NA	NA	NA	NA	0.00432573466770024	UP	2.4251261510269145e-4	3	3	0	1
VAPB	3	A2780,PEO1,UWB_BRCAdef	FALSE	0.3652441603921385	0.09985518760971114	3.657738462419329	2.544504902062975e-4	0.16953158900761442	0.5609567317766625	0.024736819609674495	12.777413571582553	0.0016804279501202507	83.96541484941969	0.43787942226381077	0.032281383791046184	13.564456378269151	6.506022317369831e-42	NA	NA	NA	NA	0.004506059160096433	UP	2.544504902062975e-4	3	3	0	1
HS6ST1	3	A2780,PEO1,UWB_BRCAdef	FALSE	0.587815662323707	0.16142812923945207	3.641345935761785	2.712164102860132e-4	0.27142234292270373	0.9042089817247102	0.06442553690318792	12.692129894108886	0.0017536342203580875	84.36221253078996	0.6613042926703561	0.04966865436903233	13.314318679884943	1.9110784403988427e-40	NA	NA	NA	NA	0.004780068008223215	UP	2.712164102860132e-4	3	3	0	1
FLOT2	3	A2780,PEO1,UWB_BRCAdef	FALSE	0.8263640236819751	0.22748816818166423	3.632558256929078	2.8062519316108533e-4	0.38049540713692265	1.2722326402270276	0.14293804599760465	33.34350161758126	5.748448171470664e-8	92.89019973785176	1.0459935794374073	0.0500474230149236	20.900048722298916	5.34903688365612e-97	NA	NA	NA	NA	0.004922700072378253	UP	2.8062519316108533e-4	3	3	0	1
LRP11	3	A2780,PEO1,UWB_BRCAdef	FALSE	-1.726588534844945	0.47561214135583885	-3.6302448670105814	2.8315246889555693e-4	-2.658771202512362	-0.7944058671775278	0.6584376681870432	85.18435520171226	3.1801843475220985e-19	97.84064862264196	-1.3477506320115629	0.027256743945617307	-49.446501559415786	0	NA	NA	NA	NA	0.004960871513695024	DOWN	2.8315246889555693e-4	3	0	3	1
CCDC57	3	A2780,PEO1,UWB_BRCAdef	FALSE	0.5979378228040846	0.16522027539578849	3.61903417344943	2.9570459129638315e-4	0.27411203351255	0.9217636120956192	0.06479009694951983	16.170113827315916	3.0810900857630697e-4	83.73942264996863	0.604576816930612	0.05972082573730084	10.123383417202174	4.351091002726344e-24	NA	NA	NA	NA	0.005156348810730681	UP	2.9570459129638315e-4	3	3	0	1
CST6	3	A2780,PEO1,UWB_BRCAdef	FALSE	0.6195930506038249	0.17168268953859747	3.608943058085823	3.074470780587873e-4	0.28310116233920235	0.9560849388684474	0.06691052986095664	10.645660148721223	0.004878926443715276	77.6656264501257	0.5302300389724333	0.07046137525922418	7.525116235976678	5.267344369606971e-14	NA	NA	NA	NA	0.0053359389005343755	UP	3.074470780587873e-4	3	3	0	1
M6PR	3	A2780,PEO1,UWB_BRCAdef	FALSE	-0.5590915686126401	0.15499990898534066	-3.6070444961713943	3.0970456652183764e-4	-0.8628858078308941	-0.2552973293943861	0.06672182990403178	40.79676012024362	1.3838725666338536e-9	93.76363506608894	-0.38462173103771347	0.030526328579890252	-12.599672116845708	2.120240617533553e-36	NA	NA	NA	NA	0.005363167520449571	DOWN	3.0970456652183764e-4	3	0	3	1
EPN2	3	A2780,PEO1,UWB_BRCAdef	FALSE	0.7697767221629367	0.21378859117223295	3.6006445336588944	3.1742931199710023e-4	0.3507587831598024	1.188794661166071	0.12157581352558226	38.05090689064159	5.4619856271706554e-9	92.3028893630413	1.02482772601363	0.03500287102862742	29.278390483325364	1.9544690915492986e-188	NA	NA	NA	NA	0.005474883786782117	UP	3.1742931199710023e-4	3	3	0	1
NEGR1	3	A2780,PEO1,UWB_BRCAdef	FALSE	-1.4669984351204244	0.4075252195377329	-3.599773375460005	3.1849463746564977e-4	-2.2657331882061595	-0.6682636820346892	0.4704493621278439	23.61132901211952	7.462168472263403e-6	96.23973766759543	-1.630574871294087	0.024152130741560335	-67.51267160409321	0	NA	NA	NA	NA	0.005478491501366649	DOWN	3.1849463746564977e-4	3	0	3	1
DYRK4	3	A2780,PEO1,UWB_BRCAdef	FALSE	-0.6997269010357916	0.19500145470612013	-3.5883163132825113	3.328203536438841e-4	-1.0819227291927056	-0.31753107287887755	0.08816897665471642	9.753479493967944	0.007621822634667089	79.35152633916732	-0.8988355636005158	0.057495691232125355	-15.633094312609934	4.332431997934873e-55	NA	NA	NA	NA	0.005702682003861082	DOWN	3.328203536438841e-4	3	0	3	1
CTNNBIP1	3	A2780,PEO1,UWB_BRCAdef	FALSE	0.5651408573208077	0.1575229599775041	3.5876729170243857	3.3364246203658205e-4	0.2564015290267553	0.87388018561486	0.0635100083749928	10.00724047740934	0.006713598123533492	87.85103558445677	0.5221403764914715	0.03499144040137721	14.921945781658101	2.372526972230777e-50	NA	NA	NA	NA	0.005710151720063586	UP	3.3364246203658205e-4	3	3	0	1
PDE4C	3	A2780,PEO1,UWB_BRCAdef	FALSE	-0.5066241658045811	0.14122956746089374	-3.587238670435386	3.341984001792038e-4	-0.7834290315801027	-0.22981930002905954	0.04197656076524458	8.829671741089221	0.012096539360572908	86.69704083571857	-0.3679470913624077	0.027250440390959675	-13.502427340017377	1.5130753111388873e-41	NA	NA	NA	NA	0.0057130540386703885	DOWN	3.341984001792038e-4	3	0	3	1
DSTN	3	A2780,PEO1,UWB_BRCAdef	FALSE	-0.45385588439669544	0.12661919332023547	-3.5844161733745867	3.378330424305174e-4	-0.7020249430558715	-0.20568682573751937	0.04083227922524852	14.206651460137586	8.22365404986879e-4	84.98548413700351	-0.4419898068557333	0.04879848931205035	-9.05744856217481	1.3353748456208392e-19	NA	NA	NA	NA	0.0057638677388975705	DOWN	3.378330424305174e-4	3	0	3	1
ABHD12	3	A2780,PEO1,UWB_BRCAdef	FALSE	-0.4335952107569124	0.12113372707882268	-3.5794755202633906	3.4428449600104865e-4	-0.671012953144509	-0.19617746836931566	0.035155068005186925	13.474259877890107	0.0011860463017051889	82.65017658260442	-0.35583060413781087	0.038127219790802525	-9.332718359486792	1.0318975073995692e-20	NA	NA	NA	NA	0.005858383017684127	DOWN	3.4428449600104865e-4	3	0	3	1
MTDH	3	A2780,PEO1,UWB_BRCAdef	FALSE	-0.4983917714452708	0.13974165199602395	-3.5665226818661875	3.6174951272783596e-4	-0.7722803764976075	-0.2245031663929341	0.048339912227492586	17.818038907321032	1.3516430389510145e-4	85.32053354538371	-0.6245174450185568	0.04191245711919856	-14.900520941600634	3.2701981936268896e-50	NA	NA	NA	NA	0.0061414351833599425	DOWN	3.6174951272783596e-4	3	0	3	1
ZNF696	3	A2780,PEO1,UWB_BRCAdef	FALSE	-0.4480601111870108	0.12604115985486702	-3.5548713745806517	3.781640392608294e-4	-0.6950962450722058	-0.20102397730181573	0.03609418682439306	7.261297643438627	0.026498985712583568	81.77176035526765	-0.4737829635140841	0.03682569121462353	-12.865555211247313	7.033470814909596e-38	NA	NA	NA	NA	0.006398068247768746	DOWN	3.781640392608294e-4	3	0	3	1
CLCF1	3	A2780,PEO1,UWB_BRCAdef	FALSE	-0.5564488523570743	0.15678180749572487	-3.54919273635908	3.8641413766251e-4	-0.8637355484797868	-0.24916215623436172	0.0538802345664294	9.466516455674652	0.008797759186360218	75.88494399349138	-0.6633346347755401	0.05515073682611104	-12.027665865408443	2.542472888738036e-33	NA	NA	NA	NA	0.006522723577186684	DOWN	3.8641413766251e-4	3	0	3	1
WWTR1	3	A2780,PEO1,UWB_BRCAdef	FALSE	-0.5540369184871902	0.15674418936045484	-3.534656823629398	4.0830506599424525e-4	-0.8612498844196079	-0.2468239525547724	0.061121815342004185	14.588981795483246	6.792706576081919e-4	84.86768687342207	-0.6651077467122783	0.04545917943835398	-14.630878844045432	1.7846686406813616e-48	NA	NA	NA	NA	0.006845359422740255	DOWN	4.0830506599424525e-4	3	0	3	1
FAU	3	A2780,PEO1,UWB_BRCAdef	FALSE	0.43460836931368524	0.12297039437051867	3.534252057484494	4.089309026407357e-4	0.19359082518278167	0.6756259134445888	0.0365719992217001	27.659787453123165	9.85719775029293e-7	89.75596625374789	0.5151921072333945	0.028263347478331317	18.228276308331036	3.0787252323265763e-74	NA	NA	NA	NA	0.006848087494165978	UP	4.089309026407357e-4	3	3	0	1
CREG1	3	A2780,PEO1,UWB_BRCAdef	FALSE	-0.5451582028824231	0.15431411137501383	-3.532782569428021	4.11210518023003e-4	-0.8476083034837529	-0.24270810228109335	0.06517138866261186	23.95959820590867	6.269593092493458e-6	92.43496809234549	-0.40621601689252346	0.034095699966356155	-11.91399552710037	1.0006482265251511e-32	NA	NA	NA	NA	0.0068713632046173145	DOWN	4.11210518023003e-4	3	0	3	1
CTSC	3	A2780,PEO1,UWB_BRCAdef	FALSE	-0.6520118801692785	0.1849766242742376	-3.52483392281306	4.237483663199571e-4	-1.0145594017285817	-0.28946435860997527	0.08722483380604984	28.22786519504672	7.419881253167271e-7	90.98783551235364	-0.5126563187477577	0.032016761589255344	-16.012122816312644	1.0515983832328585e-57	NA	NA	NA	NA	0.007064224456339578	DOWN	4.237483663199571e-4	3	0	3	1
WDR41	3	A2780,PEO1,UWB_BRCAdef	FALSE	-0.7055290585244081	0.20107758487416352	-3.508740464363224	4.502340248322043e-4	-1.0996338829760646	-0.31142423407275166	0.10753961684077132	25.4183420595831	3.0232715150033645e-06	90.20906651687915	-0.9239573371541797	0.04368428512401076	-21.15079449122845	2.7133352021119878e-99	NA	NA	NA	NA	0.007451799214681864	DOWN	4.502340248322043e-4	3	0	3	1
HMGB3	3	A2780,PEO1,UWB_BRCAdef	FALSE	-0.3758602245761811	0.1071221729511937	-3.508706127044567	4.5029215164865574e-4	-0.5858158255061915	-0.16590462364617076	0.028447599900693493	12.441438089034817	0.001987815375519447	84.0939176747768	-0.4427845804065559	0.03326626073910314	-13.31032014325796	2.01615972082232e-40	NA	NA	NA	NA	0.007451799214681864	DOWN	4.5029215164865574e-4	3	0	3	1
RNASET2	3	A2780,PEO1,UWB_BRCAdef	FALSE	-1.1239641676779768	0.3203483329841434	-3.508568804488241	4.5052468370363066e-4	-1.7518353628343424	-0.4960929725216112	0.28015228228069144	21.58077654357633	2.0596523227269637e-5	92.5334927173455	-1.3652907115192834	0.07843205722892865	-17.4073046118662	7.262359255437708e-68	NA	NA	NA	NA	0.007451799214681864	DOWN	4.5052468370363066e-4	3	0	3	1
RABGEF1	3	A2780,PEO1,UWB_BRCAdef	FALSE	-0.5825373274681527	0.16618358211331224	-3.5053843469985484	4.5594854669531664e-4	-0.9082511632320993	-0.256823491704206	0.0766852320573522	55.19224892577786	1.0355126861809333e-12	94.6569610735808	-0.7595307287283258	0.02898715142444792	-26.202323836751116	2.5002009194026888e-151	NA	NA	NA	NA	0.007533085094953796	DOWN	4.5594854669531664e-4	3	0	3	1
GNAQ	3	A2780,PEO1,UWB_BRCAdef	FALSE	-0.8240798549265904	0.23516117667026593	-3.5043193208804357	4.577760863177214e-4	-1.2849872917623724	-0.36317241809080847	0.14632268122317807	11.79391618497487	0.002747790643721183	91.25816227350104	-0.6589565590297978	0.05733050649764993	-11.493995069741962	1.4141719908402282e-30	NA	NA	NA	NA	0.00755483815667427	DOWN	4.577760863177214e-4	3	0	3	1
OXCT1	3	A2780,PEO1,UWB_BRCAdef	FALSE	-0.655709152884195	0.18749790786572745	-3.4971545034719362	4.70249395716251e-4	-1.02319829947763	-0.2882200062907599	0.09602849263087491	28.85693170706797	5.417474770739343e-7	92.11118972101352	-0.48372015120476997	0.04055753335293031	-11.926764554329605	8.584556486785006e-33	NA	NA	NA	NA	0.007734791784712128	DOWN	4.70249395716251e-4	3	0	3	1
DEPDC5	3	A2780,PEO1,UWB_BRCAdef	FALSE	0.4963347727060263	0.14198520725016356	3.4956794606887085	4.728563590820474e-4	0.21804888015825036	0.7746206652538021	0.048267003295326634	22.883788204749482	1.0736148966900664e-5	87.8871562400171	0.5842506299113788	0.039338285747271794	14.851959581179715	6.756442955027928e-50	NA	NA	NA	NA	0.007756980075216325	UP	4.728563590820474e-4	3	3	0	1
REXO4	3	A2780,PEO1,UWB_BRCAdef	FALSE	0.4890890906409711	0.13991958402273935	3.495501319968802	4.731721125208037e-4	0.21485174522457606	0.7633264360573662	0.05045260606504712	13.753492386002408	0.0010314948759867209	87.07598075421414	0.5079101751951268	0.047215453801354314	10.75728674200645	5.475871031332282e-27	NA	NA	NA	NA	0.007756980075216325	UP	4.731721125208037e-4	3	3	0	1
VKORC1L1	3	A2780,PEO1,UWB_BRCAdef	FALSE	-0.921568660974891	0.2637373125650768	-3.494267276828701	4.753648535939115e-4	-1.4384842949818246	-0.40465302696795746	0.20304151718383717	111.26544224976459	6.902655550602594e-25	97.99891721267872	-1.3087087746583579	0.02215255436777538	-59.07710474066571	0	NA	NA	NA	NA	0.007783887170634622	DOWN	4.753648535939115e-4	3	0	3	1
CPPED1	3	A2780,PEO1,UWB_BRCAdef	FALSE	0.3753434413357009	0.10742557557872813	3.493985853123272	4.758662340064718e-4	0.16479318218290823	0.5858937004884937	0.02857871692969014	12.627069023348755	0.0018116187222723028	84.26054772011683	0.36122294146567746	0.038050615296894824	9.49322208451004	2.240010975127323e-21	NA	NA	NA	NA	0.007783887170634622	UP	4.758662340064718e-4	3	3	0	1
GREB1L	3	A2780,PEO1,UWB_BRCAdef	FALSE	-0.7313810290412607	0.20937832585670066	-3.49310763685168	4.7743402475844876e-4	-1.1417550068636855	-0.3210070512188359	0.0984571110582142	37.32958857650194	7.833986787592552e-9	92.84694255395738	-0.8841908350293809	0.037009224875401855	-23.891093045211477	3.7905716406839296e-126	NA	NA	NA	NA	0.0078009026785670526	DOWN	4.7743402475844876e-4	3	0	3	1
ZNF772	3	A2780,PEO1,UWB_BRCAdef	FALSE	-0.9225061271870472	0.2644260723254476	-3.488710924283043	4.853557281086619e-4	-1.440771705518308	-0.4042405488557864	0.19842080503620985	71.61234739677661	2.815634932703066e-16	96.69924715214228	-0.9866019287899965	0.03883754631185039	-25.403302280426438	2.318651248348578e-142	NA	NA	NA	NA	0.00792158405247548	DOWN	4.853557281086619e-4	3	0	3	1
PITX2	3	A2780,PEO1,UWB_BRCAdef	FALSE	0.6060916584080474	0.17392959671345432	3.4846953587006344	4.926976469337237e-4	0.2651959130041008	0.9469874038119939	0.06556291183040458	20.738165891495687	3.138806145623256e-5	88.06928187770788	0.7168432099251832	0.03648673863982519	19.646678126028796	6.1722505025374785e-86	NA	NA	NA	NA	0.008019308448475676	UP	4.926976469337237e-4	3	3	0	1
SAPCD2	3	A2780,PEO1,UWB_BRCAdef	FALSE	0.8099338256348878	0.2324335778359189	3.4845818455999584	4.929066876595175e-4	0.3543723842786995	1.2654952669910762	0.14362200126615146	16.767382553942483	2.285646908011316e-4	90.12773866657155	0.7196787517285661	0.06894342687855781	10.438685518146102	1.6508066827491078e-25	NA	NA	NA	NA	0.008019308448475676	UP	4.929066876595175e-4	3	3	0	1
BAP1	3	A2780,PEO1,UWB_BRCAdef	FALSE	0.5697402588604249	0.1639936367441328	3.4741607672823833	5.12453893492787e-4	0.2483186371481802	0.8911618805726695	0.07116416139057194	19.42674117725582	6.04695522244065e-5	90.57420702985588	0.5052054669890685	0.04661119002861733	10.838716339979594	2.2561444460411882e-27	NA	NA	NA	NA	0.008290651775796324	UP	5.12453893492787e-4	3	3	0	1
NR1H3	3	A2780,PEO1,UWB_BRCAdef	FALSE	0.869414438638091	0.25081097880644115	3.466413004627863	5.274523923912721e-4	0.37783395325022756	1.3609949240259545	0.16244778466972112	13.902768236532868	9.573092071120741e-4	87.848530552644	1.0716433908277458	0.05276943981163532	20.308030455753585	1.0919608303679733e-91	NA	NA	NA	NA	0.008523976531464198	UP	5.274523923912721e-4	3	3	0	1
DISP2	3	A2780,PEO1,UWB_BRCAdef	FALSE	0.6255695450448928	0.18075409644979012	3.4608872348221635	5.383982864070982e-4	0.27129802594522495	0.9798410641445607	0.06542207009388556	19.06423102236393	7.248611648631531e-5	89.17836546534765	0.7058140452527591	0.03464296527445834	20.373950083688236	2.847565268112872e-92	NA	NA	NA	NA	0.008681892542095703	UP	5.383982864070982e-4	3	3	0	1
PRKCZ	3	A2780,PEO1,UWB_BRCAdef	FALSE	0.6957599247915962	0.20112182026373582	3.4593955239626895	5.413892614934337e-4	0.301568400569536	1.0899514490136564	0.08341114011446854	9.456266761427813	0.008842962087263049	75.376152436702	0.5584246867751465	0.06371081261862316	8.764990804903258	1.8679190557522317e-18	NA	NA	NA	NA	0.008711124058436782	UP	5.413892614934337e-4	3	3	0	1
DTNB	3	A2780,PEO1,UWB_BRCAdef	FALSE	-0.3808987296795613	0.11013225275410018	-3.4585575083987425	5.430763198105239e-4	-0.5967539786138598	-0.16504348074526276	0.02794804462818808	8.356729136241817	0.015323547703840796	81.64738702325776	-0.4869984055631379	0.031186359024285973	-15.615750629430456	5.687183892971688e-55	NA	NA	NA	NA	0.00872877124025893	DOWN	5.430763198105239e-4	3	0	3	1
CUEDC2	3	A2780,PEO1,UWB_BRCAdef	FALSE	0.47539238558966734	0.13762788674395302	3.454186479474915	5.519555724694508e-4	0.20564668430316196	0.7451380868761728	0.045513720889189695	10.779290194056939	0.00456359268096621	81.45702675053847	0.45175941671279096	0.056442556189988266	8.003879469812597	1.2055940050715915e-15	NA	NA	NA	NA	0.008861853474599097	UP	5.519555724694508e-4	3	3	0	1
SEC62	3	A2780,PEO1,UWB_BRCAdef	FALSE	-0.4446530324145937	0.12884225908657246	-3.4511427816227576	5.582181684420503e-4	-0.6971792199110542	-0.1921268449181332	0.04290892253561628	20.995064258972626	2.7604489663958993e-5	87.79163302993757	-0.45767474045556034	0.04259714543800472	-10.744258464963425	6.306665744260937e-27	NA	NA	NA	NA	0.008952681189536441	DOWN	5.582181684420503e-4	3	0	3	1
RASGRF1	2	A2780,PEO1	FALSE	1.040004359755673	0.3013834712640937	3.450767739164922	5.589944048522525e-4	0.4493036105423871	1.6307051089689588	0.17365354968673238	21.90596178546263	2.863429532661598e-6	95.43503266465284	1.294323059563792	0.030190449016619547	42.87193803746608	0	NA	NA	NA	NA	0.008955417404713173	UP	5.589944048522525e-4	2	2	0	1
B3GNTL1	3	A2780,PEO1,UWB_BRCAdef	FALSE	0.8138198203609619	0.23605749633318407	3.447549147993561	5.656974732052716e-4	0.3511556292672253	1.2764840114546985	0.1347148562445235	20.440628130481226	3.642285611099373e-5	87.42240671473579	0.9781447946367149	0.05411382460093059	18.075691412502636	4.9530564138861696e-73	NA	NA	NA	NA	0.009043209228417677	UP	5.656974732052716e-4	3	3	0	1
DENND1B	3	A2780,PEO1,UWB_BRCAdef	FALSE	-0.41226788757992805	0.11974186745788325	-3.4429719222888755	5.75359045621276e-4	-0.6469576352389479	-0.1775781399209082	0.03310512347932407	10.91935188556661	0.00425493436361447	78.92527371608921	-0.4087025962969508	0.05162964123556665	-7.916045638051104	2.4518365019217376e-15	NA	NA	NA	NA	0.009184707719644584	DOWN	5.75359045621276e-4	3	0	3	1
SPIRE2	3	A2780,PEO1,UWB_BRCAdef	FALSE	0.6380728005579555	0.18542945211309367	3.441054229987122	5.794523850261584e-4	0.27463775274329727	1.0015078483726136	0.07514169198448073	6.182880725204112	0.045436462268711085	77.74465480039936	0.5595051155899359	0.07527678857143166	7.432637951325596	1.0645298458607947e-13	NA	NA	NA	NA	0.009223210352402372	UP	5.794523850261584e-4	3	3	0	1
PCDHA11	2	A2780,PEO1	FALSE	-1.1150356538737696	0.3247362024133039	-3.433665989770435	5.954774785477691e-4	-1.7515069150801543	-0.47856439266738493	0.20794846969987385	71.04553317492469	3.490750119143018e-17	98.59245197366899	-1.27188687800512	0.03358769498236386	-37.86764404860051	0	NA	NA	NA	NA	0.009433576476306486	DOWN	5.954774785477691e-4	2	0	2	1
SPOPL	3	A2780,PEO1,UWB_BRCAdef	FALSE	-0.47278746913125236	0.13843662980573593	-3.4151905445451916	6.373740739113871e-4	-0.7441182776915989	-0.20145666057090578	0.04766539622856926	17.059970424142342	1.9745788989641158e-4	85.55956465793535	-0.49357118726408367	0.04769077693421271	-10.349405461457318	4.210925709856896e-25	NA	NA	NA	NA	0.010037114409933634	DOWN	6.373740739113871e-4	3	0	3	1
RPS25	3	A2780,PEO1,UWB_BRCAdef	FALSE	-0.40676329465354405	0.11931289944376869	-3.4092147332757485	6.515017568832378e-4	-0.6406122804543797	-0.1729143088527084	0.035063139177459006	12.667832583364904	0.0017750684530807598	82.48207163631963	-0.4552995774132723	0.04824357003377782	-9.43751834896326	3.817125585538156e-21	NA	NA	NA	NA	0.010226917705979234	DOWN	6.515017568832378e-4	3	0	3	1
LYPD3	3	A2780,PEO1,UWB_BRCAdef	FALSE	1.14172861798811	0.33524273270032967	3.4056774588121814	6.600010373972468e-4	0.4846649358166758	1.7987923001595445	0.23667259694729767	11.579297633494793	0.0030590562771424805	79.91108818444648	1.5132642553154705	0.07501074522562604	20.173966419926884	1.6579324638358926e-90	NA	NA	NA	NA	0.010349348186631057	UP	6.600010373972468e-4	3	3	0	1
LITAF	3	A2780,PEO1,UWB_BRCAdef	FALSE	1.2413505756594436	0.3654932721623922	3.396370522267506	6.828585526520459e-4	0.5249969256294591	1.9577042256894281	0.38215399446999626	77.88191294054437	1.2250603531083156e-17	96.55302138605653	0.6034193199988719	0.025610759321843746	23.561164759539473	9.64596345943344e-123	NA	NA	NA	NA	0.010685110495307728	UP	6.828585526520459e-4	3	3	0	1
VWA5A	3	A2780,PEO1,UWB_BRCAdef	FALSE	-0.814585181133342	0.24006770371011568	-3.3931477185159498	6.909436735736724e-4	-1.2851092342564014	-0.3440611280102826	0.13813114243883715	16.370693223190734	2.787078070205801e-4	83.89924196021016	-1.1230983722564396	0.048619307822598525	-23.099842892753344	4.646840917444527e-118	NA	NA	NA	NA	0.01080019461007811	DOWN	6.909436735736724e-4	3	0	3	1
INTS3	3	A2780,PEO1,UWB_BRCAdef	FALSE	-0.3482911640662682	0.10282917983865811	-3.3870849170706885	7.063951977500288e-4	-0.5498326531098303	-0.14674967502270608	0.023549921620429105	9.056691739319715	0.010798523473015971	76.975079230036	-0.45969672837691095	0.03110744429128859	-14.77770800044945	2.0399057713098652e-49	NA	NA	NA	NA	0.011029871076581304	DOWN	7.063951977500288e-4	3	0	3	1
PODXL	3	A2780,PEO1,UWB_BRCAdef	FALSE	1.268928045286328	0.3767145925761933	3.3684069327090858	7.560391703266155e-4	0.5305810113863093	2.0072750791863467	0.41725550892615615	139.2699909372856	5.726716983010955e-31	98.766860759222	1.3682651377083055	0.027573279086548566	49.62286616015156	0	NA	NA	NA	NA	0.011681871694482407	UP	7.560391703266155e-4	3	3	0	1
HOXB2	3	A2780,PEO1,UWB_BRCAdef	FALSE	-2.4909645661344273	0.7420573272617622	-3.3568357519307055	7.883993250309267e-4	-3.9453702020315333	-1.036558930237321	1.5489263060530702	526.6063736224957	4.455319979145093e-115	99.59531379684185	-2.371319229981365	0.03716609914850519	-63.80328536783605	0	NA	NA	NA	NA	0.012128377857922479	DOWN	7.883993250309267e-4	3	0	3	1
BICD2	3	A2780,PEO1,UWB_BRCAdef	FALSE	0.6182218096337428	0.18418030279418185	3.3566119734562196	7.890376343627121e-4	0.2572350494954646	0.9792085697720211	0.09450742280808931	62.92965600780376	2.162712666794205e-14	95.1890560180909	0.8037512645555606	0.030663923456914804	26.211625061120884	1.9586593987500308e-151	NA	NA	NA	NA	0.012128377857922479	UP	7.890376343627121e-4	3	3	0	1
RAB19	3	A2780,PEO1,UWB_BRCAdef	FALSE	0.7033330488134776	0.20967858270315795	3.354339006617507	7.955483163339665e-4	0.2923705783858849	1.1142955192410702	0.10733368907106601	8.073014304877796	0.01765904517376203	85.09884254093016	0.795050025874219	0.06638334228917972	11.976649539741684	4.709758856802978e-33	NA	NA	NA	NA	0.012203083976794982	UP	7.955483163339665e-4	3	3	0	1
SNN	3	A2780,PEO1,UWB_BRCAdef	FALSE	1.198917687510834	0.3579664965677984	3.349245527182348	8.103195330245631e-4	0.4973162465659684	1.9005191284556997	0.36600797136777835	54.443565029942285	1.505670932155682e-12	96.2173055059107	1.347493552787949	0.0552207459862475	24.401944028853517	1.6308224175725042e-131	NA	NA	NA	NA	0.012403928503969165	UP	8.103195330245631e-4	3	3	0	1
BICC1	3	A2780,PEO1,UWB_BRCAdef	FALSE	-0.7665734787913598	0.22949900715416313	-3.3402039002130564	8.371690022858132e-4	-1.2163832673012198	-0.3167636902815	0.14961524767320605	55.16965272485997	1.0472783522202186e-12	95.62366444619236	-1.0647549378168943	0.02797067284283048	-38.06683320776158	0	NA	NA	NA	NA	0.012773956001668016	DOWN	8.371690022858132e-4	3	0	3	1
STRIP1	3	A2780,PEO1,UWB_BRCAdef	FALSE	-0.4327643364681767	0.12983168321926034	-3.3332721700705545	8.58309347257856e-4	-0.6872297596301402	-0.17829891330621317	0.04412953497298304	36.75199837577701	1.0456948117110981e-8	91.91480801583529	-0.5890179607254031	0.021661812659379616	-27.191536091064705	8.178490641461902e-163	NA	NA	NA	NA	0.01305742831059868	DOWN	8.58309347257856e-4	3	0	3	1
SLC9A2	3	A2780,PEO1,UWB_BRCAdef	FALSE	-1.2419137778488947	0.374635116489844	-3.314995640251364	9.164455393367815e-4	-1.9761851135129564	-0.5076424421848328	0.3976899267097647	27.52970655576513	1.0519623030614569e-6	95.59986662506549	-1.470857645244196	0.03075042042498458	-47.83211497326816	0	NA	NA	NA	NA	0.013856319212855815	DOWN	9.164455393367815e-4	3	0	3	1
SEC16A	3	A2780,PEO1,UWB_BRCAdef	FALSE	0.4981174145545991	0.1503983635832758	3.3119869304880485	9.263587351298256e-4	0.20334203859761818	0.7928927905115801	0.06011558976183338	29.9507604892874	3.135270349696482e-7	90.78577252658765	0.274191204475456	0.022754309884769657	12.05007780345748	1.9376694759412312e-33	NA	NA	NA	NA	0.013977618996290542	UP	9.263587351298256e-4	3	3	0	1
HSF4	3	A2780,PEO1,UWB_BRCAdef	FALSE	0.8850073103543535	0.2678139152607419	3.3045605919793832	9.512541109887081e-4	0.36010168188463754	1.4099129388240694	0.16980721063372703	29.10135508124779	4.794253965627553e-7	91.7227301906353	0.8526900532815267	0.06223378647747752	13.701400823331168	9.958431752296829e-43	NA	NA	NA	NA	0.01433862848031603	UP	9.512541109887081e-4	3	3	0	1
SNAP47	3	A2780,PEO1,UWB_BRCAdef	FALSE	0.7931389126811199	0.2401299951880302	3.3029564343266005	9.567124996252719e-4	0.3224927705048043	1.2637850548574354	0.15627216331997998	37.58440802459852	6.896829578601144e-9	92.72642336815139	1.1454386465159507	0.03694829387584293	31.001124175447977	5.205688220902409e-211	NA	NA	NA	NA	0.014391564325492264	UP	9.567124996252719e-4	3	3	0	1
ERLEC1	3	A2780,PEO1,UWB_BRCAdef	FALSE	-0.3844553955863247	0.11661290939455715	-3.2968510740567196	9.777533122606356e-4	-0.6130124981320892	-0.1558982930405602	0.034055853906785366	14.870502085810955	5.900808226491711e-4	84.48483599174213	-0.4292332307411524	0.042507470375525575	-10.097830497772716	5.647778568780676e-24	NA	NA	NA	NA	0.014693128280892295	DOWN	9.777533122606356e-4	3	0	3	1
ZNF318	3	A2780,PEO1,UWB_BRCAdef	FALSE	0.5159426491562025	0.15655536786944063	3.2955921996010566	9.821446946420701e-4	0.2090997665456797	0.8227855317667252	0.0671504526573218	24.073298894487912	5.923106812942275e-6	94.0589284646498	0.657005881560677	0.03244929764898475	20.247152609210108	3.76376169879447e-91	NA	NA	NA	NA	0.014744135634185066	UP	9.821446946420701e-4	3	3	0	1
GRK2	2	A2780,UWB_BRCAdef	FALSE	0.7239217196794772	0.21989294755054062	3.292155240736357	9.942271419230292e-4	0.2929394620260625	1.1549039773328917	0.07866554433769352	4.686796975729299	0.030395256371874645	78.66346664516244	0.873608048709043	0.0542473497767821	16.104160890878173	2.385116478604521e-58	NA	NA	NA	NA	0.014880199137262988	UP	9.942271419230292e-4	2	2	0	1
CPS1	3	A2780,PEO1,UWB_BRCAdef	FALSE	-0.5608261415276907	0.17046638202607348	-3.2899515720460957	0.0010020462712699968	-0.8949341108736407	-0.22671817218174073	0.06430269043911405	6.802208228277164	0.033336442395770806	79.32852381941576	-0.40848021021860437	0.04794343874968802	-8.520044053395367	1.5949264330864298e-17	NA	NA	NA	NA	0.014982060882982248	DOWN	0.0010020462712699968	3	0	3	1
CNOT3	3	A2780,PEO1,UWB_BRCAdef	FALSE	-0.3179389917112917	0.09676979209038626	-3.2855190121140896	0.0010179467236617822	-0.5076042989998777	-0.12827368442270565	0.0200905030384564	5.578782972463854	0.06145860094342628	77.76465880001375	-0.3669064666959619	0.0372573090356478	-9.847905718174808	6.998706729188355e-23	NA	NA	NA	NA	0.015189079922085543	DOWN	0.0010179467236617822	3	0	3	1
DAB2	3	A2780,PEO1,UWB_BRCAdef	FALSE	0.5283277606543246	0.1615039806794553	3.2712986914107223	0.0010705477554489313	0.21178577516273955	0.8448697461459097	0.06354781729592467	14.743150700152828	6.288766973839476e-4	83.32871001303776	0.7454417318080674	0.031097595860079	23.971040564104033	5.576399599446683e-127	NA	NA	NA	NA	0.015925744124570772	UP	0.0010705477554489313	3	3	0	1
SLC37A4	3	A2780,PEO1,UWB_BRCAdef	FALSE	-0.6579916103859973	0.20117074561744938	-3.270811610139619	0.0010723932343924907	-1.052279026539267	-0.2637041942327276	0.10930164181108609	36.03623523829337	1.4956533350712502e-8	92.22982350867909	-0.37278702777964823	0.028338240830557228	-13.154910709124563	1.5947178734577965e-39	NA	NA	NA	NA	0.015937164579861066	DOWN	0.0010723932343924907	3	0	3	1
ARSB	3	A2780,PEO1,UWB_BRCAdef	FALSE	-0.601426974611845	0.18445661759360052	-3.2605334655811813	0.001112028436175602	-0.9629553018053794	-0.23989864741831074	0.07833645317223885	6.510705202838844	0.038567219409297325	82.78988744772285	-0.7488434691140797	0.03502621342039046	-21.379515396835377	2.072705076606419e-101	NA	NA	NA	NA	0.016493043616578364	DOWN	0.001112028436175602	3	0	3	1
ATAD2B	3	A2780,PEO1,UWB_BRCAdef	FALSE	-0.6397196233464599	0.19703996542843843	-3.246649084389914	0.0011677227124577254	-1.0259108591012165	-0.25352838759170326	0.10487504347916453	31.280076535796383	1.6129380360484263e-7	92.0599420890019	-0.6175025825010614	0.051466165594277594	-11.99822398600684	3.630022558233697e-33	NA	NA	NA	NA	0.017232650448215953	DOWN	0.0011677227124577254	3	0	3	1
MRPS2	3	A2780,PEO1,UWB_BRCAdef	FALSE	1.0292841316999934	0.3171134557837757	3.2457914129062138	0.0011712462206131577	0.4077531793507583	1.6508150840492286	0.2853061202840859	85.23922555710226	3.094121399137574e-19	96.46386256753632	1.3891397909635292	0.03814905806877633	36.41347549025048	2.605423671091015e-290	NA	NA	NA	NA	0.0172674156173547	UP	0.0011712462206131577	3	3	0	1
TMEM248	3	A2780,PEO1,UWB_BRCAdef	FALSE	-0.5174854779960836	0.16001664077155592	-3.2339478913000046	0.0012209172953472516	-0.8311123308354167	-0.2038586251567504	0.07236769207927465	54.96431963338377	1.1605120141434403e-12	95.34156507264166	-0.40012524569130403	0.027570372986987363	-14.512870242276184	1.0042872557316926e-47	NA	NA	NA	NA	0.017946027879025658	DOWN	0.0012209172953472516	3	0	3	1
PSMG4	3	A2780,PEO1,UWB_BRCAdef	FALSE	0.6433254137170348	0.19904827558694693	3.2320069682594244	0.0012292405847141876	0.2531979623818155	1.033452865052254	0.10310380632287063	17.405543005851627	1.661247571262667e-4	87.08641381257917	0.6506105225598873	0.07038453119461752	9.243657825338206	2.3821145984627828e-20	NA	NA	NA	NA	0.018050427533434648	UP	0.0012292405847141876	3	3	0	1
CYGB	3	A2780,PEO1,UWB_BRCAdef	FALSE	1.5884237407090445	0.49202097702038045	3.2283658927071497	0.0012449961880478602	0.6240803461108894	2.5527671353071995	0.5288201687146181	21.458471654939515	2.1895359743085408e-5	88.45377625220928	1.1291338522596417	0.05650395594055883	19.983270789880105	7.700937152065157e-89	NA	NA	NA	NA	0.01824554869441398	UP	0.0012449961880478602	3	3	0	1
MTMR11	3	A2780,PEO1,UWB_BRCAdef	FALSE	-1.2555306798588663	0.38976230910201537	-3.2212726847588717	0.0012762265764462689	-2.0194507682299845	-0.4916105914877482	0.41576407783470487	16.537256483366022	2.564368194360003e-4	94.11445000215468	-1.6188975340157177	0.04583317643927823	-35.32152165278143	2.7447794105801083e-273	NA	NA	NA	NA	0.018629380440188525	DOWN	0.0012762265764462689	3	0	3	1
CALM1	3	A2780,PEO1,UWB_BRCAdef	FALSE	-0.34402691996532353	0.10751125567850574	-3.199915374387199	0.0013746794403218185	-0.5547451090278721	-0.13330873090277492	0.023209388446648747	8.013908355653243	0.018188710531604202	75.0792832665814	-0.3133912415105876	0.03544274314833503	-8.84218358040127	9.386582784706607e-19	NA	NA	NA	NA	0.01992880870984189	DOWN	0.0013746794403218185	3	0	3	1
VAC14	3	A2780,PEO1,UWB_BRCAdef	FALSE	0.5138122762799794	0.16061088936872578	3.1991123285569025	0.0013785144664152974	0.1990207175923298	0.828603834967629	0.06607219245683539	25.204805805316674	3.363922336885272e-6	90.29785767854817	0.6237746807097174	0.03121728907918715	19.9817056224012	7.946216549473115e-89	NA	NA	NA	NA	0.01996483194405779	UP	0.0013785144664152974	3	3	0	1
ALG1L	3	A2780,PEO1,UWB_BRCAdef	FALSE	0.682039282020256	0.21364650051612036	3.192372823203785	0.0014110906868797215	0.2632998355856421	1.1007787284548698	0.09367686745281956	11.975771258333356	0.0025089633247878666	82.7578101720261	0.8165372913501819	0.06686565997572358	12.211608943165087	2.6950621922884548e-34	NA	NA	NA	NA	0.020356876084771162	UP	0.0014110906868797215	3	3	0	1
BEND7	2	A2780,UWB_BRCAdef	FALSE	-1.0582809471660803	0.33158362868003405	-3.191595892049551	0.001414891361378451	-1.7081729172420497	-0.4083889770901111	0.18235679263210886	5.1407769355370085	0.023370187123156517	80.54768739162304	-1.2943534787190496	0.07287263956345347	-17.761858037158078	1.3953793818984875e-70	NA	NA	NA	NA	0.020391811462673638	DOWN	0.001414891361378451	2	0	2	1
FN3KRP	3	A2780,PEO1,UWB_BRCAdef	FALSE	0.7569167075409904	0.23740448282838977	3.188299978682944	0.0014311198376173804	0.2916124714289888	1.222220943652992	0.1580426647748233	39.06039503555161	3.297182510753503e-9	93.95957259395372	0.9159169461128671	0.05281413120715675	17.34227043365153	2.2564511804689e-67	NA	NA	NA	NA	0.02056556757905559	UP	0.0014311198376173804	3	3	0	1
JADE3	2	A2780,UWB_BRCAdef	FALSE	-0.6218401899346765	0.19551563137027297	-3.1805139342389364	0.001470140688432226	-1.0050437858350212	-0.2386365940343319	0.06273974354481535	4.919140311895992	0.026560730568452904	79.67124463635054	-0.7546165556178054	0.04856095392330167	-15.539574383354676	1.8722268841141707e-54	NA	NA	NA	NA	0.021064893759541983	DOWN	0.001470140688432226	2	0	2	1
SLC30A5	3	A2780,PEO1,UWB_BRCAdef	FALSE	-0.4766964512828875	0.15037692288442026	-3.170010678096376	0.0015243333570975888	-0.7714298042423082	-0.1819630983234668	0.056958016230577134	17.79321124570695	1.368526685495774e-4	85.70769380103987	-0.6670860728691295	0.036759408250522166	-18.1473561359534	1.347315916843878e-73	NA	NA	NA	NA	0.021757063080503906	DOWN	0.0015243333570975888	3	0	3	1
ZXDA	3	A2780,PEO1,UWB_BRCAdef	FALSE	-0.7894851882712229	0.24910751714396787	-3.1692547752982985	0.0015283036340183272	-1.277726950151594	-0.3012434263908519	0.14597198868574496	32.911051691415544	7.136017861194046e-8	92.38287255324923	-0.6574295579343808	0.042429397314063394	-15.494671137279463	3.76884273572907e-54	NA	NA	NA	NA	0.021792696081223726	DOWN	0.0015283036340183272	3	0	3	1
EDC4	3	A2780,PEO1,UWB_BRCAdef	FALSE	0.6502927106361405	0.20527621276684052	3.1678912128740624	0.0015354896572518004	0.24795872673035185	1.0526266945419291	0.11566468731604865	52.304325082732134	4.387934321563527e-12	95.39916192601859	0.7057920651835271	0.03404107256620873	20.733543686403696	1.7260056589335936e-95	NA	NA	NA	NA	0.021874070868769146	UP	0.0015354896572518004	3	3	0	1
MAGT1	3	A2780,PEO1,UWB_BRCAdef	FALSE	-0.7410677926762689	0.23407709245470062	-3.1659133531816352	0.0015459683680887084	-1.1998504634933345	-0.2822851218592033	0.1515364694137076	22.72414785312332	1.1628240105632116e-5	94.33889012236708	-0.7566607273428447	0.03857077367554595	-19.61746304877911	1.096925638776163e-85	NA	NA	NA	NA	0.022002150393578182	DOWN	0.0015459683680887084	3	0	3	1
PHACTR3	2	A2780,UWB_BRCAdef	FALSE	0.8766576543091973	0.27743274407386304	3.159892525432391	0.0015782734571579177	0.3328994677923077	1.4204158408260867	0.14411133716671595	15.030554305532704	1.0578456517554363e-4	93.34688541970868	0.6674346975040774	0.04234779976809442	15.760788073030762	5.790637761021142e-56	NA	NA	NA	NA	0.02241876043323163	UP	0.0015782734571579177	2	2	0	1
RAB10	3	A2780,PEO1,UWB_BRCAdef	FALSE	-0.3875482305149734	0.12282836483175211	-3.155201414964934	0.0016038733981046849	-0.6282874018651536	-0.14680905916479312	0.041329075303476306	37.223141652708634	8.262233996517527e-9	92.76047023245093	-0.4953041690043301	0.028065119786947777	-17.64838962970259	1.046992750014616e-69	NA	NA	NA	NA	0.022673495160395768	DOWN	0.0016038733981046849	3	0	3	1
ZNF566	3	A2780,PEO1,UWB_BRCAdef	FALSE	-0.5003771027911013	0.1587023330325807	-3.152928461917297	0.0016164141428457652	-0.8114279597974408	-0.18932624578476182	0.06132587623000042	19.786698899209462	5.050948338027971e-5	88.366519189564	-0.552640425463517	0.04689756384959195	-11.783990043404472	4.720444699496229e-32	NA	NA	NA	NA	0.022812405135766534	DOWN	0.0016164141428457652	3	0	3	1
H2AFV	2	A2780,PEO1	FALSE	-0.38115298922398866	0.12095229453152453	-3.15126712312718	0.001625637402202841	-0.6182151303532577	-0.14409084809471967	0.027459567886988556	15.740327355413047	7.265850292157593e-5	93.64689197740158	-0.29806928620909123	0.020769525135342876	-14.35128074747726	1.0458776938893903e-46	NA	NA	NA	NA	0.022915443533244432	DOWN	0.001625637402202841	2	0	2	1
ENDOV	3	A2780,PEO1,UWB_BRCAdef	FALSE	0.8206082657522734	0.26050368095206794	3.15008318789654	0.001632239789603729	0.31003043324610746	1.3311860982584394	0.1625958162523416	33.82098936485098	4.527573123117657e-8	92.55976575063629	0.798886736974579	0.05736324424865682	13.926805351377686	4.353990060977534e-44	NA	NA	NA	NA	0.022986599779876514	UP	0.001632239789603729	3	3	0	1
RPP25L	3	A2780,PEO1,UWB_BRCAdef	FALSE	0.6862933067419511	0.21805888926396116	3.1472842453636014	0.0016479467498431311	0.2589057372757794	1.1136808762081227	0.11491265155099578	18.020002402604522	1.2218170924178275e-4	88.3090301177966	0.5836091983898074	0.06411997343845845	9.101831568129832	8.882110401626499e-20	NA	NA	NA	NA	0.023185717021817678	UP	0.0016479467498431311	3	3	0	1
FAM104A	3	A2780,PEO1,UWB_BRCAdef	FALSE	0.33471803444760057	0.10645366211041023	3.1442604022437672	0.0016650720024966941	0.1260726906888004	0.5433633782064007	0.027141461263248946	7.394707550640185	0.02478903711597497	83.29089502111192	0.3954302114716342	0.03515770089276178	11.247328506428156	2.3871302370035013e-29	NA	NA	NA	NA	0.023382164958137337	UP	0.0016650720024966941	3	3	0	1
MED22	3	A2780,PEO1,UWB_BRCAdef	FALSE	0.6594558315770296	0.20983541332063513	3.142728966198667	0.0016738074682817717	0.24818597878750848	1.0707256843665507	0.12199834521625637	21.05647123733617	2.6769814799461e-5	93.61021670666055	0.5349793929665532	0.04989202447330657	10.722743737383919	7.960617333971952e-27	NA	NA	NA	NA	0.02343828560390667	UP	0.0016738074682817717	3	3	0	1
MICAL2	3	A2780,PEO1,UWB_BRCAdef	FALSE	1.1532684150289183	0.36698570688443755	3.142543138313772	0.0016748703128587042	0.43398964669444784	1.8725471833633889	0.39949973622113943	256.62529146548036	1.8815943480663266e-56	98.98705043549289	1.4681338357405247	0.03322038348841252	44.19376544080592	0	NA	NA	NA	NA	0.02343828560390667	UP	0.0016748703128587042	3	3	0	1
C9orf3	2	A2780,PEO1	FALSE	-0.6833018208465756	0.21749274786578698	-3.1417223220161605	0.0016795724126800317	-1.1095797735621689	-0.2570238681309825	0.08507841248535375	9.389979855666883	0.002181746027570919	89.35034989029826	-0.536453144947748	0.04683606235644598	-11.453848123804043	2.2493354984137122e-30	NA	NA	NA	NA	0.023474326338657495	DOWN	0.0016795724126800317	2	0	2	1
CMPK2	3	A2780,PEO1,UWB_BRCAdef	FALSE	-0.7102793357643739	0.2263372151476545	-3.138146483339085	0.001700198865373264	-1.1538921258148702	-0.2666665457138775	0.1358722690144817	36.25518722051756	1.3405595932517067e-8	95.67674716499661	-0.9018366184450045	0.03917344110006769	-23.02163387028683	2.8307427479802347e-117	NA	NA	NA	NA	0.02369542000214369	DOWN	0.001700198865373264	3	0	3	1
EMG1	3	A2780,PEO1,UWB_BRCAdef	FALSE	-0.9074431148676729	0.2892656697462407	-3.137057763072025	0.00170652502754908	-1.4743934095341622	-0.34049282020118377	0.24098491236078695	43.08851069541658	4.399960581931552e-10	96.18586350160344	-0.9451452321925442	0.05392413148083702	-17.527314881806113	8.865851651420828e-69	NA	NA	NA	NA	0.023738838741644633	DOWN	0.00170652502754908	3	0	3	1
EHMT1	3	A2780,PEO1,UWB_BRCAdef	FALSE	0.5495291777331376	0.1752464948589035	3.135749894316465	0.0017141532051944527	0.20605235939280303	0.8930059960734722	0.0765626914610017	16.06873637423721	3.2412925481253586e-4	85.62401637236135	0.7924251643798483	0.031967655607480355	24.78834150710829	1.197534130670278e-135	NA	NA	NA	NA	0.023822540831964636	UP	0.0017141532051944527	3	3	0	1
NFIC	3	A2780,PEO1,UWB_BRCAdef	FALSE	0.4027589669063475	0.12845763940120872	3.135344606858452	0.0017165234115368876	0.15098662014094505	0.6545313136717499	0.03947852540711758	7.952793300069098	0.018753091689825946	84.53964696788356	0.3191631911959326	0.04468709409410309	7.142178243316327	9.186336618210111e-13	NA	NA	NA	NA	0.023833081395676955	UP	0.0017165234115368876	3	3	0	1
ACD	3	A2780,PEO1,UWB_BRCAdef	FALSE	1.0309936298471867	0.329280128527743	3.1310532902696004	0.001741805506823388	0.38561643710809046	1.676370822586283	0.29596705839558934	102.11317929042909	6.705093715869098e-23	96.90466405606092	1.0067679763513908	0.049668673933079666	20.26967697401876	2.3821524863193644e-91	NA	NA	NA	NA	0.02413877978387764	UP	0.001741805506823388	3	3	0	1
SYT8	2	A2780,UWB_BRCAdef	FALSE	6.642686393000375	2.122018629600224	3.130361958345209	0.0017459103345294244	2.4836063044608947	10.801766481539854	7.532163286006289	5.116935480694313	0.023693422919331023	80.45705278534584	8.379118275871736	0.06703019510259546	125.00513034531345	0	NA	NA	NA	NA	0.02417301134521217	UP	0.0017459103345294244	2	2	0	1
SCRN3	3	A2780,PEO1,UWB_BRCAdef	FALSE	0.30980651826964783	0.09902604902451383	3.1285355855503783	0.0017567973654929567	0.11571902865030301	0.5038940078889926	0.021113600756143644	10.011280629910729	0.006700049832305326	77.57502723308839	0.3092564370005979	0.04039346294540942	7.656101122564037	1.9166282751262607e-14	NA	NA	NA	NA	0.024284173812012883	UP	0.0017567973654929567	3	3	0	1
CEP83	2	A2780,UWB_BRCAdef	FALSE	-0.6129176754359033	0.19591646866725043	-3.1284642868737	0.00175722364095853	-0.996906898001984	-0.2289284528698225	0.060620256047914774	4.413046445281866	0.03566509421619039	77.33991671288362	-0.5159287639145984	0.07291769496199645	-7.075494695539846	1.4891655770894177e-12	NA	NA	NA	NA	0.024284173812012883	DOWN	0.00175722364095853	2	0	2	1
UBA3	3	A2780,PEO1,UWB_BRCAdef	FALSE	-0.5180987591028807	0.16562804538743453	-3.1280859343051004	0.0017594873001111925	-0.8427237628920178	-0.19347375531374367	0.0659637476897812	11.395455771247859	0.0033535765170135874	81.77251486186232	-0.665120471996789	0.055569087037335776	-11.969253184777134	5.148999013783862e-33	NA	NA	NA	NA	0.024292753227585624	DOWN	0.0017594873001111925	3	0	3	1
CNP	3	A2780,PEO1,UWB_BRCAdef	FALSE	0.43665122517935895	0.13970013423753228	3.125632108820457	0.0017742335777455747	0.1628439934383848	0.7104584569203332	0.049527046332189795	22.154526917301848	1.545986172876033e-5	87.88904410658726	0.45797966612576235	0.04392174038963265	10.427174835582438	1.8634658570781257e-25	NA	NA	NA	NA	0.024473499919891617	UP	0.0017742335777455747	3	3	0	1
GPANK1	3	A2780,PEO1,UWB_BRCAdef	FALSE	0.5279247686042067	0.16901364857078305	3.123562937481415	0.001786756476347633	0.19666410450976235	0.859185432698651	0.07233767473703132	26.34235329339139	1.9047178955142608e-6	89.3955371515715	0.45374159970718403	0.047946072354106514	9.463582258752457	2.9757021210905253e-21	NA	NA	NA	NA	0.024623269352984575	UP	0.001786756476347633	3	3	0	1
KDELR1	3	A2780,PEO1,UWB_BRCAdef	FALSE	-0.5528002239624777	0.17713920218357432	-3.120710814704897	0.0018041510988292652	-0.8999866804924423	-0.2056137674325132	0.08805383795125966	53.17603561796018	2.8377267938129366e-12	95.36768793057585	-0.8278179577296626	0.02032535964907695	-40.728330126608945	0	NA	NA	NA	NA	0.02481672771943102	DOWN	0.0018041510988292652	3	0	3	1
TMEM39A	3	A2780,PEO1,UWB_BRCAdef	FALSE	-0.42763737892729903	0.1370504314557515	-3.1202921025853705	0.0018067178158351857	-0.6962512886462473	-0.1590234692083508	0.046094133812373976	15.200876814087405	5.002320800936989e-4	84.03051500396566	-0.6104452179699048	0.030128238999820638	-20.261563179100477	2.809015359753608e-91	NA	NA	NA	NA	0.024828937121519415	DOWN	0.0018067178158351857	3	0	3	1
CPSF2	3	A2780,PEO1,UWB_BRCAdef	FALSE	-0.5630274868691124	0.18048478473807036	-3.1195288161614814	0.0018114054198209919	-0.9167711647131946	-0.20928380902503013	0.07838146637103764	7.907473484052509	0.019182886183794313	86.28875344608953	-0.7027707762361921	0.053995338816469694	-13.015397099829523	1.0002098360217334e-38	NA	NA	NA	NA	0.02487024321531384	DOWN	0.0018114054198209919	3	0	3	1
DPH7	3	A2780,PEO1,UWB_BRCAdef	FALSE	0.37190749838951753	0.11943081843859478	3.1139994119753385	0.001845698576613523	0.13782739560572957	0.6059876011733055	0.035156480575788636	8.939165524358815	0.011452093100178123	83.76988690486542	0.3497195020569294	0.033933133331338114	10.306136443166436	6.610567418941007e-25	NA	NA	NA	NA	0.025294110150495056	UP	0.001845698576613523	3	3	0	1
SCAMP1	3	A2780,PEO1,UWB_BRCAdef	FALSE	-0.591353737885102	0.189964960204074	-3.1129621865518113	0.0018521974722372943	-0.9636782182096717	-0.21902925756053243	0.08697501861230388	9.473396192082399	0.008767548045231532	81.38920240989363	-0.500010587725149	0.0714682415809374	-6.99626262888936	2.6288055987252737e-12	NA	NA	NA	NA	0.025322786613722083	DOWN	0.0018521974722372943	3	0	3	1
FKBP15	3	A2780,PEO1,UWB_BRCAdef	FALSE	0.4295595620594677	0.13807285478348516	3.1111079924657803	0.001863867620116541	0.15894173944120793	0.7001773846777275	0.05186932560582101	19.35532404398509	6.266784868456725e-5	93.32226011589832	0.5702089880223354	0.024933593101946743	22.869106176992002	9.434572212748013e-116	NA	NA	NA	NA	0.025448763156660472	UP	0.001863867620116541	3	3	0	1
PRAG1	2	A2780,UWB_BRCAdef	FALSE	2.613088339728289	0.8400819707765138	3.11051591467072	0.0018676083146775802	0.9665579329448919	4.259618746511686	1.3766922442954055	39.675522389234224	2.998602933873467e-10	97.47955429498933	3.392746183945022	0.0409208204559115	82.91002345860589	0	NA	NA	NA	NA	0.025452833317177306	UP	0.0018676083146775802	2	2	0	1
DRAP1	3	A2780,PEO1,UWB_BRCAdef	FALSE	0.6410351972844803	0.20644018455693214	3.1051861276925736	0.0019015932198575176	0.23641987059109154	1.045650523977869	0.10636947118259488	11.233979733624995	0.0036355681992083578	84.49063684816451	0.7006289327312151	0.06792197012758476	10.315203334284213	6.015384174880645e-25	NA	NA	NA	NA	0.025868315494050702	UP	0.0019015932198575176	3	3	0	1
DCAKD	3	A2780,PEO1,UWB_BRCAdef	FALSE	0.8547899453580033	0.2755586907074978	3.1020249920745653	0.0019220173105560737	0.31470483594429566	1.394875054771711	0.21881158659733246	130.80888464000202	3.9374187807437636e-29	97.88454078858372	1.1348543130417854	0.03279914110675075	34.60012289188294	2.5157227654033783e-262	NA	NA	NA	NA	0.026098135878046522	UP	0.0019220173105560737	3	3	0	1
SPAST	3	A2780,PEO1,UWB_BRCAdef	FALSE	-0.74600884721473	0.24125186206120228	-3.0922407845518634	0.001986516441056083	-1.2188538080579114	-0.2731638863715486	0.16298439952902147	53.61576593307128	2.277636196843415e-12	95.02578223526322	-0.8492546357384961	0.04960711086190294	-17.119614929856823	1.0597401574183705e-65	NA	NA	NA	NA	0.026924490021903114	DOWN	0.001986516441056083	3	0	3	1
CENPT	3	A2780,PEO1,UWB_BRCAdef	FALSE	0.6355785063700622	0.20602363522913436	3.0849786028830506	0.00203566797524402	0.23177960135694142	1.039377411383183	0.11390361585655745	44.33511586326419	2.3591302153993524e-10	93.31570001018538	0.6063130906278507	0.047171821492272795	12.85328977018983	8.242876685106524e-38	NA	NA	NA	NA	0.027489883424596646	UP	0.00203566797524402	3	3	0	1
CDC25C	3	A2780,PEO1,UWB_BRCAdef	FALSE	0.37190313752286475	0.1208598444249473	3.077143937197542	0.002089943564807276	0.13502219527285403	0.6087840797728754	0.0337650916614947	11.443929860731755	0.0032732728260574787	79.22871041766683	0.398144908939214	0.05044704548353718	7.89233353753381	2.9658778976486722e-15	NA	NA	NA	NA	0.028171372372657422	UP	0.002089943564807276	3	3	0	1
RPS6KA3	3	A2780,PEO1,UWB_BRCAdef	FALSE	-0.5830394325983859	0.1895228706555578	-3.0763539544417937	0.0020954892930575408	-0.9544974333299222	-0.21158143186684952	0.09686159201243062	30.386031924297214	2.522069233045599e-7	91.36445398981886	-0.5784031755669514	0.05256234755314125	-11.004135136509607	3.650013097475153e-28	NA	NA	NA	NA	0.028220400889291307	DOWN	0.0020954892930575408	3	0	3	1
APOC1	2	A2780,UWB_BRCAdef	FALSE	-3.7748631878074077	1.2284148677714826	-3.0729546563169987	0.0021195069057659654	-6.1825120867130465	-1.3672142889017693	2.679267419318183	7.941369271812303	0.004831726056139653	87.40771313141838	-2.707982668842871	0.07342385182609033	-36.881511954138865	9.144568885212428e-298	NA	NA	NA	NA	0.028517878631084015	DOWN	0.0021195069057659654	2	0	2	1
RXRA	3	A2780,PEO1,UWB_BRCAdef	FALSE	1.476903408836786	0.48083907503185036	3.0715128730728827	0.002129769803357424	0.5344761394148068	2.419330678258765	0.64598171845299035	42.435082174120446	6.100128538730168e-10	94.30505877885874	2.1338580098327404	0.06362061018042245	33.54035750020798	1.2444759661948096e-246	NA	NA	NA	NA	0.028603911064710472	UP	0.002129769803357424	3	3	0	1
GNB3	3	A2780,PEO1,UWB_BRCAdef	FALSE	-0.9532673406517874	0.3106435169410397	-3.0686857721634606	0.0021500260572441914	-1.5621174458870835	-0.3444172354164915	0.23345385209505706	10.681027135732116	0.0047934083375617215	91.34630850895421	-1.1186729353453249	0.07375383587277008	-15.16765768325738	5.790668991727856e-52	NA	NA	NA	NA	0.02882360408746134	DOWN	0.0021500260572441914	3	0	3	1
FUZ	3	A2780,PEO1,UWB_BRCAdef	FALSE	-0.5556937750229466	0.1814221789323753	-3.0629869969210333	0.0021913958183400876	-0.9112747117271836	-0.20011283831870968	0.07447040950434905	6.170937809154693	0.045708595904580165	81.49446362888708	-0.4441313497252909	0.06828165310548628	-6.504402420356836	7.800282919399319e-11	NA	NA	NA	NA	0.029272059589697266	DOWN	0.0021913958183400876	3	0	3	1
PEX10	3	A2780,PEO1,UWB_BRCAdef	FALSE	0.7370034242450826	0.2409769689632459	3.0583977689481654	0.002225239900215716	0.26469724397349426	1.209309604516671	0.15679309227819035	32.62111181962242	8.249271011014635e-8	93.15064859947874	0.7479536509028688	0.05407166862010552	13.832634908269808	1.6197682463917315e-43	NA	NA	NA	NA	0.029613897907163872	UP	0.002225239900215716	3	3	0	1
COA5	3	A2780,PEO1,UWB_BRCAdef	FALSE	0.823665098125604	0.26975172997320185	3.0534191502958294	0.002262496785027758	0.29496142261075464	1.3523687736404533	0.20845119775371262	68.73369268065873	1.1875947634958095e-15	96.24452600627913	0.9145639905159588	0.049501536327031366	18.4754667910487	3.254006335557703e-76	NA	NA	NA	NA	0.030007531201680964	UP	0.002262496785027758	3	3	0	1
MAP3K14	2	A2780,UWB_BRCAdef	FALSE	1.5395031874215224	0.504194161269983	3.053393525112954	0.00226269001757451	0.5513007901169761	2.5277055847260685	0.4815293267726766	18.116602794956243	2.0778178844213263e-5	94.48020133069096	1.9653795540701695	0.053393861664689804	36.80909177187133	1.320877204781506e-296	NA	NA	NA	NA	0.030007531201680964	UP	0.00226269001757451	2	2	0	1
NELFB	3	A2780,PEO1,UWB_BRCAdef	FALSE	0.8662104802272161	0.2838426932053966	3.051727245275261	0.0022752874867595285	0.30988902426978693	1.4225319361846454	0.20528145302570902	95.29905891933595	2.0233559478591743e-21	96.64290017707287	0.8136336873227547	0.042425595361166704	19.17789674832697	5.662499097299213e-82	NA	NA	NA	NA	0.030120569441999236	UP	0.0022752874867595285	3	3	0	1
ZNF155	3	A2780,PEO1,UWB_BRCAdef	FALSE	-0.5977260922926815	0.19634664733519766	-3.0442388520760413	0.002332698560793533	-0.9825584495548563	-0.21289373503050674	0.09240147367151062	21.341689362933455	2.3211918529950097e-5	87.33485280989514	-0.8186367120486648	0.04308471337690341	-19.00063033696575	1.6850855872361076e-80	NA	NA	NA	NA	0.030797869302191045	DOWN	0.002332698560793533	3	0	3	1
UQCRH	3	A2780,PEO1,UWB_BRCAdef	FALSE	-0.4691442678918292	0.15423752070653424	-3.0417000075128544	0.0023524621981173117	-0.7714442535413871	-0.16684428224227132	0.0656016573671585	22.594518349861723	1.2406882798729788e-5	92.37097723009904	-0.44775152936721024	0.03989229777310781	-11.224009504637973	3.108499977730311e-29	NA	NA	NA	NA	0.03099172910946132	DOWN	0.0023524621981173117	3	0	3	1
PNPLA3	3	A2780,PEO1,UWB_BRCAdef	FALSE	-0.8157719886319883	0.2684475716275718	-3.038850318838949	0.0023748281530303478	-1.3419195607592656	-0.28962441650471116	0.2017272598139876	77.91831026289128	1.2029675344281793e-17	95.99850279273176	-0.9543261093639424	0.04551953083640283	-20.965200911094403	1.3634411651647082e-97	NA	NA	NA	NA	0.031242512365533586	DOWN	0.0023748281530303478	3	0	3	1
PCOLCE2	3	A2780,PEO1,UWB_BRCAdef	FALSE	-0.7981139781947731	0.2629165226372592	-3.0356174278781083	0.002400437297117033	-1.3134208935043108	-0.2828070628852354	0.15735437968591837	11.527535022108413	0.0031392620862644577	80.03120556497379	-1.1694582216831273	0.03587301220353511	-32.59994491256809	4.108597868230296e-233	NA	NA	NA	NA	0.03152332709810796	DOWN	0.002400437297117033	3	0	3	1
MIPOL1	3	A2780,PEO1,UWB_BRCAdef	FALSE	-0.5235423959142633	0.17250271965691558	-3.034980532223016	0.0024055121354680893	-0.8616415136770275	-0.1854432781514992	0.07657065225082603	22.007108130785888	1.6642447211381965e-5	88.45791338279982	-0.38574660500363567	0.049985633899117594	-7.717149407010828	1.1896017949134747e-14	NA	NA	NA	NA	0.031561941390564896	DOWN	0.0024055121354680893	3	0	3	1
ARL6IP5	3	A2780,PEO1,UWB_BRCAdef	FALSE	-0.8120599706136931	0.2676202996017323	-3.034373595060562	0.00241035739881033	-1.3365861193649073	-0.2875338218624789	0.20383354186469543	35.47624315876641	1.978935679485822e-8	95.44184280103019	-0.9538562825311768	0.04718632426936243	-20.214676546664293	7.272040133071803e-91	NA	NA	NA	NA	0.03159747770940456	DOWN	0.00241035739881033	3	0	3	1
DDX59	3	A2780,PEO1,UWB_BRCAdef	FALSE	-0.6110449251479554	0.20142648885186656	-3.033587730347279	0.0024166443370431893	-1.0058335888299725	-0.21625626146593824	0.10043125434216882	16.592540634281175	2.4944544671013275e-4	86.98083046453213	-0.71694189038164	0.04717480697263037	-15.197558535800509	3.670479156801975e-52	NA	NA	NA	NA	0.03162382284235189	DOWN	0.0024166443370431893	3	0	3	1
TAX1BP3	3	A2780,PEO1,UWB_BRCAdef	FALSE	0.5732677736945044	0.18916839658545515	3.0304627202120193	0.002441793290993995	0.20250452937382263	0.9440310180151863	0.07150424136535988	8.863291820601312	0.011894895620959401	83.29435995560796	0.43361394467991754	0.05557069632526571	7.802924443161442	6.048876919045384e-15	NA	NA	NA	NA	0.03188153437898077	UP	0.002441793290993995	3	3	0	1
SSR1	3	A2780,PEO1,UWB_BRCAdef	FALSE	-0.30303244322690936	0.0999995704971945	-3.0303374476534475	0.002442806414511748	-0.49902799987088475	-0.107036886582934	0.024245952087717362	9.226416033333717	0.009919943863062332	81.44795003788882	-0.27975650452939893	0.0417731430022377	-6.697042272218132	2.1268011504621122e-11	NA	NA	NA	NA	0.03188153437898077	DOWN	0.002442806414511748	3	0	3	1
ZNF720	3	A2780,PEO1,UWB_BRCAdef	FALSE	-0.5140344131592434	0.1703788013274225	-3.017009212146097	0.0025528205373403948	-0.8479707274900966	-0.18009809882839012	0.0753730738757629	25.793533924326304	2.5061396866470605e-6	89.546790795876	-0.6370341785290452	0.047134675539067264	-13.515191761552355	1.2722376214672392e-41	NA	NA	NA	NA	0.033258640780310496	DOWN	0.0025528205373403948	3	0	3	1
SETDB1	3	A2780,PEO1,UWB_BRCAdef	FALSE	-0.571376895251808	0.18967313371602385	-3.012429246343692	0.002591658434913821	-0.9431294061700646	-0.1996243843335515	0.08629898813210417	27.094862391831377	1.307450897879344e-6	89.47328454990327	-0.7971620365560208	0.027414374102372633	-29.07825046740822	6.7635042800000234e-186	NA	NA	NA	NA	0.03373490605375939	DOWN	0.002591658434913821	3	0	3	1
STT3B	3	A2780,PEO1,UWB_BRCAdef	FALSE	-0.7458459688163664	0.248572094372649	-3.0005217226766616	0.00269517528892527	-1.23303832134845	-0.258653616284283	0.1779278978352943	41.72996971109748	8.678650761720038e-10	96.15434849302748	-0.740544172130262	0.04682362375049944	-15.815610002255818	2.4284613859842147e-56	NA	NA	NA	NA	0.03495926052398068	DOWN	0.00269517528892527	3	0	3	1
METAP1D	3	A2780,PEO1,UWB_BRCAdef	FALSE	0.7623479520589747	0.25454042086614603	2.9949976096718522	0.002744469924609887	0.2634578945516608	1.2612380095662885	0.18051855246436221	26.20509984260307	2.0400220908851027e-6	94.16603166276468	0.5303425626808124	0.04664011645182694	11.370952798297276	5.834716351823086e-30	NA	NA	NA	NA	0.035505229024677516	UP	0.002744469924609887	3	3	0	1
ZBTB4	3	A2780,PEO1,UWB_BRCAdef	FALSE	0.4300936439381373	0.1437459226807432	2.9920406500389345	0.0027711936035941767	0.14835681255940136	0.7118304753168733	0.054229238077555274	21.150428744439544	2.5541285591833326e-5	88.48931570583183	0.3372554866372859	0.04473832131593265	7.5384027991497105	4.757623970523353e-14	NA	NA	NA	NA	0.035788331717333706	UP	0.0027711936035941767	3	3	0	1
TRPT1	3	A2780,PEO1,UWB_BRCAdef	FALSE	0.6585948962366887	0.220216345403182	2.9906721729983463	0.002783641559541164	0.22697879043941932	1.090211002033958	0.1288250054244961	45.61100272369034	1.246512395399496e-10	94.12602050676573	0.7353695608524222	0.04664862607011856	15.764013279771033	5.50249944909014e-56	NA	NA	NA	NA	0.03591772054182827	UP	0.002783641559541164	3	3	0	1
TPST1	3	A2780,PEO1,UWB_BRCAdef	FALSE	-0.9519242496843483	0.31867350265730626	-2.9871459087328778	0.002815952905554564	-1.5765128377198976	-0.3273356616487989	0.2865053080775455	109.08498573626403	2.053507617083454e-24	96.99605864673288	-1.3962658548124949	0.02890348217133229	-48.30787676501384	0	NA	NA	NA	NA	0.036253291622058446	DOWN	0.002815952905554564	3	0	3	1
GPHN	3	A2780,PEO1,UWB_BRCAdef	FALSE	-0.6790189671800837	0.22732230450811206	-2.987031864952138	0.002817003589216552	-1.1245624968986305	-0.23347543746153693	0.12572127842882047	14.176240494173339	8.349654200483873e-4	83.48317121287104	-0.9481942263940334	0.04198573365661723	-22.583724132318256	6.264167303003623e-113	NA	NA	NA	NA	0.036253291622058446	DOWN	0.002817003589216552	3	0	3	1
HERC5	3	A2780,PEO1,UWB_BRCAdef	FALSE	-0.8624420683092766	0.2890105177059807	-2.98412000765545	0.0028439520453744935	-1.4288922741662744	-0.29599186245227893	0.2284738540143602	63.28943396679628	1.806650030477926e-14	95.90796076222966	-1.1528027513519679	0.046302485326410445	-24.897211094075363	7.97605301700729e-137	NA	NA	NA	NA	0.03653650642480681	DOWN	0.0028439520453744935	3	0	3	1
C21orf58	3	A2780,PEO1,UWB_BRCAdef	FALSE	0.7677599386698093	0.25746201461073664	2.982031892473944	0.0028634216815243427	0.2631436626456404	1.272376214693978	0.17290119205188353	14.780399838144902	6.172725366203292e-4	93.49490970640906	0.668681624814453	0.048268642009869266	13.853334110326344	1.2144171828317308e-43	NA	NA	NA	NA	0.036722824288552	UP	0.0028634216815243427	3	3	0	1
MRM1	3	A2780,PEO1,UWB_BRCAdef	FALSE	0.7819885367777315	0.2622709226240335	2.981605924720505	0.0028674083278294785	0.26794697424253466	1.2960300993129283	0.1687265137591107	14.507419744979343	7.075446134962846e-4	83.9569991947991	0.8225102962594618	0.09559749351966147	8.603889767154792	7.705899325755515e-18	NA	NA	NA	NA	0.03674208573970061	UP	0.0028674083278294785	3	3	0	1
DUSP10	3	A2780,PEO1,UWB_BRCAdef	FALSE	1.2637550132465225	0.42444702260037076	2.9774151918987184	0.0029069005491395893	0.43185413560453756	2.0956558908885077	0.5106011665057065	61.61059356478491	4.182438792259522e-14	95.7499599560875	1.7413389164773925	0.05379295215759416	32.37113500251651	6.996221359036658e-230	NA	NA	NA	NA	0.03721587742002347	UP	0.0029069005491395893	3	3	0	1
OSGIN1	3	A2780,PEO1,UWB_BRCAdef	FALSE	0.9758760587545041	0.3280352049907112	2.974912582270362	0.0029307205184191916	0.33293887131149646	1.6188132461975118	0.2627868308406529	15.915407887094567	3.4995571377878574e-4	87.15029497284495	1.0885557380229915	0.07963796981343504	13.668803217524395	1.5593877363971245e-42	NA	NA	NA	NA	0.037421162070717065	UP	0.0029307205184191916	3	3	0	1
PTX3	3	A2780,PEO1,UWB_BRCAdef	FALSE	-1.424402590302499	0.4788442220976561	-2.974668012203778	0.0029330578778630607	-2.3629200198190037	-0.48588516078599453	0.6608688822313835	51.32315364456346	7.166692804847053e-12	97.6581201550833	-1.956050037400703	0.05457583375817088	-35.8409556520582	2.5439056085834868e-281	NA	NA	NA	NA	0.037421162070717065	DOWN	0.0029330578778630607	3	0	3	1
MYO9B	3	A2780,PEO1,UWB_BRCAdef	FALSE	0.7063486447133007	0.23755305212130992	2.9734353585682136	0.002944864280516831	0.24075321813796702	1.1719440712886344	0.15971320890492224	64.94164625545285	7.908619709995029e-15	95.79211632360669	0.8498024037927374	0.0441407338115765	19.25211319368382	1.3552069636898206e-82	NA	NA	NA	NA	0.03750706986735777	UP	0.002944864280516831	3	3	0	1
SEPHS1	3	A2780,PEO1,UWB_BRCAdef	FALSE	-0.6210005302173749	0.20914530929928174	-2.969230016671034	0.0029854703001445685	-1.030917803979457	-0.2110832564552927	0.12497548458136333	68.24662581250925	1.5150727970364356e-15	96.12549894628627	-0.9426037365055054	0.022594767918566218	-41.71778793669148	0	NA	NA	NA	NA	0.03789369041050449	DOWN	0.0029854703001445685	3	0	3	1
PPP2R5C	3	A2780,PEO1,UWB_BRCAdef	FALSE	-0.38011972462676885	0.12823084451148406	-2.964339243610972	0.0030333368325084643	-0.6314475615764332	-0.12879188767710448	0.041658821092551465	14.82391873999728	6.039861021385099e-4	84.78396129588415	-0.42138729081103465	0.0487492808709484	-8.643969373139118	5.429311376337691e-18	NA	NA	NA	NA	0.03846822619408462	DOWN	0.0030333368325084643	3	0	3	1
TMPPE	3	A2780,PEO1,UWB_BRCAdef	FALSE	-0.37605966994358786	0.12696805094838035	-2.961844866756892	0.0030580181756452284	-0.6249124769896599	-0.12720686289751576	0.034751858162854275	15.755784518630715	3.790311147388422e-4	84.3464150215659	-0.4779393094073242	0.03400662619777951	-14.05429949527106	7.249570001807257e-45	NA	NA	NA	NA	0.03874799894024507	DOWN	0.0030580181756452284	3	0	3	1
RBP7	3	A2780,PEO1,UWB_BRCAdef	FALSE	0.7691682614570658	0.25977245871541915	2.96093075170717	0.003067108917145451	0.26002359819942633	1.2783129247147054	0.18946871124579642	46.54759481221173	7.804017122523692e-11	95.111976458678825	0.9988141940798134	0.034233791318247796	29.17626577770867	3.8800645958790497e-187	NA	NA	NA	NA	0.03882991400499126	UP	0.003067108917145451	3	3	0	1
PTMS	3	A2780,PEO1,UWB_BRCAdef	FALSE	-1.214068652010737	0.4101208552356785	-2.9602704581142674	0.0030736907640554357	-2.017890757581432	-0.4102465464400421	0.4904338900242502	143.24935357750286	7.830655218756166e-32	97.92934621958598	-1.5496103952620182	0.048854274185456806	-31.71903423187718	8.491277548422876e-221	NA	NA	NA	NA	0.038879953231897114	DOWN	0.0030736907640554357	3	0	3	1
SSR2	3	A2780,PEO1,UWB_BRCAdef	FALSE	-0.44031045972753347	0.1489307715546989	-2.9564773963842486	0.0031117503873444646	-0.7322094081645056	-0.14841151129056135	0.05192555434375662	8.945848733652113	0.011413888600378043	86.75598754247073	-0.5836990965485174	0.036858230301844395	-15.836329953131496	1.747254285604981e-56	NA	NA	NA	NA	0.039294152841727235	DOWN	0.0031117503873444646	3	0	3	1
NSMCE1	3	A2780,PEO1,UWB_BRCAdef	FALSE	0.7506103739612905	0.2541020800016443	2.9539717815628794	0.003137126896399512	0.2525794487613522	1.2486412991612288	0.17990176266857724	46.672779222373336	7.330519684996719e-11	94.21670549373634	1.0847688178372303	0.04274263852953915	25.37907941943158	4.2929922962684305e-142	NA	NA	NA	NA	0.03958079813742285	UP	0.003137126896399512	3	3	0	1
FAT3	3	A2780,PEO1,UWB_BRCAdef	FALSE	-0.879786620582751	0.2982457829728983	-2.9498711157391204	0.003179065157711003	-1.464337613750581	-0.29523562741492115	0.24505626666622987	128.4947826346821	1.25231180411568e-28	97.37543283881205	-1.2686310720516953	0.02734205702985397	-46.39852336883488	0	NA	NA	NA	NA	0.04004159837058995	DOWN	0.003179065157711003	3	0	3	1
EDN2	3	A2780,PEO1,UWB_BRCAdef	FALSE	0.9455261444858623	0.3207571251637952	2.9477946717567933	0.003200495641788179	0.31685373138021744	1.5741985575915072	0.24667949839377792	25.546493129966063	2.835629598097698e-6	93.65299359050188	0.8324018695222665	0.06437926789553848	12.9296572752725	3.061806398571713e-38	NA	NA	NA	NA	0.040255163038863624	UP	0.003200495641788179	3	3	0	1
MDK	3	A2780,PEO1,UWB_BRCAdef	FALSE	1.7019977415978826	0.5773983679847504	2.947700991151457	0.0032014655936771236	0.5703177356155669	2.8336777475801984	0.9566050618503171	88.3843257977768	6.420775860803788e-20	96.81763003820168	2.2884147588654122	0.07203952555194197	31.766099808853106	1.90327756684299e-221	NA	NA	NA	NA	0.040255163038863624	UP	0.0032014655936771236	3	3	0	1
GFOD2	3	A2780,PEO1,UWB_BRCAdef	FALSE	0.44720522304571464	0.15212456934314655	2.939730412889165	0.0032849792523347836	0.14904654596948141	0.7453639001219479	0.0588994455002641	13.40078936218667	0.0012304261808768454	91.60477651990173	0.38189968570300686	0.03596106503153272	10.619810213299727	2.4105070093649408e-26	NA	NA	NA	NA	0.041165244240910545	UP	0.0032849792523347836	3	3	0	1
CENPX	2	A2780,UWB_BRCAdef	FALSE	1.113116180777296	0.37916341227520783	2.9357162235088334	0.0033277859822553996	0.36996954846257646	1.8562628130920156	0.25503924602654837	8.39683439493831	0.003758750059643867	88.09075000213403	0.8798534934742168	0.09428266285150362	9.332081496891927	1.0381181076105425e-20	NA	NA	NA	NA	0.04163110940745397	UP	0.0033277859822553996	2	2	0	1
GTF3C6	3	A2780,PEO1,UWB_BRCAdef	FALSE	-0.7541249994795775	0.2571969720021317	-2.932091282448407	0.003366877695410829	-1.258221801536512	-0.2500281974226427	0.1839788873773422	46.05056951048425	1.000566335005478e-10	94.38085363745091	-0.9223305678120306	0.0484229040247302	-19.04740300872877	6.904353477787702e-81	NA	NA	NA	NA	0.042049003785506696	DOWN	0.003366877695410829	3	0	3	1
RBM10	3	A2780,PEO1,UWB_BRCAdef	FALSE	0.29913148004874973	0.1021035172322543	2.9296883021993945	0.0033930216505439837	0.09901226357866655	0.4992506965188329	0.02261942038300404	5.898749737970263	0.0523724353509463	79.98963419100156	0.24552664834473062	0.03847947092653812	6.380717884959234	1.7625975073827192e-10	NA	NA	NA	NA	0.042339756241851385	UP	0.0033930216505439837	3	3	0	1
SMARCB1	3	A2780,PEO1,UWB_BRCAdef	FALSE	0.3898654620643456	0.13332492718767447	2.9241753233103402	0.0034537016230203397	0.12855340653507857	0.6511775175936125	0.0421564108269377	8.079453399479824	0.017602282466675633	80.5283848202932	0.34642767118525597	0.04382651735118903	7.904522013676663	2.6896364632422857e-15	NA	NA	NA	NA	0.043024335214491796	UP	0.0034537016230203397	3	3	0	1
TMUB2	3	A2780,PEO1,UWB_BRCAdef	FALSE	0.6347336904564902	0.21712721127279602	2.923326315184965	0.0034631337177283765	0.2091721762981908	1.0602952046147895	0.1305941416087653	25.092027818033273	3.5590606544881406e-6	94.61549225338914	0.6235970988850408	0.036053833394760024	17.29627726564224	5.017841022548679e-67	NA	NA	NA	NA	0.04310552044111911	UP	0.0034631337177283765	3	3	0	1
SORT1	3	A2780,PEO1,UWB_BRCAdef	FALSE	-0.8262335818071844	0.28334813385754215	-2.9159662022781725	0.003545889099183515	-1.3815857192546013	-0.2708814443597676	0.23345416359806043	107.02550286424457	5.7505229571017066e-24	97.4562925784046	-1.152493797202457	0.033638140294422476	-34.261519427503885	2.93834904640951e-257	NA	NA	NA	NA	0.04398746821277402	DOWN	0.003545889099183515	3	0	3	1
HS6ST2	3	A2780,PEO1,UWB_BRCAdef	FALSE	-0.8234187614246036	0.28271488275779194	-2.9125412620390576	0.0035850083308274685	-1.3775297495233396	-0.26930777332586753	0.22652164145268	64.19491180140062	1.1488200833874439e-14	95.61962159702368	-1.187364604475199	0.042298996625212096	-28.070751062862723	2.2297821382110846e-173	NA	NA	NA	NA	0.044361103086147095	DOWN	0.0035850083308274685	3	0	3	1
RNASEH2C	3	A2780,PEO1,UWB_BRCAdef	FALSE	1.0852876836054586	0.37279890605502314	2.9111879514079795	0.0036005735776741482	0.3546152542616823	1.8159601129492349	0.39540862327870707	139.08846564195252	6.270807046043618e-31	97.86879206597345	1.1049348317317167	0.04668302817384336	23.668876569382768	7.545588289485253e-124	NA	NA	NA	NA	0.044516456097882635	UP	0.0036005735776741482	3	3	0	1
TUBG1	3	A2780,PEO1,UWB_BRCAdef	FALSE	0.6062352957193486	0.2083886136195473	2.9091574879717057	0.0036240424894201716	0.19780111823680296	1.0146694732018944	0.12169885274284002	48.417909976521166	3.063264062881558e-11	94.39433723674172	0.5830688403198441	0.04683551217397589	12.449289294712266	1.4109596258613044e-35	NA	NA	NA	NA	0.044769186542235655	UP	0.0036240424894201716	3	3	0	1
KIAA2013	3	A2780,PEO1,UWB_BRCAdef	FALSE	0.4593564752707514	0.15811114429774	2.9052757622557874	0.0036692966303875636	0.1494643268927655	0.7692486236487373	0.06456983257338927	22.76626189389644	1.138594398656462e-5	90.19573523360897	0.41756923072711544	0.04439670392411322	9.405410623294507	5.182743872813603e-21	NA	NA	NA	NA	0.04527505673322857	UP	0.0036692966303875636	3	3	0	1
CABIN1	3	A2780,PEO1,UWB_BRCAdef	FALSE	0.33393970018753405	0.11494865268527875	2.905120611564167	0.0036711160494448535	0.10864448085298437	0.5592349195220837	0.030523782461054586	6.913173749164453	0.03153721901577409	81.16379975210533	0.2843389714969131	0.04274783467972595	6.651540917270526	2.9004019306345458e-11	NA	NA	NA	NA	0.04527505673322857	UP	0.0036711160494448535	3	3	0	1
MGLL	3	A2780,PEO1,UWB_BRCAdef	FALSE	1.2566707955887133	0.4327636427495398	2.9038271043392765	0.0036863166898234837	0.4084696419812569	2.10487194919617	0.5489237423467538	135.56097070933282	3.658551979653163e-30	98.0085160998559	1.7648629715004878	0.04844591662611306	36.42955060838297	1.45016084008002e-290	NA	NA	NA	NA	0.045424637410349876	UP	0.0036863166898234837	3	3	0	1
ACTR1B	3	A2780,PEO1,UWB_BRCAdef	FALSE	0.506526910945765	0.17451308709695318	2.902515332069949	0.0037017903927557463	0.16448754540483518	0.8485662764866948	0.08163659943353081	13.68203323983384	0.0010690160640075448	91.7126756534508	0.3896293130650762	0.04536146280706323	8.589434488087255	8.739842163344976e-18	NA	NA	NA	NA	0.04557733100556138	UP	0.0037017903927557463	3	3	0	1
NTPCR	3	A2780,PEO1,UWB_BRCAdef	FALSE	0.36892658070541956	0.12714199147546243	2.9016894923863132	0.003711562286890603	0.11973285649081467	0.6181203049200245	0.041854458279497714	25.053412851962342	3.628444819088005e-6	89.40997743065982	0.5050128597406098	0.031115643687087288	16.230191630269427	3.084948327157475e-59	NA	NA	NA	NA	0.04565962690203939	UP	0.003711562286890603	3	3	0	1
LPCAT3	3	A2780,PEO1,UWB_BRCAdef	FALSE	-0.8664928991521363	0.2987648949575193	-2.9002500420115993	0.0037286509134367004	-1.4520613331137664	-0.2809244651905062	0.25467019828526066	210.40200147934738	2.050151182623703e-46	98.37795826115816	-0.5506966526207454	0.023305991519298845	-23.62897335497327	1.9420175873695808e-123	NA	NA	NA	NA	0.045831721576881534	DOWN	0.0037286509134367004	3	0	3	1
ABT1	3	A2780,PEO1,UWB_BRCAdef	FALSE	0.5843667189914976	0.20230408657936705	2.888556177347616	0.0038701489154981924	0.18785799537066533	0.9808754426123298	0.1112450257928167	36.21049507827818	1.3708530424803313e-8	93.50402998411607	0.6605003026379891	0.04038176391864242	16.3564004774211	3.916009222526052e-60	NA	NA	NA	NA	0.04741333223982749	UP	0.0038701489154981924	3	3	0	1
PTPRM	3	A2780,PEO1,UWB_BRCAdef	FALSE	1.1141831343117454	0.3859104436260603	2.8871546565123984	0.003887430959272982	0.3578125635467925	1.8705537050766985	0.4358781223146833	131.20367552423406	3.2320930637141113e-29	98.14182578104632	1.6119582746049437	0.03908386755815968	41.24357120508176	0	NA	NA	NA	NA	0.04756720873459211	UP	0.003887430959272982	3	3	0	1
SNX27	3	A2780,PEO1,UWB_BRCAdef	FALSE	-0.8663544072216677	0.3000875713547071	-2.8870052941900295	0.003889276861758704	-1.4545152392849872	-0.2781935751583482	0.2491271801106586	36.06513385704166	1.4741975611717557e-8	95.16361258420271	-1.316492265105699	0.02712537998927815	-48.53359715609768	0	NA	NA	NA	NA	0.04756720873459211	DOWN	0.003889276861758704	3	0	3	1
POLG	3	A2780,PEO1,UWB_BRCAdef	FALSE	0.4692675652804187	0.16258128966049493	2.8863565190087455	0.0038973040290219	0.15061409298577438	0.7879210375750629	0.0674139924821734	22.18160777966596	1.5251939390746345e-5	87.93630619661447	0.5443400295417724	0.049053203253958684	11.09693136090645	1.2982506760541988e-28	NA	NA	NA	NA	0.047588302788725716	UP	0.0038973040290219	3	3	0	1
TPRG1L	3	A2780,PEO1,UWB_BRCAdef	FALSE	0.7874325435557509	0.27317672283452415	2.8825023427517116	0.003945302021592086	0.25201600538540303	1.3228490817260987	0.21557265491232588	78.14674751760954	1.0731227136284985e-17	96.74410238983116	1.0068790902586653	0.042352335997557625	23.77387377916368	6.224289284331233e-125	NA	NA	NA	NA	0.048094955476737165	UP	0.003945302021592086	3	3	0	1
COG8	3	A2780,PEO1,UWB_BRCAdef	FALSE	0.40670039348148257	0.1413270810582628	2.877724427873935	0.004005548766376629	0.12970440456711463	0.6836963823958505	0.0473459152447069	23.058740202658026	9.836898385344182e-6	88.64461470987058	0.4260004200342267	0.03877891185354307	10.985362911757536	4.494286353963627e-28	NA	NA	NA	NA	0.04874901202338372	UP	0.004005548766376629	3	3	0	1
PACS1	3	A2780,PEO1,UWB_BRCAdef	FALSE	0.5110460124957965	0.1776733497616036	2.8763233944848885	0.004023372685534241	0.1628126459504653	0.8592793790411277	0.08421798391355333	24.842075431454766	4.032848065014037e-6	90.84377809838419	0.7693950884075607	0.019922545179657913	38.61931703350625	0	NA	NA	NA	NA	0.048845329967976046	UP	0.004023372685534241	3	3	0	1
IGHMBP2	3	A2780,PEO1,UWB_BRCAdef	FALSE	0.44784821758275173	0.15583587146980107	2.873845497565936	0.004055072812408209	0.14241552200252872	0.7532809131629747	0.059755568765600994	21.546625054725194	2.0951244136633147e-5	88.79424289306988	0.4652080127614237	0.0429314853019421	10.83605678884767	2.3226791759326892e-27	NA	NA	NA	NA	0.04912627687510076	UP	0.004055072812408209	3	3	0	1
STON2	3	A2780,PEO1,UWB_BRCAdef	FALSE	0.5593220112701923	0.19463236824268151	2.8737358350014515	0.004056480967369854	0.17784957928879924	0.9407944432515853	0.08980662942905537	11.671986131684719	0.0029205215494021515	81.01010417217714	0.7564025295265592	0.049498632839995484	15.281281242082649	1.0191706667635702e-52	NA	NA	NA	NA	0.04912627687510076	UP	0.004056480967369854	3	3	0	1
FAM234B	2	A2780,UWB_BRCAdef	FALSE	-1.6092314249042887	0.5601488865045021	-2.872863739757438	0.004067695176941753	-2.707103068433327	-0.5113597813752504	0.5992555398018844	21.279338719004798	3.969874041921113e-6	95.30060584492274	-2.1206655293384706	0.03522655054275695	-60.200771766297954	0	NA	NA	NA	NA	0.04919350319555096	DOWN	0.004067695176941753	2	0	2	1
HMOX2	3	A2780,PEO1,UWB_BRCAdef	FALSE	0.5019360968619354	0.17472096897080364	2.8727868201429807	0.0040686856298207084	0.15948929033522002	0.8443829033886507	0.07992063175662778	14.961984489721255	5.636978117299328e-4	87.89745241565086	0.4243374780556699	0.05647182484689596	7.514144960006443	5.72840839955944e-14	NA	NA	NA	NA	0.04919350319555096	UP	0.0040686856298207084	3	3	0	1
EXT1	3	A2780,PEO1,UWB_BRCAdef	FALSE	1.2941365860268133	0.451005381954182	2.86944821017299	0.004111886642694828	0.41018228056288586	2.178090891490741	0.604429733468988	284.43217312200863	1.7232106445951658e-62	99.20990252161867	1.826244730093706	0.029204511862547196	62.53296540921613	0	NA	NA	NA	NA	0.04967521877902649	UP	0.004111886642694828	3	3	0	1
UNC13D	3	A2780,PEO1,UWB_BRCAdef	FALSE	1.5796075037950104	0.5507652433625547	2.8680232146660622	0.0041304522519566445	0.5001274628679653	2.6590875447220554	0.8508159514052641	56.90339927660099	4.401329131379151e-13	95.01902430480213	2.438123522645777	0.050856375141549205	47.94135476348277	0	NA	NA	NA	NA	0.049858773428312575	UP	0.0041304522519566445	3	3	0	1
