n_genes	mean_I2	median_I2	I2_q05	I2_q25	I2_q75	I2_q95	n_I2_lt25	n_I2_25_75	n_I2_gt75
17677	76.25498931113196	94.72366153533888	0	75.1016086205784	98.18479148560272	99.60141315162119	2910	1501	13266
