gene_symbol	k	datasets	reml_warning	beta_meta	se_meta	z_meta	p_meta	ci_lb	ci_ub	tau2	Q	Q_pval	I2	beta_fixed	se_fixed	z_fixed	p_fixed	beta_meta_DL	se_meta_DL	p_meta_DL	tau2_DL	FDR_meta	direction	p_meta2	k_eff	n_pos	n_neg	concordance
ABO	2	A2780,UWB_BRCAdef	FALSE	2.962436586120365	0.03359581915237353	88.17872761739373	0	2.896589990550592	3.028283181690138	0	0.7785481203257363	0.37758554428929375	0	2.962436586120365	0.03359581915237353	88.17872761739373	0	NA	NA	NA	NA	2.9574e-297	UP	1e-300	2	2	0	1
GJA3	2	A2780,UWB_BRCAdef	FALSE	1.995104100794142	0.03805765443181796	52.42320186517177	0	1.9205124687717074	2.069695732816576	0	0.08379131183837699	0.7722238079250558	0	1.995104100794142	0.03805765443181796	52.42320186517177	0	NA	NA	NA	NA	2.9574e-297	UP	1e-300	2	2	0	1
KRT14	2	A2780,PEO1	FALSE	5.14009575364092	0.10785940992232114	47.65551524287724	0	4.928695194799428	5.3514963124824115	0.009577760233550418	1.021777285161265	0.3120978027816425	2.131314277344867	5.150147752132488	0.04695692314377769	109.67813492300634	0	NA	NA	NA	NA	2.9574e-297	UP	1e-300	2	2	0	1
NOS1	2	A2780,UWB_BRCAdef	FALSE	2.4497757028347182	0.021035611433368823	116.45849756231165	0	2.408546662032536	2.4910047436369003	0	0.012737703814200817	0.9101404102661448	0	2.4497757028347182	0.021035611433368823	116.45849756231165	0	NA	NA	NA	NA	2.9574e-297	UP	1e-300	2	2	0	1
VSIR	2	A2780,UWB_BRCAdef	FALSE	1.4018547301603381	0.03831320530868261	36.58933568376351	4.226590427730084e-293	1.3267622276230313	1.476947232697645	0	0.00895973456427613	0.9245881676458403	0	1.4018547301603381	0.03831320530868261	36.58933568376351	4.226590427730084e-293	NA	NA	NA	NA	1.041643210914079e-289	UP	4.226590427730084e-293	2	2	0	1
KLK8	2	A2780,UWB_BRCAdef	FALSE	2.157470478824412	0.07222755190624634	29.87046385879003	4.761646431374163e-196	2.015907078396672	2.299033879252152	0	0.04064872513647473	0.8402174910505451	0	2.157470478824412	0.07222755190624634	29.87046385879003	4.761646431374163e-196	NA	NA	NA	NA	1.005863796867568e-192	UP	4.761646431374163e-196	2	2	0	1
SLC13A3	2	A2780,UWB_BRCAdef	FALSE	0.899577882215028	0.03390976840377413	26.528576412067316	4.53840856052018e-155	0.8331159574195364	0.9660398070105196	0	0.36672127756425466	0.5447968995459561	0	0.899577882215028	0.03390976840377413	26.528576412067316	4.53840856052018e-155	NA	NA	NA	NA	5.1622651834163e-152	UP	4.53840856052018e-155	2	2	0	1
FGFR3	2	A2780,UWB_BRCAdef	FALSE	1.992020515175734	0.07767246444050978	25.646418322434524	4.635491326508002e-145	1.8397852822818668	2.144255748069601	0	0.21835302542397228	0.6402977058593866	0	1.992020515175734	0.07767246444050978	25.646418322434524	4.635491326508002e-145	NA	NA	NA	NA	4.569667349671588e-142	UP	4.635491326508002e-145	2	2	0	1
URB1	3	A2780,PEO1,UWB_BRCAdef	FALSE	0.6709009539218961	0.026569181544856758	25.25109600343593	1.1016016683684997e-140	0.6188263149952705	0.7229755928485216	5.460552991482267e-6	1.7075669854543731	0.42580086599103484	0.07184645972951233	0.670902713218114	0.026485322416607247	25.331113688743844	1.451301230176907e-141	NA	NA	NA	NA	9.049657705647225e-138	UP	1.1016016683684997e-140	3	3	0	1
EGR2	2	A2780,UWB_BRCAdef	FALSE	0.6195970384327518	0.026186572174671414	23.660868413776132	9.123123567161301e-124	0.5682723000918372	0.6709217767736665	0	0.06929971637673121	0.7923591335840002	0	0.6195970384327518	0.026186572174671414	23.660868413776132	9.123123567161301e-124	NA	NA	NA	NA	7.100190957242851e-121	UP	9.123123567161301e-124	2	2	0	1
HPGD	2	A2780,UWB_BRCAdef	FALSE	0.7542453904885313	0.03560810411752554	21.181846357197884	1.4041951207685543e-99	0.6844547888604289	0.8240359921166338	0	0.2196703696021166	0.6392911950314625	0	0.7542453904885313	0.03560810411752554	21.181846357197884	1.4041951207685543e-99	NA	NA	NA	NA	9.887539643240291e-97	UP	1.4041951207685543e-99	2	2	0	1
TYMSOS	2	A2780,UWB_BRCAdef	FALSE	1.197886147805581	0.06054601752432185	19.78472237789017	4.031116252056203e-87	1.079218134050579	1.3165541615605827	0	0.26918356014841616	0.6038799734849513	0	1.197886147805581	0.06054601752432185	19.78472237789017	4.031116252056203e-87	NA	NA	NA	NA	2.5916572182241333e-84	UP	4.031116252056203e-87	2	2	0	1
DNAAF5	2	A2780,UWB_BRCAdef	FALSE	0.5479106699540502	0.02789913378857058	19.63898499882862	7.181928704014261e-86	0.4932293725285874	0.602591967379513	0	0.01371185222034048	0.9067826970446072	0	0.5479106699540502	0.02789913378857058	19.63898499882862	7.181928704014261e-86	NA	NA	NA	NA	4.4249658227607866e-83	UP	7.181928704014261e-86	2	2	0	1
NEDD9	3	A2780,PEO1,UWB_BRCAdef	FALSE	0.7321176085529686	0.037895570921715346	19.31934499853233	3.693067101003233e-83	0.6578436543728232	0.806391562733114	2.365131247202845e-6	1.3406484975397892	0.5115426838065636	0.021333937063788156	0.7321190339150205	0.0378724379704878	19.3311831280977	2.9360730472221235e-83	NA	NA	NA	NA	2.1003608931744156e-80	UP	3.693067101003233e-83	3	3	0	1
ACOXL	2	A2780,UWB_BRCAdef	FALSE	0.6963781040727468	0.03866644015882529	18.0098840548114	1.6296954613235733e-72	0.620593273951076	0.7721629341944176	0	0.3123678708565766	0.5762307870832422	0	0.6963781040727468	0.03866644015882529	18.0098840548114	1.6296954613235733e-72	NA	NA	NA	NA	8.032768928863893e-70	UP	1.6296954613235733e-72	2	2	0	1
DFFA	3	A2780,PEO1,UWB_BRCAdef	FALSE	0.45402361768111216	0.02545097828525493	17.839142079035586	3.510442630049701e-71	0.4041406168707015	0.5039066184915229	0	0.03868468447751796	0.9808435205929827	0	0.45402361768111216	0.02545097828525493	17.839142079035586	3.510442630049701e-71	NA	NA	NA	NA	1.6744811345337073e-68	UP	3.510442630049701e-71	3	3	0	1
MKRN2OS	2	A2780,UWB_BRCAdef	FALSE	1.2238232382240393	0.0701769513455629	17.439105215581844	4.165444329433565e-68	1.0862789410419162	1.3613675354061623	0	0.5954966167024247	0.4403014478479712	0	1.2238232382240393	0.0701769513455629	17.439105215581844	4.165444329433565e-68	NA	NA	NA	NA	1.7598407228381176e-65	UP	4.165444329433565e-68	2	2	0	1
HN1L	2	A2780,PEO1	FALSE	0.9932209995868231	0.05711962702483604	17.388436362775323	1.009509397669292e-67	0.8812685878077837	1.1051734113658624	0.0038741913148490695	2.060676436661245	0.1511430628920418	51.472245607844044	1.016955685861506	0.028185929706977274	36.08026048577579	4.626724511822708e-285	NA	NA	NA	NA	4.0344906657664385e-65	UP	1.009509397669292e-67	2	2	0	1
TUBB6	3	A2780,PEO1,UWB_BRCAdef	FALSE	0.6819187690342039	0.039281155632376975	17.359946723974215	1.658772695609969e-67	0.6049291187236323	0.7589084193447755	1.4325018052713444e-6	1.5512641487094532	0.4604126739642082	0.008441564755731748	0.68192151101135	0.0392662336261048	17.36661370440169	1.4768860861827854e-67	NA	NA	NA	NA	6.4548083815748984e-65	UP	1.658772695609969e-67	3	3	0	1
JUN	3	A2780,PEO1,UWB_BRCAdef	FALSE	0.9120798035445721	0.05676657922310299	16.067196861729723	4.332392731317975e-58	0.8008193527417505	1.0233402543473937	5.290116973318875e-6	2.248310938169134	0.3249267622127447	0.036025112120691406	0.9120839998696091	0.056740421807762065	16.07467781892373	3.83984510942926e-58	NA	NA	NA	NA	1.4898393329767185e-55	UP	4.332392731317975e-58	3	3	0	1
SYNE1	3	A2780,PEO1,UWB_BRCAdef	FALSE	0.48088731813540136	0.030139010820255892	15.955643700562513	2.6027621374743987e-57	0.4218159423980368	0.5399586938727658	0	0.13888870931393837	0.9329120441509607	0	0.48088731813540136	0.030139010820255892	15.955643700562513	2.6027621374743987e-57	NA	NA	NA	NA	8.747055392462258e-55	UP	2.6027621374743987e-57	3	3	0	1
CFAP54	2	A2780,UWB_BRCAdef	FALSE	0.30467437344243675	0.019144860282220295	15.914160195015151	5.0540607798492124e-57	0.2671511368002336	0.3421976100846399	0	0.06308044403024696	0.8016917964615957	0	0.30467437344243675	0.019144860282220295	15.914160195015151	5.0540607798492124e-57	NA	NA	NA	NA	1.6607643722584513e-54	UP	5.0540607798492124e-57	2	2	0	1
GATB	2	A2780,UWB_BRCAdef	FALSE	0.6482130674177997	0.04081175762686895	15.882998065024287	8.310921322309132e-57	0.5682234923233587	0.7282026425122408	0	0.8791403307972275	0.3484372439872775	0	0.6482130674177997	0.04081175762686895	15.882998065024287	8.310921322309132e-57	NA	NA	NA	NA	2.671599860717068e-54	UP	8.310921322309132e-57	2	2	0	1
UCK1	3	A2780,PEO1,UWB_BRCAdef	FALSE	0.6302033058456442	0.040159205849016805	15.692623709118319	1.698861289608262e-55	0.551492708733841	0.7089139029574474	0	0.6323467892936874	0.7289330461209431	0	0.6302033058456442	0.040159205849016805	15.692623709118319	1.698861289608262e-55	NA	NA	NA	NA	5.233554560299451e-53	UP	1.698861289608262e-55	3	3	0	1
CRNDE	2	A2780,UWB_BRCAdef	FALSE	0.9284668235922734	0.059493409286441076	15.606213103740835	6.604236782483472e-55	0.8118618840733481	1.0450717631111988	0	0.006933387895786349	0.9336392650798048	0	0.9284668235922734	0.059493409286441076	15.606213103740835	6.604236782483472e-55	NA	NA	NA	NA	1.9929969245425123e-52	UP	6.604236782483472e-55	2	2	0	1
C14orf166	2	A2780,PEO1	FALSE	0.7083044895551631	0.047614076732014565	14.875947160368147	4.722539962746437e-50	0.614982614003288	0.8016263651070382	0	0.012940448291378737	0.9094311466917333	0	0.7083044895551631	0.047614076732014565	14.875947160368147	4.722539962746437e-50	NA	NA	NA	NA	1.3692587927280699e-47	UP	4.722539962746437e-50	2	2	0	1
MRPL22	3	A2780,PEO1,UWB_BRCAdef	FALSE	0.633757853602434	0.043387206935574824	14.6070212480719	2.533553349576462e-48	0.5487204906189209	0.718795216585947	4.5055300306520445e-6	4.549605210620522	0.10281720200198838	0.02687810265140384	0.6337876619079964	0.04334691720230514	14.621285729502636	2.0548284038471108e-48	NA	NA	NA	NA	7.06861384531833e-46	UP	2.533553349576462e-48	3	2	1	0.6666666666666666
LRRC47	3	A2780,PEO1,UWB_BRCAdef	FALSE	0.5052910419291756	0.03495466777145504	14.45560991261403	2.310737929988553e-47	0.4367811520055608	0.5738009318527905	0	0.1760577410395606	0.9157344386124631	0	0.5052910419291756	0.03495466777145504	14.45560991261403	2.310737929988553e-47	NA	NA	NA	NA	6.32757069828532e-45	UP	2.310737929988553e-47	3	3	0	1
KRT78	2	A2780,PEO1	FALSE	0.5773435050602083	0.04054946197656321	14.2380065460277	5.322373376276048e-46	0.49786801999366803	0.6568189901267485	0	0.15201212006898496	0.6966198727022735	0	0.5773435050602083	0.04054946197656321	14.2380065460277	5.322373376276048e-46	NA	NA	NA	NA	1.4053916984820343e-43	UP	5.322373376276048e-46	2	2	0	1
GSTT1	2	A2780,UWB_BRCAdef	FALSE	0.49803818393699834	0.035475619392670715	14.038886211522874	9.011781028042911e-45	0.42850724759811304	0.5675691202758837	0	0.44218063862948176	0.5060718275100419	0	0.49803818393699834	0.035475619392670715	14.038886211522874	9.011781028042911e-45	NA	NA	NA	NA	2.25859671290967e-42	UP	9.011781028042911e-45	2	2	0	1
HES2	2	A2780,UWB_BRCAdef	FALSE	0.9349283760487638	0.06697875874973087	13.958580205138848	2.789352692722913e-44	0.8036524211700943	1.0662043309274334	0	0.3472363124980382	0.5556817712586529	0	0.9349283760487638	0.06697875874973087	13.958580205138848	2.789352692722913e-44	NA	NA	NA	NA	6.761665289720282e-42	UP	2.789352692722913e-44	2	2	0	1
TWNK	2	A2780,UWB_BRCAdef	FALSE	0.5481731659071492	0.03981041052269639	13.769593398054237	3.883929010259512e-43	0.47014619507290983	0.6262001367413884	0	0.8227007627316016	0.364391707844394	0	0.5481731659071492	0.03981041052269639	13.769593398054237	3.883929010259512e-43	NA	NA	NA	NA	9.11613623408054e-41	UP	3.883929010259512e-43	2	2	0	1
FAM86B1	3	A2780,PEO1,UWB_BRCAdef	FALSE	0.8052574717596558	0.058549698893761146	13.753400734319767	4.859070289199674e-43	0.6905021706222193	0.9200127728970923	2.767789464418131e-6	2.8146395511104867	0.24479851964715532	0.0063200678001773935	0.8052670640927762	0.05852975843640725	13.758250257733442	4.543915164477312e-43	NA	NA	NA	NA	1.122673005724931e-40	UP	4.859070289199674e-43	3	3	0	1
C6orf106	2	A2780,PEO1	FALSE	0.4667226623637467	0.034184357916719366	13.653106005407095	1.9345393378968335e-42	0.3997225520123501	0.5337227727151433	0	0.007657933300308015	0.9302664404406557	0	0.4667226623637467	0.034184357916719366	13.653106005407095	1.9345393378968335e-42	NA	NA	NA	NA	4.2695571924597725e-40	UP	1.9345393378968335e-42	2	2	0	1
ACY3	2	A2780,PEO1	FALSE	0.7172848358019037	0.0528302910277013	13.577150945956346	5.4713601050142136e-42	0.6137393680948396	0.8208303035089678	0	0.9605394224755694	0.3270510081022504	0	0.7172848358019037	0.0528302910277013	13.577150945956346	5.4713601050142136e-42	NA	NA	NA	NA	1.1557857410406454e-39	UP	5.4713601050142136e-42	2	2	0	1
SLC16A12	2	A2780,UWB_BRCAdef	FALSE	0.28629983623715033	0.021420314914361586	13.365808923994676	9.578797351307472e-41	0.24431679046749544	0.3282828820068052	0	0.06024441734571066	0.8061100452084868	0	0.28629983623715033	0.021420314914361586	13.365808923994676	9.578797351307472e-41	NA	NA	NA	NA	1.967245506024772e-38	UP	9.578797351307472e-41	2	2	0	1
PEX6	3	A2780,PEO1,UWB_BRCAdef	FALSE	0.6494248292652791	0.049169105829362146	13.207985345901172	7.8908192494182e-40	0.5530551526876909	0.7457945058428673	0	1.6538770957304685	0.4373862758605037	0	0.6494248292652791	0.049169105829362146	13.207985345901172	7.8908192494182e-40	NA	NA	NA	NA	1.576777624880364e-37	UP	7.8908192494182e-40	3	3	0	1
SLC9A3	3	A2780,PEO1,UWB_BRCAdef	FALSE	0.6450341515234393	0.051097835517269326	12.623512228917011	1.5667454907867987e-36	0.5448842342216399	0.7451840688252388	7.026941618727306e-7	1.1308411780170773	0.5681211509899424	0.0031107577911626484	0.645032710183694	0.05109254864677485	12.624790253527719	1.5415163147144187e-36	NA	NA	NA	NA	2.8601809348474555e-34	UP	1.5667454907867987e-36	3	3	0	1
TOP3A	3	A2780,PEO1,UWB_BRCAdef	FALSE	0.3815700535275948	0.030229949179414583	12.622252563607654	1.5920137372462673e-36	0.3223204418814661	0.44081966517372356	0	1.3061110719533138	0.5204530816164745	0	0.3815700535275948	0.030229949179414583	12.622252563607654	1.5920137372462673e-36	NA	NA	NA	NA	2.8708667234951898e-34	UP	1.5920137372462673e-36	3	3	0	1
BGN	3	A2780,PEO1,UWB_BRCAdef	FALSE	0.6169559647304916	0.04894698978114031	12.604574203421393	1.9924571874638697e-36	0.5210216276078066	0.7128903018531767	4.471592766207195e-7	2.0172086093501735	0.3647276732066437	2.5101383377102327e-4	0.616956822655418	0.04894254464052827	12.605736526100634	1.9632991585021752e-36	NA	NA	NA	NA	3.5496945097624385e-34	UP	1.9924571874638697e-36	3	2	1	0.6666666666666666
CAMK2B	2	A2780,UWB_BRCAdef	FALSE	0.8718009562672396	0.0700452729633876	12.446249680873208	1.4657214896985715e-35	0.7345147439717228	1.0090871685627565	0	0.05366956895174643	0.8167967144949174	0	0.8718009562672396	0.0700452729633876	12.446249680873208	1.4657214896985715e-35	NA	NA	NA	NA	2.5201887986247416e-33	UP	1.4657214896985715e-35	2	2	0	1
PDCD1LG2	3	A2780,PEO1,UWB_BRCAdef	FALSE	0.595457836733815	0.04854504473226638	12.266088949301816	1.377478773763601e-34	0.500311297430687	0.690604376036943	4.264198791208057e-6	2.4385031345607358	0.2954512095482107	0.005992910000382544	0.5954460513938303	0.04850401418181143	12.276222111470462	1.215425344453153e-34	NA	NA	NA	NA	2.3412389227175135e-32	UP	1.377478773763601e-34	3	2	1	0.6666666666666666
GRN	3	A2780,PEO1,UWB_BRCAdef	FALSE	0.498256621813397	0.040787155360402935	12.216017945127781	2.552859883603955e-34	0.41831526627516746	0.5781979773516266	4.355552280934636e-6	3.585646553295332	0.16648945970381768	0.03815121099243127	0.49825513003484645	0.04074929107194679	12.227332474450394	2.2211342207497483e-34	NA	NA	NA	NA	4.289674897596782e-32	UP	2.552859883603955e-34	3	3	0	1
BHLHB9	2	A2780,PEO1	FALSE	0.6041290056605874	0.049531962258039075	12.196750908299354	3.2347545173173575e-34	0.5070481435512335	0.7012098677699412	0	0.7585430391667759	0.3837848597261842	0	0.6041290056605874	0.049531962258039075	12.196750908299354	3.2347545173173575e-34	NA	NA	NA	NA	5.314701671952419e-32	UP	3.2347545173173575e-34	2	2	0	1
MAPK7	3	A2780,PEO1,UWB_BRCAdef	TRUE	0.6164519490151545	0.05080489347755804	12.13371206628863	7.000273851935147e-34	0.5168761875607469	0.7160277104695622	0	4.316279758080386	0.11553983935200449	0	0.6164519490151545	0.05080489347755804	12.13371206628863	7.000273851935147e-34	0.6666226609084003	0.125455200357431	1.0746202764342533e-7	0.025871250550348963	1.1375060378963187e-31	UP	7.000273851935147e-34	3	3	0	1
SMOC2	2	A2780,UWB_BRCAdef	FALSE	0.5033179588092936	0.04170305930802806	12.069089586250145	1.5382666743628354e-33	0.4215814645204208	0.5850544530981665	0	0.7156125796722577	0.3975868444599662	0	0.5033179588092936	0.04170305930802806	12.069089586250145	1.5382666743628354e-33	NA	NA	NA	NA	2.472429273239483e-31	UP	1.5382666743628354e-33	2	2	0	1
PLA2G15	3	A2780,PEO1,UWB_BRCAdef	FALSE	0.5234364175698221	0.044321343367860096	11.810030513411634	3.464355382268525e-32	0.43656818082238313	0.610304654317261	1.9273909499538273e-6	2.6862399256804057	0.26102999292501466	0.013447131471177685	0.5234400768433082	0.044305555247861596	11.814321565659014	3.291955187410455e-32	NA	NA	NA	NA	5.2811776327427506e-30	UP	3.464355382268525e-32	3	3	0	1
SLFN13	3	A2780,PEO1,UWB_BRCAdef	FALSE	0.2970195807747121	0.025256930884201674	11.759923726936243	6.279099226944438e-32	0.24751690588165942	0.34652225566776473	4.056254406060127e-4	1.5494210523033873	0.4608371619996052	6.36804380060889	0.3023601216760181	0.01712483661092729	17.656233956888286	9.112025447865063e-70	NA	NA	NA	NA	9.378690936245193e-30	UP	6.279099226944438e-32	3	3	0	1
PCNX3	2	A2780,UWB_BRCAdef	FALSE	0.5297154493082221	0.046180586999373205	11.470522219984163	1.855362141890746e-30	0.439203162004532	0.6202277366119122	0	0.7706394222287569	0.38001931461192445	0	0.5297154493082221	0.046180586999373205	11.470522219984163	1.855362141890746e-30	NA	NA	NA	NA	2.6128799992512818e-28	UP	1.855362141890746e-30	2	2	0	1
ZFP92	2	A2780,PEO1	FALSE	0.8200820778072562	0.07151279641748848	11.467627038658284	1.9184809216882345e-30	0.6799195723952338	0.9602445832192785	0	0.389848703892795	0.5323789401058269	0	0.8200820778072562	0.07151279641748848	11.467627038658284	1.9184809216882345e-30	NA	NA	NA	NA	2.676280885755087e-28	UP	1.9184809216882345e-30	2	2	0	1
PLEKHM1	3	A2780,PEO1,UWB_BRCAdef	FALSE	0.558149927720647	0.048685808725304626	11.464324868666433	1.9930777697493513e-30	0.462727496060844	0.65357235938045	0	0.6494344324463903	0.7227317015477545	0	0.558149927720647	0.048685808725304626	11.464324868666433	1.9930777697493513e-30	NA	NA	NA	NA	2.7543589702134255e-28	UP	1.9930777697493513e-30	3	3	0	1
TCAF2	2	A2780,UWB_BRCAdef	FALSE	0.551172500520428	0.04862665304300322	11.334781771490542	8.825179723927943e-30	0.45586601186741665	0.6464789891734393	0	0.007905845652350633	0.9291496035944574	0	0.551172500520428	0.04862665304300322	11.334781771490542	8.825179723927943e-30	NA	NA	NA	NA	1.1972287392451603e-27	UP	8.825179723927943e-30	2	2	0	1
KCTD21	3	A2780,PEO1,UWB_BRCAdef	FALSE	0.7387375314646804	0.06577345594122634	11.231545019084892	2.854430387239914e-29	0.6098239266811447	0.867651136248216	0.004122108861338207	2.902846784120328	0.2342366401204448	24.484092299334968	0.7640471866408233	0.04351297228995006	17.55906678931448	5.070192970121227e-69	NA	NA	NA	NA	3.7686126907246974e-27	UP	2.854430387239914e-29	3	3	0	1
SPACA9	2	A2780,UWB_BRCAdef	FALSE	1.1408274222291541	0.1019319877708514	11.192045276246311	4.4602483326997363e-29	0.9410443973257082	1.3406104471326001	0.008930376187055201	1.1719937116161168	0.2789919648729889	14.675310107163131	1.116481712039059	0.049787616090577795	22.424887948197043	2.250616189802219e-111	NA	NA	NA	NA	5.785411587336053e-27	UP	4.4602483326997363e-29	2	2	0	1
METTL26	2	A2780,UWB_BRCAdef	FALSE	0.6193118180871209	0.05654032965493797	10.953452550891399	6.396220231203859e-28	0.5084948082894205	0.7301288278848213	0	0.042489385042493735	0.836689728839235	0	0.6193118180871209	0.05654032965493797	10.953452550891399	6.396220231203859e-28	NA	NA	NA	NA	8.15352659989754e-26	UP	6.396220231203859e-28	2	2	0	1
DHFR2	2	A2780,UWB_BRCAdef	FALSE	0.6983201317759445	0.06574826394619213	10.621118944637754	2.3769463902102203e-26	0.5694559023953747	0.8271843611565144	0	0.24700276557690468	0.6191934743177009	0	0.6983201317759445	0.06574826394619213	10.621118944637754	2.3769463902102203e-26	NA	NA	NA	NA	2.9289921893365437e-24	UP	2.3769463902102203e-26	2	2	0	1
ARF1	3	A2780,PEO1,UWB_BRCAdef	FALSE	0.4558094801733739	0.04389945280831415	10.383033295737295	2.9621126882396253e-25	0.36976813372806244	0.5418508266186853	0.001981820093719284	1.9512139525940393	0.376963476213717	18.033624299674234	0.47493358771552174	0.02009985464040403	23.628707580841244	1.9542736085157092e-123	NA	NA	NA	NA	3.448878765433019e-23	UP	2.9621126882396253e-25	3	3	0	1
AMZ2	3	A2780,PEO1,UWB_BRCAdef	FALSE	0.311759361950169	0.0301632515324068	10.335734581373659	4.856765670599505e-25	0.2526404752900291	0.37087824861030894	0	1.1895097938974115	0.5516977721047575	0	0.311759361950169	0.0301632515324068	10.335734581373659	4.856765670599505e-25	NA	NA	NA	NA	5.610702653996475e-23	UP	4.856765670599505e-25	3	3	0	1
SFXN3	3	A2780,PEO1,UWB_BRCAdef	FALSE	0.5857519169936322	0.057681419556041995	10.154949748151196	3.1497240300497095e-24	0.47269841208664554	0.6988054219006188	0.004038053983766721	2.9032693037011827	0.23418716056364697	38.90265211129671	0.6054559689146805	0.039051350196692855	15.504098215942218	3.2545395543957447e-54	NA	NA	NA	NA	3.5553411627744316e-22	UP	3.1497240300497095e-24	3	3	0	1
SLC35E2	2	A2780,PEO1	FALSE	0.4092655980234996	0.040504696986394625	10.10415157928401	5.295190860129363e-24	0.32987785072545805	0.48865334532154114	0	0.37460385800847495	0.5405054037208727	0	0.4092655980234996	0.040504696986394625	10.10415157928401	5.295190860129363e-24	NA	NA	NA	NA	5.931817215813098e-22	UP	5.295190860129363e-24	2	2	0	1
TMEM63A	3	A2780,PEO1,UWB_BRCAdef	FALSE	0.3192780992612397	0.03164346431138952	10.089859192386879	6.1257325024307624e-24	0.25725804886483766	0.3812981496576417	0	1.0254169398913984	0.5988713551579203	0	0.3192780992612397	0.03164346431138952	10.089859192386879	6.1257325024307624e-24	NA	NA	NA	NA	6.759791530854006e-22	UP	6.1257325024307624e-24	3	3	0	1
RABL2A	3	A2780,PEO1,UWB_BRCAdef	FALSE	0.43656361348108796	0.04395589680196205	9.931855456117123	3.0257207038438654e-23	0.350411638841083	0.5227155881210929	1.7824610629634507e-7	3.177892827728524	0.2041405781543933	0.0024071243889085573	0.4365641791594662	0.04395492728807745	9.932087392575031	3.0186895840227e-23	NA	NA	NA	NA	3.28980382703965e-21	UP	3.0257207038438654e-23	3	2	1	0.6666666666666666
PCTP	3	A2780,PEO1,UWB_BRCAdef	FALSE	0.3269469453795584	0.03319537015780571	9.849173057125215	6.91102377083951e-23	0.2618852154167835	0.39200867534233325	0	0.6347420917486778	0.7280605611341411	0	0.3269469453795584	0.03319537015780571	9.849173057125215	6.91102377083951e-23	NA	NA	NA	NA	7.299522035671702e-21	UP	6.91102377083951e-23	3	3	0	1
GLIPR1L2	2	A2780,UWB_BRCAdef	FALSE	0.24478629488013695	0.02512907389167737	9.741158625078063	2.0124656402285573e-22	0.19553421508760355	0.29403837467267036	0	0.695009337547461	0.4044657276629248	0	0.24478629488013695	0.02512907389167737	9.741158625078063	2.0124656402285573e-22	NA	NA	NA	NA	2.110519817167353e-20	UP	2.0124656402285573e-22	2	1	1	0.5
ANOS1	2	A2780,UWB_BRCAdef	FALSE	0.19051068213399133	0.019710941026936282	9.665225108920275	4.236874089190553e-22	0.15187794761980328	0.2291434166481794	0	0.7660977074898585	0.38142697153614014	0	0.19051068213399133	0.019710941026936282	9.665225108920275	4.236874089190553e-22	NA	NA	NA	NA	4.3507400803375495e-20	UP	4.236874089190553e-22	2	1	1	0.5
PPP4R4	3	A2780,PEO1,UWB_BRCAdef	FALSE	0.6818676636166943	0.07057361526031605	9.66179302422831	4.3812745118081045e-22	0.5435459194476885	0.8201894077857	0	0.6759015738966874	0.7132303872784933	0	0.6818676636166943	0.07057361526031605	9.66179302422831	4.3812745118081045e-22	NA	NA	NA	NA	4.4679935314556165e-20	UP	4.3812745118081045e-22	3	3	0	1
MARVELD1	3	A2780,PEO1,UWB_BRCAdef	FALSE	0.3092746856422109	0.03209727314894357	9.635543935681346	5.659148149961646e-22	0.24636518626833698	0.3721841850160848	5.06280401804027e-6	3.411250066600492	0.1816588078797488	0.06310925737596565	0.30927523589833406	0.032038577397257455	9.653213751145156	4.763888642866327e-22	NA	NA	NA	NA	5.731631759827594e-20	UP	5.659148149961646e-22	3	3	0	1
FPGS	3	A2780,PEO1,UWB_BRCAdef	FALSE	0.4972596389001329	0.05293974384336286	9.392936247886192	5.835045966329565e-21	0.3934996476163657	0.6010196301839001	0.0010994618068220208	1.7237874724832352	0.42236148324738404	11.974800032576454	0.49753697092585647	0.04845132883524175	10.268799285520648	9.740944975367093e-25	NA	NA	NA	NA	5.773419443082655e-19	UP	5.835045966329565e-21	3	3	0	1
ZNF705E	2	A2780,UWB_BRCAdef	FALSE	0.24940481268547937	0.02676994408457864	9.316598193014306	1.2013014432994302e-20	0.19693668641155418	0.3018729389594046	0	0.6955149205868563	0.40429486229982625	0	0.24940481268547937	0.02676994408457864	9.316598193014306	1.2013014432994302e-20	NA	NA	NA	NA	1.1764002941767334e-18	UP	1.2013014432994302e-20	2	1	1	0.5
SIM2	3	A2780,PEO1,UWB_BRCAdef	FALSE	0.5012687598354842	0.054366864266716206	9.22011535144514	2.967807751807328e-20	0.39471166392034285	0.6078258557506256	0.002125118572596212	3.1739608760578717	0.2045423083646045	16.342072279079083	0.4959491567492799	0.04019295977008832	12.339204666344733	5.570339786576422e-35	NA	NA	NA	NA	2.8312885952241914e-18	UP	2.967807751807328e-20	3	3	0	1
TKFC	2	A2780,UWB_BRCAdef	FALSE	0.6911444241080607	0.07513981845139445	9.198111445466694	3.6429583723843097e-20	0.5438730861384493	0.838415762077672	0.0018643204878380157	1.0632681722557211	0.3024709725001069	5.950349489113196	0.6974774531930547	0.06387415258654279	10.91955705006099	9.294799531328031e-28	NA	NA	NA	NA	3.4311099014297317e-18	UP	3.6429583723843097e-20	2	2	0	1
SART1	3	A2780,PEO1,UWB_BRCAdef	FALSE	0.6324968219192137	0.0688028198158787	9.192890983419296	3.824225177843071e-20	0.4976457730452928	0.7673478707931347	0	0.06206052640849964	0.9694462340826909	0	0.6324968219192137	0.0688028198158787	9.192890983419296	3.824225177843071e-20	NA	NA	NA	NA	3.5790390952383214e-18	UP	3.824225177843071e-20	3	3	0	1
RHBDF2	3	A2780,PEO1,UWB_BRCAdef	FALSE	0.6868795637475916	0.07473397160500266	9.190995058820242	3.8922397102902155e-20	0.5404036709801474	0.8333554565150358	0.0057180915762141005	3.078507267505789	0.21454116797180292	24.127381135634696	0.7035347673536911	0.04336943647065165	16.221902441129878	3.5308644526650612e-59	NA	NA	NA	NA	3.619782930569901e-18	UP	3.8922397102902155e-20	3	3	0	1
ABCB1	2	A2780,UWB_BRCAdef	FALSE	0.15275673970180123	0.016627205854332448	9.187156341244092	4.0336328129355596e-20	0.1201680150637761	0.18534546433982635	0	0.02632833558246958	0.8711010446750351	0	0.15275673970180123	0.016627205854332448	9.187156341244092	4.0336328129355596e-20	NA	NA	NA	NA	3.7278330253048825e-18	UP	4.0336328129355596e-20	2	2	0	1
CCDC69	3	A2780,PEO1,UWB_BRCAdef	FALSE	0.3404547985738197	0.03711154835391517	9.173823612183043	4.565317705519849e-20	0.26771750038962927	0.41319209675801016	0	0.08336174288565341	0.959175832134375	0	0.3404547985738197	0.03711154835391517	9.173823612183043	4.565317705519849e-20	NA	NA	NA	NA	4.167120550093951e-18	UP	4.565317705519849e-20	3	3	0	1
IQUB	2	A2780,UWB_BRCAdef	FALSE	0.3340877218303827	0.03643739790593914	9.168813939261229	4.7825188814292647e-20	0.26267173424438683	0.4055037094163786	0	0.41424818001180286	0.5198211343262944	0	0.3340877218303827	0.03643739790593914	9.168813939261229	4.7825188814292647e-20	NA	NA	NA	NA	4.338595503048744e-18	UP	4.7825188814292647e-20	2	2	0	1
OIP5	3	A2780,PEO1,UWB_BRCAdef	FALSE	0.33577982230292425	0.037337189388081705	8.993173503576772	2.401926448895393e-19	0.262600275818333	0.4089593687875155	8.90756504616418e-4	1.5106122993967055	0.46986674314686017	15.58107551441463	0.34258723251538226	0.02941232475203952	11.64774411419575	2.3561356273263216e-31	NA	NA	NA	NA	2.1525628121100713e-17	UP	2.401926448895393e-19	3	3	0	1
ZBED8	2	A2780,UWB_BRCAdef	FALSE	1.3503749932657616	0.15156224303943722	8.909705782820776	5.116816715222348e-19	1.0533184554923583	1.647431531039165	0.033747774357394955	3.2591139752790683	0.07102749472203873	69.31681409164669	1.434054469158125	0.05475096697648052	26.192313092372498	3.251143491476044e-151	NA	NA	NA	NA	4.503712426666242e-17	UP	5.116816715222348e-19	2	2	0	1
C10orf25	2	A2780,PEO1	FALSE	0.29136347788108086	0.03281713486091278	8.878394750667663	6.783213801607408e-19	0.22704307547789793	0.3556838802842638	0	0.17531964070910705	0.6754267103672933	0	0.29136347788108086	0.03281713486091278	8.878394750667663	6.783213801607408e-19	NA	NA	NA	NA	5.865694882126827e-17	UP	6.783213801607408e-19	2	2	0	1
FAM134C	2	A2780,PEO1	FALSE	0.30934562366295687	0.034882527927190494	8.868211166021194	7.433027477808379e-19	0.24097712523595088	0.37771412208996286	0	0.7323296906790457	0.3921290858230561	0	0.30934562366295687	0.034882527927190494	8.868211166021194	7.433027477808379e-19	NA	NA	NA	NA	6.335974819262895e-17	UP	7.433027477808379e-19	2	2	0	1
AMOTL2	3	A2780,PEO1,UWB_BRCAdef	FALSE	0.6272029827293533	0.07072755240174675	8.867873430239943	7.455600314815336e-19	0.4885795273072603	0.7658264381514462	0.00967732847107828	6.686757928059235	0.0353174195874006	66.80046322830898	0.6914879499594275	0.024489144364411925	28.236509192387732	2.084456435575599e-175	NA	NA	NA	NA	6.335974819262895e-17	UP	7.455600314815336e-19	3	3	0	1
TIMP2	3	A2780,PEO1,UWB_BRCAdef	FALSE	0.5175650310127973	0.0584438677314065	8.855762821711211	8.311343855673999e-19	0.4030171551420179	0.6321129068835767	0.004130801959374877	2.75875197029214	0.25173559080564323	31.155175227326797	0.4960174762560456	0.026126476672151074	18.985241771415897	2.2589411645822e-80	NA	NA	NA	NA	7.022848091077225e-17	UP	8.311343855673999e-19	3	3	0	1
TMEM217	3	A2780,PEO1,UWB_BRCAdef	FALSE	0.39864802707447256	0.0452621614956436	8.80753401741191	1.2792899128975251e-18	0.3099358206805755	0.4873602334683696	5.612697057156699e-4	1.8969021407377538	0.38734052225617066	4.271775920018042	0.4015324971903393	0.04056718380696086	9.89796331687784	4.2483847623454236e-23	NA	NA	NA	NA	1.0748215876145286e-16	UP	1.2792899128975251e-18	3	3	0	1
NEFL	2	A2780,UWB_BRCAdef	FALSE	0.5235176504825754	0.05966757007389174	8.773905990042097	1.7257331928109888e-18	0.40657136209272765	0.6404639388724231	0	0.012566176891201769	0.9107449418236432	0	0.5235176504825754	0.05966757007389174	8.773905990042097	1.7257331928109888e-18	NA	NA	NA	NA	1.4417184588754854e-16	UP	1.7257331928109888e-18	2	2	0	1
C14orf159	2	A2780,PEO1	FALSE	0.4415970628377991	0.05040375326437949	8.761194042862623	1.9319291016810605e-18	0.3428075217539721	0.5403866039216261	0	0.02042937167996284	0.8863443966471662	0	0.4415970628377991	0.05040375326437949	8.761194042862623	1.9319291016810605e-18	NA	NA	NA	NA	1.604912113851564e-16	UP	1.9319291016810605e-18	2	2	0	1
SEC14L5	2	A2780,UWB_BRCAdef	FALSE	0.23126260303744695	0.02643541237506422	8.748212426434113	2.167589385570214e-18	0.17945014686585664	0.28307505920903725	0	0.028593491444692924	0.8657210515547369	0	0.23126260303744695	0.02643541237506422	8.748212426434113	2.167589385570214e-18	NA	NA	NA	NA	1.7906225834875283e-16	UP	2.167589385570214e-18	2	2	0	1
PAXIP1-AS2	2	PEO1,UWB_BRCAdef	FALSE	0.612439744968333	0.07010006170500908	8.73665058307032	2.401237551713515e-18	0.47504614871247974	0.7498333412241862	0	0.47327984729225725	0.4914821425109994	0	0.612439744968333	0.07010006170500908	8.73665058307032	2.401237551713515e-18	NA	NA	NA	NA	1.961718214209268e-16	UP	2.401237551713515e-18	2	2	0	1
SDCCAG3	2	A2780,PEO1	FALSE	0.9678958089510774	0.11140690684913677	8.687933596987547	3.690914113214947e-18	0.7495422838977607	1.186249334004394	0.016904067138782362	2.4373025124768706	0.11847981189398317	58.97103478616752	1.0308919447808322	0.03461764309702278	29.779379892835394	7.225581405826064e-195	NA	NA	NA	NA	2.9823796170551596e-16	UP	3.690914113214947e-18	2	2	0	1
VSTM5	3	A2780,PEO1,UWB_BRCAdef	TRUE	0.7973335826113732	0.09217552530361504	8.650165865451298	5.1424633610906344e-18	0.6166728727602273	0.9779942924625191	0	7.526534000223617	0.023207796514336916	0	0.7973335826113732	0.09217552530361504	8.650165865451298	5.1424633610906344e-18	0.7532241155177348	0.23545340889311792	0.0013788757534802475	0.09450746935840774	4.1326959630677834e-16	UP	5.1424633610906344e-18	3	2	1	0.6666666666666666
HDGFRP2	2	A2780,PEO1	FALSE	0.4120959291012839	0.04794526069210316	8.595133766144237	8.316785919746084e-18	0.3181249449153778	0.50606691328719	0	0.11764782533486728	0.7315997483575762	0	0.4120959291012839	0.04794526069210316	8.595133766144237	8.316785919746084e-18	NA	NA	NA	NA	6.576487347341463e-16	UP	8.316785919746084e-18	2	2	0	1
TCF24	2	A2780,UWB_BRCAdef	FALSE	0.22339921145714223	0.026015330497610293	8.587214045874342	8.910354010983504e-18	0.17241010063591958	0.27438832227836485	0	0.763543065722418	0.3822219987004402	0	0.22339921145714223	0.026015330497610293	8.587214045874342	8.910354010983504e-18	NA	NA	NA	NA	7.008372593638993e-16	UP	8.910354010983504e-18	2	1	1	0.5
MRPS18B	3	A2780,PEO1,UWB_BRCAdef	FALSE	0.2739228904992184	0.03195620233010323	8.571822385827707	1.0186010631746932e-17	0.21128988484954114	0.3365558961488957	4.430138831467476e-6	1.6235811693200333	0.44406222291871944	0.07325784547960465	0.2739401976991843	0.03191023733979565	8.584712008943603	9.106426397032255e-18	NA	NA	NA	NA	7.969340699028671e-16	UP	1.0186010631746932e-17	3	3	0	1
RELA	3	A2780,PEO1,UWB_BRCAdef	FALSE	0.43593119484964726	0.05087882615397409	8.568027759335346	1.0527242391825659e-17	0.3362105280121835	0.535651861687111	0.002721170661733793	2.580704033164479	0.27517390026267996	31.964478291959722	0.42559854485721643	0.03508988682838767	12.12880927597942	7.432223902585593e-34	NA	NA	NA	NA	8.1929649077855795e-16	UP	1.0527242391825659e-17	3	3	0	1
FLG	2	A2780,UWB_BRCAdef	FALSE	0.1325992944927385	0.01552910146727755	8.53876154857689	1.3566801426715011e-17	0.1021628149046064	0.1630357740808706	0	0.5031963818128274	0.47809901663371945	0	0.1325992944927385	0.01552910146727755	8.53876154857689	1.3566801426715011e-17	NA	NA	NA	NA	1.0340839829733756e-15	UP	1.3566801426715011e-17	2	1	1	0.5
BRMS1	3	A2780,PEO1,UWB_BRCAdef	FALSE	0.4788259986202321	0.0566947823873358	8.445680157107189	3.02280269404354e-17	0.3677062670297182	0.589945730210746	0.0025703536022987678	2.2108393104867887	0.33107191701936045	25.531957246516573	0.4748967666601991	0.046330443079672476	10.250209907199451	1.1808681308314326e-24	NA	NA	NA	NA	2.2689433216660825e-15	UP	3.02280269404354e-17	3	3	0	1
ESYT3	3	A2780,PEO1,UWB_BRCAdef	FALSE	0.2881353675577281	0.034172833868396535	8.431708317412895	3.406552151839285e-17	0.22115784392600035	0.3551128911894559	2.9950273120960536e-6	1.49307727853853	0.47400441676101274	0.016652194565293026	0.28813764974638995	0.03413467517273162	8.44120086944808	3.140938418400452e-17	NA	NA	NA	NA	2.54407508430543e-15	UP	3.406552151839285e-17	3	3	0	1
CEP162	2	A2780,UWB_BRCAdef	FALSE	0.7273293741387431	0.08727180880383413	8.334070120783256	7.810962561332798e-17	0.5562797720175626	0.8983789762599236	0	0.9440641241661449	0.33123483996125597	0	0.7273293741387431	0.08727180880383413	8.334070120783256	7.810962561332798e-17	NA	NA	NA	NA	5.7750351697214044e-15	UP	7.810962561332798e-17	2	2	0	1
C10orf76	2	A2780,PEO1	FALSE	0.3088017950062811	0.037874300596346	8.15333326672898	3.540282422394213e-16	0.23456952989779903	0.38303406011476315	0.001183712902899939	1.5295165415482108	0.21618501773358784	34.61986367353842	0.31758480766468694	0.026399311744984732	12.030041189426873	2.470374927879114e-33	NA	NA	NA	NA	2.5915918900961998e-14	UP	3.540282422394213e-16	2	2	0	1
SOX2	2	A2780,UWB_BRCAdef	FALSE	1.183096180246615	0.14556079148657602	8.127849320987808	4.369739185734846e-16	0.8978022713717815	1.4683900891214483	0.029253647882367177	2.6189916321648896	0.10559152247285486	61.81736559526967	1.263614074389188	0.05056376803747353	24.99050453385328	7.753948998235899e-138	NA	NA	NA	NA	3.183021346771486e-14	UP	4.369739185734846e-16	2	2	0	1
URM1	3	A2780,PEO1,UWB_BRCAdef	FALSE	0.3906215414892109	0.04833985359230066	8.080734889760345	6.437762790544043e-16	0.29587716943036246	0.48536591354805936	0.0018283872814687972	2.97090205596487	0.2264002048175333	20.250416105476305	0.39603311741700986	0.03629821649205657	10.910539296157346	1.0264559405380982e-27	NA	NA	NA	NA	4.643668213842671e-14	UP	6.437762790544043e-16	3	3	0	1
NFASC	2	A2780,PEO1	FALSE	1.0681806397826956	0.13219850125236401	8.080126700858449	6.46995165137938e-16	0.809076338517889	1.3272849410475023	0.02912704745913626	5.516323452268219	0.018839813610259805	81.87198396444981	0.9884420836612239	0.03879542759130864	25.4783139413745	3.4290184028092915e-143	NA	NA	NA	NA	4.644231799463441e-14	UP	6.46995165137938e-16	2	2	0	1
SH3GL1	3	A2780,PEO1,UWB_BRCAdef	FALSE	0.46064841855582006	0.057078570796180866	8.070426644015447	7.005294260095673e-16	0.3487764755062859	0.5725203616053542	2.289371123628529e-6	2.5950894117534	0.27320176089135956	0.014423003016045549	0.4606468280650982	0.05706674612924783	8.072071027526269	6.911564661489453e-16	NA	NA	NA	NA	4.980157991540131e-14	UP	7.005294260095673e-16	3	3	0	1
PRKACB	3	A2780,PEO1,UWB_BRCAdef	FALSE	0.40962779330610866	0.05083797097252347	8.05751656625913	7.786004399879923e-16	0.30998720115287	0.5092683854593474	7.962744531873596e-7	2.6251171856639326	0.26913057914439525	0.008807113979270583	0.4096267028268868	0.05083461659981629	8.05802679799039	7.753582364153458e-16	NA	NA	NA	NA	5.508691246938967e-14	UP	7.786004399879923e-16	3	3	0	1
ATF7IP2	3	A2780,PEO1,UWB_BRCAdef	FALSE	0.45272288940801425	0.05635827375941178	8.032944574218972	9.516066452817215e-16	0.3422627026087184	0.5631830762073101	2.2848388671176632e-6	1.9378580050700958	0.3794892525647146	0.01613881991898523	0.4527310114532076	0.05634709600135884	8.03468223885557	9.382173415408723e-16	NA	NA	NA	NA	6.668913489943514e-14	UP	9.516066452817215e-16	3	3	0	1
ABI3BP	3	A2780,PEO1,UWB_BRCAdef	FALSE	0.3873494327368329	0.04835806551849639	8.010027460438348	1.1468283351718408e-15	0.29256936595855176	0.4821294995151141	0	1.023930860641412	0.5993165056668287	0	0.3873494327368329	0.04835806551849639	8.010027460438348	1.1468283351718408e-15	NA	NA	NA	NA	7.961573047974652e-14	UP	1.1468283351718408e-15	3	2	1	0.6666666666666666
PPP2R5D	3	A2780,PEO1,UWB_BRCAdef	FALSE	0.17589194374325853	0.022076003951936832	7.967562613514875	1.618344696804712e-15	0.13262377107489845	0.21916011641161862	0	0.8358016576270023	0.6584275222257444	0	0.17589194374325853	0.022076003951936832	7.967562613514875	1.618344696804712e-15	NA	NA	NA	NA	1.1027863148226394e-13	UP	1.618344696804712e-15	3	3	0	1
GPSM3	3	A2780,PEO1,UWB_BRCAdef	FALSE	0.6401514915641651	0.08036997555389505	7.965057686684101	1.6514671763960755e-15	0.4826292340401662	0.7976737490881639	0	0.793570594864205	0.67247839297191	0	0.6401514915641651	0.08036997555389505	7.965057686684101	1.6514671763960755e-15	NA	NA	NA	NA	1.1201947310719617e-13	UP	1.6514671763960755e-15	3	3	0	1
SURF2	3	A2780,PEO1,UWB_BRCAdef	FALSE	0.5926163537094566	0.07447233654202079	7.957536734127775	1.754980281851136e-15	0.4466532562425497	0.7385794511763636	0.0046369404190340965	2.7012973299006235	0.25907215510308207	26.97666123374687	0.6049643412058189	0.061494056091166635	9.83776936601714	7.740802993526118e-23	NA	NA	NA	NA	1.1849723026361985e-13	UP	1.754980281851136e-15	3	3	0	1
RPS6KB2	3	A2780,PEO1,UWB_BRCAdef	FALSE	0.5492359641325344	0.06947974438680984	7.9049796308232	2.67977415316642e-15	0.4130581674793381	0.6854137607857307	0.005587023104079981	2.8001033617658644	0.2465842199220955	38.66629478133215	0.5482821925405699	0.05004542562694654	10.955690468647985	6.240066111936565e-28	NA	NA	NA	NA	1.769009839413922e-13	UP	2.67977415316642e-15	3	3	0	1
PFN4	3	A2780,PEO1,UWB_BRCAdef	FALSE	0.3606117606538501	0.04586337300889198	7.862739632864219	3.758216684244305e-15	0.27072120134689537	0.4505023199608048	0	0.32499040005562596	0.8500201702887817	0	0.3606117606538501	0.04586337300889198	7.862739632864219	3.758216684244305e-15	NA	NA	NA	NA	2.448138771362138e-13	UP	3.758216684244305e-15	3	3	0	1
CDK5R1	3	A2780,PEO1,UWB_BRCAdef	FALSE	0.34043350152904095	0.04362056327625248	7.804426994054356	5.9772495267211035e-15	0.2549387685222356	0.4259282345358463	0	0.7109783358340847	0.7008305355324272	0	0.34043350152904095	0.04362056327625248	7.804426994054356	5.9772495267211035e-15	NA	NA	NA	NA	3.8765609101589893e-13	UP	5.9772495267211035e-15	3	3	0	1
KCTD18	3	A2780,PEO1,UWB_BRCAdef	FALSE	0.38191564332233563	0.049554909248154526	7.706918428804479	1.2889212614442922e-14	0.28478980593880193	0.4790414807058693	0.0014759239502220222	1.7958921366270546	0.4074055842195144	12.005262971527014	0.3926485508064733	0.038436855665793655	10.215418093002478	1.691483612337558e-24	NA	NA	NA	NA	8.250769996959631e-13	UP	1.2889212614442922e-14	3	3	0	1
C7orf49	2	A2780,PEO1	FALSE	0.34962740897915645	0.04557923151137837	7.67076138376479	1.709783614155364e-14	0.2602937567738417	0.4389610611844712	0	0.44889196471422543	0.5028616128183825	0	0.34962740897915645	0.04557923151137837	7.67076138376479	1.709783614155364e-14	NA	NA	NA	NA	1.0850888541852089e-12	UP	1.709783614155364e-14	2	2	0	1
SULF1	2	A2780,UWB_BRCAdef	FALSE	0.33853979189111066	0.04425724607442571	7.64936415884986	2.0197551173050064e-14	0.2517971835303096	0.4252824002519117	0	0.43237545350466533	0.5108256455443704	0	0.33853979189111066	0.04425724607442571	7.64936415884986	2.0197551173050064e-14	NA	NA	NA	NA	1.2763298683585097e-12	UP	2.0197551173050064e-14	2	2	0	1
ST3GAL3	3	A2780,PEO1,UWB_BRCAdef	FALSE	0.3434717977395214	0.04523750046555658	7.592634301292524	3.1346630875979145e-14	0.2548079260764166	0.4321356694026262	0	1.1404381729876094	0.565401553285321	0	0.3434717977395214	0.04523750046555658	7.592634301292524	3.1346630875979145e-14	NA	NA	NA	NA	1.9724367266515046e-12	UP	3.1346630875979145e-14	3	3	0	1
CHST12	3	A2780,PEO1,UWB_BRCAdef	FALSE	0.5384771809842234	0.07107195071616185	7.5765076877476645	3.549806787258641e-14	0.39917871726954046	0.6777756446989063	4.016256817352894e-6	2.851099831133038	0.2403762402196163	0.015166918116009407	0.5384780236637112	0.07105447083356425	7.578383419743215	3.498870955439842e-14	NA	NA	NA	NA	2.214809829670613e-12	UP	3.549806787258641e-14	3	3	0	1
KIAA0753	3	A2780,PEO1,UWB_BRCAdef	FALSE	0.32937911629666955	0.043582473640517705	7.557604899012725	4.105588934292672e-14	0.2439590376040886	0.4147991949892505	0	0.05186924890661845	0.9743987893800735	0	0.32937911629666955	0.043582473640517705	7.557604899012725	4.105588934292672e-14	NA	NA	NA	NA	2.5401398983843406e-12	UP	4.105588934292672e-14	3	3	0	1
SLC22A5	3	A2780,PEO1,UWB_BRCAdef	FALSE	0.4536439687611931	0.060446299798407224	7.504908824429759	6.147137146795933e-14	0.3351713981576042	0.572116539364782	0.004490567532088943	2.641583516604667	0.26692387908162923	35.53455610728679	0.4860274482164955	0.032647062285374756	14.887325664037657	3.9838878203782004e-50	NA	NA	NA	NA	3.787404874569644e-12	UP	6.147137146795933e-14	3	3	0	1
HERC1	3	A2780,PEO1,UWB_BRCAdef	FALSE	0.23394345932712549	0.031435203547566445	7.442085080604996	9.910835419241706e-14	0.17233159252720953	0.29555532612704144	0	1.776219201449095	0.41143279031402824	0	0.23394345932712549	0.031435203547566445	7.442085080604996	9.910835419241706e-14	NA	NA	NA	NA	6.030926886597824e-12	UP	9.910835419241706e-14	3	3	0	1
LRWD1	3	A2780,PEO1,UWB_BRCAdef	FALSE	0.42640152615569593	0.05735779567766769	7.4340640381637915	1.0531094580257619e-13	0.3139823123948601	0.5388207399165318	1.805903578769994e-6	1.8855892687128435	0.38953769736729166	0.010900809387592301	0.42640226477422305	0.05734830399030552	7.435307325676178	1.0432512752550624e-13	NA	NA	NA	NA	6.382102276978254e-12	UP	1.0531094580257619e-13	3	3	0	1
NAALADL1	2	A2780,PEO1	FALSE	0.4477899052366206	0.06062664759448299	7.386024512385696	1.5128391556689172e-13	0.3289638594480321	0.5666159510252091	0	0.8017034018619305	0.3705845678828872	0	0.4477899052366206	0.06062664759448299	7.386024512385696	1.5128391556689172e-13	NA	NA	NA	NA	9.0568229129053765e-12	UP	1.5128391556689172e-13	2	2	0	1
GNB5	3	A2780,PEO1,UWB_BRCAdef	FALSE	0.3183759965668952	0.04337661826664639	7.339806773542423	2.1390244090901363e-13	0.23335938699312603	0.40339260614066436	9.992020062733408e-4	2.750475937334948	0.252779435061518	8.472468353421569	0.3106777558013022	0.033880040772319424	9.169934531340093	4.7330640326236985e-20	NA	NA	NA	NA	1.2651901574886338e-11	UP	2.1390244090901363e-13	3	3	0	1
ZMYND19	3	A2780,PEO1,UWB_BRCAdef	FALSE	0.6205821007819371	0.08465078872541132	7.3310846848098485	2.2829733935737977e-13	0.45466960361722164	0.7864945979466526	0.009414028456639719	3.297623330749366	0.19227826383128646	43.94021210789503	0.6320796615479373	0.0584381962552946	10.816207584276178	2.8846825896832433e-27	NA	NA	NA	NA	1.3449532896723405e-11	UP	2.2829733935737977e-13	3	3	0	1
FLYWCH1	3	A2780,PEO1,UWB_BRCAdef	FALSE	0.5595879667296533	0.07639184959482379	7.325231287076603	2.3848704099846405e-13	0.409862692811398	0.7093132406479086	0.0019612069446137983	1.3903880248744416	0.49897763072730755	9.59567206183017	0.5592515475389631	0.07018045305097997	7.968765136536176	1.6026771278339745e-15	NA	NA	NA	NA	1.3994078870017017e-11	UP	2.3848704099846405e-13	3	3	0	1
CDRT1	3	A2780,PEO1,UWB_BRCAdef	FALSE	0.209005735343361	0.02870005127950786	7.282416791101461	3.278921861145293e-13	0.15275466848107291	0.26525680220564907	0	0.9841007438834974	0.6113715690837045	0	0.209005735343361	0.02870005127950786	7.282416791101461	3.278921861145293e-13	NA	NA	NA	NA	1.9164196664330215e-11	UP	3.278921861145293e-13	3	2	1	0.6666666666666666
SAA2	2	A2780,PEO1	FALSE	0.23242033226773237	0.031924397626387956	7.280335716518554	3.32990467308204e-13	0.169849662691876	0.29499100184358873	0	0.8848617972606311	0.3468735209824418	0	0.23242033226773237	0.031924397626387956	7.280335716518554	3.32990467308204e-13	NA	NA	NA	NA	1.9385551338922885e-11	UP	3.32990467308204e-13	2	2	0	1
FBLN2	2	A2780,UWB_BRCAdef	FALSE	0.23618490642533052	0.0326158165292591	7.241422461812446	4.440029839251459e-13	0.1722590807016165	0.30011073214904455	0	0.7727386343935381	0.37937116499887336	0	0.23618490642533052	0.0326158165292591	7.241422461812446	4.440029839251459e-13	NA	NA	NA	NA	2.5646375481645048e-11	UP	4.440029839251459e-13	2	2	0	1
PACSIN3	3	A2780,PEO1,UWB_BRCAdef	FALSE	0.5814876529693038	0.0804388133380336	7.2289437006694515	4.867651559493022e-13	0.4238304758676179	0.7391448300709897	0	0.48761692132502865	0.783637717338205	0	0.5814876529693038	0.0804388133380336	7.2289437006694515	4.867651559493022e-13	NA	NA	NA	NA	2.80069897316044e-11	UP	4.867651559493022e-13	3	3	0	1
TUBG2	3	A2780,PEO1,UWB_BRCAdef	FALSE	0.3529629536940508	0.048907352415384873	7.216971196809635	5.315823062849903e-13	0.25710630438068843	0.44881960300741314	0	0.5045240023588871	0.7770411257053603	0	0.3529629536940508	0.048907352415384873	7.216971196809635	5.315823062849903e-13	NA	NA	NA	NA	3.034945005033264e-11	UP	5.315823062849903e-13	3	3	0	1
PROX2	3	A2780,PEO1,UWB_BRCAdef	FALSE	0.27395510595307926	0.03799561704982246	7.210176520987948	5.58793906614945e-13	0.19948506496505122	0.34842514694110727	0	0.8592491669891109	0.6507533524207343	0	0.27395510595307926	0.03799561704982246	7.210176520987948	5.58793906614945e-13	NA	NA	NA	NA	3.178032883505843e-11	UP	5.58793906614945e-13	3	2	1	0.6666666666666666
TRAF3IP3	2	A2780,PEO1	FALSE	0.30025745686906063	0.041729250475898115	7.195371434780086	6.229095701336962e-13	0.21846962883444943	0.38204528490367184	0	0.05793410337822573	0.8097914817136248	0	0.30025745686906063	0.041729250475898115	7.195371434780086	6.229095701336962e-13	NA	NA	NA	NA	3.529104909412631e-11	UP	6.229095701336962e-13	2	2	0	1
SLAMF8	3	A2780,PEO1,UWB_BRCAdef	FALSE	0.09972855777287572	0.013930671127956961	7.15891982926322	8.131522055815908e-13	0.0724249440816081	0.12703217146414333	0	0.2981368605732445	0.8615101594946715	0	0.09972855777287572	0.013930671127956961	7.15891982926322	8.131522055815908e-13	NA	NA	NA	NA	4.55457638785416e-11	UP	8.131522055815908e-13	3	2	1	0.6666666666666666
HMGA1	3	A2780,PEO1,UWB_BRCAdef	FALSE	0.35720261023154243	0.049921909979560586	7.155227241461536	8.353442755204618e-13	0.259357464632153	0.4550477558309319	0	1.2703386488590807	0.5298457648897145	0	0.35720261023154243	0.049921909979560586	7.155227241461536	8.353442755204618e-13	NA	NA	NA	NA	4.6612210574041765e-11	UP	8.353442755204618e-13	3	3	0	1
INPP4A	3	A2780,PEO1,UWB_BRCAdef	FALSE	0.13612288902956196	0.019074837475859103	7.136254198854251	9.590857434965225e-13	0.09873689456592322	0.1735088834932007	2.913982063355711e-6	2.0437192625435774	0.3599249896694074	0.09531340328153308	0.1360746770113628	0.0190164948395974	7.155612964383906	8.329985947550105e-13	NA	NA	NA	NA	5.311610819881303e-11	UP	9.590857434965225e-13	3	3	0	1
JMJD4	3	A2780,PEO1,UWB_BRCAdef	FALSE	0.7157268114596054	0.10117970853399806	7.073817683701958	1.5072829073338648e-12	0.5174182267667092	0.9140353961525015	0.011772522273971379	3.4530268524673433	0.17790360394834506	29.143437632440435	0.6923226772775783	0.05376010709011809	12.87800033800226	5.986661270191699e-38	NA	NA	NA	NA	8.254886055831799e-11	UP	1.5072829073338648e-12	3	3	0	1
SND1	3	A2780,PEO1,UWB_BRCAdef	FALSE	0.34869253727023686	0.04932006476684437	7.06999349896732	1.5494095585260613e-12	0.25202698661203904	0.4453580879284347	0.0020292718045809796	2.1011736520208992	0.34973245677927006	23.0642974279614	0.360184972086867	0.03693991178004883	9.750563949137588	1.8344632686046526e-22	NA	NA	NA	NA	8.454287506245339e-11	UP	1.5494095585260613e-12	3	3	0	1
PIDD1	2	A2780,UWB_BRCAdef	FALSE	2.2102576848261797	0.3127177594049946	7.067899466380221	1.572964324986206e-12	1.5973421390663285	2.823173230586031	0.11922309443555057	1.6927820651245948	0.19323463741916877	40.92565011158744	2.058689129892387	0.07085415023007474	29.05530760311844	1.3186634322703475e-185	NA	NA	NA	NA	8.55125862998935e-11	UP	1.572964324986206e-12	2	2	0	1
RASGEF1B	3	A2780,PEO1,UWB_BRCAdef	FALSE	0.23366863575907082	0.033131873367521256	7.0526840775666235	1.7549900988505774e-12	0.16873135721838736	0.29860591429975425	0	0.8350611361710076	0.6586713572179324	0	0.23366863575907082	0.033131873367521256	7.0526840775666235	1.7549900988505774e-12	NA	NA	NA	NA	9.505874942015931e-11	UP	1.7549900988505774e-12	3	3	0	1
SYTL1	3	A2780,PEO1,UWB_BRCAdef	FALSE	0.5169976190975817	0.07379878229006287	7.005503384399288	2.460993852165868e-12	0.3723546637061461	0.6616405744890173	5.471239623319426e-9	1.4712241183819752	0.47921206304859565	2.0904034043325625e-5	0.5169976086117198	0.07379876064834755	7.0055052966976366	2.4609602365716527e-12	NA	NA	NA	NA	1.3043267416479101e-10	UP	2.460993852165868e-12	3	3	0	1
COMMD6	3	A2780,PEO1,UWB_BRCAdef	FALSE	0.5607078721816358	0.0816517618874034	6.867063970460843	6.5536686960018265e-12	0.40067335960808487	0.7207423847551866	0	0.28647057081410016	0.8665501583011108	0	0.5607078721816358	0.0816517618874034	6.867063970460843	6.5536686960018265e-12	NA	NA	NA	NA	3.412292218583768e-10	UP	6.5536686960018265e-12	3	3	0	1
C4orf32	2	A2780,PEO1	FALSE	0.2817150247598239	0.04104702227914838	6.86322683394584	6.732219603346824e-12	0.20126433942007987	0.36216571009956794	0	4.2299260100270926e-4	0.9835912374468432	0	0.2817150247598239	0.04104702227914838	6.86322683394584	6.732219603346824e-12	NA	NA	NA	NA	3.492958992094368e-10	UP	6.732219603346824e-12	2	2	0	1
DEF6	3	A2780,PEO1,UWB_BRCAdef	FALSE	0.5741405999686318	0.08366422148964824	6.862438802943623	6.769474223277678e-12	0.41016173905433917	0.7381194608829243	0.00869368529986582	4.241456278299214	0.1199442605954066	41.99678256058563	0.5414424606885853	0.052249156753657974	10.36270237319531	3.6645952617928456e-25	NA	NA	NA	NA	3.5000075293568887e-10	UP	6.769474223277678e-12	3	3	0	1
MFSD13A	2	A2780,UWB_BRCAdef	FALSE	0.42705573846987155	0.062390028150702374	6.8449358195242915	7.651016523929015e-12	0.30477353030005483	0.5493379466396883	0	0.040693294432904835	0.8401310993971525	0	0.42705573846987155	0.062390028150702374	6.8449358195242915	7.651016523929015e-12	NA	NA	NA	NA	3.9283187965048034e-10	UP	7.651016523929015e-12	2	2	0	1
C2orf81	3	A2780,PEO1,UWB_BRCAdef	FALSE	0.4232066401279826	0.06263670688559861	6.756527620472429	1.4133804700625631e-11	0.3004409505220173	0.5459723297339478	5.673185782515335e-7	3.0823018316079684	0.21413450876018864	0.0036499369381293406	0.42320552947412	0.06263446432592548	6.756751798369702	1.411196292569586e-11	NA	NA	NA	NA	7.157416784525726e-10	UP	1.4133804700625631e-11	3	3	0	1
MLLT6	3	A2780,PEO1,UWB_BRCAdef	FALSE	0.6432084265040471	0.09734755502125977	6.607340331902291	3.912858264756432e-11	0.4524107246793466	0.8340061283287475	0.013875155611170965	3.983728379547942	0.13644083660594433	48.057870966153835	0.6902060982699463	0.058628488236210176	11.772537874235356	5.407292247734788e-32	NA	NA	NA	NA	1.9032708934524135e-9	UP	3.912858264756432e-11	3	3	0	1
CPXM1	2	A2780,UWB_BRCAdef	FALSE	0.15354509970240016	0.02341910859848517	6.556402394937098	5.512136853393152e-11	0.10764449029933693	0.1994457091054634	0	0.35581444104259063	0.5508400273149614	0	0.15354509970240016	0.02341910859848517	6.556402394937098	5.512136853393152e-11	NA	NA	NA	NA	2.6636590735661614e-9	UP	5.512136853393152e-11	2	2	0	1
CCHCR1	3	A2780,PEO1,UWB_BRCAdef	FALSE	0.6717609207780486	0.10256729110716233	6.549465365875683	5.774343032554104e-11	0.47073272421617507	0.8727891173399221	0.01731681291911572	4.650026643817255	0.09778214139792006	56.749732700662165	0.7208700393323915	0.057685906330813726	12.496467251435535	7.804300484514424e-36	NA	NA	NA	NA	2.7722470916356346e-9	UP	5.774343032554104e-11	3	3	0	1
C11orf84	2	A2780,PEO1	FALSE	0.33440881402653017	0.05111823500453234	6.5418693348250425	6.075457541740201e-11	0.2342189144643921	0.4345987135886682	0	0.09659982116839458	0.7559487789090625	0	0.33440881402653017	0.05111823500453234	6.5418693348250425	6.075457541740201e-11	NA	NA	NA	NA	2.9073718663337336e-9	UP	6.075457541740201e-11	2	2	0	1
RHOG	3	A2780,PEO1,UWB_BRCAdef	FALSE	0.27242320355704963	0.041750488277419534	6.525030360049414	6.798776143247036e-11	0.1905937501963456	0.35425265691775365	4.2699684184212627e-7	3.4908196539759464	0.1745734294015401	0.0037628694700037766	0.27242404327366354	0.0417469453493157	6.525604232696968	6.77279386873405e-11	NA	NA	NA	NA	3.2430162203288365e-9	UP	6.798776143247036e-11	3	3	0	1
FIBP	3	A2780,PEO1,UWB_BRCAdef	FALSE	0.2855544851866839	0.043883155934969754	6.507154718084674	7.65875225288431e-11	0.1995450800261881	0.37156389034717974	0.002261602453696808	2.71148850710901	0.25775538768356043	33.66326879424277	0.3080703054248031	0.026476120838657007	11.635779550265488	2.7110188606826773e-31	NA	NA	NA	NA	3.6414781210096554e-9	UP	7.65875225288431e-11	3	3	0	1
SNAI2	3	A2780,PEO1,UWB_BRCAdef	FALSE	2.5188165180696838	0.388276351908767	6.487174677744804	8.74609191428757e-11	1.7578088522799007	3.279824183859467	0.3975266248652644	25.461237305615256	2.959119935845026e-6	89.62602518874894	3.0588272301837933	0.07258808422560484	42.139522799319415	0	NA	NA	NA	NA	4.145142985146483e-9	UP	8.74609191428757e-11	3	3	0	1
ADM	3	A2780,PEO1,UWB_BRCAdef	FALSE	0.3268134575480641	0.05048606802682372	6.473339483962686	9.586024215739075e-11	0.2278625824944505	0.4257643326016778	9.520757552783498e-8	2.4346162191666103	0.29602596480086796	2.125542365133815e-4	0.3268136026370301	0.050485232419096256	6.473449501510296	9.579043781271766e-11	NA	NA	NA	NA	4.5287073507390955e-9	UP	9.586024215739075e-11	3	2	1	0.6666666666666666
PFKFB4	3	A2780,PEO1,UWB_BRCAdef	FALSE	0.2871651705064512	0.04444152220111351	6.461641192372481	1.0357345224791771e-10	0.2000613875741315	0.37426895343877087	8.638438798440824e-7	1.5915071865523582	0.4512410545352315	0.007648464443224995	0.28716599472415005	0.044435201539031154	6.46257887391167	1.029334617570681e-10	NA	NA	NA	NA	4.877517956655921e-9	UP	1.0357345224791771e-10	3	2	1	0.6666666666666666
VIPR2	2	A2780,PEO1	FALSE	0.1069598663225101	0.016585384378709475	6.449043560293582	1.1255821105915363e-10	0.07445311027048632	0.1394666223745339	0	1.8833592354897564e-4	0.9890505321566648	0	0.1069598663225101	0.016585384378709475	6.449043560293582	1.1255821105915363e-10	NA	NA	NA	NA	5.2670831232015966e-9	UP	1.1255821105915363e-10	2	2	0	1
KANSL1	3	A2780,PEO1,UWB_BRCAdef	FALSE	0.26057382100056603	0.040513673937966316	6.43174996667918	1.2614312250649259e-10	0.18116847920075302	0.33997916280037904	0.0013263331195339577	2.514932995672334	0.28437357569453164	21.42976019831439	0.267981354721958	0.030285565975936096	8.848484289013687	8.87159196639335e-19	NA	NA	NA	NA	5.810835989107494e-9	UP	1.2614312250649259e-10	3	3	0	1
ENG	3	A2780,PEO1,UWB_BRCAdef	FALSE	0.3757538445837033	0.05862251973367121	6.4097184203407815	1.4578864481213788e-10	0.26085581722271917	0.49065187194468746	0	0.32792668125480273	0.8487731368005502	0	0.3757538445837033	0.05862251973367121	6.4097184203407815	1.4578864481213788e-10	NA	NA	NA	NA	6.674231240981681e-9	UP	1.4578864481213788e-10	3	3	0	1
MYH9	3	A2780,PEO1,UWB_BRCAdef	FALSE	0.7601028724436105	0.11903872233737622	6.3853413201911575	1.710155942130221e-10	0.5267912638966895	0.9934144809905315	0.030848242080353496	6.006813549890617	0.04961774362016883	74.37769685355428	0.7182486751895568	0.0456334410922994	15.73952474319892	8.105011490887634e-56	NA	NA	NA	NA	7.733356549320972e-9	UP	1.710155942130221e-10	3	3	0	1
ARID5A	3	A2780,PEO1,UWB_BRCAdef	FALSE	0.41823756412710206	0.06578955125248265	6.3572034793491525	2.0545975741938808e-10	0.2892924131131841	0.54718271514102	2.7687823307596705e-6	2.379777903815582	0.3042550491335369	0.0047389970915448585	0.4182374330475703	0.06577162304885331	6.358934349801817	2.0315820541872916e-10	NA	NA	NA	NA	9.123523822704179e-9	UP	2.0545975741938808e-10	3	3	0	1
SPON1	2	A2780,UWB_BRCAdef	FALSE	0.1073680338650653	0.017000487172967226	6.315585710731461	2.6914016850128175e-10	0.07404769128641438	0.14068837644371623	0	0.2395323485257045	0.6245440814689659	0	0.1073680338650653	0.017000487172967226	6.315585710731461	2.6914016850128175e-10	NA	NA	NA	NA	1.1809423357947932e-8	UP	2.6914016850128175e-10	2	2	0	1
SLFN12	3	A2780,PEO1,UWB_BRCAdef	FALSE	0.2942269350501504	0.04713794473778	6.24182782441794	4.3248687021499943e-10	0.20183826105886227	0.38661560904143855	0.001607347812514053	2.2945559242112115	0.31749984078769167	20.987898002728457	0.2898650555243346	0.037981428613709164	7.631757574798269	2.3157460109324647e-14	NA	NA	NA	NA	1.8809362793732932e-8	UP	4.3248687021499943e-10	3	3	0	1
MVD	3	A2780,PEO1,UWB_BRCAdef	FALSE	0.9520644010733854	0.15263462901181818	6.237538671513848	4.4450924283858595e-10	0.6529060254165894	1.2512227767301813	0.04794527781710143	7.586778632689835	0.022519147845039375	71.9157809982802	0.8764327972685662	0.07186519975931736	12.195510486352418	3.2843927267952937e-34	NA	NA	NA	NA	1.9275537166727773e-8	UP	4.4450924283858595e-10	3	3	0	1
BICDL2	2	A2780,UWB_BRCAdef	FALSE	2.2438414941663396	0.36535863692862885	6.141476531194372	8.175790662742897e-10	1.5277517243455814	2.959931263987098	0.17344853994792703	2.1091168387544927	0.14642380062638033	52.58678980579685	2.4404698684528565	0.10910385538124222	22.368319248894633	8.00980628058615e-111	NA	NA	NA	NA	3.494087182947376e-8	UP	8.175790662742897e-10	2	2	0	1
NAP1L4	3	A2780,PEO1,UWB_BRCAdef	FALSE	0.42393721546657026	0.07023792987177305	6.03573049832923	1.5824516795571539e-9	0.28627340256924505	0.5616010283638955	0.010257706892308639	7.937620386975502	0.018895902233093037	71.0820535390355	0.4932568168316974	0.022785333119669193	21.647996728469984	6.348011615346197e-104	NA	NA	NA	NA	6.685632281603324e-8	UP	1.5824516795571539e-9	3	3	0	1
FAM25A	3	A2780,PEO1,UWB_BRCAdef	FALSE	1.9863050129367728	0.32960090729631253	6.026394251248455	1.6765792156656818e-9	1.340299105364275	2.6323109205092705	0.15866209732834916	5.4572829832204794	0.06530795083014643	53.81883069163493	2.082429862697984	0.14867484724791477	14.006605025970128	1.4203420235627693e-44	NA	NA	NA	NA	7.063127311124911e-8	UP	1.6765792156656818e-9	3	3	0	1
KLHL21	3	A2780,PEO1,UWB_BRCAdef	FALSE	0.5566777715734729	0.09266303729477018	6.007549372708628	1.8834846032641337e-9	0.37506155577763145	0.7382939873693143	0.014561930172192305	4.9542515505951865	0.08398426867990937	58.30048839935849	0.5260356226237953	0.05276522409903805	9.969362048694215	2.075576937817157e-23	NA	NA	NA	NA	7.886072309235132e-8	UP	1.8834846032641337e-9	3	3	0	1
GPAT2	2	A2780,PEO1	FALSE	0.38477643486524643	0.06449707332755511	5.965796818579956	2.4344306602789244e-9	0.2583644940349995	0.5111883756954934	0	0.15217204170059784	0.6964682592915359	0	0.38477643486524643	0.06449707332755511	5.965796818579956	2.4344306602789244e-9	NA	NA	NA	NA	1.0027277485666979e-7	UP	2.4344306602789244e-9	2	2	0	1
RRP1B	3	A2780,PEO1,UWB_BRCAdef	FALSE	0.3106561272452937	0.05256824975449135	5.909577143925202	3.4298702662676e-9	0.2076242509961841	0.41368800349440327	0.003767434534185927	3.0176429200329435	0.22117048267862496	37.185170385226215	0.3394886077204504	0.020460486238077988	16.592401752830543	7.909319075842294e-62	NA	NA	NA	NA	1.4049166655761494e-7	UP	3.4298702662676e-9	3	3	0	1
ATG16L2	3	A2780,PEO1,UWB_BRCAdef	FALSE	0.6170831223096227	0.10492612368418591	5.881119978919294	4.074996359571038e-9	0.41143169885122316	0.8227345457680222	0.012022310486596521	2.408536461281872	0.29991138519571703	33.146484829076876	0.6543548414604045	0.06902260819671446	9.48029723240091	2.535597783607196e-21	NA	NA	NA	NA	1.6463653324857086e-7	UP	4.074996359571038e-9	3	3	0	1
RRP36	3	A2780,PEO1,UWB_BRCAdef	FALSE	0.19513997812414455	0.033198202226837	5.878028478493812	4.151815039944528e-9	0.13007269740806662	0.26020725884022244	1.877376188938634e-7	1.957610477756653	0.37575977393724225	0.0031188028553752324	0.19514092266053853	0.03319640999520179	5.878374278686888	4.143152960793702e-9	NA	NA	NA	NA	1.672830762824516e-7	UP	4.151815039944528e-9	3	3	0	1
NR2E3	2	A2780,UWB_BRCAdef	FALSE	0.21526267646532393	0.036661366820373444	5.871648962790395	4.3148163933537455e-9	0.14340771787338027	0.2871176350572676	0	0.46632056711266034	0.4946847675628775	0	0.21526267646532393	0.036661366820373444	5.871648962790395	4.3148163933537455e-9	NA	NA	NA	NA	1.7290837400683424e-7	UP	4.3148163933537455e-9	2	1	1	0.5
PROX1	3	A2780,PEO1,UWB_BRCAdef	FALSE	0.0947781503704776	0.01617105693393897	5.860974378957392	4.601589800590879e-9	0.0630834611880105	0.1264728395529447	3.900094700405428e-6	2.121685624221931	0.3461639361920034	0.1011118069633121	0.09482300745577424	0.01606637561024145	5.901953854192833	3.59221652460644e-9	NA	NA	NA	NA	1.8390191454415494e-7	UP	4.601589800590879e-9	3	3	0	1
STAP2	3	A2780,PEO1,UWB_BRCAdef	FALSE	0.34571348402594604	0.059065296117627654	5.8530728998202735	4.825724708818755e-9	0.22994763089920237	0.46147933715268974	0	0.8337887565961337	0.6590905305314244	0	0.34571348402594604	0.059065296117627654	5.8530728998202735	4.825724708818755e-9	NA	NA	NA	NA	1.923395991086332e-7	UP	4.825724708818755e-9	3	3	0	1
BRWD1	3	A2780,PEO1,UWB_BRCAdef	FALSE	0.23904003959425377	0.04084659226223675	5.852141546095381	4.85283338687175e-9	0.1589821898690773	0.31909788931943023	0	0.1079533004575254	0.9474542290830256	0	0.23904003959425377	0.04084659226223675	5.852141546095381	4.85283338687175e-9	NA	NA	NA	NA	1.9290012712815206e-7	UP	4.85283338687175e-9	3	3	0	1
CFAP58	2	A2780,UWB_BRCAdef	FALSE	0.24680829132747756	0.042194198408785355	5.849341867722009	4.9352181594267886e-9	0.16410918208972103	0.3295074005652341	0	0.019284142208515508	0.8895549681281366	0	0.24680829132747756	0.042194198408785355	5.849341867722009	4.9352181594267886e-9	NA	NA	NA	NA	1.9564898370896493e-7	UP	4.9352181594267886e-9	2	2	0	1
TST	3	A2780,PEO1,UWB_BRCAdef	FALSE	0.8497604396899606	0.14574855144606927	5.830318251940871	5.532176408727767e-9	0.5640985280567816	1.1354223513231396	0.03233808884167587	3.822198459265354	0.14791770167692117	49.05450834641718	0.9327026076142756	0.07972076968454186	11.699618697925466	1.2802747269698695e-31	NA	NA	NA	NA	2.1700585703571206e-7	UP	5.532176408727767e-9	3	3	0	1
BAK1	3	A2780,PEO1,UWB_BRCAdef	FALSE	0.3440969063215481	0.05914393803449875	5.817957304784741	5.957111192774018e-9	0.2281769178700619	0.4600168947730343	0	0.12013303193596508	0.9417018932879988	0	0.3440969063215481	0.05914393803449875	5.817957304784741	5.957111192774018e-9	NA	NA	NA	NA	2.3242164434709604e-7	UP	5.957111192774018e-9	3	3	0	1
SPATA12	3	A2780,PEO1,UWB_BRCAdef	FALSE	0.16782658277553228	0.028992190650392234	5.788682366203389	7.094070088792287e-9	0.11100293326784462	0.22465023228321995	0	0.8982080468164895	0.638199707531993	0	0.16782658277553228	0.028992190650392234	5.788682366203389	7.094070088792287e-9	NA	NA	NA	NA	2.7460736754704593e-7	UP	7.094070088792287e-9	3	2	1	0.6666666666666666
TOMM20L	2	A2780,PEO1	FALSE	0.396298952797711	0.06848746611242204	5.786444955449031	7.189162957781046e-9	0.2620659858249564	0.5305319197704657	0	0.03247512223255371	0.8569888447801545	0	0.396298952797711	0.06848746611242204	5.786444955449031	7.189162957781046e-9	NA	NA	NA	NA	2.775617562838338e-7	UP	7.189162957781046e-9	2	2	0	1
ARNT2	3	A2780,PEO1,UWB_BRCAdef	FALSE	0.26158372496524424	0.045457258304539803	5.754498505228151	8.689937425406638e-9	0.17248913585241193	0.35067831407807654	0	0.051691021679188126	0.9744856254464752	0	0.26158372496524424	0.045457258304539803	5.754498505228151	8.689937425406638e-9	NA	NA	NA	NA	3.3289664432509836e-7	UP	8.689937425406638e-9	3	3	0	1
ACTR10	3	A2780,PEO1,UWB_BRCAdef	FALSE	0.19392832110447755	0.03373853295507871	5.747977286466015	9.03173679937114e-9	0.12780201162130556	0.26005463058764955	0	0.04289608053972391	0.9787803333098916	0	0.19392832110447755	0.03373853295507871	5.747977286466015	9.03173679937114e-9	NA	NA	NA	NA	3.4420693827912647e-7	UP	9.03173679937114e-9	3	3	0	1
RANGAP1	3	A2780,PEO1,UWB_BRCAdef	FALSE	0.49098761394949286	0.08597542348367665	5.710790293957809	1.1245274329036912e-8	0.32247888036590744	0.6594963475330783	0.007133997523839597	2.662032646227144	0.2642086034908462	29.18922489811299	0.4680317070376244	0.06448235848582289	7.258290763985099	3.920121846135504e-13	NA	NA	NA	NA	4.263689012909457e-7	UP	1.1245274329036912e-8	3	3	0	1
ALDH1A2	2	A2780,UWB_BRCAdef	FALSE	0.12147432276202304	0.02131759389794246	5.698313015229526	1.209987437587195e-8	0.07969260648500501	0.16325603903904107	0	0.15633542637519496	0.6925530591108827	0	0.12147432276202304	0.02131759389794246	5.698313015229526	1.209987437587195e-8	NA	NA	NA	NA	4.5759806239390926e-7	UP	1.209987437587195e-8	2	1	1	0.5
TDP2	3	A2780,PEO1,UWB_BRCAdef	FALSE	0.22753155351443421	0.0399696013799197	5.692615028899028	1.2510825643482601e-8	0.14919257433336916	0.30587053269549924	0	0.8345542551758292	0.6588383123701583	0	0.22753155351443421	0.0399696013799197	5.692615028899028	1.2510825643482601e-8	NA	NA	NA	NA	4.7073175264676136e-7	UP	1.2510825643482601e-8	3	3	0	1
WWC1	3	A2780,PEO1,UWB_BRCAdef	FALSE	1.2355350217212888	0.21748842598006896	5.680923093509884	1.3396971114426e-8	0.8092655397460483	1.6618045036965294	0.131380973265644	36.59697821608787	1.1299706239799684e-8	94.87404051038364	1.5630135192840258	0.019512212979660475	80.10436955117856	0	NA	NA	NA	NA	5.015215490354868e-7	UP	1.3396971114426e-8	3	3	0	1
EYA2	2	A2780,UWB_BRCAdef	FALSE	2.973470444008681	0.523620239112231	5.678677449615078	1.3574016795280491e-8	1.9471936337724571	3.9997472542449053	0.37013819804836146	2.088008514032767	0.14845948796172898	52.1074749801375	3.2831037665120117	0.03148599894810649	104.27186292939426	0	NA	NA	NA	NA	5.06866127151042e-7	UP	1.3574016795280491e-8	2	2	0	1
SOCS1	2	A2780,PEO1	FALSE	0.45420496857583753	0.08067746985597787	5.6298861303740155	1.8032863417216573e-8	0.29608003329430505	0.61232990385737	0	0.481208404879124	0.4878754681576952	0	0.45420496857583753	0.08067746985597787	5.6298861303740155	1.8032863417216573e-8	NA	NA	NA	NA	6.716673837541095e-7	UP	1.8032863417216573e-8	2	2	0	1
INPP5E	3	A2780,PEO1,UWB_BRCAdef	FALSE	0.33829093650706105	0.06023165777491796	5.616497187761853	1.9486742009370707e-8	0.22023905653907994	0.45634281647504216	3.3518644484415174e-6	2.2707900020366654	0.3212951843409209	0.024519749636979952	0.33828032713825873	0.060218597880729224	5.617539083328825	1.9369636980672787e-8	NA	NA	NA	NA	7.221815892044227e-7	UP	1.9486742009370707e-8	3	3	0	1
CNTROB	3	A2780,PEO1,UWB_BRCAdef	FALSE	0.3845155119088163	0.069076199432957	5.566541226432324	2.5984532619009458e-8	0.24912864883131447	0.5199023749863181	0.008489941391083422	5.34435001792459	0.06910176478444918	61.29082167633588	0.38724733703853026	0.03902341864420466	9.923460078401924	3.291439657589633e-23	NA	NA	NA	NA	9.463873986140218e-7	UP	2.5984532619009458e-8	3	3	0	1
CHPF2	3	A2780,PEO1,UWB_BRCAdef	FALSE	0.5883927672122381	0.10600360567841656	5.55068635115344	2.8455020742039824e-8	0.38062951785115606	0.7961560165733201	0.022506570254347734	6.27858074128681	0.04331352354661303	72.82688837366726	0.5521267495692214	0.04776367794951672	11.559552640665267	6.605199345287569e-31	NA	NA	NA	NA	1.0287637939181977e-6	UP	2.8455020742039824e-8	3	3	0	1
TMEM141	3	A2780,PEO1,UWB_BRCAdef	FALSE	0.7033278630155427	0.12672370000286545	5.550089391326478	2.8552356527552568e-8	0.4549539750222681	0.9517017510088174	0.039165183914592124	9.877379787558825	0.007163977798828915	83.08545389504009	0.7240588588834331	0.047470651821513214	15.25276841796592	1.5779825048132809e-52	NA	NA	NA	NA	1.0297651121290727e-6	UP	2.8552356527552568e-8	3	3	0	1
HYAL3	3	A2780,PEO1,UWB_BRCAdef	FALSE	0.5560463490623022	0.10022949224281663	5.547731876314614	2.893992203083875e-8	0.3596001540776449	0.7524925440469595	0.01252213381757455	3.1302471887934304	0.2090621726633384	41.088448969034324	0.5772738344553279	0.05945620855023079	9.709227152747651	2.754174448746832e-22	NA	NA	NA	NA	1.0412034721898116e-6	UP	2.893992203083875e-8	3	3	0	1
H2AFJ	2	A2780,PEO1	FALSE	0.5147885848740354	0.09330538513684467	5.517244091742723	3.443569944703995e-8	0.33191339044218104	0.6976637793058899	0	0.6693918829375195	0.41326370466282775	0	0.5147885848740354	0.09330538513684467	5.517244091742723	3.443569944703995e-8	NA	NA	NA	NA	1.2299533519888402e-6	UP	3.443569944703995e-8	2	2	0	1
SDR16C5	3	A2780,PEO1,UWB_BRCAdef	FALSE	0.1356316236009822	0.024589203251640556	5.515901520393226	3.469965365283702e-8	0.08743767081923151	0.18382557638273286	0	1.1130380246362406	0.573200900331679	0	0.1356316236009822	0.024589203251640556	5.515901520393226	3.469965365283702e-8	NA	NA	NA	NA	1.2363946471433759e-6	UP	3.469965365283702e-8	3	3	0	1
SLC9A1	3	A2780,PEO1,UWB_BRCAdef	FALSE	0.6432307846908716	0.11666310025017554	5.5135752719712565	3.516165517117851e-8	0.41457530987574176	0.8718862595060014	0.02976547969683812	6.310648336288852	0.042624581221407734	75.77947533445705	0.7218161089090358	0.04250848484070764	16.980518398006954	1.144704782968009e-64	NA	NA	NA	NA	1.2468474700628694e-6	UP	3.516165517117851e-8	3	3	0	1
TMEM5	2	A2780,PEO1	FALSE	0.3286739833946988	0.06006597933500804	5.471882537061023	4.452799462220548e-8	0.2109468272019559	0.44640113958744165	0	0.9972231983243827	0.31798334674657974	0	0.3286739833946988	0.06006597933500804	5.471882537061023	4.452799462220548e-8	NA	NA	NA	NA	1.563979706599887e-6	UP	4.452799462220548e-8	2	2	0	1
ADPRHL2	3	A2780,PEO1,UWB_BRCAdef	FALSE	0.3575132419613821	0.06540161306944221	5.466428505085665	4.591935106504737e-8	0.2293284358144513	0.48569804810831296	0.005582148647073043	3.3003269223600675	0.19201851848167006	43.60545639009253	0.34662600930544724	0.04573499701265916	7.579010209829102	3.4820111134231287e-14	NA	NA	NA	NA	1.6090271189546337e-6	UP	4.591935106504737e-8	3	3	0	1
SMAD5	3	A2780,PEO1,UWB_BRCAdef	FALSE	0.23037160240848045	0.04222189842141817	5.456211374228933	4.864008765290086e-8	0.14761820214359228	0.3131250026733686	0	1.3958531038689617	0.497616015823587	0	0.23037160240848045	0.04222189842141817	5.456211374228933	4.864008765290086e-8	NA	NA	NA	NA	1.7003332768875769e-6	UP	4.864008765290086e-8	3	3	0	1
RP1L1	2	A2780,PEO1	FALSE	0.24208987844231644	0.04446049147534829	5.445056282757162	5.178900758483414e-8	0.1549489164156837	0.3292308404689492	0.0019376173706025322	1.6732661564254045	0.19582163026693988	40.23664459118094	0.22811183324446693	0.026790311886298223	8.514713610375459	1.670025129435367e-17	NA	NA	NA	NA	1.8024183857768929e-6	UP	5.178900758483414e-8	2	2	0	1
NEDD8-MDP1	2	PEO1,UWB_BRCAdef	FALSE	0.3272297252906943	0.060097239305292066	5.445004280951704	5.1804139714288194e-8	0.2094413006820369	0.4450181498993516	0	0.7941582048625141	0.3728457298808202	0	0.3272297252906943	0.060097239305292066	5.445004280951704	5.1804139714288194e-8	NA	NA	NA	NA	1.8024183857768929e-6	UP	5.1804139714288194e-8	2	1	1	0.5
EEFSEC	3	A2780,PEO1,UWB_BRCAdef	FALSE	0.31107794150743173	0.057646188024113254	5.396331521128658	6.801721975702752e-8	0.1980934891341456	0.42406239388071787	0.0036447886892277746	2.27226048325252	0.3210590418956573	25.43815496533352	0.33213582662761454	0.028605165163191174	11.611043835363112	3.621671368916048e-31	NA	NA	NA	NA	2.3444536795971235e-6	UP	6.801721975702752e-8	3	3	0	1
STK10	3	A2780,PEO1,UWB_BRCAdef	FALSE	1.0016129703236962	0.18599614819486165	5.385127488093685	7.239331782702798e-8	0.6370672185985928	1.3661587220487996	0.09627243306059415	28.90247011283997	5.29551689922116e-7	95.46722188424191	0.9524794868526897	0.032150183246108216	29.625942706500357	6.924767182627547e-193	NA	NA	NA	NA	2.489488350484332e-6	UP	7.239331782702798e-8	3	3	0	1
TRAPPC1	3	A2780,PEO1,UWB_BRCAdef	FALSE	0.3967925650682085	0.07380336643391282	5.376347777082989	7.601190526090402e-8	0.25214062491992706	0.5414445052164899	0.007893023039685053	3.4845599248426	0.17512067655049862	45.34951507789269	0.3502263774149597	0.040406755916613885	8.667520306201036	4.416328985325992e-18	NA	NA	NA	NA	2.6018241738263604e-6	UP	7.601190526090402e-8	3	3	0	1
C8orf44	3	A2780,PEO1,UWB_BRCAdef	FALSE	0.3828714028733923	0.07139940784958962	5.362389050620017	8.212841370352128e-8	0.2429311349707102	0.5228116707760744	0	1.7229122474589886	0.4225463543650989	0	0.3828714028733923	0.07139940784958962	5.362389050620017	8.212841370352128e-8	NA	NA	NA	NA	2.804694811625795e-6	UP	8.212841370352128e-8	3	3	0	1
SLF2	2	A2780,UWB_BRCAdef	FALSE	0.3182310029831832	0.05957112606046399	5.342034371822726	9.1909221794891293e-08	0.20147374138617835	0.434988264580188	0	0.2646573171522656	0.6069384184473384	0	0.3182310029831832	0.05957112606046399	5.342034371822726	9.1909221794891293e-08	NA	NA	NA	NA	3.12427968432427e-6	UP	9.1909221794891293e-08	2	2	0	1
MRPS18A	3	A2780,PEO1,UWB_BRCAdef	FALSE	0.21829601716379315	0.04088045003714892	5.339863356822711	9.301666288031034e-8	0.13817180741919216	0.29842022690839415	1.7468729342274023e-7	2.29480416126292	0.3174604356210003	0.0024043227275669294	0.21829561992415328	0.04087929633378516	5.340004342093833	9.294435537767986e-8	NA	NA	NA	NA	3.15467292204392e-6	UP	9.301666288031034e-8	3	3	0	1
ACMSD	2	A2780,PEO1	FALSE	0.21399501262225748	0.0402538061598384	5.316143565965752	1.0598953559655373e-7	0.13509900230831765	0.2928910229361973	0	0.2977293366326452	0.5853094368148605	0	0.21399501262225748	0.0402538061598384	5.316143565965752	1.0598953559655373e-7	NA	NA	NA	NA	3.5700848812442826e-6	UP	1.0598953559655373e-7	2	2	0	1
UBE2O	3	A2780,PEO1,UWB_BRCAdef	TRUE	0.2564738232023076	0.04845510811145071	5.293019316196691	1.2031320660031833e-7	0.1615035564368696	0.3514440899677456	0	4.151318551940501	0.12547367843786952	0	0.2564738232023076	0.04845510811145071	5.293019316196691	1.2031320660031833e-7	0.28533808062656063	0.07825212910612087	2.6594628599477125e-4	0.009322012456908845	4.015962496611529e-6	UP	1.2031320660031833e-7	3	3	0	1
PPP1R26	3	A2780,PEO1,UWB_BRCAdef	FALSE	0.731544554001295	0.13824011143778636	5.291840019461498	1.210917995878892e-7	0.46059891436443023	1.0024901936381598	0.04586922578446279	16.176278218393698	3.071608183690393e-4	85.95985056153663	0.789334173920695	0.04553696366665739	17.333921947427804	2.6091344076726858e-67	NA	NA	NA	NA	4.030054445301159e-6	UP	1.210917995878892e-7	3	3	0	1
SPRTN	3	A2780,PEO1,UWB_BRCAdef	FALSE	0.2620971315297631	0.0495854056765584	5.285771649009016	1.2517596386093404e-7	0.1649115222449007	0.3592827408146255	0.001200656765823285	3.083040586328758	0.21405542692699192	13.75345779441619	0.26596131646704235	0.04354932174750615	6.107128786277197	1.0143938593672398e-9	NA	NA	NA	NA	4.1501725955417744e-6	UP	1.2517596386093404e-7	3	3	0	1
FAM196B	2	A2780,PEO1	FALSE	0.08062597958097321	0.015269417745228175	5.2802261963243184	1.2902450108090384e-7	0.0506984707354292	0.11055348842651723	0	0.010357903868506019	0.9189362319563664	0	0.08062597958097321	0.015269417745228175	5.2802261963243184	1.2902450108090384e-7	NA	NA	NA	NA	4.25867253902528e-6	UP	1.2902450108090384e-7	2	2	0	1
NSMF	3	A2780,PEO1,UWB_BRCAdef	FALSE	0.5763822962953526	0.10929197219888667	5.27378438414916	1.3363890686213494e-7	0.36217396698618193	0.7905906256045234	0.025248720826217274	8.315301707284611	0.01564426545663023	72.17564839382993	0.6671091554790718	0.04391462480801001	15.191047592814485	4.053887643970687e-52	NA	NA	NA	NA	4.40115482354207e-6	UP	1.3363890686213494e-7	3	3	0	1
POC1A	3	A2780,PEO1,UWB_BRCAdef	FALSE	0.5999278688346426	0.1137685864636613	5.273229522160451	1.340437506041936e-7	0.37694553679383536	0.8229102008754497	0.03228831384355796	19.64556846109609	5.420246176411304e-5	86.3745169436714	0.6912416913537363	0.0337020307702408	20.510386927903138	1.7390547697313725e-93	NA	NA	NA	NA	4.404677644853802e-6	UP	1.340437506041936e-7	3	3	0	1
TMEM134	3	A2780,PEO1,UWB_BRCAdef	FALSE	0.5898347428333133	0.11197281364543578	5.26766027958391	1.381735058659953e-7	0.37037206084064406	0.8092974248259825	0.02035586951029325	5.431524668290049	0.06615450194355371	61.68992167048724	0.5563898646952087	0.05733072897958421	9.704915227806403	2.8731504490686903e-22	NA	NA	NA	NA	4.530314038227212e-6	UP	1.381735058659953e-7	3	3	0	1
ANGPT1	2	A2780,UWB_BRCAdef	FALSE	0.2295641213929714	0.04372128149042558	5.25062654998443	1.5158272160832e-7	0.14387198431379955	0.3152562584721432	0	0.018147726555227423	0.8928384005821497	0	0.2295641213929714	0.04372128149042558	5.25062654998443	1.5158272160832e-7	NA	NA	NA	NA	4.948021422565626e-6	UP	1.5158272160832e-7	2	2	0	1
APOBEC3C	3	A2780,PEO1,UWB_BRCAdef	FALSE	0.49559042956391347	0.09448762406182727	5.245030071235864	1.5625683948855856e-7	0.3103980894179718	0.6807827697098552	0.015642184497691457	4.5340547067929915	0.10361974760260768	56.93996930155165	0.5494841652028187	0.037038305013128096	14.835564559664812	8.627502454596708e-50	NA	NA	NA	NA	5.078175572565529e-6	UP	1.5625683948855856e-7	3	3	0	1
MPLKIP	3	A2780,PEO1,UWB_BRCAdef	FALSE	0.32176708478361726	0.061383458130911665	5.241918500215302	1.589155636008855e-7	0.20145771760050807	0.44207645196672646	0.0016027237297983647	1.70664429882614	0.4259973516939026	12.43768117924266	0.31672211854737203	0.05525387243488714	5.732125271773613	9.91799756253522e-9	NA	NA	NA	NA	5.1532553486102945e-6	UP	1.589155636008855e-7	3	3	0	1
IFT22	2	A2780,UWB_BRCAdef	FALSE	0.4053041384971565	0.07736343323092029	5.238962667121736	1.6148169794681356e-7	0.2536745956441836	0.5569336813501294	0.00588517653114188	1.3953374101822846	0.2375058027547423	28.33274642372257	0.37907827596866606	0.03609353538302365	10.502664035149158	8.397611661478027e-26	NA	NA	NA	NA	5.225010651071186e-6	UP	1.6148169794681356e-7	2	2	0	1
WDR59	3	A2780,PEO1,UWB_BRCAdef	FALSE	0.32364447923883644	0.06180113966401021	5.236869109507866	1.6332343178823998e-7	0.20251647129384662	0.4447724871838262	0.006457273162396404	4.360663324962511	0.11300404522250972	53.97439385888107	0.37535019441011197	0.02347557357939912	15.988967985834382	1.5253703458169714e-57	NA	NA	NA	NA	5.27306459793167e-6	UP	1.6332343178823998e-7	3	3	0	1
FRAS1	3	A2780,PEO1,UWB_BRCAdef	FALSE	0.14486247865841992	0.027669815668919844	5.2353973149570665	1.646303325723975e-7	0.09063063648847497	0.19909432082836487	1.4359511778940404e-6	2.242536548143547	0.32586624472211745	0.01992584884274567	0.14487708726714468	0.02764936985545918	5.2397970740204665	1.6075326875029612e-7	NA	NA	NA	NA	5.303679145420571e-6	UP	1.646303325723975e-7	3	2	1	0.6666666666666666
ZER1	3	A2780,PEO1,UWB_BRCAdef	FALSE	0.4982184781619824	0.09525287823010938	5.230482137856238	1.6906851291249337e-7	0.3115262674071887	0.6849106889167761	0.018641672884807257	10.980231321845089	0.004127366771599071	78.29518755787755	0.5772235602835851	0.0269016356242028	21.456820259816098	3.943692112044591e-102	NA	NA	NA	NA	5.423028417433925e-6	UP	1.6906851291249337e-7	3	3	0	1
ORAI3	3	A2780,PEO1,UWB_BRCAdef	FALSE	0.3112716064490926	0.060432763036152755	5.150709496153274	2.5950288022370863e-7	0.19282556741198975	0.4297176454861954	0.003578663282900121	1.9139177261803497	0.3840590880544515	19.805630660260043	0.33691668452987455	0.033222884729822384	10.141102654684369	3.629789726476717e-24	NA	NA	NA	NA	8.164402318868041e-6	UP	2.5950288022370863e-7	3	3	0	1
PAPSS1	3	A2780,PEO1,UWB_BRCAdef	FALSE	0.17551509975152899	0.034095720109720146	5.147716463729782	2.6367664575863627e-7	0.10868871630951944	0.24234148319353854	6.897866964104331e-4	2.099828435516324	0.3499677688433394	8.692653506589581	0.1826908205649194	0.025196728563064503	7.250576998822104	4.1499987109737785e-13	NA	NA	NA	NA	8.260564747527445e-6	UP	2.6367664575863627e-7	3	3	0	1
CFAP52	2	A2780,UWB_BRCAdef	FALSE	0.2817882341748544	0.05481314754638032	5.140887666347172	2.7344350937531507e-7	0.17435643910466891	0.38922002924503984	0	0.0021750387102003254	0.9628022950663773	0	0.2817882341748544	0.05481314754638032	5.140887666347172	2.7344350937531507e-7	NA	NA	NA	NA	8.548433769836753e-6	UP	2.7344350937531507e-7	2	2	0	1
DUSP14	3	A2780,PEO1,UWB_BRCAdef	FALSE	0.5325184738347737	0.10378293562189565	5.131079311293112	2.8808548302916436e-7	0.3291076578060192	0.7359292898635281	0.02481890561252092	7.918289907915202	0.01907942110258607	78.96929499599246	0.5645471203950901	0.04423002582220953	12.763888555353503	2.608472864766875e-37	NA	NA	NA	NA	8.968252710636323e-6	UP	2.8808548302916436e-7	3	3	0	1
SOCS3	3	A2780,PEO1,UWB_BRCAdef	FALSE	0.9008969165250631	0.17571043188503888	5.127168073404362	2.9413291872631466e-7	0.5565107983224086	1.2452830347277177	0.05923719056537283	5.731392584362075	0.056943468033530925	65.75644652282836	1.0558703817787884	0.06751948725782918	15.638009479350062	4.0107002994657536e-55	NA	NA	NA	NA	9.118120480515755e-6	UP	2.9413291872631466e-7	3	3	0	1
FAM127A	2	A2780,PEO1	FALSE	0.3112830380247126	0.060856443802416234	5.115038253555549	3.136773795353901e-7	0.192006599944791	0.4305594761046342	0	0.3191133110126563	0.5721410003957605	0	0.3112830380247126	0.060856443802416234	5.115038253555549	3.136773795353901e-7	NA	NA	NA	NA	9.703655671945217e-6	UP	3.136773795353901e-7	2	2	0	1
C9orf69	2	A2780,PEO1	FALSE	0.31849041346620816	0.06240408975683643	5.103678536250378	3.33113945049527e-7	0.19618064505480387	0.44080018187761244	0	0.866821616193636	0.3518367250196299	0	0.31849041346620816	0.06240408975683643	5.103678536250378	3.33113945049527e-7	NA	NA	NA	NA	1.019825239223055e-5	UP	3.33113945049527e-7	2	2	0	1
GTF3C5	3	A2780,PEO1,UWB_BRCAdef	FALSE	0.9209749805435992	0.18068950875089362	5.097003068469765	3.4507273752257426e-7	0.5668300510076127	1.2751199100795856	0.09035004150775258	32.2169818527248	1.009650997992292e-7	93.66113156158247	1.0864738408410948	0.03906000606484649	27.815506199291338	2.816795569742008e-170	NA	NA	NA	NA	1.0542542499475838e-5	UP	3.4507273752257426e-7	3	3	0	1
COX15	3	A2780,PEO1,UWB_BRCAdef	FALSE	0.3581457700011925	0.07051556777511514	5.07896031048596	3.795059750594049e-7	0.21993779681257364	0.4963537431898114	0.009659556985183653	5.937596273742238	0.051365006957019434	65.52440301273306	0.42023453907896874	0.027996856012904862	15.010061804270665	6.308889432707343e-51	NA	NA	NA	NA	1.1570628563306021e-5	UP	3.795059750594049e-7	3	3	0	1
ST3GAL5	2	A2780,UWB_BRCAdef	FALSE	0.35528349138370624	0.07014766667974677	5.0647941435560915	4.0884190775181203e-7	0.21779659109188218	0.4927703916755303	0	0.1508093090764081	0.6977631502648989	0	0.35528349138370624	0.07014766667974677	5.0647941435560915	4.0884190775181203e-7	NA	NA	NA	NA	1.2388412479356647e-5	UP	4.0884190775181203e-7	2	2	0	1
IKBKAP	2	A2780,PEO1	FALSE	0.15522559829616897	0.030707396816144403	5.0549904710437445	4.304122582291778e-7	0.09504020647754602	0.21541099011479192	0	0.7522936516300838	0.38575101731028094	0	0.15522559829616897	0.030707396816144403	5.0549904710437445	4.304122582291778e-7	NA	NA	NA	NA	1.2988787882520107e-5	UP	4.304122582291778e-7	2	2	0	1
AIP	3	A2780,PEO1,UWB_BRCAdef	FALSE	0.4369753935309763	0.08666704551466513	5.0420017312928325	4.6068711922913195e-7	0.26711110567573904	0.6068396813862136	0.01105545737724671	3.9358336146582	0.13974767452593997	49.91002571911833	0.44125753633674214	0.055004718628194824	8.022176048557375	1.0388810180579764e-15	NA	NA	NA	NA	1.376198067079025e-5	UP	4.6068711922913195e-7	3	3	0	1
C16orf59	2	A2780,PEO1	FALSE	0.319580547470831	0.06351934394115814	5.031231867994071	4.873383244337111e-7	0.19508492102454855	0.4440761739171134	0	0.9395336331334357	0.33239780814223624	0	0.319580547470831	0.06351934394115814	5.031231867994071	4.873383244337111e-7	NA	NA	NA	NA	1.4441426459722016e-5	UP	4.873383244337111e-7	2	2	0	1
ATG2A	3	A2780,PEO1,UWB_BRCAdef	FALSE	0.7410655677729268	0.14780743183264256	5.0137233194878235	5.338673938501643e-7	0.4513683247335883	1.0307628108122653	0.052579921894336	20.906097719776245	2.886014847730206e-5	88.64032968075279	0.6742734782139979	0.04237338636873652	15.912664433907107	5.176286792830912e-57	NA	NA	NA	NA	1.575708014543389e-5	UP	5.338673938501643e-7	3	3	0	1
AKIRIN2	3	A2780,PEO1,UWB_BRCAdef	FALSE	0.3519148348023672	0.07022283156555628	5.011401946585397	5.403491489744868e-7	0.21428061404145443	0.48954905556327993	0.00916301216520623	4.7773298804433875	0.09175209667897019	64.14262565182722	0.3748056091944091	0.029570259294475647	12.675087000824194	8.12684708590648e-37	NA	NA	NA	NA	1.591661925475246e-5	UP	5.403491489744868e-7	3	3	0	1
PEX12	3	A2780,PEO1,UWB_BRCAdef	FALSE	0.26639863402718506	0.05317581485834997	5.0097706022337265	5.449495289443289e-7	0.16217595205624924	0.37062131599812087	0.0026593994115634216	1.7695808741917705	0.4128006719229083	19.819305074196624	0.28635267941073356	0.031141618534019103	9.195176515887313	3.743794198464339e-20	NA	NA	NA	NA	1.598842992956308e-5	UP	5.449495289443289e-7	3	3	0	1
NTMT1	3	A2780,PEO1,UWB_BRCAdef	FALSE	0.4681844252309096	0.0935663782970426	5.003767739567491	5.622048927810749e-7	0.28479769360485596	0.6515711568569632	0.01387671695036294	4.290100664722907	0.1170621448816557	53.36674413850471	0.48882425236662574	0.0612391029872095	7.982224241082081	1.4371962609860267e-15	NA	NA	NA	NA	1.642949357619319e-5	UP	5.622048927810749e-7	3	3	0	1
PRR4	2	A2780,PEO1	FALSE	0.7700726391594162	0.15542397810866723	4.9546578882507255	7.24576605568803e-7	0.46544723973248664	1.0746980385863456	0.0332734939022344	3.20230463472405	0.07353457993518497	68.77249000121525	0.7829853865290647	0.08627951586125633	9.07498586093322	1.1369226171704554e-19	NA	NA	NA	NA	2.100845934616841e-5	UP	7.24576605568803e-7	2	2	0	1
GSTK1	3	A2780,PEO1,UWB_BRCAdef	FALSE	0.8067693719353505	0.16294931253977654	4.951044956009956	7.381604760679663e-7	0.4873945880518275	1.1261441558188734	0.07111515962606306	13.618750571772935	0.001103381982992736	91.35425412956793	0.829238594931953	0.02585605009441392	32.07135629394167	1.1062480228195841e-225	NA	NA	NA	NA	2.1360428492401207e-5	UP	7.381604760679663e-7	3	3	0	1
AGAP2	2	A2780,PEO1	FALSE	0.27081270215374553	0.05481522276424274	4.940465230224386	7.79363901898268e-7	0.16337683973128966	0.3782485645762014	0	0.14741127787312466	0.7010216112729979	0	0.27081270215374553	0.05481522276424274	4.940465230224386	7.79363901898268e-7	NA	NA	NA	NA	2.2508699252675174e-5	UP	7.79363901898268e-7	2	2	0	1
TMEM139	3	A2780,PEO1,UWB_BRCAdef	FALSE	1.0930280024141024	0.22197217046113366	4.92416684552574	8.472053027787897e-7	0.6579705427400948	1.52808546208811	0.127913736731693	20.87293352406848	2.93427000853673e-5	90.4979746813321	1.3138253646368558	0.05462733862989938	24.050693253391536	8.209502734187435e-128	NA	NA	NA	NA	2.4372810918657517e-5	UP	8.472053027787897e-7	3	3	0	1
TRIM31	3	A2780,PEO1,UWB_BRCAdef	FALSE	0.5994464633002584	0.12179406711670045	4.921803479358989	8.575029979742435e-7	0.36073447822087146	0.8381584483796454	0.0233963426523059	4.502232551276673	0.10528163561823325	58.45502963417577	0.6644795645220095	0.038489226347136335	17.264040553297534	8.775015371163078e-67	NA	NA	NA	NA	2.462115889523328e-5	UP	8.575029979742435e-7	3	3	0	1
AK8	3	A2780,PEO1,UWB_BRCAdef	FALSE	0.25510941310264695	0.051980880182225936	4.907754778455593	9.212493908312805e-7	0.15322876006079228	0.35699006614450163	0	0.71621532400228	0.6989978154516971	0	0.25510941310264695	0.051980880182225936	4.907754778455593	9.212493908312805e-7	NA	NA	NA	NA	2.6349158108746894e-5	UP	9.212493908312805e-7	3	3	0	1
PRRC2A	3	A2780,PEO1,UWB_BRCAdef	FALSE	0.48104243989356843	0.0981060746624221	4.9032890322929585	9.424515304600016e-7	0.28875806689062355	0.6733268128965133	0.020103194426044975	5.61819019160672	0.06025949679956223	72.96882595855418	0.43240062728132367	0.04646971826464674	9.304997822857162	1.3399508044685501e-20	NA	NA	NA	NA	2.6903534326085025e-5	UP	9.424515304600016e-7	3	3	0	1
DEXI	3	A2780,PEO1,UWB_BRCAdef	FALSE	0.5599606777061062	0.11425053468328981	4.9011646138755935	9.527018379370333e-7	0.3360337445124139	0.7838876108997985	0.021625137288911352	6.2752705103852495	0.04338527178809532	66.81183367217584	0.546463494134336	0.05206317082988615	10.4961623624477	8.996355694610154e-26	NA	NA	NA	NA	2.71437419606453e-5	UP	9.527018379370333e-7	3	3	0	1
SURF6	3	A2780,PEO1,UWB_BRCAdef	FALSE	0.9356802916141035	0.19113759691891619	4.895323090260651	9.814434834745086e-7	0.5610574855614938	1.3103030976667132	0.09370967084849201	18.41494376929096	1.0028726053770655e-4	87.27050911620697	0.9659905608392093	0.06431648154293698	15.019331556473974	5.485812001164424e-51	NA	NA	NA	NA	2.7855287505062492e-5	UP	9.814434834745086e-7	3	3	0	1
VPS13D	3	A2780,PEO1,UWB_BRCAdef	FALSE	0.3043353942658867	0.06259989118206798	4.861596218765712	1.1644295661433812e-6	0.18164186211290695	0.4270289264188664	0.007511408441129087	5.735551262768132	0.056825186264669335	65.84820072380724	0.3526912233849539	0.02774275571912934	12.712912406959063	5.013195017972062e-37	NA	NA	NA	NA	3.279699046583272e-5	UP	1.1644295661433812e-6	3	3	0	1
TSPYL4	3	A2780,PEO1,UWB_BRCAdef	FALSE	0.3096648111337984	0.06387790296383644	4.8477610686298	1.2486265656335086e-6	0.18446642191673462	0.4348632003508622	0.005397148961498703	3.8296934913606693	0.14736441508886203	38.016126104149876	0.3113655709653987	0.032404214637757764	9.608798560499347	7.340041384077424e-22	NA	NA	NA	NA	3.5034992459246096e-5	UP	1.2486265656335086e-6	3	3	0	1
IGFLR1	3	A2780,PEO1,UWB_BRCAdef	FALSE	0.2796020390204176	0.057742614335241534	4.842213021341685	1.2840100200490972e-6	0.16642859455015796	0.3927754834906772	5.023988459804415e-7	2.449269024295257	0.29386508481721024	0.0011954555852342447	0.27960319455293015	0.057738954134756354	4.842539993023897	1.2818982373410843e-6	NA	NA	NA	NA	3.5959576072852275e-5	UP	1.2840100200490972e-6	3	3	0	1
EXD3	3	A2780,PEO1,UWB_BRCAdef	FALSE	0.6521495216988783	0.13476071536895368	4.839314780374943	1.3028754939643963e-6	0.3880233730448758	0.9162756703528808	0.03192153858239388	5.7192937115477775	0.057288987968929776	63.47576935720687	0.6712937680270994	0.06967062294848027	9.635248539739695	5.675448915150738e-22	NA	NA	NA	NA	3.641894126512576e-5	UP	1.3028754939643963e-6	3	3	0	1
CENPS	2	A2780,UWB_BRCAdef	FALSE	0.43496960946872854	0.09002501343758651	4.8316528135848476	1.3540422941981068e-6	0.2585238254233246	0.6114153935141324	0	0.12032303853449193	0.7286843920014525	0	0.43496960946872854	0.09002501343758651	4.8316528135848476	1.3540422941981068e-6	NA	NA	NA	NA	3.777778000812718e-5	UP	1.3540422941981068e-6	2	2	0	1
RRP1	3	A2780,PEO1,UWB_BRCAdef	FALSE	0.5919787208312755	0.1225737459528989	4.829571913864439	1.3682689260243897e-6	0.35173859331343144	0.8322188483491195	0.030610592946038413	6.910567422202805	0.03157834395832385	68.61350017391086	0.6000516307777902	0.06648208446487314	9.02576439363656	1.7844516557527393e-19	NA	NA	NA	NA	3.8102810939967326e-05	UP	1.3682689260243897e-6	3	3	0	1
TANGO6	3	A2780,PEO1,UWB_BRCAdef	FALSE	0.3860204838052537	0.08021624649867168	4.812248149901229	1.492418829621077e-6	0.22879952969287004	0.5432414379176373	0.009897621303452108	3.9760589808922546	0.13696505064961112	49.9977901253151	0.44681015949473735	0.03413011277043167	13.091376594624895	3.688614376502276e-39	NA	NA	NA	NA	4.140412238950632e-5	UP	1.492418829621077e-6	3	3	0	1
ZNF782	3	A2780,PEO1,UWB_BRCAdef	FALSE	0.3623309285427369	0.07534525958260736	4.808941273146494	1.5173177070704279e-6	0.2146569333550051	0.5100049237304687	0.0095313410710433	5.2658371192869176	0.07186840363110741	62.94047574168815	0.38761359715233856	0.03593845041045963	10.78548442476881	4.0311379440676835e-27	NA	NA	NA	NA	4.201606167500078e-5	UP	1.5173177070704279e-6	3	3	0	1
C19orf66	2	A2780,PEO1	FALSE	0.5870345953978544	0.12264198036754248	4.78657139780837	1.6965460268042212e-6	0.34666073088480276	0.8274084599109061	0.021123988456411037	3.0126772067783003	0.08261573582875006	66.80693179640772	0.5312332263534024	0.05414767877379626	9.810821781902176	1.0114148793414091e-22	NA	NA	NA	NA	4.680378003424257e-5	UP	1.6965460268042212e-6	2	2	0	1
NECAP2	3	A2780,PEO1,UWB_BRCAdef	FALSE	0.3987749861915914	0.08357832772978747	4.771272613647512	1.83065567740311e-6	0.23496447395312267	0.5625854984300601	0.012426269235772053	4.976838845097009	0.08304111581730973	59.40008360952925	0.37402101022267087	0.05099813500532305	7.334013492525394	2.2336059552367616e-13	NA	NA	NA	NA	5.022245918693838e-5	UP	1.83065567740311e-6	3	3	0	1
PLEKHG3	3	A2780,PEO1,UWB_BRCAdef	FALSE	0.5199299736526091	0.10898827342827432	4.7705129854614805	1.8375733852709757e-6	0.3063168829959877	0.7335430643092304	0.023110072638017138	5.103483368316823	0.07794579076064125	65.85261785830492	0.4860341846606017	0.05582094954626778	8.707021084579495	3.1196508365226036e-18	NA	NA	NA	NA	5.0318884533336884e-5	UP	1.8375733852709757e-6	3	3	0	1
CIITA	3	A2780,PEO1,UWB_BRCAdef	FALSE	0.0975530280655059	0.020464044894857595	4.767045252623541	1.8694733203679645e-6	0.05744423709357427	0.13766181903743754	2.9831529940783133e-6	1.0596755404994855	0.5887004666616027	0.0379605443007472	0.09754983374116291	0.020398796909911796	4.7821366216829855	1.7344172913677324e-6	NA	NA	NA	NA	5.109778556059351e-5	UP	1.8694733203679645e-6	3	3	0	1
LOC730183	2	A2780,UWB_BRCAdef	FALSE	0.45913783993494406	0.09632442631481053	4.766577466388175	1.8738170367259233e-6	0.2703454335264332	0.6479302463434549	0	0.19312048100646206	0.660332059708806	0	0.45913783993494406	0.09632442631481053	4.766577466388175	1.8738170367259233e-6	NA	NA	NA	NA	5.112201572336942e-5	UP	1.8738170367259233e-6	2	2	0	1
CLIP2	3	A2780,PEO1,UWB_BRCAdef	FALSE	0.6268557651139104	0.13214097560365265	4.743840903627949	2.097035688212403e-6	0.3678642120487653	0.8858473181790555	0.0336248859383568	6.127843242840665	0.04670417950483588	66.30745503764781	0.6278092392025613	0.06999299773310169	8.969600667720112	2.9759137259118047e-19	NA	NA	NA	NA	5.7001593238229427e-05	UP	2.097035688212403e-6	3	3	0	1
PPP1R32	2	A2780,PEO1	FALSE	0.27924466876824316	0.058964010160363275	4.735849342824324	2.1813959548266876e-6	0.16367733246987734	0.39481200506660896	0	0.6655758370769114	0.4145983371591112	0	0.27924466876824316	0.058964010160363275	4.735849342824324	2.1813959548266876e-6	NA	NA	NA	NA	5.9185875200040786e-5	UP	2.1813959548266876e-6	2	2	0	1
ALDH8A1	3	A2780,PEO1,UWB_BRCAdef	FALSE	0.19453253202542442	0.04113448840433152	4.729183212715971	2.2542489146114216e-6	0.11391041623045417	0.27515464782039467	0	0.8374482163624968	0.6578856755077555	0	0.19453253202542442	0.04113448840433152	4.729183212715971	2.2542489146114216e-6	NA	NA	NA	NA	6.09389007319179e-5	UP	2.2542489146114216e-6	3	3	0	1
H2AFZ	2	A2780,PEO1	FALSE	0.19978407195678782	0.04230733612781978	4.722208728840695	2.332970671100955e-6	0.1168632168644308	0.28270492704914485	4.186556139688591e-4	1.127481364349704	0.2883132066854095	11.306738042914919	0.1987847949884704	0.03965791142619208	5.012487744303724	5.373079867155413e-7	NA	NA	NA	NA	6.295189290797412e-5	UP	2.332970671100955e-6	2	2	0	1
FBLIM1	3	A2780,PEO1,UWB_BRCAdef	FALSE	1.089186295587623	0.23160954529182667	4.702683104943946	2.567647752985884e-6	0.6352399283399444	1.5431326628353017	0.14761283271557063	30.769935558871094	2.0815813546649722e-7	92.85806872770388	1.2934730022597851	0.045364056125266644	28.51316907571131	8.044129882998549e-179	NA	NA	NA	NA	6.865787942749054e-5	UP	2.567647752985884e-6	3	3	0	1
FOXB1	3	A2780,PEO1,UWB_BRCAdef	FALSE	0.24601716038344834	0.052353182094804385	4.699182562350178	2.612048806983112e-6	0.14340680900156455	0.34862751176533213	1.3992711309411014e-6	2.178347562315506	0.33649439689752536	0.002811281188460848	0.24602301314170494	0.052341288442605056	4.700362189430662	2.597004666323547e-6	NA	NA	NA	NA	6.97190716766413e-5	UP	2.612048806983112e-6	3	2	1	0.6666666666666666
VAMP3	3	A2780,PEO1,UWB_BRCAdef	FALSE	0.7262249598823105	0.1552442854700418	4.677949707993944	2.8975758747956794e-6	0.4219517515553738	1.0304981682092471	0.06344924425033469	17.04748258460668	1.9869465824150245e-4	87.83818049541017	0.7554604717722447	0.053797747618682216	14.042604109133702	8.55117327536377e-45	NA	NA	NA	NA	7.706196845432323e-5	UP	2.8975758747956794e-6	3	3	0	1
UBXN1	3	A2780,PEO1,UWB_BRCAdef	FALSE	0.5375253184182572	0.11513665417205558	4.668585536757052	3.032805065097879e-6	0.31186162294058495	0.7631890138959295	0.031137976476738487	10.692109861818121	0.004766919780885771	79.25852745037248	0.5120344519425034	0.050618633471608394	10.115532894219667	4.7144439732383935e-24	NA	NA	NA	NA	8.014507862695762e-5	UP	3.032805065097879e-6	3	3	0	1
DOC2A	3	A2780,PEO1,UWB_BRCAdef	FALSE	0.2288871792465204	0.049028784445203095	4.668424515038418	3.0351825272939924e-6	0.13279252752814474	0.3249818309648961	0	0.9052496014743908	0.6359566993535463	0	0.2288871792465204	0.049028784445203095	4.668424515038418	3.0351825272939924e-6	NA	NA	NA	NA	8.014507862695762e-5	UP	3.0351825272939924e-6	3	3	0	1
ZNF385A	3	A2780,PEO1,UWB_BRCAdef	FALSE	0.5025860425153608	0.1077767444468704	4.663214175699244	3.1130846033787817e-6	0.2913475050285176	0.713824580002204	0.01571117381207453	4.211993147090315	0.12172430657947107	45.37576056965976	0.5500500730634584	0.06774990130215018	8.118832094091943	4.706911805424613e-16	NA	NA	NA	NA	8.190957656612464e-5	UP	3.1130846033787817e-6	3	3	0	1
SIPA1	3	A2780,PEO1,UWB_BRCAdef	FALSE	0.9944707378987845	0.21338245751198764	4.660508410551584	3.154292706231245e-6	0.5762488062426405	1.4126926695549284	0.10911204446791296	19.338865256809587	6.318569493449279e-5	86.24011501061507	1.0343432960142616	0.06934141165379298	14.91667491827999	2.5675277030319856e-50	NA	NA	NA	NA	8.284640541215172e-5	UP	3.154292706231245e-6	3	3	0	1
B3GLCT	2	A2780,UWB_BRCAdef	FALSE	0.2866732041936303	0.061539478151598506	4.6583626121662824	3.187344149252564e-6	0.16605804338910768	0.4072883649981529	0	0.04427239614801774	0.8333476364645787	0	0.2866732041936303	0.061539478151598506	4.6583626121662824	3.187344149252564e-6	NA	NA	NA	NA	8.356606016843557e-5	UP	3.187344149252564e-6	2	2	0	1
IFFO2	3	A2780,PEO1,UWB_BRCAdef	FALSE	1.18318025521693	0.2547032349713561	4.645328730708859	3.395353587230782e-6	0.6839710879272292	1.6823894225066307	0.18374175218545094	54.47745015154004	1.480375897254088e-12	95.12419869628718	1.4696002178168606	0.04497608412737713	32.67514827780013	3.521593839278e-234	NA	NA	NA	NA	8.839277023658728e-5	UP	3.395353587230782e-6	3	3	0	1
URB2	3	A2780,PEO1,UWB_BRCAdef	FALSE	0.3698349858913166	0.0796381013205035	4.643945294513186	3.4181810600217874e-6	0.21374717550597802	0.5259227962766552	0.011114334464787474	4.873753147503114	0.08743351755782192	57.63366136721785	0.43166654903548746	0.03469476898574538	12.441833788051479	1.5490619875600216e-35	NA	NA	NA	NA	8.88306561239757e-5	UP	3.4181810600217874e-6	3	3	0	1
MAN1B1	3	A2780,PEO1,UWB_BRCAdef	FALSE	0.3846074695142515	0.08293090434901568	4.637685703940072	3.5233200579442656e-6	0.22206588378484465	0.5471490552436584	0.01184948344680163	4.843561983413738	0.08876338973908256	57.4986265976342	0.33998362663532855	0.047469280805426374	7.162181959926889	7.940292771435628e-13	NA	NA	NA	NA	9.092379353721091e-5	UP	3.5233200579442656e-6	3	3	0	1
EPHB2	3	A2780,PEO1,UWB_BRCAdef	FALSE	0.4955908964013691	0.10723593623620341	4.621500159328632	3.809750410691135e-6	0.2854123235299767	0.7057694692727615	0.01922076527018309	4.198049113329112	0.1225759358367658	52.51145477215461	0.5904510027608221	0.03607690358593049	16.366454547698215	3.3199978883403707e-60	NA	NA	NA	NA	9.780343632446148e-5	UP	3.809750410691135e-6	3	3	0	1
XRCC3	3	A2780,PEO1,UWB_BRCAdef	FALSE	0.3516810495568591	0.07620589520876311	4.614879840902629	3.933228084151162e-6	0.20232023953804992	0.5010418595756683	0	0.23603011583765532	0.8886826708023461	0	0.3516810495568591	0.07620589520876311	4.614879840902629	3.933228084151162e-6	NA	NA	NA	NA	1.0062395100405403e-4	UP	3.933228084151162e-6	3	3	0	1
SPNS3	3	A2780,PEO1,UWB_BRCAdef	FALSE	0.3505207075880009	0.07607807322658519	4.607381505891145	4.077714374677566e-6	0.201410424050693	0.49963099112530884	0.005006172832664221	1.7293526675862392	0.42118785484328186	19.387498645125465	0.37434610604533064	0.049134767441292235	7.618762142155473	2.5611991451918005e-14	NA	NA	NA	NA	1.0396062492820201e-4	UP	4.077714374677566e-6	3	3	0	1
COMMD9	3	A2780,PEO1,UWB_BRCAdef	FALSE	0.44881127480292526	0.09744655040796353	4.605717420718953	4.110462577526986e-6	0.25781954558564985	0.6398030040202007	0.017895608004171674	5.0808629242513135	0.07883237926599009	65.6496677376574	0.4046873005569454	0.05193110763815223	7.792772366357805	6.5554660498367515e-15	NA	NA	NA	NA	1.0461516374163776e-4	UP	4.110462577526986e-6	3	3	0	1
SLC31A2	2	A2780,PEO1	FALSE	0.2643830165605747	0.05747864709402491	4.599673616675265	4.231533986621161e-6	0.15172693837619808	0.37703909474495134	0	0.11338701641434556	0.736320531636991	0	0.2643830165605747	0.05747864709402491	4.599673616675265	4.231533986621161e-6	NA	NA	NA	NA	1.0737874258549501e-4	UP	4.231533986621161e-6	2	2	0	1
POLG2	3	A2780,PEO1,UWB_BRCAdef	FALSE	0.45975413917654795	0.10018941898487106	4.588849240117585	4.456961578889011e-6	0.26338648633420714	0.6561217920188888	0.018649277561446728	4.949173325192635	0.08419778515971142	63.387764740557145	0.5054249195037233	0.05468065188333385	9.243213131074102	2.392038967021164e-20	NA	NA	NA	NA	1.1285118299149283e-4	UP	4.456961578889011e-6	3	3	0	1
NEMP2	2	A2780,UWB_BRCAdef	FALSE	0.21360710057478202	0.04664638880319072	4.579284829014906	4.665684833082567e-6	0.12218185851167579	0.30503234263788825	0	0.3625388918933466	0.5470995699366128	0	0.21360710057478202	0.04664638880319072	4.579284829014906	4.665684833082567e-6	NA	NA	NA	NA	1.175644170519835e-4	UP	4.665684833082567e-6	2	2	0	1
FAM19A2	2	A2780,PEO1	FALSE	0.12064758669466093	0.02634671030159883	4.579227740904697	4.666958328904735e-6	0.06900898339241679	0.17228618999690506	0	0.18537938917847874	0.6667904630103165	0	0.12064758669466093	0.02634671030159883	4.579227740904697	4.666958328904735e-6	NA	NA	NA	NA	1.175644170519835e-4	UP	4.666958328904735e-6	2	2	0	1
GUCD1	3	A2780,PEO1,UWB_BRCAdef	FALSE	0.5437129419732776	0.11941008591430273	4.553325104911868	5.280457327634811e-6	0.30967347419041064	0.7777524097561446	0.037437354068154335	23.507093842603165	7.861391580713877e-6	89.26400777089155	0.66701898153323	0.031179591664747455	21.392806830353102	1.5589039954550972e-101	NA	NA	NA	NA	1.323425805148067e-4	UP	5.280457327634811e-6	3	3	0	1
POU2AF1	2	A2780,PEO1	FALSE	0.09987280249572032	0.022059437509591606	4.52744103072868	5.970225379285876e-6	0.05663709945770884	0.1431085055337318	0	0.06981150056289906	0.7916114328403325	0	0.09987280249572032	0.022059437509591606	4.52744103072868	5.970225379285876e-6	NA	NA	NA	NA	1.488730568018554e-4	UP	5.970225379285876e-6	2	2	0	1
TRAPPC2L	3	A2780,PEO1,UWB_BRCAdef	FALSE	0.559910734779688	0.12390812456604688	4.518757238402379	6.220366637104555e-6	0.31705527323833343	0.8027661963210426	0.03743759957359113	12.290998763807522	0.0021431053965895158	83.23389038312561	0.5463961966630001	0.04728744366732343	11.554783982551605	6.982283125616031e-31	NA	NA	NA	NA	1.5484943007216338e-4	UP	6.220366637104555e-6	3	3	0	1
TERF2	3	A2780,PEO1,UWB_BRCAdef	FALSE	0.3589045181290304	0.07949834490891473	4.514616229309496	6.343152641849795e-6	0.20309062527701438	0.5147184109810464	0.01107598875106906	4.857313791480895	0.08815515466887361	60.4290174442011	0.41179322217816505	0.03840616700931563	10.722059873308428	8.019707353760421e-27	NA	NA	NA	NA	1.5737617133394785e-4	UP	6.343152641849795e-6	3	3	0	1
TLE1	3	A2780,PEO1,UWB_BRCAdef	FALSE	0.5078187139820285	0.11263597551424481	4.50849483625066	6.528915788070728e-6	0.28705625861057327	0.7285811693534837	0.03138984691444915	18.633199225668545	8.99191510679045e-5	85.71642205921657	0.6270690561036143	0.029515595543610513	21.245346555081156	3.6400651297207905e-100	NA	NA	NA	NA	1.617136980874403e-4	UP	6.528915788070728e-6	3	3	0	1
SMYD2	3	A2780,PEO1,UWB_BRCAdef	FALSE	0.4344166141186565	0.0964277722614118	4.5050985201749825	6.634215604349282e-6	0.24542165337685895	0.6234115748604541	0.015823533497440277	4.961996975158537	0.08365965075275734	59.62503330294376	0.40700487908101957	0.037809710802087726	10.764559433195826	5.060300358389261e-27	NA	NA	NA	NA	1.6404706712627563e-4	UP	6.634215604349282e-6	3	3	0	1
FBXL18	3	A2780,PEO1,UWB_BRCAdef	FALSE	0.5290814363593135	0.11761681333490975	4.49834867446011	6.84833156745251e-6	0.29855671824652	0.7596061544721069	0.030091034853542614	10.2545876650465	0.005932593361264899	77.07492594247877	0.4122863262617873	0.03823218406931015	10.783750295676645	4.107886926352851e-27	NA	NA	NA	NA	1.6905889630704552e-4	UP	6.84833156745251e-6	3	3	0	1
C5orf66	2	A2780,UWB_BRCAdef	FALSE	0.26666384574080526	0.0594666910356506	4.484255658027767	7.3168894617086896e-6	0.1501112730311592	0.3832164184504513	0	0.0174253722534674	0.8949801804579894	0	0.26666384574080526	0.0594666910356506	4.484255658027767	7.3168894617086896e-6	NA	NA	NA	NA	1.8032474078381064e-4	UP	7.3168894617086896e-6	2	2	0	1
WASL	3	A2780,PEO1,UWB_BRCAdef	FALSE	0.19803333795543487	0.04429182826034893	4.471103265175416	7.781710994904638e-6	0.11122294975571763	0.28484372615515213	0	0.3786627671492099	0.8275122372898333	0	0.19803333795543487	0.04429182826034893	4.471103265175416	7.781710994904638e-6	NA	NA	NA	NA	1.9087306890354141e-4	UP	7.781710994904638e-6	3	3	0	1
MRPL10	3	A2780,PEO1,UWB_BRCAdef	FALSE	0.5578484449197618	0.12476898266857371	4.471050680933943	7.783624842688543e-6	0.31330573250165517	0.8023911573378685	0.03638113460897779	11.05994839423691	0.003966091424358007	79.66471998559855	0.6949051772414909	0.034259434827139876	20.283614739931323	1.7944691948926072e-91	NA	NA	NA	NA	1.9087306890354141e-4	UP	7.783624842688543e-6	3	3	0	1
MKNK2	3	A2780,PEO1,UWB_BRCAdef	FALSE	0.2978747956104038	0.06664273065431103	4.469726745675219	7.831959146183906e-6	0.16725744369655077	0.42849214752425685	0	0.824463290989539	0.6621708693861659	0	0.2978747956104038	0.06664273065431103	4.469726745675219	7.831959146183906e-6	NA	NA	NA	NA	1.9161842856862507e-4	UP	7.831959146183906e-6	3	3	0	1
C1orf35	3	A2780,PEO1,UWB_BRCAdef	FALSE	0.6838840877456174	0.15301101127113675	4.469508972356043	7.839937058498557e-6	0.3839880164161371	0.9837801590750976	0.041210560696972307	5.206710949624752	0.0740247727570792	59.68013150136941	0.6875172201420703	0.09253236837140583	7.430018622051454	1.0858239149607321e-13	NA	NA	NA	NA	1.9161842856862507e-4	UP	7.839937058498557e-6	3	3	0	1
DYRK3	3	A2780,PEO1,UWB_BRCAdef	FALSE	0.31030912662507	0.06972688574911214	4.450351156390507	8.572999410338043e-6	0.17364694180267107	0.44697131144746893	0.0015012360130151625	1.2523556547452268	0.5346313540892721	2.6819773283260657	0.31611429171027267	0.05990777107320025	5.2766825746866495	1.3154345115074293e-7	NA	NA	NA	NA	2.0884504494344093e-4	UP	8.572999410338043e-6	3	3	0	1
PPP1R7	3	A2780,PEO1,UWB_BRCAdef	FALSE	0.15421168158166154	0.03467368989063609	4.4475128568104205	8.687026112131e-6	0.08625249818490424	0.22217086497841884	9.19834627105174e-7	2.42983534297505	0.296734442993734	0.014663452126657319	0.154218396006183	0.03466550823570875	4.448756237974999	8.636896877974686e-6	NA	NA	NA	NA	2.1127476171065973e-4	UP	8.687026112131e-6	3	2	1	0.6666666666666666
TRPM2	3	A2780,PEO1,UWB_BRCAdef	FALSE	1.2121022013505889	0.27350847294288816	4.431680628788748	9.350143875730315e-6	0.6760354449159803	1.7481689577851975	0.19230986485057194	18.40234018766229	1.0092124539684297e-4	90.20166964782678	1.232766033312316	0.06544675091589008	18.836168580723353	3.816103288275756e-79	NA	NA	NA	NA	2.2628572420691352e-4	UP	9.350143875730315e-6	3	3	0	1
ERAL1	3	A2780,PEO1,UWB_BRCAdef	FALSE	0.3916312839633868	0.08848190610993616	4.4261171710835034	9.594442240332233e-6	0.2182099347044574	0.5650526332223162	0.01665942325939927	7.62498317866366	0.022093063481706823	72.12989460402476	0.47641287268019233	0.030470942318656085	15.634989810883027	4.205421295498406e-55	NA	NA	NA	NA	2.3181865589508616e-4	UP	9.594442240332233e-6	3	3	0	1
PRDM1	3	A2780,PEO1,UWB_BRCAdef	FALSE	0.48252423570466185	0.10916605369459938	4.420094153577827	9.865790692260631e-6	0.2685627021288814	0.6964857692804423	0.02038480802656039	5.803925180538705	0.054915337918980664	66.50766445108734	0.4270081086220036	0.03402321873359837	12.550491238511997	3.950515817132168e-36	NA	NA	NA	NA	2.379860472536019e-4	UP	9.865790692260631e-6	3	3	0	1
PLIN3	3	A2780,PEO1,UWB_BRCAdef	FALSE	0.716927327359412	0.16231393633276658	4.416917878755705	1.0011824529221471e-5	0.39879785795826217	1.035056796760562	0.06397968902825252	11.131544321312068	0.0038266246351841868	84.30214131138906	0.8692061213128808	0.0491777167454707	17.67479620519257	6.557695256701833e-70	NA	NA	NA	NA	2.4072333221723233e-4	UP	1.0011824529221471e-5	3	3	0	1
HSPG2	3	A2780,PEO1,UWB_BRCAdef	FALSE	1.045189743596059	0.23729261820318961	4.404644997009899	1.0595725075500952e-5	0.5801047581205938	1.5102747290715244	0.09271018950076482	4.019038918631797	0.13405307715095924	51.123400929205324	0.8712506974149656	0.05380250636649052	16.193496479145463	5.6051036480552085e-59	NA	NA	NA	NA	2.5402561497315146e-4	UP	1.0595725075500952e-5	3	3	0	1
RRS1	3	A2780,PEO1,UWB_BRCAdef	FALSE	0.3953581823736781	0.08976092053304706	4.404569160229591	1.0599432233612933e-5	0.21943001090974404	0.5712863538376122	0.013869672640457421	4.7741028694098615	0.09190025869110452	57.646602635831606	0.4211604612113602	0.05087247365808513	8.278749408609217	1.2447556586572607e-16	NA	NA	NA	NA	2.5402561497315146e-4	UP	1.0599432233612933e-5	3	3	0	1
FIGN	3	A2780,PEO1,UWB_BRCAdef	FALSE	0.4001044998351809	0.09148574842108852	4.37340795413936	1.2232183270183271e-5	0.22079572783115534	0.5794132718392065	0.019555514690430008	11.018553851389756	0.0040490340774879665	79.05655317748733	0.47463235185755354	0.03461146057350294	13.713155815819913	8.469250131838984e-43	NA	NA	NA	NA	2.903327351784912e-4	UP	1.2232183270183271e-5	3	3	0	1
PIK3R2	3	A2780,PEO1,UWB_BRCAdef	FALSE	0.5078366597715438	0.11628391180180497	4.367213416737337	1.2584175196752695e-5	0.27992438065857395	0.7357489388845136	0.02971269056292657	9.440500219467534	0.008912949054327027	75.00408414868079	0.6244510084945165	0.0393145483077371	15.883458805289761	8.250086181328393e-57	NA	NA	NA	NA	2.9773151781501133e-4	UP	1.2584175196752695e-5	3	3	0	1
ZNHIT2	3	A2780,PEO1,UWB_BRCAdef	FALSE	0.310522714602525	0.07127672436173904	4.356579477847216	1.3211073603630722e-5	0.17082290191752783	0.4502225272875222	0.0030260119370122828	3.780179915805303	0.1510582193445484	16.22590548181917	0.29980568956013703	0.05875516540176203	5.102626935182554	3.34970922736152e-7	NA	NA	NA	NA	3.1107029518612656e-4	UP	1.3211073603630722e-5	3	3	0	1
MOB3A	3	A2780,PEO1,UWB_BRCAdef	FALSE	0.5846224892077921	0.13445218765056455	4.348181308341378	1.3727110443315191e-5	0.32110104377006465	0.8481439346455196	0.04340719725784043	14.549589407272263	6.927823318022628e-4	82.68436624105483	0.7589810660497375	0.031529518752308715	24.072078994043064	4.90294495059645e-128	NA	NA	NA	NA	3.221948922623837e-4	UP	1.3727110443315191e-5	3	3	0	1
SIRT5	3	A2780,PEO1,UWB_BRCAdef	FALSE	0.35508412212113316	0.08190912384320323	4.335098527007353	1.4569485099989001e-5	0.19454518938322382	0.5156230548590425	0.013481752635440658	6.739781339851211	0.03439339737062015	67.69126220816305	0.28898105418534475	0.03430645150011071	8.423519237610808	3.653410683780006e-17	NA	NA	NA	NA	3.4088445597078696e-4	UP	1.4569485099989001e-5	3	3	0	1
SH3D21	3	A2780,PEO1,UWB_BRCAdef	FALSE	0.8776464811954794	0.2033578037933628	4.315774781317362	1.5904407284803128e-5	0.47907250978532556	1.2762204526056333	0.1005663994653626	13.802522191690064	0.001006515316066684	85.49435037462649	0.9494325251807233	0.05395054067451734	17.598202229494472	2.542681295309166e-69	NA	NA	NA	NA	3.715299692265148e-4	UP	1.5904407284803128e-5	3	3	0	1
CTSB	3	A2780,PEO1,UWB_BRCAdef	FALSE	0.2839744844257352	0.06583598031215962	4.313363043722862	1.6078976010096027e-5	0.1549383341270143	0.4130106347244561	0.005076999074677691	2.4982646419861183	0.2867534989389966	30.774263779571235	0.25133154720395023	0.030348095395446497	8.281625055180914	1.2150564423140902e-16	NA	NA	NA	NA	3.747023664654584e-4	UP	1.6078976010096027e-5	3	3	0	1
SLC7A6	3	A2780,PEO1,UWB_BRCAdef	FALSE	0.1186130151170218	0.027514136219279662	4.310984512532415	1.6252929011660812e-5	0.06468629906150461	0.17253973117253898	0	0.8712864822608825	0.6468484536990219	0	0.1186130151170218	0.027514136219279662	4.310984512532415	1.6252929011660812e-5	NA	NA	NA	NA	3.778805995211139e-4	UP	1.6252929011660812e-5	3	3	0	1
SLC12A4	3	A2780,PEO1,UWB_BRCAdef	FALSE	0.9096065069353749	0.21110215196248486	4.308845260360121	1.641091331911788e-5	0.4958538920300032	1.3233591218407468	0.11047971144526915	20.3096671726552	3.888765980512323e-5	87.38698610694948	0.8573839458193256	0.06709246219179577	12.779139679929182	2.1442826097243607e-37	NA	NA	NA	NA	3.809547492147505e-4	UP	1.641091331911788e-5	3	3	0	1
HOXD9	2	A2780,UWB_BRCAdef	FALSE	1.4331324061500383	0.333707631263083	4.294574867004491	1.7502841068070963e-5	0.7790774675082232	2.0871873447918534	0.16902268863376846	3.5007598260093475	0.06134067976195945	71.43477274360926	1.641534809948861	0.09737603682249045	16.85768761508811	9.212336407203249e-64	NA	NA	NA	NA	4.0503053344845903e-4	UP	1.7502841068070963e-5	2	2	0	1
FHAD1	3	A2780,PEO1,UWB_BRCAdef	FALSE	0.18088583434576416	0.04254488869853658	4.251646669650028	2.1220446586726523e-5	0.0974993847703673	0.26427228392116103	3.3266863832528877e-7	2.3331509374771167	0.3114316245384443	0.00436217206203313	0.18088688820331347	0.04254283482677519	4.251876701208182	2.119865679135394e-5	NA	NA	NA	NA	4.875886831822354e-4	UP	2.1220446586726523e-5	3	2	1	0.6666666666666666
NDUFB6	3	A2780,PEO1,UWB_BRCAdef	FALSE	0.4780059015410537	0.11264288012649207	4.243551842817567	2.200095163527585e-5	0.2572299133782667	0.6987818897038407	0.02935811564389726	8.798713928811713	0.012285237208479625	79.72661765322722	0.5054710513901091	0.03734125997195851	13.536529077210933	9.518107798842001e-42	NA	NA	NA	NA	5.028254587802535e-4	UP	2.200095163527585e-5	3	3	0	1
TDRD6	2	A2780,UWB_BRCAdef	FALSE	0.07324279072996155	0.017271252548066954	4.240734163670086	2.2278987397459442e-5	0.03939175776785469	0.10709382369206841	0	0.2508201864507349	0.6164981502005452	0	0.07324279072996155	0.017271252548066954	4.240734163670086	2.2278987397459442e-5	NA	NA	NA	NA	5.079885601347025e-4	UP	2.2278987397459442e-5	2	1	1	0.5
VPS41	3	A2780,PEO1,UWB_BRCAdef	FALSE	0.21981791309064347	0.05183691322006884	4.2405671834167045	2.229556877848258e-5	0.11821943010958035	0.3214163960717066	0.001693255479149502	2.39066554152406	0.3026032399149513	18.107380928446084	0.2255759258258649	0.04353816965709738	5.181107235386332	2.2057263197605818e-7	NA	NA	NA	NA	5.079885601347025e-4	UP	2.229556877848258e-5	3	3	0	1
TMEM107	3	A2780,PEO1,UWB_BRCAdef	FALSE	0.7344981948543259	0.17349560902586109	4.233526133476048	2.3005543473816346e-5	0.3944530496877959	1.074543340020856	0.06432443271026052	7.89144139919924	0.019337274980168167	72.52070609804005	0.9100478268356191	0.05815084828688175	15.649777323040647	3.333839907770304e-55	NA	NA	NA	NA	5.217530235388379e-4	UP	2.3005543473816346e-5	3	3	0	1
RACK1	2	A2780,UWB_BRCAdef	FALSE	1.0294778399470346	0.24379803533829	4.222666677844835	2.4142873497215142e-5	0.5516424711823629	1.5073132087117063	0.11400545936930087	23.704018942726854	1.1234767947024898e-6	95.78130610502726	0.8316313545234222	0.026658697349695858	31.195498550228677	1.2262611131980134e-213	NA	NA	NA	NA	5.450391914554509e-4	UP	2.4142873497215142e-5	2	2	0	1
MTERF4	2	A2780,UWB_BRCAdef	FALSE	0.18680083525059799	0.04456625223668117	4.191531167093466	2.7707811504590936e-5	0.09945258594077527	0.2741490845604207	0	0.4662811275900298	0.4947030171343427	0	0.18680083525059799	0.04456625223668117	4.191531167093466	2.7707811504590936e-5	NA	NA	NA	NA	6.216226723257784e-4	UP	2.7707811504590936e-5	2	2	0	1
DCAF7	3	A2780,PEO1,UWB_BRCAdef	FALSE	0.07564060371643312	0.018047378885091753	4.1912237892294115	2.7745382006831254e-5	0.04026839108630466	0.11101281634656159	0	0.24142193527312153	0.8862900890953788	0	0.07564060371643312	0.018047378885091753	4.1912237892294115	2.7745382006831254e-5	NA	NA	NA	NA	6.216226723257784e-4	UP	2.7745382006831254e-5	3	3	0	1
BMP1	3	A2780,PEO1,UWB_BRCAdef	FALSE	0.3559929829529339	0.08504495698162437	4.185938773887006	2.839898975999404e-5	0.18930793020219194	0.5226780357036759	0.008924729462878669	2.587218520122072	0.2742790500342193	34.6326905447575	0.40020378735863404	0.04527891020100915	8.838635593966096	9.689459332010955e-19	NA	NA	NA	NA	6.34344201784036e-4	UP	2.839898975999404e-5	3	3	0	1
P2RX5-TAX1BP3	2	PEO1,UWB_BRCAdef	FALSE	0.23338243195949251	0.055830340941697185	4.18020789454269	2.9124271005599554e-5	0.123956974469174	0.342807889449811	0	0.015965279971495116	0.8994518800054754	0	0.23338243195949251	0.055830340941697185	4.18020789454269	2.9124271005599554e-5	NA	NA	NA	NA	6.476099178342866e-4	UP	2.9124271005599554e-5	2	2	0	1
HIF1AN	3	A2780,PEO1,UWB_BRCAdef	FALSE	0.3631123818180881	0.08698173420942279	4.174581998374917	2.9853368080379795e-5	0.19263131545478387	0.5335934481813923	0.01788322002260664	13.026864335578669	0.0014833797678562145	81.46998989054337	0.4395854894734231	0.03012281667168112	14.59310708771413	3.1071773793492866e-48	NA	NA	NA	NA	6.618317148494393e-4	UP	2.9853368080379795e-5	3	3	0	1
WRAP73	3	A2780,PEO1,UWB_BRCAdef	FALSE	0.4950085697453495	0.11879148499988915	4.167037475335976	3.085837834500059e-5	0.26218153747553674	0.7278356020151623	0.02785070258293873	5.226445927078048	0.07329792611949093	66.18416729873293	0.537883259009251	0.045180143943112365	11.905302021315283	1.1106046806180473e-32	NA	NA	NA	NA	6.830880847118619e-4	UP	3.085837834500059e-5	3	3	0	1
TMSB10	3	A2780,PEO1,UWB_BRCAdef	FALSE	0.2500298738296225	0.06007128497405876	4.162219502006585	3.151691695819458e-5	0.13229231877542524	0.36776742888381975	1.1404383302990107e-6	1.902719371616178	0.3862155345043962	0.009635581337078376	0.2500307813597126	0.060067580608880594	4.1624912943929555	3.1479414696779244e-5	NA	NA	NA	NA	6.966227968024263e-4	UP	3.151691695819458e-5	3	3	0	1
ANAPC2	3	A2780,PEO1,UWB_BRCAdef	FALSE	1.1314989658555212	0.2725761670073492	4.15112949264201	3.308385049529151e-5	0.5972594954771419	1.6657384362339007	0.19841747795907647	38.05670125922161	5.446184149168976e-9	94.04522289367645	1.0032093009841094	0.058536615171185157	17.138150165504317	7.706361152966502e-66	NA	NA	NA	NA	7.269106943148225e-4	UP	3.308385049529151e-5	3	3	0	1
MGAM	2	A2780,PEO1	FALSE	0.16904237596985983	0.04077115106400883	4.146127140351546	3.381461109811149e-5	0.08913238827616062	0.24895236366355905	0.0020978320673100343	2.1224701591952315	0.14515227216233612	52.885085537354946	0.18915622916682137	0.015904245583881555	11.893442425117302	1.280191180366852e-32	NA	NA	NA	NA	7.407654137892957e-4	UP	3.381461109811149e-5	2	2	0	1
VPS4A	3	A2780,PEO1,UWB_BRCAdef	FALSE	0.22499179207426154	0.054370285192919844	4.138138898406224	3.50134393390899e-5	0.11842799126696726	0.3315555928815558	0	0.11789051093086571	0.9427583786130656	0	0.22499179207426154	0.054370285192919844	4.138138898406224	3.50134393390899e-5	NA	NA	NA	NA	7.636338163821864e-4	UP	3.50134393390899e-5	3	3	0	1
LARGE2	2	A2780,UWB_BRCAdef	FALSE	0.7421349880981374	0.17941021041665048	4.136525933360492	3.5260352159692207e-5	0.39049743722274965	1.093772538973525	0.0425400307541004	2.1553142069071702	0.1420773763798852	53.60305254819532	0.8421386353315742	0.04755757416824053	17.707771055613758	3.6525282438413266e-70	NA	NA	NA	NA	7.678863437192469e-4	UP	3.5260352159692207e-5	2	2	0	1
KIAA1755	2	A2780,PEO1	FALSE	0.06777676858366105	0.016413600725476436	4.129305307059228	3.6386096882891135e-5	0.035606702305106736	0.09994683486221537	0	0.0011837024304665125	0.9725542148888339	0	0.06777676858366105	0.016413600725476436	4.129305307059228	3.6386096882891135e-5	NA	NA	NA	NA	7.88916736960867e-4	UP	3.6386096882891135e-5	2	2	0	1
CEMP1	2	A2780,PEO1	FALSE	0.3700154686851867	0.08970860949962867	4.1246372087254155	3.713195818411522e-5	0.19418982496274678	0.5458411124076266	0.0062083237296039154	1.6141982700598787	0.2039026574269212	38.04974156223664	0.376472835304372	0.06982537720681871	5.391633391242289	6.982010123839108e-8	NA	NA	NA	NA	8.015624316328639e-4	UP	3.713195818411522e-5	2	2	0	1
XKR6	2	A2780,UWB_BRCAdef	FALSE	0.43614142738881634	0.10586837841585246	4.119657199958676	3.79436482662252e-5	0.22864321859208792	0.6436396361855448	0.008716325600752486	1.1227838388390348	0.28931981017671726	10.935661397299434	0.45692225953129223	0.05773085133921559	7.914698102172498	2.4785377800808916e-15	NA	NA	NA	NA	8.155126844660931e-4	UP	3.79436482662252e-5	2	2	0	1
TMEM91	3	A2780,PEO1,UWB_BRCAdef	FALSE	0.4754803632480372	0.11563244884923524	4.111997695975302	3.9225021482578376e-5	0.24884492805936617	0.7021157984367082	0.015342101770713861	3.0269967078817555	0.220138506893629	38.93988769821379	0.4898219993899317	0.0741823868605281	6.602942020601961	4.0307721677959605e-11	NA	NA	NA	NA	8.393927534918762e-4	UP	3.9225021482578376e-5	3	3	0	1
MMP17	2	A2780,UWB_BRCAdef	FALSE	0.7467773104314389	0.1816998604222598	4.109949829878638	3.9574508937444885e-5	0.390652128007855	1.1029024928550228	0.028221340349590104	1.076263500776249	0.29953494268291253	7.085950672976034	0.7156938717459636	0.07896326388210352	9.063630814634685	1.2617893812780035e-19	NA	NA	NA	NA	8.456477798525975e-4	UP	3.9574508937444885e-5	2	2	0	1
CCNI2	3	A2780,PEO1,UWB_BRCAdef	FALSE	0.17885933772921442	0.04359891052099886	4.102380898785741	4.089203612964028e-5	0.09340704334287223	0.26431163211555664	7.191593242436147e-9	1.9640189740921823	0.37455767331296325	3.944946785556478e-5	0.17885937191790535	0.04359884524600258	4.1023878249230545	4.0890811684895407e-05	NA	NA	NA	NA	8.700295514373969e-4	UP	4.089203612964028e-5	3	2	1	0.6666666666666666
VWA2	2	A2780,UWB_BRCAdef	FALSE	0.07842125600592686	0.019196606582761636	4.085162430548969	4.404599330304783e-5	0.040796598478329546	0.11604591353352418	0	0.6273142220798532	0.4283421896440701	0	0.07842125600592686	0.019196606582761636	4.085162430548969	4.404599330304783e-5	NA	NA	NA	NA	9.331061647165733e-4	UP	4.404599330304783e-5	2	1	1	0.5
TRIM23	3	A2780,PEO1,UWB_BRCAdef	FALSE	0.24914525565106693	0.06103633048190421	4.081917338148833	4.466568427043963e-5	0.1295162461580504	0.36877426514408346	0	0.49221446340796365	0.781838382568277	0	0.24914525565106693	0.06103633048190421	4.081917338148833	4.466568427043963e-5	NA	NA	NA	NA	9.448805054463387e-4	UP	4.466568427043963e-5	3	3	0	1
C11orf68	3	A2780,PEO1,UWB_BRCAdef	FALSE	1.0019772787899832	0.2455893214465883	4.079889438547503	4.505712583085399e-5	0.52063105376704	1.4833235038129264	0.16596758509177753	26.052770898174536	2.2014695373140925e-6	92.69379000826365	1.1669727234845944	0.06139879389242357	19.006443767107864	1.5083802291516346e-80	NA	NA	NA	NA	9.504418254790841e-4	UP	4.505712583085399e-5	3	3	0	1
DOCK6	3	A2780,PEO1,UWB_BRCAdef	FALSE	0.45425333913587074	0.11144223861262634	4.076132575861628	4.5790917916745035e-5	0.23583056509860417	0.6726761131731374	0.022796200250141226	5.011147948205975	0.08162873175849077	61.208423614255615	0.3645557259112027	0.04162861875620111	8.757334180272256	1.9992226942407014e-18	NA	NA	NA	NA	9.618044080041318e-4	UP	4.5790917916745035e-5	3	3	0	1
THAP3	3	A2780,PEO1,UWB_BRCAdef	FALSE	0.26671204381240865	0.06562608673487537	4.064116223932504	4.821479810989518e-5	0.13808727736575116	0.39533681025906614	1.3346505239381698e-6	1.770246586657159	0.4126632915116299	0.007694502662031557	0.2667106457888302	0.06562096720995865	4.064411987946958	4.815370466904402e-5	NA	NA	NA	NA	0.001006613128840636	UP	4.821479810989518e-5	3	3	0	1
SNX33	3	A2780,PEO1,UWB_BRCAdef	FALSE	0.3651984249080715	0.08991914569443202	4.061408970110859	4.877743741216253e-5	0.18896013782637486	0.5414367119897681	0.014968280414262795	5.6586194215810615	0.05905360366858008	62.566593326345355	0.39842940361043316	0.051233641008751225	7.776714591539129	7.443227382076434e-15	NA	NA	NA	NA	0.0010144472109896586	UP	4.877743741216253e-5	3	3	0	1
LGR6	2	A2780,UWB_BRCAdef	FALSE	0.22124501288581355	0.05475999476318595	4.040267239662925	5.3390329639267924e-5	0.11391739535636713	0.32857263041525997	0	0.01566793998627173	0.9003876669736345	0	0.22124501288581355	0.05475999476318595	4.040267239662925	5.3390329639267924e-5	NA	NA	NA	NA	0.0011010917773721825	UP	5.3390329639267924e-5	2	2	0	1
GADD45B	3	A2780,PEO1,UWB_BRCAdef	FALSE	0.34936412639623815	0.08665097266710761	4.031854642167859	5.5338411714666995e-5	0.17953134074334262	0.5191969120491337	0.007802130867938459	2.403671451101106	0.3006418091867428	28.744894783557623	0.31197207476552336	0.05726255844023346	5.4480987797836065	5.091108299015108e-8	NA	NA	NA	NA	0.001139678403934235	UP	5.5338411714666995e-5	3	3	0	1
CIR1	3	A2780,PEO1,UWB_BRCAdef	FALSE	0.2571127533596672	0.06385800901034	4.02631960100784	5.6656669306003626e-5	0.13195335557496657	0.38227215114436786	0.0014665838205484229	2.0451579895787573	0.35966616586813177	11.094688224739885	0.25426779817271133	0.05913800261443177	4.299566893229176	1.7113221751994073e-5	NA	NA	NA	NA	0.0011635863458720496	UP	5.6656669306003626e-5	3	3	0	1
ZWILCH	3	A2780,PEO1,UWB_BRCAdef	FALSE	0.18611766056096057	0.04629564984835002	4.020197603244008	5.814934641814156e-5	0.09537985421731732	0.27685546690460383	0	0.567205949231371	0.7530655715094476	0	0.18611766056096057	0.04629564984835002	4.020197603244008	5.814934641814156e-5	NA	NA	NA	NA	0.0011909340519183646	UP	5.814934641814156e-5	3	3	0	1
MRPL55	3	A2780,PEO1,UWB_BRCAdef	FALSE	0.6709443313648379	0.1674404374338406	4.007062700310627	6.147854654270009e-5	0.3427671044388781	0.9991215582907977	0.06535482335560201	8.034636201201574	0.01800117760725274	86.10130977426962	0.5179099359468793	0.043098281992129193	12.016950839048814	2.8945679851759718e-33	NA	NA	NA	NA	0.001253907955485388	UP	6.147854654270009e-5	3	3	0	1
C16orf70	3	A2780,PEO1,UWB_BRCAdef	FALSE	0.14040417668491129	0.03519493760832771	3.989328756522339	6.626053413414123e-5	0.07142336653445472	0.20938498683536785	0	0.19972859609173838	0.9049602145734343	0	0.14040417668491129	0.03519493760832771	3.989328756522339	6.626053413414123e-5	NA	NA	NA	NA	0.001342184271563762	UP	6.626053413414123e-5	3	3	0	1
CCDC86	3	A2780,PEO1,UWB_BRCAdef	FALSE	0.6619225495066219	0.16618830062056242	3.982967194651742	6.806015338592765e-5	0.3361994656384041	0.9876456333748397	0.06500282520145642	11.710159271350397	0.002865307411338044	79.88985414863286	0.8016827723917486	0.059432225301494036	13.489024991490526	1.8148468776211367e-41	NA	NA	NA	NA	0.0013748708854067107	UP	6.806015338592765e-5	3	3	0	1
TLN1	3	A2780,PEO1,UWB_BRCAdef	FALSE	0.3830804757740321	0.09627590566819723	3.9789859478888796	6.920983095602456e-5	0.19438316808538988	0.5717777834626743	0.018913364293979378	6.803606626995952	0.033313141723460046	68.7538049560772	0.47296843500583513	0.0315882826498509	14.97290752550828	1.1038776832353839e-50	NA	NA	NA	NA	0.0013961879540883154	UP	6.920983095602456e-5	3	3	0	1
DPH6	3	A2780,PEO1,UWB_BRCAdef	FALSE	0.20942335601518927	0.05266682739099198	3.976380700900328	6.997207636771865e-5	0.10619827114885738	0.31264844088152116	0	0.8986769064520644	0.6380501120263528	0	0.20942335601518927	0.05266682739099198	3.976380700900328	6.997207636771865e-5	NA	NA	NA	NA	0.0014077239363938174	UP	6.997207636771865e-5	3	3	0	1
CARD19	2	A2780,UWB_BRCAdef	FALSE	1.1155065301190366	0.28094907135833375	3.970493743673118	7.172383964065089e-5	0.5648564687667288	1.6661565914713443	0.10040821978719056	2.1337044597214714	0.14409215325488162	53.1331532141739	0.9741113933456433	0.10532582608245025	9.248552131773435	2.2755406841684393e-20	NA	NA	NA	NA	0.0014358343773020774	UP	7.172383964065089e-5	2	2	0	1
KATNAL1	3	A2780,PEO1,UWB_BRCAdef	FALSE	0.42912265702828467	0.10824280656532746	3.9644450346850304	7.356689474906406e-5	0.21697065457470716	0.6412746594818621	0.02590515347249917	6.024081426047005	0.04919119115771867	77.03921955524217	0.37093620748684686	0.03887331602559464	9.542180740192531	1.3985985459620346e-21	NA	NA	NA	NA	0.0014621420331376483	UP	7.356689474906406e-5	3	3	0	1
BYSL	3	A2780,PEO1,UWB_BRCAdef	FALSE	0.17316741523629633	0.04370253503130894	3.962411221963152	7.419660052990062e-5	0.08751202054183077	0.2588228099307619	0	0.14017652493484914	0.9323115281584816	0	0.17316741523629633	0.04370253503130894	3.962411221963152	7.419660052990062e-5	NA	NA	NA	NA	0.001472678029578041	UP	7.419660052990062e-5	3	3	0	1
WIPF2	3	A2780,PEO1,UWB_BRCAdef	FALSE	0.13307299748335558	0.03361112590069242	3.9591948772121954	7.520285541330561e-5	0.06719640123815705	0.19894959372855409	0	0.46394706235063277	0.792967111936376	0	0.13307299748335558	0.03361112590069242	3.9591948772121954	7.520285541330561e-5	NA	NA	NA	NA	0.0014906496286817023	UP	7.520285541330561e-5	3	3	0	1
SNAPC4	3	A2780,PEO1,UWB_BRCAdef	FALSE	0.6191750055150607	0.15700600556154654	3.943638992027877	8.025444218422169e-5	0.31144888925793407	0.9269011217721872	0.05832197411780018	18.273935481474197	1.0761314624116378e-4	86.3696853835464	0.6109223606292253	0.04954265685161061	12.331239369318654	6.149355482644135e-35	NA	NA	NA	NA	0.0015886511868515208	UP	8.025444218422169e-5	3	3	0	1
ZBTB7A	3	A2780,PEO1,UWB_BRCAdef	FALSE	0.15550515379042104	0.03949587819070774	3.9372501869576606	8.242066302644179e-5	0.07809465499885289	0.2329156525819892	1.3750773648823176e-7	2.4471406934930817	0.2941779723255634	0.001961849454248093	0.15550468305543305	0.03949491222640485	3.9373345651207274	8.239169661478153e-5	NA	NA	NA	NA	0.0016293507275026667	UP	8.242066302644179e-5	3	3	0	1
UBL3	3	A2780,PEO1,UWB_BRCAdef	FALSE	0.3132872828177002	0.07967914706840332	3.9318603969084647	8.429101234253944e-5	0.15711902424475946	0.46945554139064094	0.010580364424066832	4.485890046074495	0.10614544284433061	55.4073805836595	0.37480093185630814	0.03592717837245251	10.432239570021178	1.7667423271051546e-25	NA	NA	NA	NA	0.001659668707735194	UP	8.429101234253944e-5	3	3	0	1
NCOR1	3	A2780,PEO1,UWB_BRCAdef	FALSE	0.14546218502681593	0.037082213628846575	3.922694218924936	8.756425553786426e-5	0.07278238184725631	0.21814198820637554	0	0.4480775724422995	0.7992841325570206	0	0.14546218502681593	0.037082213628846575	3.922694218924936	8.756425553786426e-5	NA	NA	NA	NA	0.0017172581520403167	UP	8.756425553786426e-5	3	3	0	1
AHDC1	3	A2780,PEO1,UWB_BRCAdef	FALSE	0.5600915457100698	0.14365623355588342	3.8988321762744094	9.665773530295002e-5	0.27853050178586397	0.8416525896342757	0.039648857954923726	7.050468817775009	0.029444904412795663	71.09448655489346	0.6230031275558456	0.044946667970522165	13.860941326383442	1.0923230163824537e-43	NA	NA	NA	NA	0.0018880818123179946	UP	9.665773530295002e-5	3	3	0	1
PLAU	3	A2780,PEO1,UWB_BRCAdef	FALSE	0.524574268250055	0.13458611809422766	3.897684810871693	9.711670248221245e-5	0.26079032396631435	0.7883582125337958	0.044768911501228054	17.805939989245164	1.3598445304306662e-4	85.31100539148167	0.5775467605400197	0.04578681994808168	12.613821208699537	1.771890260537163e-36	NA	NA	NA	NA	0.001894544432195878	UP	9.711670248221245e-5	3	3	0	1
DLG5	3	A2780,PEO1,UWB_BRCAdef	FALSE	0.5767916812898728	0.14864712543340097	3.8802747083615508	1.0433855251182816e-4	0.28544866903499905	0.8681346935447465	0.06076635753318926	44.11541392759528	2.633052885991347e-10	93.63695704509234	0.7000606827287102	0.03177801790332137	22.02971515902952	1.4951048457731232e-107	NA	NA	NA	NA	0.0020300712842005303	UP	1.0433855251182816e-4	3	3	0	1
SIRPB2	2	A2780,PEO1	FALSE	1.070906073232007	0.27681266652760056	3.8687032882768344	1.0941569128775853e-4	0.5283632163734139	1.6134489300906	0.14611245176356003	20.8297266652145	5.019775749480187e-6	95.19916887978182	1.2836954710526223	0.03585554231453348	35.80187017649142	1.0328292011795705e-280	NA	NA	NA	NA	0.002126057591421926	UP	1.0941569128775853e-4	2	2	0	1
ABCA13	3	A2780,PEO1,UWB_BRCAdef	FALSE	0.045581958869661224	0.011795418957233841	3.8643781144973173	1.1137258548264413e-4	0.022463362530921897	0.06870055520840054	5.216117647527844e-6	3.927183782329429	0.14035338037179565	0.12512069273082527	0.04562407386139604	0.01158696982069304	3.9375328120658875	8.232367773058323e-5	NA	NA	NA	NA	0.0021612420230076885	UP	1.1137258548264413e-4	3	2	1	0.6666666666666666
PNRC2	3	A2780,PEO1,UWB_BRCAdef	FALSE	0.1849447988557127	0.04789601820874642	3.8613815046099056	1.1274769109322424e-4	0.09107032816369508	0.2788192695477303	0	0.7458521572511481	0.688716141806094	0	0.1849447988557127	0.04789601820874642	3.8613815046099056	1.1274769109322424e-4	NA	NA	NA	NA	0.002182199094496737	UP	1.1274769109322424e-4	3	2	1	0.6666666666666666
SLC26A4	3	A2780,PEO1,UWB_BRCAdef	FALSE	0.09336799106035003	0.024208322578871438	3.8568550446299747	1.1485522611924258e-4	0.045920550679634214	0.14081543144106584	0	0.883187023958928	0.6430109585913116	0	0.09336799106035003	0.024208322578871438	3.8568550446299747	1.1485522611924258e-4	NA	NA	NA	NA	0.002217185677056449	UP	1.1485522611924258e-4	3	2	1	0.6666666666666666
CCND1	3	A2780,PEO1,UWB_BRCAdef	FALSE	0.5513315086820085	0.14301430561490605	3.8550794363647527	1.1569205733482263e-4	0.2710286204027883	0.8316343969612288	0.05247417324684638	9.264778621998778	0.009731479770979296	89.88816398530837	0.6486193553973756	0.019265284946791122	33.66777897076531	1.7129546766470308e-248	NA	NA	NA	NA	0.0022304282292177602	UP	1.1569205733482263e-4	3	3	0	1
SNUPN	3	A2780,PEO1,UWB_BRCAdef	FALSE	0.24297285280695177	0.06324106361722805	3.8420108535423405	1.220304387118206e-4	0.11902264577317846	0.3669230598407251	0.004897907439711779	3.7353117005500356	0.1544853745433494	34.02739206231392	0.26430023957223925	0.03432227088866477	7.700546401186021	1.3548562888391747e-14	NA	NA	NA	NA	0.002343459866534664	UP	1.220304387118206e-4	3	2	1	0.6666666666666666
TMEM44	3	A2780,PEO1,UWB_BRCAdef	FALSE	0.8219640050175331	0.21405555594193862	3.8399564141212306	1.2305615555800744e-4	0.40242282468063467	1.2415051853544314	0.12236600549818896	21.766541164343067	1.8769626953604568e-5	91.28354988176972	0.5738946716581568	0.043677878422425466	13.139252463404974	1.9615494166144978e-39	NA	NA	NA	NA	0.002360092570993847	UP	1.2305615555800744e-4	3	3	0	1
KEL	2	A2780,UWB_BRCAdef	FALSE	0.14499030616943562	0.03778850414449057	3.836889272331111	1.2460261867379408e-4	0.07092619901659154	0.2190544133222797	0	0.29629090684877946	0.5862170871452508	0	0.14499030616943562	0.03778850414449057	3.836889272331111	1.2460261867379408e-4	NA	NA	NA	NA	0.002386656635141701	UP	1.2460261867379408e-4	2	1	1	0.5
TRAF2	3	A2780,PEO1,UWB_BRCAdef	FALSE	0.65921873580148	0.17195195598671248	3.8337379299856345	1.262106053633872e-4	0.3221990949963071	0.9962383766066529	0.06781240684765776	11.301988659201209	0.0035140209421552315	78.56577085743315	0.5627871692496619	0.07017071283411501	8.020257262885474	1.0552392125398674e-15	NA	NA	NA	NA	0.0024112095885121536	UP	1.262106053633872e-4	3	3	0	1
PI4K2A	3	A2780,PEO1,UWB_BRCAdef	FALSE	0.4900798714062534	0.12785409818157636	3.833118205646015	1.2652911525633365e-4	0.23949044369451578	0.7406692991179911	0.04106743882425276	16.01855397039627	3.323649369019224e-4	85.72720826224145	0.6506733022850877	0.025404578484177986	25.612442367045297	1.1087831381243733e-144	NA	NA	NA	NA	0.0024141755190908456	UP	1.2652911525633365e-4	3	3	0	1
PRB3	2	A2780,PEO1	FALSE	0.15438742606716582	0.0403326079054307	3.827856270270534	1.2926419983787867e-4	0.07533696716994619	0.23343788496438544	0	0.3907877315521884	0.5318856270397877	0	0.15438742606716582	0.0403326079054307	3.827856270270534	1.2926419983787867e-4	NA	NA	NA	NA	0.002456850543705285	UP	1.2926419983787867e-4	2	2	0	1
GPAM	3	A2780,PEO1,UWB_BRCAdef	FALSE	0.29489828574366705	0.0771491642337158	3.822443038401579	1.321360082312524e-4	0.14368870240821843	0.4461078690791157	0.007630379004143155	2.9292280728545776	0.23116719637830946	37.996012187177676	0.3378733866489334	0.04460051894007192	7.575548327204925	3.5761395424603144e-14	NA	NA	NA	NA	0.002501786368393763	UP	1.321360082312524e-4	3	3	0	1
EDN1	3	A2780,PEO1,UWB_BRCAdef	FALSE	1.466965818162141	0.3838568635933964	3.82164800813888	1.3256281376028547e-4	0.7146201903005799	2.2193114460237022	0.4219017155522223	63.662161137290624	1.4994685319197634e-14	97.68962905052491	1.4041556437844087	0.04556673273496084	30.815368131651834	1.6313168683803695e-208	NA	NA	NA	NA	0.002506657707254912	UP	1.3256281376028547e-4	3	3	0	1
MCM3AP	3	A2780,PEO1,UWB_BRCAdef	FALSE	0.27535142072082824	0.07208049867790513	3.8200543249741954	1.3342228436097846e-4	0.13407623932444723	0.41662660211720925	0.009970414389765305	6.178982440793799	0.04552511076116527	64.95734139132999	0.21213185049266048	0.029984833058172324	7.074638370709362	1.4983898884522228e-12	NA	NA	NA	NA	0.0025196875081044553	UP	1.3342228436097846e-4	3	3	0	1
TRIM66	3	A2780,PEO1,UWB_BRCAdef	FALSE	0.30696008696227184	0.08078255867178277	3.799831201304751	1.4479467998692837e-4	0.1486291813865838	0.4652909925379599	0.012517148624462618	6.52770097475457	0.038240868188699345	67.14428590574109	0.34366365164194385	0.03470412914003533	9.902673259865411	4.0529395383464734e-23	NA	NA	NA	NA	0.0027171052448816116	UP	1.4479467998692837e-4	3	3	0	1
S100A3	3	A2780,PEO1,UWB_BRCAdef	FALSE	0.810648076350233	0.21397307118755796	3.7885518577226005	1.5152796612306703e-4	0.3912685631611943	1.2300275895392716	0.058953391725055024	3.7314468672177963	0.15478419328395768	33.2746597809382	0.8423002383862012	0.09013739446896647	9.34462598290655	9.221481012188147e-21	NA	NA	NA	NA	0.0028290960038658995	UP	1.5152796612306703e-4	3	3	0	1
ACTR1A	3	A2780,PEO1,UWB_BRCAdef	FALSE	0.4648687364731259	0.12274948212857285	3.7871339936587534	1.523949278810239e-4	0.22428417238018009	0.7054533005660717	0.038735781433110024	19.634251238583015	5.4510041841705466e-5	87.28114331075506	0.3166983537379301	0.030048208195761573	10.539675167140306	5.669438177979325e-26	NA	NA	NA	NA	0.0028416945757587645	UP	1.523949278810239e-4	3	3	0	1
FYCO1	3	A2780,PEO1,UWB_BRCAdef	FALSE	0.25143693934039635	0.06645023655840833	3.783838137572147	1.544282755466514e-4	0.12119686892174922	0.3816770097590435	0.00819662686491904	5.193770676472343	0.07450527593115994	62.292516101755574	0.22369647080896038	0.026247089883885185	8.522715158083196	1.558557553489573e-17	NA	NA	NA	NA	0.002875983514494124	UP	1.544282755466514e-4	3	3	0	1
ASPG	2	A2780,PEO1	FALSE	0.1808697576123362	0.047856313659155734	3.7794335539618547	1.5718553041339477e-4	0.08707310640753872	0.27466640881713367	0.0011050200206800308	1.1022589574951072	0.2937708915475411	9.277217191093778	0.18706071692139883	0.036917527535076794	5.066989297798047	4.041569963329703e-7	NA	NA	NA	NA	0.0029199779374659155	UP	1.5718553041339477e-4	2	2	0	1
ZBTB43	3	A2780,PEO1,UWB_BRCAdef	FALSE	0.17287847647043134	0.04577193271679064	3.776953827580321	1.5875814844879143e-4	0.0831671368427311	0.2625898160981316	1.8727600203698725e-6	3.1665161754589857	0.2053051053053355	0.017565539602453377	0.17287861087982748	0.045759511987301965	3.777981962041038	1.5810432726261938e-4	NA	NA	NA	NA	0.0029454915195888066	UP	1.5875814844879143e-4	3	2	1	0.6666666666666666
BTD	3	A2780,PEO1,UWB_BRCAdef	FALSE	0.6617322710448503	0.1753109779951778	3.774619699304012	1.6025194751881095e-4	0.31812906807980795	1.0053354740098928	0.07590622370123905	16.845657181892015	2.1979207086873662e-4	84.69195969454783	0.8495377873554075	0.04914168342353287	17.287519030098643	5.841277039392433e-67	NA	NA	NA	NA	0.002969480636542177	UP	1.6025194751881095e-4	3	3	0	1
CFAP43	2	A2780,UWB_BRCAdef	FALSE	0.1911004472332284	0.050642714222531096	3.77350326038029	1.6097111477482017e-4	0.09184255127771308	0.2903583431887437	0	0.060744939507799564	0.8053223839107423	0	0.1911004472332284	0.050642714222531096	3.77350326038029	1.6097111477482017e-4	NA	NA	NA	NA	0.0029790736848251138	UP	1.6097111477482017e-4	2	2	0	1
CSF1R	2	A2780,PEO1	FALSE	0.1304769682194748	0.03458310650296283	3.7728527426619833	1.6139155258759557e-4	0.06269532500015472	0.19825861143879486	0	0.014669614778961568	0.9035974255306426	0	0.1304769682194748	0.03458310650296283	3.7728527426619833	1.6139155258759557e-4	NA	NA	NA	NA	0.0029831211101409697	UP	1.6139155258759557e-4	2	2	0	1
UBE2L3	3	A2780,PEO1,UWB_BRCAdef	FALSE	0.10439114048720388	0.027723973392585016	3.7653744291618776	1.6629968441556612e-4	0.05005315112939052	0.15872912984501725	3.007607971923953e-6	2.834237249024944	0.24241149009885493	0.07828321403758932	0.10436923663405141	0.027691396934930848	3.769013057712397	1.638943145257267e-4	NA	NA	NA	NA	0.0030700042864581474	UP	1.6629968441556612e-4	3	3	0	1
SETD4	3	A2780,PEO1,UWB_BRCAdef	FALSE	0.2694627450375588	0.07184119578348107	3.750810967145931	1.7626355214539775e-4	0.1286565886956451	0.4102689013794725	0.008181104129111003	4.083212265427367	0.12982003513749243	53.678971917098245	0.3123191793182163	0.03149312060461529	9.917060403104232	3.5093966247069067e-23	NA	NA	NA	NA	0.0032458395337160604	UP	1.7626355214539775e-4	3	3	0	1
CAMKV	2	A2780,UWB_BRCAdef	FALSE	0.07863623090783871	0.020978493111179188	3.7484213232615073	1.7795114095108889e-4	0.03751913996000587	0.11975332185567154	0	8.227511300005236e-5	0.9927628370704011	0	0.07863623090783871	0.020978493111179188	3.7484213232615073	1.7795114095108889e-4	NA	NA	NA	NA	0.0032687666353747487	UP	1.7795114095108889e-4	2	2	0	1
TAF5L	3	A2780,PEO1,UWB_BRCAdef	FALSE	0.3855052444219338	0.10285029121579668	3.7482173347772143	1.780959011532934e-4	0.18392237783951604	0.5870881110043515	0.02208119781953636	5.875905904985061	0.05297405823658075	70.89307569022034	0.3261805933776977	0.03824363248247993	8.529017046880332	1.4759643947518088e-17	NA	NA	NA	NA	0.0032687666353747487	UP	1.780959011532934e-4	3	3	0	1
ICAM3	3	A2780,PEO1,UWB_BRCAdef	FALSE	0.6503799744670298	0.17378509208564683	3.7424382417480424	1.822433304231539e-4	0.3097674529291852	0.9909924960048744	0.06157849231862229	5.33497152182138	0.0694265610302454	69.05621659026397	0.6421318734895765	0.049303504434936814	13.024061491145389	8.92921982556479e-39	NA	NA	NA	NA	0.0033393210990919167	UP	1.822433304231539e-4	3	3	0	1
HELZ	3	A2780,PEO1,UWB_BRCAdef	FALSE	0.2471036832357036	0.06603811186397955	3.7418344689301475	1.826818348340177e-4	0.11767136237527642	0.37653600409613075	0.007153696932042974	4.561189155883124	0.10222340885877762	55.715011121202345	0.2747591765124735	0.039329805979011125	6.98602928931565	2.827750661548626e-12	NA	NA	NA	NA	0.0033432132322903712	UP	1.826818348340177e-4	3	3	0	1
MEN1	3	A2780,PEO1,UWB_BRCAdef	FALSE	0.7647063360969694	0.20442807438048657	3.7407109488967696	1.83500459578484e-4	0.3640346728823404	1.1653779993115982	0.11507123248827592	35.76599278742691	1.7120377885701872e-8	93.8026799810371	0.8054973164648676	0.04669397154533191	17.250563398379306	1.1081351477838867e-66	NA	NA	NA	NA	0.003347243398404223	UP	1.83500459578484e-4	3	3	0	1
ERC2	3	A2780,PEO1,UWB_BRCAdef	FALSE	0.06776565273271998	0.018116249871816904	3.7406004671055944	1.8358114533751437e-4	0.03225845544903048	0.10327285001640948	0	0.08714067694612178	0.957365212115447	0	0.06776565273271998	0.018116249871816904	3.7406004671055944	1.8358114533751437e-4	NA	NA	NA	NA	0.003347243398404223	UP	1.8358114533751437e-4	3	3	0	1
SNX1	3	A2780,PEO1,UWB_BRCAdef	FALSE	0.38858063673790966	0.10439978207831889	3.722044519656212	1.9761616901131144e-4	0.18396082387057447	0.5932004496052449	0.02723970609212002	19.42827028674391	6.042333761043546e-5	86.30151370501974	0.5374584568335671	0.018090439565974364	29.70952999088274	5.783638172608586e-194	NA	NA	NA	NA	0.003594280800947432	UP	1.9761616901131144e-4	3	3	0	1
PITPNC1	3	A2780,PEO1,UWB_BRCAdef	FALSE	0.11640091339144785	0.031323704447647205	3.7160647325731935	2.0234976114363878e-4	0.055007580811682236	0.17779424597121346	3.9692374791034675e-8	2.206506899839514	0.3317898640981628	8.096991542124789e-4	0.11640105302544651	0.031323324486653585	3.716114267342322	2.0231011561498038e-4	NA	NA	NA	NA	0.003666845487783072	UP	2.0234976114363878e-4	3	3	0	1
TTYH3	3	A2780,PEO1,UWB_BRCAdef	FALSE	0.7040119490620145	0.18972904603901622	3.7106176611315496	2.0675417165947824e-4	0.33214985200440095	1.075874046119628	0.0683661923854628	5.421141756117429	0.06649883315213456	63.442107846586595	0.5913675160648747	0.08616973149130966	6.862821849740996	6.751340299314491e-12	NA	NA	NA	NA	0.003742073361479443	UP	2.0675417165947824e-4	3	3	0	1
JMJD6	3	A2780,PEO1,UWB_BRCAdef	FALSE	0.18391622497099788	0.049614330699605164	3.706917384102926	2.0979734436428807e-4	0.08667392368271183	0.28115852625928395	0	0.4084576159482389	0.8152758082385297	0	0.18391622497099788	0.049614330699605164	3.706917384102926	2.0979734436428807e-4	NA	NA	NA	NA	0.003792510184736831	UP	2.0979734436428807e-4	3	3	0	1
WDR54	3	A2780,PEO1,UWB_BRCAdef	FALSE	0.6812837124670592	0.18388143771855983	3.705016237200623	2.1137719163791962e-4	0.32088271711323696	1.0416847078208815	0.09051733680723228	26.770834728704497	1.537400792805301e-6	90.75275504667586	0.8044626918191928	0.046350470894097766	17.356084551055392	1.7741806215240277e-67	NA	NA	NA	NA	0.00381640358089123	UP	2.1137719163791962e-4	3	3	0	1
HPN	2	A2780,UWB_BRCAdef	FALSE	0.11592716533679463	0.03133690711128982	3.6993812096736653	2.161257690264421e-4	0.05450795601178948	0.17734637466179978	0	0.3003280770121699	0.5836768190405871	0	0.11592716533679463	0.03133690711128982	3.6993812096736653	2.161257690264421e-4	NA	NA	NA	NA	0.003892633065278927	UP	2.161257690264421e-4	2	1	1	0.5
NDUFB3	3	A2780,PEO1,UWB_BRCAdef	FALSE	0.1735740719702061	0.047095130291854824	3.6856055157835717	2.281595278499666e-4	0.08126931275094934	0.26587883118946287	0	1.3588075700163698	0.5069191350736021	0	0.1735740719702061	0.047095130291854824	3.6856055157835717	2.281595278499666e-4	NA	NA	NA	NA	0.004089448410081764	UP	2.281595278499666e-4	3	3	0	1
GTF2F1	3	A2780,PEO1,UWB_BRCAdef	FALSE	0.42258449885308536	0.11469767835941372	3.6843335008829503	2.2930185417014863e-4	0.19778118015827534	0.6473878175478953	0.031490575330125954	14.388248531867358	7.509854609808479e-4	84.3980729998497	0.42245328172682434	0.03948938535158473	10.697894585231145	1.0411700506646573e-26	NA	NA	NA	NA	0.004104947357886184	UP	2.2930185417014863e-4	3	3	0	1
NDOR1	3	A2780,PEO1,UWB_BRCAdef	FALSE	0.7681381545604014	0.20929967419401593	3.6700398962320175	2.4251261510269145e-4	0.35791833116416283	1.1783579779566398	0.10808590301620817	8.007384954781983	0.018248133513970533	89.6330686496502	0.6225519364031238	0.0582089733324902	10.69511968278673	1.0728106349747003e-26	NA	NA	NA	NA	0.00432573466770024	UP	2.4251261510269145e-4	3	3	0	1
SMIM4	3	A2780,PEO1,UWB_BRCAdef	FALSE	0.22493490291982204	0.061349555511165256	3.666447149382936	2.459437202275962e-4	0.10469198365039736	0.34517782218924675	4.457110228464836e-6	3.3405284560982103	0.1881973320546366	0.03147359473447467	0.22492109564326176	0.061332533177386815	3.6672396196769146	2.451830126146419e-4	NA	NA	NA	NA	0.004381650350608994	UP	2.459437202275962e-4	3	3	0	1
OR2A1	2	A2780,PEO1	FALSE	0.10628577809463391	0.028997914775157917	3.665290381006546	2.4705809995623364e-4	0.0494509095085625	0.1631206466807053	0	0.9125097949553698	0.3394493721182398	0	0.10628577809463391	0.028997914775157917	3.665290381006546	2.4705809995623364e-4	NA	NA	NA	NA	0.0043962071288241	UP	2.4705809995623364e-4	2	2	0	1
RSC1A1	2	A2780,PEO1	FALSE	0.2258513604465841	0.061684081211038674	3.6614205158358892	2.5082067950546976e-4	0.10495278285350447	0.34674993803966375	0	0.035047638785868696	0.8514958700767802	0	0.2258513604465841	0.061684081211038674	3.6614205158358892	2.5082067950546976e-4	NA	NA	NA	NA	0.004457794937316565	UP	2.5082067950546976e-4	2	2	0	1
KLHL30	2	A2780,UWB_BRCAdef	FALSE	0.142517067105145	0.03895601909303423	3.6584094171631785	2.537854061900068e-4	0.06616467270174323	0.21886946150854678	0	0.07311653120770518	0.7868520120891269	0	0.142517067105145	0.03895601909303423	3.6584094171631785	2.537854061900068e-4	NA	NA	NA	NA	0.004503762329451038	UP	2.537854061900068e-4	2	2	0	1
CFAP69	2	A2780,UWB_BRCAdef	FALSE	0.22048375920506613	0.06027149488886993	3.6581763835723593	2.540162157815761e-4	0.10235379992849114	0.3386137184816411	0	0.2697044923888746	0.6035300701699938	0	0.22048375920506613	0.06027149488886993	3.6581763835723593	2.540162157815761e-4	NA	NA	NA	NA	0.004503762329451038	UP	2.540162157815761e-4	2	2	0	1
VAPB	3	A2780,PEO1,UWB_BRCAdef	FALSE	0.3652441603921385	0.09985518760971114	3.657738462419329	2.544504902062975e-4	0.16953158900761442	0.5609567317766625	0.024736819609674495	12.777413571582553	0.0016804279501202507	83.96541484941969	0.43787942226381077	0.032281383791046184	13.564456378269151	6.506022317369831e-42	NA	NA	NA	NA	0.004506059160096433	UP	2.544504902062975e-4	3	3	0	1
USP20	3	A2780,PEO1,UWB_BRCAdef	FALSE	0.320872016250499	0.08806488057625325	3.6435865710697657	2.6886516350123303e-4	0.14826802201822167	0.49347601048277634	0.01495883536438796	7.285415186807213	0.02618135943432769	70.43859676520574	0.3315271907893322	0.039728808398731136	8.34475545961556	7.136139140209433e-17	NA	NA	NA	NA	0.0047442830223063635	UP	2.6886516350123303e-4	3	3	0	1
HS6ST1	3	A2780,PEO1,UWB_BRCAdef	FALSE	0.587815662323707	0.16142812923945207	3.641345935761785	2.712164102860132e-4	0.27142234292270373	0.9042089817247102	0.06442553690318792	12.692129894108886	0.0017536342203580875	84.36221253078996	0.6613042926703561	0.04966865436903233	13.314318679884943	1.9110784403988427e-40	NA	NA	NA	NA	0.004780068008223215	UP	2.712164102860132e-4	3	3	0	1
SPOUT1	2	A2780,UWB_BRCAdef	FALSE	0.6506883922864287	0.17897882938288723	3.635560666755837	2.77376705130347e-4	0.2998963327008306	1.0014804518720268	0.04816848294696897	3.6232323549636476	0.05697806956219255	72.4003347831102	0.742761669672658	0.06868394508981578	10.81419637007415	2.948655992776885e-27	NA	NA	NA	NA	0.004877014671536791	UP	2.77376705130347e-4	2	2	0	1
FLOT2	3	A2780,PEO1,UWB_BRCAdef	FALSE	0.8263640236819751	0.22748816818166423	3.632558256929078	2.8062519316108533e-4	0.38049540713692265	1.2722326402270276	0.14293804599760465	33.34350161758126	5.748448171470664e-8	92.89019973785176	1.0459935794374073	0.0500474230149236	20.900048722298916	5.34903688365612e-97	NA	NA	NA	NA	0.004922700072378253	UP	2.8062519316108533e-4	3	3	0	1
DCHS1	2	A2780,UWB_BRCAdef	FALSE	0.05406058355719588	0.014882293368724054	3.632543870611174	2.806408440532134e-4	0.024891824547137464	0.0832293425672543	0	0.8644583379119967	0.352494057556052	0	0.05406058355719588	0.014882293368724054	3.632543870611174	2.806408440532134e-4	NA	NA	NA	NA	0.004922700072378253	UP	2.806408440532134e-4	2	2	0	1
NKAIN2	2	A2780,UWB_BRCAdef	FALSE	0.08345239182991178	0.02300453722366958	3.627649233649736	2.860134641403323e-4	0.03836432739050836	0.1285404562693152	0	0.4547160233817016	0.5001038566084781	0	0.08345239182991178	0.02300453722366958	3.627649233649736	2.860134641403323e-4	NA	NA	NA	NA	0.0050050663837196375	UP	2.860134641403323e-4	2	2	0	1
WDR91	3	A2780,PEO1,UWB_BRCAdef	FALSE	0.16006376974363948	0.04416780536657117	3.6239919193446117	2.900906717762815e-4	0.07349646194898508	0.24663107753829389	0	1.4550643701426897	0.48309972093757403	0	0.16006376974363948	0.04416780536657117	3.6239919193446117	2.900906717762815e-4	NA	NA	NA	NA	0.005069643617003762	UP	2.900906717762815e-4	3	3	0	1
CCDC57	3	A2780,PEO1,UWB_BRCAdef	FALSE	0.5979378228040846	0.16522027539578849	3.61903417344943	2.9570459129638315e-4	0.27411203351255	0.9217636120956192	0.06479009694951983	16.170113827315916	3.0810900857630697e-4	83.73942264996863	0.604576816930612	0.05972082573730084	10.123383417202174	4.351091002726344e-24	NA	NA	NA	NA	0.005156348810730681	UP	2.9570459129638315e-4	3	3	0	1
HHIPL2	2	A2780,PEO1	FALSE	0.14728837147232599	0.040740627815635894	3.615270047846391	3.0003469700614683e-4	0.06743820824612891	0.22713853469852308	0	0.31891193042308075	0.57226226974239	0	0.14728837147232599	0.040740627815635894	3.615270047846391	3.0003469700614683e-4	NA	NA	NA	NA	0.005225692655630027	UP	3.0003469700614683e-4	2	2	0	1
USP6	3	A2780,PEO1,UWB_BRCAdef	FALSE	0.07987901142937655	0.022126292947582893	3.6101398286016386	3.060319831238648e-4	0.036512274140731486	0.1232457487180216	0	0.3456911972442329	0.841267497678131	0	0.07987901142937655	0.022126292947582893	3.6101398286016386	3.060319831238648e-4	NA	NA	NA	NA	0.005323876393473634	UP	3.060319831238648e-4	3	2	1	0.6666666666666666
MTCL1	2	A2780,UWB_BRCAdef	FALSE	0.6883459849354563	0.1906951916276851	3.6096661853928063	3.0659130129653426e-4	0.3145902773202295	1.0621016925506832	0.05505131603017455	3.443360940533286	0.06350638205970308	70.95860651061673	0.5679874085841841	0.05394629531400873	10.528756521241405	6.366997456301816e-26	NA	NA	NA	NA	0.005327339097851765	UP	3.0659130129653426e-4	2	2	0	1
CST6	3	A2780,PEO1,UWB_BRCAdef	FALSE	0.6195930506038249	0.17168268953859747	3.608943058085823	3.074470780587873e-4	0.28310116233920235	0.9560849388684474	0.06691052986095664	10.645660148721223	0.004878926443715276	77.6656264501257	0.5302300389724333	0.07046137525922418	7.525116235976678	5.267344369606971e-14	NA	NA	NA	NA	0.0053359389005343755	UP	3.074470780587873e-4	3	3	0	1
NOD1	3	A2780,PEO1,UWB_BRCAdef	FALSE	0.09657973234464134	0.026784669057409675	3.6057840452549352	3.112118700360062e-4	0.044082745654293994	0.1490767190349887	0	0.2711362295521344	0.8732196817396491	0	0.09657973234464134	0.026784669057409675	3.6057840452549352	3.112118700360062e-4	NA	NA	NA	NA	0.005382327394412191	UP	3.112118700360062e-4	3	3	0	1
MAK	3	A2780,PEO1,UWB_BRCAdef	FALSE	0.15735033323340739	0.04369171583340662	3.60137683384587	3.1653637525318895e-4	0.07171614377717199	0.24298452268964277	7.587377378956359e-4	1.3387535320010304	0.5120275913697768	9.2496493762128	0.16166382776061913	0.03828001833997858	4.223190969367482	2.4086755977112764e-5	NA	NA	NA	NA	0.005468017968304795	UP	3.1653637525318895e-4	3	3	0	1
EPN2	3	A2780,PEO1,UWB_BRCAdef	FALSE	0.7697767221629367	0.21378859117223295	3.6006445336588944	3.1742931199710023e-4	0.3507587831598024	1.188794661166071	0.12157581352558226	38.05090689064159	5.4619856271706554e-9	92.3028893630413	1.02482772601363	0.03500287102862742	29.278390483325364	1.9544690915492986e-188	NA	NA	NA	NA	0.005474883786782117	UP	3.1742931199710023e-4	3	3	0	1
RMDN1	3	A2780,PEO1,UWB_BRCAdef	FALSE	0.22088692530742804	0.06141312777644344	3.5967379175264025	3.2223285522062445e-4	0.10051940668764249	0.3412544439272136	0.0025865005477203173	1.818990385741801	0.4027274724278665	18.234100094972263	0.20774631893793238	0.04888560519656615	4.249641957025931	2.1411248205860242e-5	NA	NA	NA	NA	0.005534096666837832	UP	3.2223285522062445e-4	3	3	0	1
CTNNBIP1	3	A2780,PEO1,UWB_BRCAdef	FALSE	0.5651408573208077	0.1575229599775041	3.5876729170243857	3.3364246203658205e-4	0.2564015290267553	0.87388018561486	0.0635100083749928	10.00724047740934	0.006713598123533492	87.85103558445677	0.5221403764914715	0.03499144040137721	14.921945781658101	2.372526972230777e-50	NA	NA	NA	NA	0.005710151720063586	UP	3.3364246203658205e-4	3	3	0	1
WDR64	2	A2780,PEO1	FALSE	0.04764357926232702	0.013304314912533553	3.5810622024170207	3.4220016540523456e-4	0.0215676011947821	0.07371955732987194	0	0.5510670888522027	0.4578820097527888	0	0.04764357926232702	0.013304314912533553	3.5810622024170207	3.4220016540523456e-4	NA	NA	NA	NA	0.005829624246367746	UP	3.4220016540523456e-4	2	1	1	0.5
MVP	3	A2780,PEO1,UWB_BRCAdef	FALSE	0.5355822151168992	0.15046387644304593	3.5595401885025173	3.7150468124543434e-4	0.24067843631424457	0.8304859939195538	0.04549960964517849	5.796478969061567	0.055120174606433356	67.62719611685918	0.6006751644876056	0.06624563381260451	9.067392519585427	1.218991239495732e-19	NA	NA	NA	NA	0.006299816194468162	UP	3.7150468124543434e-4	3	3	0	1
ING3	3	A2780,PEO1,UWB_BRCAdef	FALSE	0.38135713911952157	0.10714586598983813	3.5592333460227947	3.7193895773899037e-4	0.1713551006870838	0.5913591775519593	0.014626172645415233	3.3844642711610304	0.1841081107340913	42.230564212965035	0.3949811312975169	0.0795542598203977	4.964927487091568	6.872674364582863e-7	NA	NA	NA	NA	0.006299955748094445	UP	3.7193895773899037e-4	3	3	0	1
C18orf21	3	A2780,PEO1,UWB_BRCAdef	FALSE	0.21185587475083892	0.05968306891589366	3.5496813183214426	3.856977512688609e-4	0.09487920918886536	0.3288325403128125	0	0.3584871767703811	0.8359022585144368	0	0.21185587475083892	0.05968306891589366	3.5496813183214426	3.856977512688609e-4	NA	NA	NA	NA	0.006518071597728738	UP	3.856977512688609e-4	3	3	0	1
PELI3	3	A2780,PEO1,UWB_BRCAdef	FALSE	0.31838355804766305	0.08978866213026943	3.545921617428021	3.91242562225163e-4	0.14240101405229955	0.49436610204302656	0.011794133534622787	4.379827316800517	0.11192641210561687	54.840248638204265	0.29481483669353487	0.04910251954763257	6.004067396328731	1.9243476063062607e-9	NA	NA	NA	NA	0.006589184245584835	UP	3.91242562225163e-4	3	3	0	1
FAU	3	A2780,PEO1,UWB_BRCAdef	FALSE	0.43460836931368524	0.12297039437051867	3.534252057484494	4.089309026407357e-4	0.19359082518278167	0.6756259134445888	0.0365719992217001	27.659787453123165	9.85719775029293e-7	89.75596625374789	0.5151921072333945	0.028263347478331317	18.228276308331036	3.0787252323265763e-74	NA	NA	NA	NA	0.006848087494165978	UP	4.089309026407357e-4	3	3	0	1
FAM173B	2	A2780,PEO1	FALSE	0.16155102541958152	0.04573288376480982	3.53249154919661	4.116633832001252e-4	0.07191622033139773	0.25118583050776533	0	0.6564453072449554	0.41781769556425385	0	0.16155102541958152	0.04573288376480982	3.53249154919661	4.116633832001252e-4	NA	NA	NA	NA	0.0068713632046173145	UP	4.116633832001252e-4	2	2	0	1
HHIPL1	2	A2780,UWB_BRCAdef	FALSE	0.11705631004406744	0.03323341690506999	3.5222472121489763	4.27904915052011e-4	0.05192000982692567	0.1821926102612092	0	0.27084574176565873	0.602765005085066	0	0.11705631004406744	0.03323341690506999	3.5222472121489763	4.27904915052011e-4	NA	NA	NA	NA	0.007125484210443791	UP	4.27904915052011e-4	2	1	1	0.5
MPHOSPH8	3	A2780,PEO1,UWB_BRCAdef	FALSE	0.33495555057629556	0.09512672076817547	3.5211510275076625	4.2967781712753236e-4	0.14851060390327328	0.5214004972493178	0.01904957607740074	7.669387831753211	0.021607951308916473	72.31968154360979	0.3796804015161601	0.0388213947951463	9.780184445192326	1.3696072365967375e-22	NA	NA	NA	NA	0.00714695824731701	UP	4.2967781712753236e-4	3	3	0	1
C15orf56	2	A2780,UWB_BRCAdef	FALSE	0.09489401970335969	0.027042162993080078	3.5091135175704133	4.496029649654367e-4	0.04189235417286087	0.1478956852338585	0	0.7319111902906892	0.39226439795561074	0	0.09489401970335969	0.027042162993080078	3.5091135175704133	4.496029649654367e-4	NA	NA	NA	NA	0.007451799214681864	UP	4.496029649654367e-4	2	2	0	1
DEPDC5	3	A2780,PEO1,UWB_BRCAdef	FALSE	0.4963347727060263	0.14198520725016356	3.4956794606887085	4.728563590820474e-4	0.21804888015825036	0.7746206652538021	0.048267003295326634	22.883788204749482	1.0736148966900664e-5	87.8871562400171	0.5842506299113788	0.039338285747271794	14.851959581179715	6.756442955027928e-50	NA	NA	NA	NA	0.007756980075216325	UP	4.728563590820474e-4	3	3	0	1
RABL6	3	A2780,PEO1,UWB_BRCAdef	FALSE	0.2765137751881903	0.07910388923600235	3.495577497627529	4.730370639797785e-4	0.12147300124858007	0.43155454912780056	0.005951178635446709	3.640043461973785	0.16202222999266788	30.721104455166923	0.261367033213168	0.06246747765461508	4.184049733179171	2.8636142011886918e-5	NA	NA	NA	NA	0.007756980075216325	UP	4.730370639797785e-4	3	3	0	1
REXO4	3	A2780,PEO1,UWB_BRCAdef	FALSE	0.4890890906409711	0.13991958402273935	3.495501319968802	4.731721125208037e-4	0.21485174522457606	0.7633264360573662	0.05045260606504712	13.753492386002408	0.0010314948759867209	87.07598075421414	0.5079101751951268	0.047215453801354314	10.75728674200645	5.475871031332282e-27	NA	NA	NA	NA	0.007756980075216325	UP	4.731721125208037e-4	3	3	0	1
CPPED1	3	A2780,PEO1,UWB_BRCAdef	FALSE	0.3753434413357009	0.10742557557872813	3.493985853123272	4.758662340064718e-4	0.16479318218290823	0.5858937004884937	0.02857871692969014	12.627069023348755	0.0018116187222723028	84.26054772011683	0.36122294146567746	0.038050615296894824	9.49322208451004	2.240010975127323e-21	NA	NA	NA	NA	0.007783887170634622	UP	4.758662340064718e-4	3	3	0	1
PITX2	3	A2780,PEO1,UWB_BRCAdef	FALSE	0.6060916584080474	0.17392959671345432	3.4846953587006344	4.926976469337237e-4	0.2651959130041008	0.9469874038119939	0.06556291183040458	20.738165891495687	3.138806145623256e-5	88.06928187770788	0.7168432099251832	0.03648673863982519	19.646678126028796	6.1722505025374785e-86	NA	NA	NA	NA	0.008019308448475676	UP	4.926976469337237e-4	3	3	0	1
SAPCD2	3	A2780,PEO1,UWB_BRCAdef	FALSE	0.8099338256348878	0.2324335778359189	3.4845818455999584	4.929066876595175e-4	0.3543723842786995	1.2654952669910762	0.14362200126615146	16.767382553942483	2.285646908011316e-4	90.12773866657155	0.7196787517285661	0.06894342687855781	10.438685518146102	1.6508066827491078e-25	NA	NA	NA	NA	0.008019308448475676	UP	4.929066876595175e-4	3	3	0	1
ASB1	3	A2780,PEO1,UWB_BRCAdef	FALSE	0.34595276823658216	0.09928198289586815	3.4845473281837505	4.929702698089125e-4	0.15136365744695895	0.5405418790262053	0.020001894438224047	5.7624955078133695	0.05606476414415774	69.0826775155371	0.2723836664587691	0.03541995673794481	7.690118553052014	1.4699875267164375e-14	NA	NA	NA	NA	0.008019308448475676	UP	4.929702698089125e-4	3	3	0	1
SFTPD	2	A2780,UWB_BRCAdef	FALSE	0.1127609850024499	0.032365014685000554	3.4840393585456506	4.93906850492979e-4	0.04932672186073886	0.17619524814416093	0	0.3112801015334761	0.5768957242364087	0	0.1127609850024499	0.032365014685000554	3.4840393585456506	4.93906850492979e-4	NA	NA	NA	NA	0.00802571494312053	UP	4.93906850492979e-4	2	2	0	1
BAP1	3	A2780,PEO1,UWB_BRCAdef	FALSE	0.5697402588604249	0.1639936367441328	3.4741607672823833	5.12453893492787e-4	0.2483186371481802	0.8911618805726695	0.07116416139057194	19.42674117725582	6.04695522244065e-5	90.57420702985588	0.5052054669890685	0.04661119002861733	10.838716339979594	2.2561444460411882e-27	NA	NA	NA	NA	0.008290651775796324	UP	5.12453893492787e-4	3	3	0	1
NR1H3	3	A2780,PEO1,UWB_BRCAdef	FALSE	0.869414438638091	0.25081097880644115	3.466413004627863	5.274523923912721e-4	0.37783395325022756	1.3609949240259545	0.16244778466972112	13.902768236532868	9.573092071120741e-4	87.848530552644	1.0716433908277458	0.05276943981163532	20.308030455753585	1.0919608303679733e-91	NA	NA	NA	NA	0.008523976531464198	UP	5.274523923912721e-4	3	3	0	1
DISP2	3	A2780,PEO1,UWB_BRCAdef	FALSE	0.6255695450448928	0.18075409644979012	3.4608872348221635	5.383982864070982e-4	0.27129802594522495	0.9798410641445607	0.06542207009388556	19.06423102236393	7.248611648631531e-5	89.17836546534765	0.7058140452527591	0.03464296527445834	20.373950083688236	2.847565268112872e-92	NA	NA	NA	NA	0.008681892542095703	UP	5.383982864070982e-4	3	3	0	1
PRKCZ	3	A2780,PEO1,UWB_BRCAdef	FALSE	0.6957599247915962	0.20112182026373582	3.4593955239626895	5.413892614934337e-4	0.301568400569536	1.0899514490136564	0.08341114011446854	9.456266761427813	0.008842962087263049	75.376152436702	0.5584246867751465	0.06371081261862316	8.764990804903258	1.8679190557522317e-18	NA	NA	NA	NA	0.008711124058436782	UP	5.413892614934337e-4	3	3	0	1
CUEDC2	3	A2780,PEO1,UWB_BRCAdef	FALSE	0.47539238558966734	0.13762788674395302	3.454186479474915	5.519555724694508e-4	0.20564668430316196	0.7451380868761728	0.045513720889189695	10.779290194056939	0.00456359268096621	81.45702675053847	0.45175941671279096	0.056442556189988266	8.003879469812597	1.2055940050715915e-15	NA	NA	NA	NA	0.008861853474599097	UP	5.519555724694508e-4	3	3	0	1
RASGRF1	2	A2780,PEO1	FALSE	1.040004359755673	0.3013834712640937	3.450767739164922	5.589944048522525e-4	0.4493036105423871	1.6307051089689588	0.17365354968673238	21.90596178546263	2.863429532661598e-6	95.43503266465284	1.294323059563792	0.030190449016619547	42.87193803746608	0	NA	NA	NA	NA	0.008955417404713173	UP	5.589944048522525e-4	2	2	0	1
MIEF2	3	A2780,PEO1,UWB_BRCAdef	FALSE	0.4455471953761284	0.12918384202344466	3.4489390344596598	5.627937516438369e-4	0.192351517625665	0.6987428731265919	0.025817401371292167	4.321009351878459	0.11526693390834307	53.83117867954635	0.4454747566973756	0.07600720068087412	5.860954655701081	4.6021364569687536e-9	NA	NA	NA	NA	0.009006527278741792	UP	5.627937516438369e-4	3	3	0	1
B3GNTL1	3	A2780,PEO1,UWB_BRCAdef	FALSE	0.8138198203609619	0.23605749633318407	3.447549147993561	5.656974732052716e-4	0.3511556292672253	1.2764840114546985	0.1347148562445235	20.440628130481226	3.642285611099373e-5	87.42240671473579	0.9781447946367149	0.05411382460093059	18.075691412502636	4.9530564138861696e-73	NA	NA	NA	NA	0.009043209228417677	UP	5.656974732052716e-4	3	3	0	1
ATOH8	2	A2780,UWB_BRCAdef	FALSE	1.2350613965743478	0.3587407232078447	3.442768876447814	5.757911717123507e-4	0.5319424992991199	1.9381802938495758	0.14745926268575327	1.4079745468595748	0.23539292116200736	28.97598878967891	1.0903851547250645	0.0604985704140853	18.023321001833136	1.278341771464217e-72	NA	NA	NA	NA	0.009184707719644584	UP	5.757911717123507e-4	2	2	0	1
SPIRE2	3	A2780,PEO1,UWB_BRCAdef	FALSE	0.6380728005579555	0.18542945211309367	3.441054229987122	5.794523850261584e-4	0.27463775274329727	1.0015078483726136	0.07514169198448073	6.182880725204112	0.045436462268711085	77.74465480039936	0.5595051155899359	0.07527678857143166	7.432637951325596	1.0645298458607947e-13	NA	NA	NA	NA	0.009223210352402372	UP	5.794523850261584e-4	3	3	0	1
IGFL1	2	A2780,UWB_BRCAdef	FALSE	0.09959651805265665	0.028954984227914968	3.439702030873064	5.82354953867373e-4	0.04284579179301802	0.1563472443122953	0	0.8339455124017884	0.3611341185315005	0	0.09959651805265665	0.028954984227914968	3.439702030873064	5.82354953867373e-4	NA	NA	NA	NA	0.00925944376649123	UP	5.82354953867373e-4	2	2	0	1
PEF1	3	A2780,PEO1,UWB_BRCAdef	FALSE	0.30431492983698993	0.08851615060380691	3.4379593753357587	5.861156237978197e-4	0.13082646260340505	0.47780339707057484	0.01676791478439602	8.14551082606415	0.017030398017472238	72.7375806764609	0.39491501310419064	0.02529533865249442	15.612165487464123	6.0159918082461835e-55	NA	NA	NA	NA	0.009309228495272139	UP	5.861156237978197e-4	3	3	0	1
CMC2	3	A2780,PEO1,UWB_BRCAdef	FALSE	0.10924452993988776	0.03180876492070987	3.434415960890121	5.938321750096176e-4	0.046900496302595344	0.17158856357718016	1.4078729242783513e-7	1.491256167943904	0.4744362205544257	0.0012766037564683579	0.10924407812843359	0.03180695789351137	3.4345968732432413	5.934359194111543e-4	NA	NA	NA	NA	0.009421669926896154	UP	5.938321750096176e-4	3	3	0	1
KPNA7	2	A2780,PEO1	FALSE	0.18816472554659613	0.05493330187733133	3.4253307031639366	6.140514929065813e-4	0.0804974323151602	0.29583201877803206	0	0.1528558414694338	0.6958210174812092	0	0.18816472554659613	0.05493330187733133	3.4253307031639366	6.140514929065813e-4	NA	NA	NA	NA	0.009711207941828469	UP	6.140514929065813e-4	2	2	0	1
MBOAT4	2	A2780,PEO1	FALSE	0.16539167843026512	0.04830596981699599	3.4238351710324975	6.174405877022997e-4	0.07071371735067408	0.2600696395098562	0	0.09642424308262385	0.7561636274318917	0	0.16539167843026512	0.04830596981699599	3.4238351710324975	6.174405877022997e-4	NA	NA	NA	NA	0.009754373899950755	UP	6.174405877022997e-4	2	2	0	1
FAM122C	3	A2780,PEO1,UWB_BRCAdef	FALSE	0.15032578415831502	0.044029260160610303	3.4142246226703645	6.39638175605035e-4	0.0640300199775746	0.23662154833905544	7.556025591523949e-4	3.0183103845285575	0.221096683271598	10.03885287752659	0.15547921671379936	0.03923775077529205	3.962490551617051	7.417194336756464e-5	NA	NA	NA	NA	0.010062052875182609	UP	6.39638175605035e-4	3	2	1	0.6666666666666666
LYPD3	3	A2780,PEO1,UWB_BRCAdef	FALSE	1.14172861798811	0.33524273270032967	3.4056774588121814	6.600010373972468e-4	0.4846649358166758	1.7987923001595445	0.23667259694729767	11.579297633494793	0.0030590562771424805	79.91108818444648	1.5132642553154705	0.07501074522562604	20.173966419926884	1.6579324638358926e-90	NA	NA	NA	NA	0.010349348186631057	UP	6.600010373972468e-4	3	3	0	1
LITAF	3	A2780,PEO1,UWB_BRCAdef	FALSE	1.2413505756594436	0.3654932721623922	3.396370522267506	6.828585526520459e-4	0.5249969256294591	1.9577042256894281	0.38215399446999626	77.88191294054437	1.2250603531083156e-17	96.55302138605653	0.6034193199988719	0.025610759321843746	23.561164759539473	9.64596345943344e-123	NA	NA	NA	NA	0.010685110495307728	UP	6.828585526520459e-4	3	3	0	1
SORBS1	3	A2780,PEO1,UWB_BRCAdef	FALSE	0.30372134855103694	0.08967796904517536	3.386800033328554	7.071290850476146e-4	0.12795575901579542	0.47948693808627846	0.012727783876996808	4.4056147883442245	0.11049252645841365	58.16208134630956	0.2616025852194534	0.04258694939024191	6.14278761369546	8.108567212897038e-10	NA	NA	NA	NA	0.011029871076581304	UP	7.071290850476146e-4	3	3	0	1
SLC26A7	3	A2780,PEO1,UWB_BRCAdef	FALSE	0.131963262417731	0.03908524435900593	3.376293652039669	7.346945910547423e-4	0.05535759114713207	0.2085689336883299	0.0016747461194642375	2.398958859146334	0.3013510455295867	28.891734126097223	0.14550639365210524	0.02062273386516424	7.055630674548611	1.7181962676980966e-12	NA	NA	NA	NA	0.011399715548716133	UP	7.346945910547423e-4	3	3	0	1
SVIP	3	A2780,PEO1,UWB_BRCAdef	FALSE	0.14113174232163095	0.04180602404214704	3.375870955328064	7.358242296927216e-4	0.05919344086220715	0.22307004378105474	0	1.1247578731313272	0.569851808772149	0	0.14113174232163095	0.04180602404214704	3.375870955328064	7.358242296927216e-4	NA	NA	NA	NA	0.011405275560237184	UP	7.358242296927216e-4	3	3	0	1
PODXL	3	A2780,PEO1,UWB_BRCAdef	FALSE	1.268928045286328	0.3767145925761933	3.3684069327090858	7.560391703266155e-4	0.5305810113863093	2.0072750791863467	0.41725550892615615	139.2699909372856	5.726716983010955e-31	98.766860759222	1.3682651377083055	0.027573279086548566	49.62286616015156	0	NA	NA	NA	NA	0.011681871694482407	UP	7.560391703266155e-4	3	3	0	1
RPGRIP1	2	A2780,PEO1	FALSE	0.1134776454619399	0.033696266062366594	3.3676623175965634	7.580838634689683e-4	0.04743417756622209	0.17952111335765772	0	0.17861392849621144	0.6725671242493555	0	0.1134776454619399	0.033696266062366594	3.3676623175965634	7.580838634689683e-4	NA	NA	NA	NA	0.011701238088847217	UP	7.580838634689683e-4	2	2	0	1
KSR1	3	A2780,PEO1,UWB_BRCAdef	FALSE	0.630620827728933	0.18744502739180816	3.3642974503173875	7.673878878037422e-4	0.2632353249598652	0.9980063304980009	0.06832601155467045	7.437982796826936	0.02425842259458441	70.60980070682619	0.833136323731078	0.042784809089085336	19.4727133641369	1.8709369498386226e-84	NA	NA	NA	NA	0.01183249707711568	UP	7.673878878037422e-4	3	3	0	1
DIEXF	2	A2780,PEO1	FALSE	0.19888949950632304	0.05914096537295872	3.3629735032573906	7.710776438402124e-4	0.08297533736439351	0.3148036616482526	0	0.7858261393117048	0.37536520079020547	0	0.19888949950632304	0.05914096537295872	3.3629735032573906	7.710776438402124e-4	NA	NA	NA	NA	0.011877005332776271	UP	7.710776438402124e-4	2	2	0	1
BICD2	3	A2780,PEO1,UWB_BRCAdef	FALSE	0.6182218096337428	0.18418030279418185	3.3566119734562196	7.890376343627121e-4	0.2572350494954646	0.9792085697720211	0.09450742280808931	62.92965600780376	2.162712666794205e-14	95.1890560180909	0.8037512645555606	0.030663923456914804	26.211625061120884	1.9586593987500308e-151	NA	NA	NA	NA	0.012128377857922479	UP	7.890376343627121e-4	3	3	0	1
KDM4D	3	A2780,PEO1,UWB_BRCAdef	FALSE	0.14612815330391365	0.043550977872330296	3.3553357569211966	7.926871125671879e-4	0.06076980518264545	0.23148650142518185	4.228239504394633e-6	2.8124137050019153	0.24507111322302702	0.05126447204068522	0.1461513187468703	0.04352474118060528	3.3578905878019474	7.85396943378311e-4	NA	NA	NA	NA	0.012171821737830745	UP	7.926871125671879e-4	3	2	1	0.6666666666666666
RAB19	3	A2780,PEO1,UWB_BRCAdef	FALSE	0.7033330488134776	0.20967858270315795	3.354339006617507	7.955483163339665e-4	0.2923705783858849	1.1142955192410702	0.10733368907106601	8.073014304877796	0.01765904517376203	85.09884254093016	0.795050025874219	0.06638334228917972	11.976649539741684	4.709758856802978e-33	NA	NA	NA	NA	0.012203083976794982	UP	7.955483163339665e-4	3	3	0	1
SNN	3	A2780,PEO1,UWB_BRCAdef	FALSE	1.198917687510834	0.3579664965677984	3.349245527182348	8.103195330245631e-4	0.4973162465659684	1.9005191284556997	0.36600797136777835	54.443565029942285	1.505670932155682e-12	96.2173055059107	1.347493552787949	0.0552207459862475	24.401944028853517	1.6308224175725042e-131	NA	NA	NA	NA	0.012403928503969165	UP	8.103195330245631e-4	3	3	0	1
NXF1	3	A2780,PEO1,UWB_BRCAdef	FALSE	0.29954738206972376	0.08948297565620417	3.347534878819769	8.153372706190501e-4	0.1241639725540892	0.47493079158535834	0.015858997261610785	6.556930223533273	0.03768605632234198	66.74237691368815	0.3811701162002779	0.03640460673219653	10.470381372453282	1.181659744375153e-25	NA	NA	NA	NA	0.012467830631482827	UP	8.153372706190501e-4	3	3	0	1
KRT37	2	A2780,PEO1	FALSE	0.10124444804900362	0.03028019336966315	3.3435865753234424	8.270288427293891e-4	0.04189635959955531	0.16059253649845193	0	0.09126282421959839	0.762577833165544	0	0.10124444804900362	0.03028019336966315	3.3435865753234424	8.270288427293891e-4	NA	NA	NA	NA	0.012633549067602765	UP	8.270288427293891e-4	2	2	0	1
ICMT	3	A2780,PEO1,UWB_BRCAdef	FALSE	0.08291494394989327	0.024825237842978142	3.339945601904712	8.379480166103994e-4	0.0342583718700153	0.13157151602977124	0	0.35419645099728525	0.8376974972273279	0	0.08291494394989327	0.024825237842978142	3.339945601904712	8.379480166103994e-4	NA	NA	NA	NA	0.012773956001668016	UP	8.379480166103994e-4	3	3	0	1
PKD2L2	2	A2780,PEO1	FALSE	0.1028980360296186	0.030878102751251177	3.3323950262925135	8.610194593508682e-4	0.042378066726239144	0.16341800533299805	0	2.9733890973261267e-4	0.9862423450742428	0	0.1028980360296186	0.030878102751251177	3.3323950262925135	8.610194593508682e-4	NA	NA	NA	NA	0.013085195010710472	UP	8.610194593508682e-4	2	2	0	1
CSNK1G1	3	A2780,PEO1,UWB_BRCAdef	FALSE	0.2333519320318896	0.07005570378836593	3.3309483655582386	8.655065504112705e-4	0.09604527569508617	0.37065858836869303	0.00637442006904585	3.4298822158425106	0.17997431946281175	36.29541126839935	0.2617477582019124	0.034825170328231334	7.516051055455262	5.6455514023504994e-14	NA	NA	NA	NA	0.013139882300750983	UP	8.655065504112705e-4	3	3	0	1
HOPX	2	A2780,UWB_BRCAdef	FALSE	0.5806596126113898	0.17459900049916302	3.325675467507463	8.820456230516107e-4	0.23845185989633938	0.9228673653264401	0.030808974149454334	1.2649045642997143	0.2607247611440801	20.94265225822583	0.6356365698771024	0.0605861655680077	10.4914474107724	9.456845310895953e-26	NA	NA	NA	NA	0.013377239618527352	UP	8.820456230516107e-4	2	2	0	1
DPY19L1	3	A2780,PEO1,UWB_BRCAdef	FALSE	0.1971758979700582	0.059336859064743994	3.3229918313491185	8.905752232177585e-4	0.08087779124743094	0.31347400469268544	0	1.2214575586886607	0.542955030441424	0	0.1971758979700582	0.059336859064743994	3.3229918313491185	8.905752232177585e-4	NA	NA	NA	NA	0.013492762116517412	UP	8.905752232177585e-4	3	3	0	1
SEC16A	3	A2780,PEO1,UWB_BRCAdef	FALSE	0.4981174145545991	0.1503983635832758	3.3119869304880485	9.263587351298256e-4	0.20334203859761818	0.7928927905115801	0.06011558976183338	29.9507604892874	3.135270349696482e-7	90.78577252658765	0.274191204475456	0.022754309884769657	12.05007780345748	1.9376694759412312e-33	NA	NA	NA	NA	0.013977618996290542	UP	9.263587351298256e-4	3	3	0	1
HSF4	3	A2780,PEO1,UWB_BRCAdef	FALSE	0.8850073103543535	0.2678139152607419	3.3045605919793832	9.512541109887081e-4	0.36010168188463754	1.4099129388240694	0.16980721063372703	29.10135508124779	4.794253965627553e-7	91.7227301906353	0.8526900532815267	0.06223378647747752	13.701400823331168	9.958431752296829e-43	NA	NA	NA	NA	0.01433862848031603	UP	9.512541109887081e-4	3	3	0	1
SNAP47	3	A2780,PEO1,UWB_BRCAdef	FALSE	0.7931389126811199	0.2401299951880302	3.3029564343266005	9.567124996252719e-4	0.3224927705048043	1.2637850548574354	0.15627216331997998	37.58440802459852	6.896829578601144e-9	92.72642336815139	1.1454386465159507	0.03694829387584293	31.001124175447977	5.205688220902409e-211	NA	NA	NA	NA	0.014391564325492264	UP	9.567124996252719e-4	3	3	0	1
ZNF318	3	A2780,PEO1,UWB_BRCAdef	FALSE	0.5159426491562025	0.15655536786944063	3.2955921996010566	9.821446946420701e-4	0.2090997665456797	0.8227855317667252	0.0671504526573218	24.073298894487912	5.923106812942275e-6	94.0589284646498	0.657005881560677	0.03244929764898475	20.247152609210108	3.76376169879447e-91	NA	NA	NA	NA	0.014744135634185066	UP	9.821446946420701e-4	3	3	0	1
GRK2	2	A2780,UWB_BRCAdef	FALSE	0.7239217196794772	0.21989294755054062	3.292155240736357	9.942271419230292e-4	0.2929394620260625	1.1549039773328917	0.07866554433769352	4.686796975729299	0.030395256371874645	78.66346664516244	0.873608048709043	0.0542473497767821	16.104160890878173	2.385116478604521e-58	NA	NA	NA	NA	0.014880199137262988	UP	9.942271419230292e-4	2	2	0	1
C9orf116	3	A2780,PEO1,UWB_BRCAdef	FALSE	0.29593967362157364	0.09025251444875199	3.279018600524607	0.0010416876965987812	0.11904799578783892	0.47283135145530836	0.011463243723236009	4.022087722403747	0.13384888206455942	48.22141464006137	0.33862633772125844	0.05295297735293304	6.394849820517261	1.6070522603923863e-10	NA	NA	NA	NA	0.015512020110378829	UP	0.0010416876965987812	3	2	1	0.6666666666666666
DAB2	3	A2780,PEO1,UWB_BRCAdef	FALSE	0.5283277606543246	0.1615039806794553	3.2712986914107223	0.0010705477554489313	0.21178577516273955	0.8448697461459097	0.06354781729592467	14.743150700152828	6.288766973839476e-4	83.32871001303776	0.7454417318080674	0.031097595860079	23.971040564104033	5.576399599446683e-127	NA	NA	NA	NA	0.015925744124570772	UP	0.0010705477554489313	3	3	0	1
APCDD1	2	A2780,UWB_BRCAdef	FALSE	0.061442836685338044	0.01885765908251035	3.2582430521465717	0.0011210434596383532	0.02448250405088312	0.09840316931979297	0	0.2375278228677097	0.6259973808292465	0	0.061442836685338044	0.01885765908251035	3.2582430521465717	0.0011210434596383532	NA	NA	NA	NA	0.0165934631007731	UP	0.0011210434596383532	2	2	0	1
CCDC171	3	A2780,PEO1,UWB_BRCAdef	FALSE	0.1569753764462959	0.04824911722488958	3.253435202029339	0.0011401872612066633	0.062408844399661156	0.2515419084929306	3.0412121879772194e-7	2.4858910632781113	0.2885330817089977	0.003014896924242372	0.15697687993798834	0.04824742023804989	3.253580795894864	0.0011396031287376313	NA	NA	NA	NA	0.016859949031462932	UP	0.0011401872612066633	3	2	1	0.6666666666666666
MRPS2	3	A2780,PEO1,UWB_BRCAdef	FALSE	1.0292841316999934	0.3171134557837757	3.2457914129062138	0.0011712462206131577	0.4077531793507583	1.6508150840492286	0.2853061202840859	85.23922555710226	3.094121399137574e-19	96.46386256753632	1.3891397909635292	0.03814905806877633	36.41347549025048	2.605423671091015e-290	NA	NA	NA	NA	0.0172674156173547	UP	0.0011712462206131577	3	3	0	1
ORAI1	3	A2780,PEO1,UWB_BRCAdef	FALSE	0.13884737687155274	0.042846679034933756	3.2405633295020997	0.001192937705558812	0.05486942910593519	0.2228253246371703	0	0.7826446774936622	0.6761621676423508	0	0.13884737687155274	0.042846679034933756	3.2405633295020997	0.001192937705558812	NA	NA	NA	NA	0.017569691087747162	UP	0.001192937705558812	3	3	0	1
CALR3	2	A2780,UWB_BRCAdef	FALSE	0.12962743749247424	0.04001139144637264	3.2397632975652493	0.0011962896191346482	0.05120655128624989	0.20804832369869858	0	0.4618855331322571	0.496744082744186	0	0.12962743749247424	0.04001139144637264	3.2397632975652493	0.0011962896191346482	NA	NA	NA	NA	0.017601526963327407	UP	0.0011962896191346482	2	1	1	0.5
PSMG4	3	A2780,PEO1,UWB_BRCAdef	FALSE	0.6433254137170348	0.19904827558694693	3.2320069682594244	0.0012292405847141876	0.2531979623818155	1.033452865052254	0.10310380632287063	17.405543005851627	1.661247571262667e-4	87.08641381257917	0.6506105225598873	0.07038453119461752	9.243657825338206	2.3821145984627828e-20	NA	NA	NA	NA	0.018050427533434648	UP	0.0012292405847141876	3	3	0	1
CYGB	3	A2780,PEO1,UWB_BRCAdef	FALSE	1.5884237407090445	0.49202097702038045	3.2283658927071497	0.0012449961880478602	0.6240803461108894	2.5527671353071995	0.5288201687146181	21.458471654939515	2.1895359743085408e-5	88.45377625220928	1.1291338522596417	0.05650395594055883	19.983270789880105	7.700937152065157e-89	NA	NA	NA	NA	0.01824554869441398	UP	0.0012449961880478602	3	3	0	1
C11orf24	3	A2780,PEO1,UWB_BRCAdef	FALSE	0.22176027013189342	0.06872403449200061	3.226822635939775	0.001251730242862919	0.0870636376552838	0.35645690260850305	0.005279537714784382	2.610739493522671	0.27107228841307957	29.169979372975938	0.1968597938157287	0.03882679798249779	5.070204190015064	3.9738912105334045e-7	NA	NA	NA	NA	0.018307947676769517	UP	0.001251730242862919	3	3	0	1
FAM27E3	2	PEO1,UWB_BRCAdef	FALSE	0.18140954532260856	0.05626333513092312	3.224294203329289	0.0012628358759103901	0.07113543481589209	0.29168365582932504	0	0.866831593750455	0.35183395336473944	0	0.18140954532260856	0.05626333513092312	3.224294203329289	0.0012628358759103901	NA	NA	NA	NA	0.018452128554433733	UP	0.0012628358759103901	2	1	1	0.5
HMGN1	3	A2780,PEO1,UWB_BRCAdef	FALSE	0.18281138951736017	0.05692791202430992	3.211278668349794	0.0013214572174457594	0.07123473223464806	0.2943880468000723	0.005353784663018641	4.409107839249734	0.11029971687105217	54.39238824841041	0.2207737519806811	0.027686807681732938	7.973969210121039	1.5365783662635032e-15	NA	NA	NA	NA	0.019232665230679572	UP	0.0013214572174457594	3	3	0	1
ABHD1	2	A2780,PEO1	FALSE	0.45635450647181813	0.14222711736136753	3.2086321858884523	0.0013336798713171286	0.17759447881858637	0.7351145341250499	0.02432191839456292	1.910582851071648	0.1668985289967551	47.6599510228463	0.5225679929133833	0.05703373567669407	9.16243670019536	5.073844810000987e-20	NA	NA	NA	NA	0.019391469279416304	UP	0.0013336798713171286	2	2	0	1
HYAL2	3	A2780,PEO1,UWB_BRCAdef	FALSE	0.3027153612526669	0.09448774148429358	3.203752746095496	0.001356489174438119	0.11752279096292031	0.4879079315424135	0.014818946392468686	5.080449686097447	0.07884866922227639	59.98314545200333	0.28114925872551566	0.04864317444166983	5.7798295845731475	7.47763297819069e-9	NA	NA	NA	NA	0.019684401788436175	UP	0.001356489174438119	3	3	0	1
VAC14	3	A2780,PEO1,UWB_BRCAdef	FALSE	0.5138122762799794	0.16061088936872578	3.1991123285569025	0.0013785144664152974	0.1990207175923298	0.828603834967629	0.06607219245683539	25.204805805316674	3.363922336885272e-6	90.29785767854817	0.6237746807097174	0.03121728907918715	19.9817056224012	7.946216549473115e-89	NA	NA	NA	NA	0.01996483194405779	UP	0.0013785144664152974	3	3	0	1
ALG1L	3	A2780,PEO1,UWB_BRCAdef	FALSE	0.682039282020256	0.21364650051612036	3.192372823203785	0.0014110906868797215	0.2632998355856421	1.1007787284548698	0.09367686745281956	11.975771258333356	0.0025089633247878666	82.7578101720261	0.8165372913501819	0.06686565997572358	12.211608943165087	2.6950621922884548e-34	NA	NA	NA	NA	0.020356876084771162	UP	0.0014110906868797215	3	3	0	1
PDCL3	3	A2780,PEO1,UWB_BRCAdef	FALSE	0.16002467353623298	0.05016763371665258	3.189799113110543	0.0014237172162580604	0.06169791826199664	0.25835142881046935	0	0.41780107741273964	0.8114759420767105	0	0.16002467353623298	0.05016763371665258	3.189799113110543	0.0014237172162580604	NA	NA	NA	NA	0.020491348476634544	UP	0.0014237172162580604	3	3	0	1
IKBKG	3	A2780,PEO1,UWB_BRCAdef	FALSE	0.6765251140932915	0.2121016928141355	3.189626188821274	0.001424569299653771	0.260813435117608	1.0922367930689751	0.0942708747251363	8.54421931057668	0.01395231750267973	72.86151301666743	0.7022431429127605	0.10158981838232624	6.91253468206742	4.760695560464497e-12	NA	NA	NA	NA	0.020491348476634544	UP	0.001424569299653771	3	3	0	1
FN3KRP	3	A2780,PEO1,UWB_BRCAdef	FALSE	0.7569167075409904	0.23740448282838977	3.188299978682944	0.0014311198376173804	0.2916124714289888	1.222220943652992	0.1580426647748233	39.06039503555161	3.297182510753503e-9	93.95957259395372	0.9159169461128671	0.05281413120715675	17.34227043365153	2.2564511804689e-67	NA	NA	NA	NA	0.02056556757905559	UP	0.0014311198376173804	3	3	0	1
RAD51C	3	A2780,PEO1,UWB_BRCAdef	FALSE	0.3502111489351526	0.11009970675941871	3.180854511269559	0.0014684135361770212	0.1344196889782708	0.5660026088920344	0.023855698021184712	6.001940150062019	0.04973879459434993	66.06291011041876	0.4235046897430115	0.047485891271119386	8.91853724140973	4.724872546440295e-19	NA	NA	NA	NA	0.02106055379190069	UP	0.0014684135361770212	3	3	0	1
SNF8	3	A2780,PEO1,UWB_BRCAdef	FALSE	0.28202980259226357	0.08877246060066915	3.176996567222985	0.0014880879734409653	0.10803897699595111	0.456020628188576	0.01677842148356041	6.437700513164164	0.0400010227445196	71.73998444693332	0.2472766842133619	0.044047976423168496	5.6138035000240905	1.9792697055529716e-8	NA	NA	NA	NA	0.021301410322624934	UP	0.0014880879734409653	3	3	0	1
EDC4	3	A2780,PEO1,UWB_BRCAdef	FALSE	0.6502927106361405	0.20527621276684052	3.1678912128740624	0.0015354896572518004	0.24795872673035185	1.0526266945419291	0.11566468731604865	52.304325082732134	4.387934321563527e-12	95.39916192601859	0.7057920651835271	0.03404107256620873	20.733543686403696	1.7260056589335936e-95	NA	NA	NA	NA	0.021874070868769146	UP	0.0015354896572518004	3	3	0	1
TMEM99	3	A2780,PEO1,UWB_BRCAdef	FALSE	0.3704375205835247	0.11711578847685296	3.163002404724781	0.0015615104177681776	0.14089479314788184	0.5999802480191676	0.024126076233625282	4.440307223298221	0.1085924264819769	57.10839317583415	0.3880793178369571	0.04493598122465356	8.63627114086567	5.80775756045722e-18	NA	NA	NA	NA	0.022201975526478887	UP	0.0015615104177681776	3	3	0	1
PHACTR3	2	A2780,UWB_BRCAdef	FALSE	0.8766576543091973	0.27743274407386304	3.159892525432391	0.0015782734571579177	0.3328994677923077	1.4204158408260867	0.14411133716671595	15.030554305532704	1.0578456517554363e-4	93.34688541970868	0.6674346975040774	0.04234779976809442	15.760788073030762	5.790637761021142e-56	NA	NA	NA	NA	0.02241876043323163	UP	0.0015782734571579177	2	2	0	1
SPOCK1	3	A2780,PEO1,UWB_BRCAdef	FALSE	0.42075873505613537	0.13320919741158124	3.1586312599429753	0.0015851190991340188	0.15967350571994998	0.6818439643923208	0.031634094114720186	4.783447425991671	0.09147187664686093	56.99600331812746	0.279348220581505	0.029761530544318456	9.386218231133048	6.219326223349456e-21	NA	NA	NA	NA	0.02248543766565142	UP	0.0015851190991340188	3	3	0	1
SOX5	2	A2780,UWB_BRCAdef	FALSE	0.03989105802253071	0.012637819005802993	3.1564827763567163	0.0015968431782933847	0.015121387928021049	0.06466072811704036	0	0.030453537522858756	0.8614651285951195	0	0.03989105802253071	0.012637819005802993	3.1564827763567163	0.0015968431782933847	NA	NA	NA	NA	0.02261735639600027	UP	0.0015968431782933847	2	1	1	0.5
ABCB4	3	A2780,PEO1,UWB_BRCAdef	FALSE	0.05407687629985014	0.017136330350534548	3.1556859137092483	0.0016012118413035697	0.02049028598562179	0.08766346661407849	0	0.09221103443655146	0.9549411941360036	0	0.05407687629985014	0.017136330350534548	3.1556859137092483	0.0016012118413035697	NA	NA	NA	NA	0.022657530619479314	UP	0.0016012118413035697	3	3	0	1
KIAA1143	3	A2780,PEO1,UWB_BRCAdef	FALSE	0.12928665000593273	0.04100613067880246	3.152861483533379	0.0016167850532415858	0.04891611073013692	0.20965718928172855	3.15317026496972e-6	2.674990798689997	0.2625023093815918	0.053764142574699136	0.1292934655843176	0.040989722018574495	3.15428988578474	0.0016088918550497672	NA	NA	NA	NA	0.022812405135766534	UP	0.0016167850532415858	3	2	1	0.6666666666666666
ENDOV	3	A2780,PEO1,UWB_BRCAdef	FALSE	0.8206082657522734	0.26050368095206794	3.15008318789654	0.001632239789603729	0.31003043324610746	1.3311860982584394	0.1625958162523416	33.82098936485098	4.527573123117657e-8	92.55976575063629	0.798886736974579	0.05736324424865682	13.926805351377686	4.353990060977534e-44	NA	NA	NA	NA	0.022986599779876514	UP	0.001632239789603729	3	3	0	1
RPP25L	3	A2780,PEO1,UWB_BRCAdef	FALSE	0.6862933067419511	0.21805888926396116	3.1472842453636014	0.0016479467498431311	0.2589057372757794	1.1136808762081227	0.11491265155099578	18.020002402604522	1.2218170924178275e-4	88.3090301177966	0.5836091983898074	0.06411997343845845	9.101831568129832	8.882110401626499e-20	NA	NA	NA	NA	0.023185717021817678	UP	0.0016479467498431311	3	3	0	1
FAM104A	3	A2780,PEO1,UWB_BRCAdef	FALSE	0.33471803444760057	0.10645366211041023	3.1442604022437672	0.0016650720024966941	0.1260726906888004	0.5433633782064007	0.027141461263248946	7.394707550640185	0.02478903711597497	83.29089502111192	0.3954302114716342	0.03515770089276178	11.247328506428156	2.3871302370035013e-29	NA	NA	NA	NA	0.023382164958137337	UP	0.0016650720024966941	3	3	0	1
MED22	3	A2780,PEO1,UWB_BRCAdef	FALSE	0.6594558315770296	0.20983541332063513	3.142728966198667	0.0016738074682817717	0.24818597878750848	1.0707256843665507	0.12199834521625637	21.05647123733617	2.6769814799461e-5	93.61021670666055	0.5349793929665532	0.04989202447330657	10.722743737383919	7.960617333971952e-27	NA	NA	NA	NA	0.02343828560390667	UP	0.0016738074682817717	3	3	0	1
MICAL2	3	A2780,PEO1,UWB_BRCAdef	FALSE	1.1532684150289183	0.36698570688443755	3.142543138313772	0.0016748703128587042	0.43398964669444784	1.8725471833633889	0.39949973622113943	256.62529146548036	1.8815943480663266e-56	98.98705043549289	1.4681338357405247	0.03322038348841252	44.19376544080592	0	NA	NA	NA	NA	0.02343828560390667	UP	0.0016748703128587042	3	3	0	1
CMC4	3	A2780,PEO1,UWB_BRCAdef	FALSE	0.2258612262284339	0.07196815830926612	3.138349396935361	0.0016990221948616025	0.0848062279085953	0.36691622454827255	0	0.482251500936271	0.7857428126490139	0	0.2258612262284339	0.07196815830926612	3.138349396935361	0.0016990221948616025	NA	NA	NA	NA	0.02369542000214369	UP	0.0016990221948616025	3	3	0	1
LEMD2	3	A2780,PEO1,UWB_BRCAdef	FALSE	0.31997996465707434	0.10199719585805798	3.137144722119292	0.0017060189453460177	0.12006913425120275	0.5198907950629459	0.021974282325347354	8.243332390058496	0.01621747044927387	72.23259528039665	0.3292340613253221	0.05044470212621951	6.526633074401623	6.726455617740618e-11	NA	NA	NA	NA	0.023738838741644633	UP	0.0017060189453460177	3	3	0	1
EHMT1	3	A2780,PEO1,UWB_BRCAdef	FALSE	0.5495291777331376	0.1752464948589035	3.135749894316465	0.0017141532051944527	0.20605235939280303	0.8930059960734722	0.0765626914610017	16.06873637423721	3.2412925481253586e-4	85.62401637236135	0.7924251643798483	0.031967655607480355	24.78834150710829	1.197534130670278e-135	NA	NA	NA	NA	0.023822540831964636	UP	0.0017141532051944527	3	3	0	1
NFIC	3	A2780,PEO1,UWB_BRCAdef	FALSE	0.4027589669063475	0.12845763940120872	3.135344606858452	0.0017165234115368876	0.15098662014094505	0.6545313136717499	0.03947852540711758	7.952793300069098	0.018753091689825946	84.53964696788356	0.3191631911959326	0.04468709409410309	7.142178243316327	9.186336618210111e-13	NA	NA	NA	NA	0.023833081395676955	UP	0.0017165234115368876	3	3	0	1
C15orf39	3	A2780,PEO1,UWB_BRCAdef	FALSE	0.4408103306642416	0.14069835303074055	3.133016991093925	0.0017301942603833924	0.16504662603988818	0.716574035288595	0.039365417364918935	5.213476205961516	0.07377479750061994	67.3106277815291	0.4483416057175192	0.04653553585945935	9.634392243199756	5.722964747740443e-22	NA	NA	NA	NA	0.02400035884454899	UP	0.0017301942603833924	3	3	0	1
ACD	3	A2780,PEO1,UWB_BRCAdef	FALSE	1.0309936298471867	0.329280128527743	3.1310532902696004	0.001741805506823388	0.38561643710809046	1.676370822586283	0.29596705839558934	102.11317929042909	6.705093715869098e-23	96.90466405606092	1.0067679763513908	0.049668673933079666	20.26967697401876	2.3821524863193644e-91	NA	NA	NA	NA	0.02413877978387764	UP	0.001741805506823388	3	3	0	1
SYT8	2	A2780,UWB_BRCAdef	FALSE	6.642686393000375	2.122018629600224	3.130361958345209	0.0017459103345294244	2.4836063044608947	10.801766481539854	7.532163286006289	5.116935480694313	0.023693422919331023	80.45705278534584	8.379118275871736	0.06703019510259546	125.00513034531345	0	NA	NA	NA	NA	0.02417301134521217	UP	0.0017459103345294244	2	2	0	1
SCRN3	3	A2780,PEO1,UWB_BRCAdef	FALSE	0.30980651826964783	0.09902604902451383	3.1285355855503783	0.0017567973654929567	0.11571902865030301	0.5038940078889926	0.021113600756143644	10.011280629910729	0.006700049832305326	77.57502723308839	0.3092564370005979	0.04039346294540942	7.656101122564037	1.9166282751262607e-14	NA	NA	NA	NA	0.024284173812012883	UP	0.0017567973654929567	3	3	0	1
CNP	3	A2780,PEO1,UWB_BRCAdef	FALSE	0.43665122517935895	0.13970013423753228	3.125632108820457	0.0017742335777455747	0.1628439934383848	0.7104584569203332	0.049527046332189795	22.154526917301848	1.545986172876033e-5	87.88904410658726	0.45797966612576235	0.04392174038963265	10.427174835582438	1.8634658570781257e-25	NA	NA	NA	NA	0.024473499919891617	UP	0.0017742335777455747	3	3	0	1
GPANK1	3	A2780,PEO1,UWB_BRCAdef	FALSE	0.5279247686042067	0.16901364857078305	3.123562937481415	0.001786756476347633	0.19666410450976235	0.859185432698651	0.07233767473703132	26.34235329339139	1.9047178955142608e-6	89.3955371515715	0.45374159970718403	0.047946072354106514	9.463582258752457	2.9757021210905253e-21	NA	NA	NA	NA	0.024623269352984575	UP	0.001786756476347633	3	3	0	1
DPH7	3	A2780,PEO1,UWB_BRCAdef	FALSE	0.37190749838951753	0.11943081843859478	3.1139994119753385	0.001845698576613523	0.13782739560572957	0.6059876011733055	0.035156480575788636	8.939165524358815	0.011452093100178123	83.76988690486542	0.3497195020569294	0.033933133331338114	10.306136443166436	6.610567418941007e-25	NA	NA	NA	NA	0.025294110150495056	UP	0.001845698576613523	3	3	0	1
FKBP15	3	A2780,PEO1,UWB_BRCAdef	FALSE	0.4295595620594677	0.13807285478348516	3.1111079924657803	0.001863867620116541	0.15894173944120793	0.7001773846777275	0.05186932560582101	19.35532404398509	6.266784868456725e-5	93.32226011589832	0.5702089880223354	0.024933593101946743	22.869106176992002	9.434572212748013e-116	NA	NA	NA	NA	0.025448763156660472	UP	0.001863867620116541	3	3	0	1
PRAG1	2	A2780,UWB_BRCAdef	FALSE	2.613088339728289	0.8400819707765138	3.11051591467072	0.0018676083146775802	0.9665579329448919	4.259618746511686	1.3766922442954055	39.675522389234224	2.998602933873467e-10	97.47955429498933	3.392746183945022	0.0409208204559115	82.91002345860589	0	NA	NA	NA	NA	0.025452833317177306	UP	0.0018676083146775802	2	2	0	1
DRAP1	3	A2780,PEO1,UWB_BRCAdef	FALSE	0.6410351972844803	0.20644018455693214	3.1051861276925736	0.0019015932198575176	0.23641987059109154	1.045650523977869	0.10636947118259488	11.233979733624995	0.0036355681992083578	84.49063684816451	0.7006289327312151	0.06792197012758476	10.315203334284213	6.015384174880645e-25	NA	NA	NA	NA	0.025868315494050702	UP	0.0019015932198575176	3	3	0	1
CPB2	2	A2780,UWB_BRCAdef	FALSE	0.0743986425269488	0.023965219122543617	3.1044424065775993	0.0019063803885469941	0.027427676165152723	0.12136960888874489	0	0.4866122035845726	0.4854424274410154	0	0.0743986425269488	0.023965219122543617	3.1044424065775993	0.0019063803885469941	NA	NA	NA	NA	0.02590960184323934	UP	0.0019063803885469941	2	1	1	0.5
DCAKD	3	A2780,PEO1,UWB_BRCAdef	FALSE	0.8547899453580033	0.2755586907074978	3.1020249920745653	0.0019220173105560737	0.31470483594429566	1.394875054771711	0.21881158659733246	130.80888464000202	3.9374187807437636e-29	97.88454078858372	1.1348543130417854	0.03279914110675075	34.60012289188294	2.5157227654033783e-262	NA	NA	NA	NA	0.026098135878046522	UP	0.0019220173105560737	3	3	0	1
DFFB	3	A2780,PEO1,UWB_BRCAdef	FALSE	0.2920787829155504	0.09433584478439443	3.096159085479115	0.0019604515062958306	0.10718392468697663	0.47697364114412416	0.015864503528904547	4.6620074054542755	0.09719814007524757	60.740507206605486	0.2702228672577079	0.0508956545335445	5.3093504688029585	1.1001660167409962e-7	NA	NA	NA	NA	0.02659559304917105	UP	0.0019604515062958306	3	3	0	1
MKRN3	2	A2780,PEO1	FALSE	0.17562320012896762	0.05689854498652434	3.0866026568967913	0.0020245802522678947	0.06410410118264788	0.2871422990752874	0	0.04101640630629724	0.8395062569487413	0	0.17562320012896762	0.05689854498652434	3.0866026568967913	0.0020245802522678947	NA	NA	NA	NA	0.02741526391051773	UP	0.0020245802522678947	2	2	0	1
CROT	3	A2780,PEO1,UWB_BRCAdef	FALSE	0.41996233403461614	0.1360950866317022	3.085800850188735	0.002030047393265987	0.15322086576362132	0.6867038023056109	0.03886336665788194	7.223499934713673	0.027004548414835756	72.15309089045186	0.5375451861287399	0.0539143890764304	9.970347347657086	2.0550885506323005e-23	NA	NA	NA	NA	0.027439040954501052	UP	0.002030047393265987	3	3	0	1
CENPT	3	A2780,PEO1,UWB_BRCAdef	FALSE	0.6355785063700622	0.20602363522913436	3.0849786028830506	0.00203566797524402	0.23177960135694142	1.039377411383183	0.11390361585655745	44.33511586326419	2.3591302153993524e-10	93.31570001018538	0.6063130906278507	0.047171821492272795	12.85328977018983	8.242876685106524e-38	NA	NA	NA	NA	0.027489883424596646	UP	0.00203566797524402	3	3	0	1
CDC25C	3	A2780,PEO1,UWB_BRCAdef	FALSE	0.37190313752286475	0.1208598444249473	3.077143937197542	0.002089943564807276	0.13502219527285403	0.6087840797728754	0.0337650916614947	11.443929860731755	0.0032732728260574787	79.22871041766683	0.398144908939214	0.05044704548353718	7.89233353753381	2.9658778976486722e-15	NA	NA	NA	NA	0.028171372372657422	UP	0.002089943564807276	3	3	0	1
FANCC	3	A2780,PEO1,UWB_BRCAdef	FALSE	0.25540868525168414	0.08312422265434809	3.0726144208739155	0.0021219246721577776	0.09248820260627347	0.41832916789709484	0.013729495309166737	6.061315830155925	0.048283860993716746	70.04207496219423	0.34037188810512536	0.020250504008473058	16.80806996026912	2.1299395367465414e-63	NA	NA	NA	NA	0.028524454661088237	UP	0.0021219246721577776	3	3	0	1
RXRA	3	A2780,PEO1,UWB_BRCAdef	FALSE	1.476903408836786	0.48083907503185036	3.0715128730728827	0.002129769803357424	0.5344761394148068	2.419330678258765	0.64598171845299035	42.435082174120446	6.100128538730168e-10	94.30505877885874	2.1338580098327404	0.06362061018042245	33.54035750020798	1.2444759661948096e-246	NA	NA	NA	NA	0.028603911064710472	UP	0.002129769803357424	3	3	0	1
USP16	3	A2780,PEO1,UWB_BRCAdef	FALSE	0.2594082158299957	0.08446676662089395	3.071127571323746	0.002132520162601	0.09385639536249357	0.4249600362974978	0.01230909690982868	4.752473933158397	0.09289950452689552	58.01848582623229	0.26481569041875574	0.05257193792755104	5.037206176110458	4.7237588352348684e-7	NA	NA	NA	NA	0.02861485993138021	UP	0.002132520162601	3	3	0	1
GRHPR	3	A2780,PEO1,UWB_BRCAdef	FALSE	0.31420234109566275	0.10243043662298569	3.0674704848925227	0.0021587877859692555	0.11344237439389826	0.5149623077974272	0.021364801362474862	5.804825298714904	0.054890628332878166	69.36314127912058	0.3073172929030278	0.04971402334422802	6.1817023091274	6.341402429657947e-10	NA	NA	NA	NA	0.02891485053544147	UP	0.0021587877859692555	3	3	0	1
ORMDL3	3	A2780,PEO1,UWB_BRCAdef	FALSE	0.4087096215950552	0.13345347618556436	3.0625625744416936	0.0021945058826021886	0.1471456146596753	0.6702736285304352	0.039109251294966035	6.34492641990864	0.041900261544794766	74.73376601535476	0.4692013551479428	0.04649698899140217	10.091005145187005	6.054632871213937e-24	NA	NA	NA	NA	0.029287146648049243	UP	0.0021945058826021886	3	3	0	1
TRAK1	3	A2780,PEO1,UWB_BRCAdef	FALSE	0.19766081366486138	0.0646287998598699	3.0584014261975385	0.0022252127395122104	0.07099069357546911	0.32433093375425365	0.007496369271951988	4.559049366416193	0.10233283567270028	59.180898078269465	0.2252313471051415	0.01938119128687528	11.621130186030701	3.2185012641595165e-31	NA	NA	NA	NA	0.029613897907163872	UP	0.0022252127395122104	3	2	1	0.6666666666666666
PEX10	3	A2780,PEO1,UWB_BRCAdef	FALSE	0.7370034242450826	0.2409769689632459	3.0583977689481654	0.002225239900215716	0.26469724397349426	1.209309604516671	0.15679309227819035	32.62111181962242	8.249271011014635e-8	93.15064859947874	0.7479536509028688	0.05407166862010552	13.832634908269808	1.6197682463917315e-43	NA	NA	NA	NA	0.029613897907163872	UP	0.002225239900215716	3	3	0	1
MTMR4	3	A2780,PEO1,UWB_BRCAdef	FALSE	0.13231399400355132	0.0432658720198853	3.05816080495821	0.0022270003701065954	0.0475144430848569	0.21711354492224572	0.002415361875961556	3.1458019116017244	0.20744252703927973	41.24378944379892	0.14463157698709878	0.027051681910675494	5.346491115216845	8.967568084125272e-8	NA	NA	NA	NA	0.029613897907163872	UP	0.0022270003701065954	3	3	0	1
ALKBH4	3	A2780,PEO1,UWB_BRCAdef	FALSE	0.23369654772624673	0.07650752010376424	3.054556563972966	0.0022539350707160483	0.08374456377639469	0.3836485316760988	7.213382545296117e-7	3.753156381932766	0.1531131343007662	0.0034783168616261064	0.23369481704189546	0.07650546704215214	3.0546159127835515	0.0022534891471931977	NA	NA	NA	NA	0.029945137368084643	UP	0.0022539350707160483	3	3	0	1
COA5	3	A2780,PEO1,UWB_BRCAdef	FALSE	0.823665098125604	0.26975172997320185	3.0534191502958294	0.002262496785027758	0.29496142261075464	1.3523687736404533	0.20845119775371262	68.73369268065873	1.1875947634958095e-15	96.24452600627913	0.9145639905159588	0.049501536327031366	18.4754667910487	3.254006335557703e-76	NA	NA	NA	NA	0.030007531201680964	UP	0.002262496785027758	3	3	0	1
MAP3K14	2	A2780,UWB_BRCAdef	FALSE	1.5395031874215224	0.504194161269983	3.053393525112954	0.00226269001757451	0.5513007901169761	2.5277055847260685	0.4815293267726766	18.116602794956243	2.0778178844213263e-5	94.48020133069096	1.9653795540701695	0.053393861664689804	36.80909177187133	1.320877204781506e-296	NA	NA	NA	NA	0.030007531201680964	UP	0.00226269001757451	2	2	0	1
NELFB	3	A2780,PEO1,UWB_BRCAdef	FALSE	0.8662104802272161	0.2838426932053966	3.051727245275261	0.0022752874867595285	0.30988902426978693	1.4225319361846454	0.20528145302570902	95.29905891933595	2.0233559478591743e-21	96.64290017707287	0.8136336873227547	0.042425595361166704	19.17789674832697	5.662499097299213e-82	NA	NA	NA	NA	0.030120569441999236	UP	0.0022752874867595285	3	3	0	1
KDELC1	2	A2780,PEO1	FALSE	0.2679117335638816	0.08781356080213956	3.0509152699949955	0.0022814494662000973	0.09580031703746986	0.44002315009029336	0.008311810977481987	1.9106005584594923	0.16689656291802718	47.66043610882776	0.2968310247305417	0.05135059096915427	5.780479233605019	7.4488132677055465e-9	NA	NA	NA	NA	0.030175128136583934	UP	0.0022814494662000973	2	2	0	1
ARF5	3	A2780,PEO1,UWB_BRCAdef	FALSE	0.34270357413660146	0.11246807032781782	3.0471188234820925	0.002310463566646844	0.12227020688336065	0.5631369413898423	0.0229307398976121	4.834470237219606	0.08916781538187336	60.28071965860721	0.3089650315036457	0.04390759467337322	7.036710478039705	1.9683123952878016e-12	NA	NA	NA	NA	0.0305315681501402	UP	0.002310463566646844	3	3	0	1
SUGP2	3	A2780,PEO1,UWB_BRCAdef	FALSE	0.19397368358945524	0.06376600786341984	3.041960600778501	0.002350426571495565	0.06899460473925449	0.318952762439656	0.007261711702400454	4.576362638887204	0.10145080077506823	59.373779869094186	0.20630998765992087	0.03203025291937462	6.441097676600831	1.186125034684102e-10	NA	NA	NA	NA	0.03099172910946132	UP	0.002350426571495565	3	3	0	1
CYSRT1	2	A2780,UWB_BRCAdef	FALSE	2.5539583882205426	0.841761758669042	3.034063215533518	0.0024128386522313983	0.9041356576661237	4.203781118774962	1.028326120103266	2.6851764292453137	0.10128600703259982	62.758499251348745	3.1146678607395635	0.08851381931421552	35.18849242831555	2.998895547728415e-271	NA	NA	NA	NA	0.03160198861872957	UP	0.0024128386522313983	2	2	0	1
TAX1BP3	3	A2780,PEO1,UWB_BRCAdef	FALSE	0.5732677736945044	0.18916839658545515	3.0304627202120193	0.002441793290993995	0.20250452937382263	0.9440310180151863	0.07150424136535988	8.863291820601312	0.011894895620959401	83.29435995560796	0.43361394467991754	0.05557069632526571	7.802924443161442	6.048876919045384e-15	NA	NA	NA	NA	0.03188153437898077	UP	0.002441793290993995	3	3	0	1
MARK2	3	A2780,PEO1,UWB_BRCAdef	FALSE	0.13465987809262162	0.04472905882900007	3.0105681098148867	0.0026075945876476367	0.04699253372540815	0.22232722245983508	0	1.478374790523545	0.47750177811760997	0	0.13465987809262162	0.04472905882900007	3.0105681098148867	0.0026075945876476367	NA	NA	NA	NA	0.033912490033021644	UP	0.0026075945876476367	3	3	0	1
MUTYH	3	A2780,PEO1,UWB_BRCAdef	FALSE	0.47573270338781803	0.15852662662347095	3.000964024281979	0.002691263589830978	0.16502622461518657	0.7864391821604495	0.05474211146879605	8.341324733421601	0.01544202845013094	74.74613021483161	0.5213088751574775	0.06787390214750968	7.680549646674535	1.5840744078251752e-14	NA	NA	NA	NA	0.03493917006394264	UP	0.002691263589830978	3	3	0	1
TIAF1	2	A2780,PEO1	FALSE	0.27402112448993854	0.09133769168887095	3.0000881281667717	0.0026990150251610247	0.09500253834872807	0.453039710631149	0.011358799819456096	2.979343842490329	0.08433345510711907	66.43556256453651	0.3024411287117273	0.047488010995899506	6.3687891400177294	1.9052632499648053e-10	NA	NA	NA	NA	0.03497838315254695	UP	0.0026990150251610247	2	2	0	1
METAP1D	3	A2780,PEO1,UWB_BRCAdef	FALSE	0.7623479520589747	0.25454042086614603	2.9949976096718522	0.002744469924609887	0.2634578945516608	1.2612380095662885	0.18051855246436221	26.20509984260307	2.0400220908851027e-6	94.16603166276468	0.5303425626808124	0.04664011645182694	11.370952798297276	5.834716351823086e-30	NA	NA	NA	NA	0.035505229024677516	UP	0.002744469924609887	3	3	0	1
PRICKLE3	3	A2780,PEO1,UWB_BRCAdef	FALSE	0.27045474937642333	0.09031224373835763	2.9946631617298105	0.0027474806631270993	0.09344600428623939	0.44746349446660727	0.012837160410433123	4.681265254989399	0.09626671798999027	58.19176810911503	0.2751371046738133	0.04742492965325816	5.801528999314203	6.571292895735577e-9	NA	NA	NA	NA	0.0355131088860668	UP	0.0027474806631270993	3	3	0	1
ZBTB4	3	A2780,PEO1,UWB_BRCAdef	FALSE	0.4300936439381373	0.1437459226807432	2.9920406500389345	0.0027711936035941767	0.14835681255940136	0.7118304753168733	0.054229238077555274	21.150428744439544	2.5541285591833326e-5	88.48931570583183	0.3372554866372859	0.04473832131593265	7.5384027991497105	4.757623970523353e-14	NA	NA	NA	NA	0.035788331717333706	UP	0.0027711936035941767	3	3	0	1
TRPT1	3	A2780,PEO1,UWB_BRCAdef	FALSE	0.6585948962366887	0.220216345403182	2.9906721729983463	0.002783641559541164	0.22697879043941932	1.090211002033958	0.1288250054244961	45.61100272369034	1.246512395399496e-10	94.12602050676573	0.7353695608524222	0.04664862607011856	15.764013279771033	5.50249944909014e-56	NA	NA	NA	NA	0.03591772054182827	UP	0.002783641559541164	3	3	0	1
MYZAP	2	A2780,PEO1	FALSE	0.39530502284510005	0.1323375150919383	2.9870972155588036	0.002816401471259971	0.13592825946137516	0.654681786228825	0.02239679004548844	2.542663445509111	0.11080772676705818	60.67116150325699	0.3478996136521185	0.0696998871872938	4.991394214416178	5.994501070345625e-7	NA	NA	NA	NA	0.036253291622058446	UP	0.002816401471259971	2	2	0	1
ADAM28	2	A2780,UWB_BRCAdef	FALSE	0.035490566962449274	0.01189492546457241	2.9836729173422407	0.0028481105281108446	0.012176941453098982	0.05880419247179956	0	0.6455174203242144	0.421719892628293	0	0.035490566962449274	0.01189492546457241	2.9836729173422407	0.0028481105281108446	NA	NA	NA	NA	0.036558168731922795	UP	0.0028481105281108446	2	1	1	0.5
C21orf58	3	A2780,PEO1,UWB_BRCAdef	FALSE	0.7677599386698093	0.25746201461073664	2.982031892473944	0.0028634216815243427	0.2631436626456404	1.272376214693978	0.17290119205188353	14.780399838144902	6.172725366203292e-4	93.49490970640906	0.668681624814453	0.048268642009869266	13.853334110326344	1.2144171828317308e-43	NA	NA	NA	NA	0.036722824288552	UP	0.0028634216815243427	3	3	0	1
MRM1	3	A2780,PEO1,UWB_BRCAdef	FALSE	0.7819885367777315	0.2622709226240335	2.981605924720505	0.0028674083278294785	0.26794697424253466	1.2960300993129283	0.1687265137591107	14.507419744979343	7.075446134962846e-4	83.9569991947991	0.8225102962594618	0.09559749351966147	8.603889767154792	7.705899325755515e-18	NA	NA	NA	NA	0.03674208573970061	UP	0.0028674083278294785	3	3	0	1
DUSP10	3	A2780,PEO1,UWB_BRCAdef	FALSE	1.2637550132465225	0.42444702260037076	2.9774151918987184	0.0029069005491395893	0.43185413560453756	2.0956558908885077	0.5106011665057065	61.61059356478491	4.182438792259522e-14	95.7499599560875	1.7413389164773925	0.05379295215759416	32.37113500251651	6.996221359036658e-230	NA	NA	NA	NA	0.03721587742002347	UP	0.0029069005491395893	3	3	0	1
OSGIN1	3	A2780,PEO1,UWB_BRCAdef	FALSE	0.9758760587545041	0.3280352049907112	2.974912582270362	0.0029307205184191916	0.33293887131149646	1.6188132461975118	0.2627868308406529	15.915407887094567	3.4995571377878574e-4	87.15029497284495	1.0885557380229915	0.07963796981343504	13.668803217524395	1.5593877363971245e-42	NA	NA	NA	NA	0.037421162070717065	UP	0.0029307205184191916	3	3	0	1
AGBL2	3	A2780,PEO1,UWB_BRCAdef	FALSE	0.16922994854941886	0.056903136094647144	2.97400038317639	0.002939447080670652	0.05770185119652929	0.28075804590230846	0.0017711389643178992	2.112010883845299	0.3478425159798707	16.04890048417887	0.16864299524503246	0.04885321924989325	3.4520344377387366	5.563767105662677e-4	NA	NA	NA	NA	0.037470348260238734	UP	0.002939447080670652	3	3	0	1
MYO9B	3	A2780,PEO1,UWB_BRCAdef	FALSE	0.7063486447133007	0.23755305212130992	2.9734353585682136	0.002944864280516831	0.24075321813796702	1.1719440712886344	0.15971320890492224	64.94164625545285	7.908619709995029e-15	95.79211632360669	0.8498024037927374	0.0441407338115765	19.25211319368382	1.3552069636898206e-82	NA	NA	NA	NA	0.03750706986735777	UP	0.002944864280516831	3	3	0	1
CLVS1	2	A2780,PEO1	FALSE	0.05432026365675295	0.018279972518630845	2.9715725010740606	0.0029627891095574802	0.018492175881854554	0.09014835143165134	0	0.018329466482522722	0.8923064079579155	0	0.05432026365675295	0.018279972518630845	2.9715725010740606	0.0029627891095574802	NA	NA	NA	NA	0.037689509881484916	UP	0.0029627891095574802	2	2	0	1
ENY2	3	A2780,PEO1,UWB_BRCAdef	FALSE	0.1956644890165722	0.06584887411373641	2.971417380327777	0.002964286196805772	0.066603067331137	0.3247259107020074	0.006021794594684066	3.783081341040907	0.15083923615896316	46.06659838970162	0.18540049507501932	0.04680069212683869	3.961490453443489	7.448336060593237e-5	NA	NA	NA	NA	0.037689509881484916	UP	0.002964286196805772	3	3	0	1
ERBB4	2	A2780,UWB_BRCAdef	FALSE	0.05585896245221898	0.018808879048223835	2.9698187919122097	0.0029797546063809683	0.018994236928130258	0.0927236879763077	0	3.2806366651819265e-6	0.9985548301542307	0	0.05585896245221898	0.018808879048223835	2.9698187919122097	0.0029797546063809683	NA	NA	NA	NA	0.03785363519291699	UP	0.0029797546063809683	2	2	0	1
RBP7	3	A2780,PEO1,UWB_BRCAdef	FALSE	0.7691682614570658	0.25977245871541915	2.96093075170717	0.003067108917145451	0.26002359819942633	1.2783129247147054	0.18946871124579642	46.54759481221173	7.804017122523692e-11	95.111976458678825	0.9988141940798134	0.034233791318247796	29.17626577770867	3.8800645958790497e-187	NA	NA	NA	NA	0.03882991400499126	UP	0.003067108917145451	3	3	0	1
FIG4	3	A2780,PEO1,UWB_BRCAdef	FALSE	0.09937277885254119	0.033602021716335216	2.9573452362907173	0.003103004759661515	0.033514026480791395	0.16523153122429096	0	0.25616916013839797	0.8797789642320044	0	0.09937277885254119	0.033602021716335216	2.9573452362907173	0.003103004759661515	NA	NA	NA	NA	0.03921720630864515	UP	0.003103004759661515	3	3	0	1
NSMCE1	3	A2780,PEO1,UWB_BRCAdef	FALSE	0.7506103739612905	0.2541020800016443	2.9539717815628794	0.003137126896399512	0.2525794487613522	1.2486412991612288	0.17990176266857724	46.672779222373336	7.330519684996719e-11	94.21670549373634	1.0847688178372303	0.04274263852953915	25.37907941943158	4.2929922962684305e-142	NA	NA	NA	NA	0.03958079813742285	UP	0.003137126896399512	3	3	0	1
EDN2	3	A2780,PEO1,UWB_BRCAdef	FALSE	0.9455261444858623	0.3207571251637952	2.9477946717567933	0.003200495641788179	0.31685373138021744	1.5741985575915072	0.24667949839377792	25.546493129966063	2.835629598097698e-6	93.65299359050188	0.8324018695222665	0.06437926789553848	12.9296572752725	3.061806398571713e-38	NA	NA	NA	NA	0.040255163038863624	UP	0.003200495641788179	3	3	0	1
MDK	3	A2780,PEO1,UWB_BRCAdef	FALSE	1.7019977415978826	0.5773983679847504	2.947700991151457	0.0032014655936771236	0.5703177356155669	2.8336777475801984	0.9566050618503171	88.3843257977768	6.420775860803788e-20	96.81763003820168	2.2884147588654122	0.07203952555194197	31.766099808853106	1.90327756684299e-221	NA	NA	NA	NA	0.040255163038863624	UP	0.0032014655936771236	3	3	0	1
CMSS1	3	A2780,PEO1,UWB_BRCAdef	FALSE	0.13266628240389325	0.045119344065531905	2.9403415575192553	0.003278506272198973	0.044233993029379706	0.2210985717784068	6.42435648982529e-4	3.5498186668706846	0.16949881667823669	4.965582583141964	0.13769148273766796	0.03967561084653409	3.4704313254372026	5.196232005156988e-4	NA	NA	NA	NA	0.04115388136418185	UP	0.003278506272198973	3	2	1	0.6666666666666666
ANKUB1	2	A2780,PEO1	FALSE	0.07701360212730261	0.02619540281935244	2.9399663238011784	0.003282479207431725	0.025671556040852847	0.1283556482137524	0	0.5976501301194362	0.4394760150506515	0	0.07701360212730261	0.02619540281935244	2.9399663238011784	0.003282479207431725	NA	NA	NA	NA	0.041165244240910545	UP	0.003282479207431725	2	1	1	0.5
GFOD2	3	A2780,PEO1,UWB_BRCAdef	FALSE	0.44720522304571464	0.15212456934314655	2.939730412889165	0.0032849792523347836	0.14904654596948141	0.7453639001219479	0.0588994455002641	13.40078936218667	0.0012304261808768454	91.60477651990173	0.38189968570300686	0.03596106503153272	10.619810213299727	2.4105070093649408e-26	NA	NA	NA	NA	0.041165244240910545	UP	0.0032849792523347836	3	3	0	1
LOC101927572	2	A2780,UWB_BRCAdef	FALSE	0.29314032457267997	0.09980558828845783	2.937113338037211	0.0033128300545619766	0.09752496607147004	0.4887556830738899	0	0.8275850237843688	0.3629717753615286	0	0.29314032457267997	0.09980558828845783	2.937113338037211	0.0033128300545619766	NA	NA	NA	NA	0.041479100776298	UP	0.0033128300545619766	2	1	1	0.5
CENPX	2	A2780,UWB_BRCAdef	FALSE	1.113116180777296	0.37916341227520783	2.9357162235088334	0.0033277859822553996	0.36996954846257646	1.8562628130920156	0.25503924602654837	8.39683439493831	0.003758750059643867	88.09075000213403	0.8798534934742168	0.09428266285150362	9.332081496891927	1.0381181076105425e-20	NA	NA	NA	NA	0.04163110940745397	UP	0.0033277859822553996	2	2	0	1
RBM10	3	A2780,PEO1,UWB_BRCAdef	FALSE	0.29913148004874973	0.1021035172322543	2.9296883021993945	0.0033930216505439837	0.09901226357866655	0.4992506965188329	0.02261942038300404	5.898749737970263	0.0523724353509463	79.98963419100156	0.24552664834473062	0.03847947092653812	6.380717884959234	1.7625975073827192e-10	NA	NA	NA	NA	0.042339756241851385	UP	0.0033930216505439837	3	3	0	1
RNF6	3	A2780,PEO1,UWB_BRCAdef	FALSE	0.13522860197911526	0.04620047425673414	2.9269959703802058	0.0034225331513754093	0.04467733636724644	0.2257798675909841	1.7419001438879854e-8	2.035112841324141	0.3614771599662926	2.596880176010694e-4	0.13522864474967528	0.04620040571835533	2.927001238345169	0.0034224751800995324	NA	NA	NA	NA	0.042672004813986655	UP	0.0034225331513754093	3	3	0	1
SMARCB1	3	A2780,PEO1,UWB_BRCAdef	FALSE	0.3898654620643456	0.13332492718767447	2.9241753233103402	0.0034537016230203397	0.12855340653507857	0.6511775175936125	0.0421564108269377	8.079453399479824	0.017602282466675633	80.5283848202932	0.34642767118525597	0.04382651735118903	7.904522013676663	2.6896364632422857e-15	NA	NA	NA	NA	0.043024335214491796	UP	0.0034537016230203397	3	3	0	1
TMUB2	3	A2780,PEO1,UWB_BRCAdef	FALSE	0.6347336904564902	0.21712721127279602	2.923326315184965	0.0034631337177283765	0.2091721762981908	1.0602952046147895	0.1305941416087653	25.092027818033273	3.5590606544881406e-6	94.61549225338914	0.6235970988850408	0.036053833394760024	17.29627726564224	5.017841022548679e-67	NA	NA	NA	NA	0.04310552044111911	UP	0.0034631337177283765	3	3	0	1
ESRRG	3	A2780,PEO1,UWB_BRCAdef	FALSE	0.07306571250534709	0.024999282146922697	2.92271242333817	0.003469968375620913	0.024068019858023447	0.12206340515267072	1.809953159649952e-4	1.6138238560332734	0.44623394326410404	4.314966473606651	0.07515371762131012	0.022186128820558343	3.387419149557556	7.055350857393072e-4	NA	NA	NA	NA	0.04315426608099785	UP	0.003469968375620913	3	2	1	0.6666666666666666
PINX1	3	A2780,PEO1,UWB_BRCAdef	FALSE	0.14812408144335185	0.050812241950107556	2.9151258783030003	0.003555451052363444	0.04853391724740576	0.24771424563929795	0	0.9660483112716395	0.6169149212213939	0	0.14812408144335185	0.050812241950107556	2.9151258783030003	0.003555451052363444	NA	NA	NA	NA	0.0440649994688503	UP	0.003555451052363444	3	3	0	1
RBM4	3	A2780,PEO1,UWB_BRCAdef	FALSE	0.15475930556772666	0.05309260991834216	2.9148935380225343	0.003558098962995013	0.050699702282541975	0.25881890885291137	0.0032017318219372337	2.9483785172652652	0.22896428263184282	37.066752258623765	0.1489512751745454	0.039284633902619215	3.7915912757077876	1.496851150381107e-4	NA	NA	NA	NA	0.0440649994688503	UP	0.003558098962995013	3	3	0	1
RNASEH2C	3	A2780,PEO1,UWB_BRCAdef	FALSE	1.0852876836054586	0.37279890605502314	2.9111879514079795	0.0036005735776741482	0.3546152542616823	1.8159601129492349	0.39540862327870707	139.08846564195252	6.270807046043618e-31	97.86879206597345	1.1049348317317167	0.04668302817384336	23.668876569382768	7.545588289485253e-124	NA	NA	NA	NA	0.044516456097882635	UP	0.0036005735776741482	3	3	0	1
TUBG1	3	A2780,PEO1,UWB_BRCAdef	FALSE	0.6062352957193486	0.2083886136195473	2.9091574879717057	0.0036240424894201716	0.19780111823680296	1.0146694732018944	0.12169885274284002	48.417909976521166	3.063264062881558e-11	94.39433723674172	0.5830688403198441	0.04683551217397589	12.449289294712266	1.4109596258613044e-35	NA	NA	NA	NA	0.044769186542235655	UP	0.0036240424894201716	3	3	0	1
KIAA2013	3	A2780,PEO1,UWB_BRCAdef	FALSE	0.4593564752707514	0.15811114429774	2.9052757622557874	0.0036692966303875636	0.1494643268927655	0.7692486236487373	0.06456983257338927	22.76626189389644	1.138594398656462e-5	90.19573523360897	0.41756923072711544	0.04439670392411322	9.405410623294507	5.182743872813603e-21	NA	NA	NA	NA	0.04527505673322857	UP	0.0036692966303875636	3	3	0	1
CABIN1	3	A2780,PEO1,UWB_BRCAdef	FALSE	0.33393970018753405	0.11494865268527875	2.905120611564167	0.0036711160494448535	0.10864448085298437	0.5592349195220837	0.030523782461054586	6.913173749164453	0.03153721901577409	81.16379975210533	0.2843389714969131	0.04274783467972595	6.651540917270526	2.9004019306345458e-11	NA	NA	NA	NA	0.04527505673322857	UP	0.0036711160494448535	3	3	0	1
MGLL	3	A2780,PEO1,UWB_BRCAdef	FALSE	1.2566707955887133	0.4327636427495398	2.9038271043392765	0.0036863166898234837	0.4084696419812569	2.10487194919617	0.5489237423467538	135.56097070933282	3.658551979653163e-30	98.0085160998559	1.7648629715004878	0.04844591662611306	36.42955060838297	1.45016084008002e-290	NA	NA	NA	NA	0.045424637410349876	UP	0.0036863166898234837	3	3	0	1
ACTR1B	3	A2780,PEO1,UWB_BRCAdef	FALSE	0.506526910945765	0.17451308709695318	2.902515332069949	0.0037017903927557463	0.16448754540483518	0.8485662764866948	0.08163659943353081	13.68203323983384	0.0010690160640075448	91.7126756534508	0.3896293130650762	0.04536146280706323	8.589434488087255	8.739842163344976e-18	NA	NA	NA	NA	0.04557733100556138	UP	0.0037017903927557463	3	3	0	1
NTPCR	3	A2780,PEO1,UWB_BRCAdef	FALSE	0.36892658070541956	0.12714199147546243	2.9016894923863132	0.003711562286890603	0.11973285649081467	0.6181203049200245	0.041854458279497714	25.053412851962342	3.628444819088005e-6	89.40997743065982	0.5050128597406098	0.031115643687087288	16.230191630269427	3.084948327157475e-59	NA	NA	NA	NA	0.04565962690203939	UP	0.003711562286890603	3	3	0	1
CDSN	3	A2780,PEO1,UWB_BRCAdef	FALSE	0.23619285273288168	0.08157085928769073	2.895554304507907	0.003784895365334303	0.07631690634102331	0.39606879912474	0.011015720116992388	4.339429053409736	0.11421021622426165	56.43010456397431	0.17485393029472465	0.021185711427341655	8.253389596776218	1.5396410532472297e-16	NA	NA	NA	NA	0.04648442505581257	UP	0.003784895365334303	3	3	0	1
METTL8	3	A2780,PEO1,UWB_BRCAdef	FALSE	0.32179206100051855	0.11122280525483953	2.8932201472819505	0.0038131392733620627	0.10379936844152082	0.5397847535595163	0.025659331487452204	7.490065094839421	0.02363485978145859	70.35345535794119	0.3975381797307186	0.0483005697873873	8.230507041234272	1.8642264586892153e-16	NA	NA	NA	NA	0.04679244019519073	UP	0.0038131392733620627	3	3	0	1
ABT1	3	A2780,PEO1,UWB_BRCAdef	FALSE	0.5843667189914976	0.20230408657936705	2.888556177347616	0.0038701489154981924	0.18785799537066533	0.9808754426123298	0.1112450257928167	36.21049507827818	1.3708530424803313e-8	93.50402998411607	0.6605003026379891	0.04038176391864242	16.3564004774211	3.916009222526052e-60	NA	NA	NA	NA	0.04741333223982749	UP	0.0038701489154981924	3	3	0	1
PTPRM	3	A2780,PEO1,UWB_BRCAdef	FALSE	1.1141831343117454	0.3859104436260603	2.8871546565123984	0.003887430959272982	0.3578125635467925	1.8705537050766985	0.4358781223146833	131.20367552423406	3.2320930637141113e-29	98.14182578104632	1.6119582746049437	0.03908386755815968	41.24357120508176	0	NA	NA	NA	NA	0.04756720873459211	UP	0.003887430959272982	3	3	0	1
UPB1	2	A2780,UWB_BRCAdef	FALSE	0.05981457158052736	0.020720342070496795	2.8867559896945867	0.00389235967869456	0.019203447375003554	0.10042569578605116	0	0.34221559072244717	0.5585531243230268	0	0.05981457158052736	0.020720342070496795	2.8867559896945867	0.00389235967869456	NA	NA	NA	NA	0.04756720873459211	UP	0.00389235967869456	2	1	1	0.5
POLG	3	A2780,PEO1,UWB_BRCAdef	FALSE	0.4692675652804187	0.16258128966049493	2.8863565190087455	0.0038973040290219	0.15061409298577438	0.7879210375750629	0.0674139924821734	22.18160777966596	1.5251939390746345e-5	87.93630619661447	0.5443400295417724	0.049053203253958684	11.09693136090645	1.2982506760541988e-28	NA	NA	NA	NA	0.047588302788725716	UP	0.0038973040290219	3	3	0	1
TPRG1L	3	A2780,PEO1,UWB_BRCAdef	FALSE	0.7874325435557509	0.27317672283452415	2.8825023427517116	0.003945302021592086	0.25201600538540303	1.3228490817260987	0.21557265491232588	78.14674751760954	1.0731227136284985e-17	96.74410238983116	1.0068790902586653	0.042352335997557625	23.77387377916368	6.224289284331233e-125	NA	NA	NA	NA	0.048094955476737165	UP	0.003945302021592086	3	3	0	1
SYTL5	2	A2780,PEO1	FALSE	0.050025214109780024	0.017370613192778606	2.8798761192020983	0.003978314553157359	0.015979437862557642	0.08407099035700241	0	0.12098270960733756	0.7279710961931739	0	0.050025214109780024	0.017370613192778606	2.8798761192020983	0.003978314553157359	NA	NA	NA	NA	0.04845744423190928	UP	0.003978314553157359	2	2	0	1
COG8	3	A2780,PEO1,UWB_BRCAdef	FALSE	0.40670039348148257	0.1413270810582628	2.877724427873935	0.004005548766376629	0.12970440456711463	0.6836963823958505	0.0473459152447069	23.058740202658026	9.836898385344182e-6	88.64461470987058	0.4260004200342267	0.03877891185354307	10.985362911757536	4.494286353963627e-28	NA	NA	NA	NA	0.04874901202338372	UP	0.004005548766376629	3	3	0	1
PARG	2	A2780,PEO1	FALSE	0.23462553870820807	0.08155190755312966	2.8770085918021424	0.004014646642357124	0.07478673703353395	0.3944643403828822	0.006914553537538148	1.752996581112461	0.18550046344302196	42.954823142587394	0.26277916352965264	0.04626885694691176	5.679396053184581	1.3517116501294712e-8	NA	NA	NA	NA	0.04881955583925559	UP	0.004014646642357124	2	2	0	1
FTCDNL1	2	PEO1,UWB_BRCAdef	FALSE	0.27623329740479396	0.09602651936612201	2.876635529728974	0.004019395484964236	0.08802477788645682	0.46444181692313113	0	0.5584769571231178	0.4548745513558684	0	0.27623329740479396	0.09602651936612201	2.876635529728974	0.004019395484964236	NA	NA	NA	NA	0.048837141360859614	UP	0.004019395484964236	2	2	0	1
PACS1	3	A2780,PEO1,UWB_BRCAdef	FALSE	0.5110460124957965	0.1776733497616036	2.8763233944848885	0.004023372685534241	0.1628126459504653	0.8592793790411277	0.08421798391355333	24.842075431454766	4.032848065014037e-6	90.84377809838419	0.7693950884075607	0.019922545179657913	38.61931703350625	0	NA	NA	NA	NA	0.048845329967976046	UP	0.004023372685534241	3	3	0	1
IGHMBP2	3	A2780,PEO1,UWB_BRCAdef	FALSE	0.44784821758275173	0.15583587146980107	2.873845497565936	0.004055072812408209	0.14241552200252872	0.7532809131629747	0.059755568765600994	21.546625054725194	2.0951244136633147e-5	88.79424289306988	0.4652080127614237	0.0429314853019421	10.83605678884767	2.3226791759326892e-27	NA	NA	NA	NA	0.04912627687510076	UP	0.004055072812408209	3	3	0	1
STON2	3	A2780,PEO1,UWB_BRCAdef	FALSE	0.5593220112701923	0.19463236824268151	2.8737358350014515	0.004056480967369854	0.17784957928879924	0.9407944432515853	0.08980662942905537	11.671986131684719	0.0029205215494021515	81.01010417217714	0.7564025295265592	0.049498632839995484	15.281281242082649	1.0191706667635702e-52	NA	NA	NA	NA	0.04912627687510076	UP	0.004056480967369854	3	3	0	1
HMOX2	3	A2780,PEO1,UWB_BRCAdef	FALSE	0.5019360968619354	0.17472096897080364	2.8727868201429807	0.0040686856298207084	0.15948929033522002	0.8443829033886507	0.07992063175662778	14.961984489721255	5.636978117299328e-4	87.89745241565086	0.4243374780556699	0.05647182484689596	7.514144960006443	5.72840839955944e-14	NA	NA	NA	NA	0.04919350319555096	UP	0.0040686856298207084	3	3	0	1
EXT1	3	A2780,PEO1,UWB_BRCAdef	FALSE	1.2941365860268133	0.451005381954182	2.86944821017299	0.004111886642694828	0.41018228056288586	2.178090891490741	0.604429733468988	284.43217312200863	1.7232106445951658e-62	99.20990252161867	1.826244730093706	0.029204511862547196	62.53296540921613	0	NA	NA	NA	NA	0.04967521877902649	UP	0.004111886642694828	3	3	0	1
UNC13D	3	A2780,PEO1,UWB_BRCAdef	FALSE	1.5796075037950104	0.5507652433625547	2.8680232146660622	0.0041304522519566445	0.5001274628679653	2.6590875447220554	0.8508159514052641	56.90339927660099	4.401329131379151e-13	95.01902430480213	2.438123522645777	0.050856375141549205	47.94135476348277	0	NA	NA	NA	NA	0.049858773428312575	UP	0.0041304522519566445	3	3	0	1
