gene_id	A2780_down	UWB_BRCAdef_down	PEO1_down
PRAME	TRUE	FALSE	FALSE
MMP10	TRUE	FALSE	FALSE
SLIT2	TRUE	FALSE	TRUE
SLC2A3	TRUE	FALSE	TRUE
MMP1	TRUE	FALSE	FALSE
VIM	TRUE	FALSE	TRUE
COL5A2	TRUE	FALSE	FALSE
TENM2	TRUE	FALSE	FALSE
COL3A1	TRUE	FALSE	FALSE
SDC2	TRUE	FALSE	FALSE
INA	TRUE	FALSE	FALSE
SERPINB1	TRUE	TRUE	FALSE
MAGED1	TRUE	TRUE	FALSE
IGFBPL1	TRUE	FALSE	FALSE
GNB4	TRUE	TRUE	FALSE
PDE4B	TRUE	FALSE	TRUE
ALDH1A1	TRUE	FALSE	FALSE
HGF	TRUE	FALSE	FALSE
EPHA5	TRUE	FALSE	FALSE
CRISPLD1	TRUE	FALSE	FALSE
DDR2	TRUE	TRUE	FALSE
NRIP3	TRUE	FALSE	FALSE
FGF5	TRUE	TRUE	FALSE
NEFH	TRUE	FALSE	FALSE
ARHGEF9	TRUE	TRUE	FALSE
DLGAP1	TRUE	FALSE	FALSE
ROBO2	TRUE	FALSE	FALSE
COLGALT2	TRUE	TRUE	FALSE
NLRP2	TRUE	TRUE	TRUE
ROBO1	TRUE	FALSE	FALSE
ANXA6	TRUE	FALSE	TRUE
NR2F1	TRUE	FALSE	TRUE
MYEF2	TRUE	FALSE	FALSE
MMP3	TRUE	FALSE	FALSE
GOLGA8M	TRUE	FALSE	FALSE
MFGE8	TRUE	FALSE	FALSE
FAM26D	TRUE	FALSE	FALSE
ANKRD1	TRUE	FALSE	FALSE
SLC7A2	TRUE	FALSE	TRUE
OLFM3	TRUE	FALSE	FALSE
CHST10	TRUE	FALSE	FALSE
RDH10	TRUE	FALSE	FALSE
ITGA5	TRUE	TRUE	FALSE
RBM24	TRUE	FALSE	FALSE
ZPLD1	TRUE	FALSE	FALSE
SERPINF1	TRUE	FALSE	FALSE
APELA	TRUE	FALSE	FALSE
ZC4H2	TRUE	TRUE	FALSE
GFY	TRUE	FALSE	FALSE
CITED2	TRUE	FALSE	FALSE
MTX3	TRUE	FALSE	TRUE
PTPRC	TRUE	TRUE	FALSE
AKAP12	TRUE	FALSE	FALSE
CLDN16	TRUE	TRUE	TRUE
GYG2	TRUE	FALSE	FALSE
LAMB2	TRUE	FALSE	FALSE
CPEB1	TRUE	FALSE	FALSE
SLITRK5	TRUE	TRUE	FALSE
FGFR2	TRUE	FALSE	TRUE
RAB39B	TRUE	TRUE	FALSE
CPE	TRUE	TRUE	FALSE
MLF1	TRUE	FALSE	FALSE
MAP2	TRUE	FALSE	TRUE
TAGLN	TRUE	FALSE	FALSE
TNFRSF10D	TRUE	TRUE	FALSE
CACNA1H	TRUE	FALSE	FALSE
ZNF711	TRUE	TRUE	FALSE
ANO3	TRUE	FALSE	FALSE
CTGF	TRUE	FALSE	FALSE
SALL2	TRUE	FALSE	FALSE
ROR2	TRUE	FALSE	FALSE
CPQ	TRUE	FALSE	FALSE
SYNPO2	TRUE	FALSE	FALSE
CREM	TRUE	FALSE	FALSE
GPR65	TRUE	FALSE	FALSE
FBXO17	TRUE	FALSE	FALSE
UCHL1	TRUE	FALSE	TRUE
SH3BGRL	TRUE	TRUE	FALSE
MTHFD1L	TRUE	FALSE	FALSE
ZNF347	TRUE	FALSE	FALSE
DUSP6	TRUE	FALSE	FALSE
PNMAL1	TRUE	FALSE	TRUE
GPC5	TRUE	FALSE	FALSE
NFATC1	TRUE	FALSE	FALSE
GULP1	TRUE	TRUE	FALSE
SLC43A1	TRUE	FALSE	FALSE
SPOCK2	TRUE	FALSE	TRUE
ULBP1	TRUE	FALSE	FALSE
TRIM58	TRUE	FALSE	FALSE
ZNF280B	TRUE	FALSE	FALSE
TSC22D3	TRUE	FALSE	FALSE
SHOX2	TRUE	FALSE	FALSE
KIF1A	TRUE	FALSE	FALSE
SLC30A8	TRUE	FALSE	FALSE
ITPRIPL1	TRUE	FALSE	FALSE
LDOC1	TRUE	FALSE	FALSE
GLT8D2	TRUE	FALSE	FALSE
COL11A1	TRUE	FALSE	FALSE
MAP1B	TRUE	FALSE	FALSE
LIMS2	TRUE	FALSE	FALSE
PLIN2	TRUE	TRUE	FALSE
SLC38A4	TRUE	TRUE	FALSE
BDNF	TRUE	FALSE	TRUE
ZSCAN18	TRUE	FALSE	FALSE
BARX1	TRUE	FALSE	FALSE
FILIP1	TRUE	TRUE	FALSE
ZNF467	TRUE	FALSE	FALSE
DOCK3	TRUE	FALSE	FALSE
MUC15	TRUE	FALSE	FALSE
CNN1	TRUE	FALSE	FALSE
MAP2K6	TRUE	FALSE	FALSE
SVIL	TRUE	FALSE	FALSE
FIBIN	TRUE	FALSE	FALSE
ZNF331	TRUE	FALSE	FALSE
ANTXR2	TRUE	FALSE	FALSE
CHDH	TRUE	FALSE	FALSE
AS3MT	TRUE	FALSE	FALSE
CNTNAP1	TRUE	TRUE	FALSE
UCP2	TRUE	TRUE	FALSE
CD160	TRUE	FALSE	FALSE
MEIS1	TRUE	TRUE	TRUE
NPR2	TRUE	FALSE	FALSE
SHC2	TRUE	FALSE	FALSE
NAV1	TRUE	FALSE	FALSE
HAND2	TRUE	FALSE	FALSE
CACNG7	TRUE	FALSE	FALSE
B3GALNT1	TRUE	TRUE	FALSE
SYPL2	TRUE	FALSE	FALSE
RBPMS2	TRUE	FALSE	FALSE
QPRT	TRUE	FALSE	FALSE
ATP10A	TRUE	FALSE	TRUE
MEIOB	TRUE	TRUE	FALSE
SELENOP	TRUE	FALSE	FALSE
PTCH1	TRUE	FALSE	FALSE
LATS2	TRUE	FALSE	FALSE
PAX9	TRUE	TRUE	TRUE
ZNF549	TRUE	FALSE	FALSE
MSR1	TRUE	TRUE	FALSE
GALC	TRUE	TRUE	TRUE
APBA2	TRUE	FALSE	FALSE
RAB6B	TRUE	FALSE	FALSE
GRB10	TRUE	FALSE	FALSE
ITPR1	TRUE	FALSE	FALSE
SOCS2	TRUE	TRUE	FALSE
COL6A2	TRUE	FALSE	FALSE
PAX2	TRUE	FALSE	FALSE
GNAL	TRUE	FALSE	TRUE
HOXC6	TRUE	FALSE	FALSE
PDZK1	TRUE	FALSE	FALSE
ZNF83	TRUE	FALSE	FALSE
GSG1	TRUE	FALSE	FALSE
BCAT1	TRUE	TRUE	FALSE
NRSN2	TRUE	FALSE	FALSE
DNER	TRUE	FALSE	FALSE
ALX4	TRUE	FALSE	FALSE
SERPINB9	TRUE	TRUE	FALSE
TNFRSF19	TRUE	FALSE	FALSE
RBM20	TRUE	FALSE	FALSE
CDH12	TRUE	FALSE	FALSE
TUBA1A	TRUE	FALSE	FALSE
CNNM1	TRUE	FALSE	FALSE
ZNF71	TRUE	FALSE	FALSE
XBP1	TRUE	TRUE	FALSE
APLP1	TRUE	FALSE	FALSE
EMP1	TRUE	TRUE	FALSE
TGFBR2	TRUE	FALSE	FALSE
OLFM2	TRUE	FALSE	FALSE
VCAN	TRUE	FALSE	FALSE
MAP3K15	TRUE	FALSE	FALSE
SCIN	TRUE	FALSE	FALSE
ID4	TRUE	FALSE	FALSE
TUBB4A	TRUE	FALSE	FALSE
MARS	TRUE	FALSE	FALSE
SKIDA1	TRUE	FALSE	FALSE
CSPG4	TRUE	FALSE	FALSE
DNM3	TRUE	FALSE	FALSE
PDGFC	TRUE	FALSE	FALSE
SLC39A14	TRUE	FALSE	FALSE
TRAPPC3L	TRUE	FALSE	FALSE
MRAS	TRUE	FALSE	FALSE
TM4SF1	TRUE	FALSE	FALSE
SPIN4	TRUE	TRUE	FALSE
MAT1A	TRUE	FALSE	FALSE
RIMS4	TRUE	FALSE	TRUE
ENO3	TRUE	TRUE	FALSE
NUDT11	TRUE	FALSE	FALSE
SPIN3	TRUE	FALSE	FALSE
TMSB4X	TRUE	FALSE	FALSE
TFPI	TRUE	TRUE	FALSE
ZFP82	TRUE	TRUE	FALSE
UNC13A	TRUE	FALSE	FALSE
SLC17A7	TRUE	FALSE	FALSE
RET	TRUE	FALSE	FALSE
ANKRD34B	TRUE	FALSE	FALSE
IGF2R	TRUE	FALSE	FALSE
C20orf96	TRUE	FALSE	FALSE
BAG2	TRUE	FALSE	FALSE
RGAG4	TRUE	FALSE	FALSE
GLI1	TRUE	FALSE	FALSE
ECI2	TRUE	FALSE	FALSE
SPRY1	TRUE	FALSE	FALSE
APBB1	TRUE	FALSE	FALSE
TMEM30B	TRUE	FALSE	FALSE
GBP2	TRUE	TRUE	FALSE
NPTX2	TRUE	FALSE	FALSE
ACTA2	TRUE	FALSE	FALSE
ZNF329	TRUE	FALSE	FALSE
CRLF1	TRUE	FALSE	FALSE
TRIM2	TRUE	FALSE	FALSE
AMOT	TRUE	FALSE	FALSE
TBX20	TRUE	FALSE	FALSE
RNF115	TRUE	FALSE	FALSE
TMSB15A	TRUE	FALSE	FALSE
CMTM7	TRUE	FALSE	TRUE
NAP1L2	TRUE	TRUE	FALSE
SGCA	TRUE	FALSE	FALSE
SLC31A1	TRUE	TRUE	FALSE
PGPEP1L	TRUE	FALSE	FALSE
TM4SF18	TRUE	FALSE	FALSE
NXPH3	TRUE	FALSE	FALSE
HOXC8	TRUE	FALSE	FALSE
EFNB3	TRUE	FALSE	FALSE
SMARCD3	TRUE	FALSE	FALSE
ZNF320	TRUE	FALSE	FALSE
ZNF667	TRUE	FALSE	FALSE
GSPT2	TRUE	FALSE	FALSE
WDR17	TRUE	FALSE	FALSE
FKBP10	TRUE	FALSE	FALSE
ISL1	TRUE	FALSE	TRUE
ODC1	TRUE	FALSE	FALSE
ELFN1	TRUE	FALSE	FALSE
HOXA10	TRUE	FALSE	FALSE
C1orf43	TRUE	FALSE	FALSE
HPCAL4	TRUE	FALSE	FALSE
GJA1	TRUE	FALSE	FALSE
PRR36	TRUE	FALSE	FALSE
CGREF1	TRUE	FALSE	TRUE
CAMK1	TRUE	FALSE	FALSE
HOXB9	TRUE	FALSE	TRUE
P3H3	TRUE	TRUE	FALSE
PCYT1B	TRUE	TRUE	FALSE
DMRT2	TRUE	FALSE	FALSE
NEBL	TRUE	FALSE	FALSE
DCN	TRUE	FALSE	FALSE
YARS	TRUE	FALSE	FALSE
PDE4D	TRUE	TRUE	FALSE
ZFP28	TRUE	FALSE	FALSE
ST6GAL1	TRUE	TRUE	TRUE
FLT4	TRUE	FALSE	FALSE
ETV1	TRUE	TRUE	FALSE
KIF5A	TRUE	FALSE	FALSE
GFPT2	TRUE	FALSE	TRUE
KCNQ4	TRUE	FALSE	FALSE
NR4A3	TRUE	FALSE	FALSE
PNMA2	TRUE	FALSE	FALSE
CCDC74A	TRUE	FALSE	TRUE
5-Sep	TRUE	FALSE	FALSE
COL6A1	TRUE	FALSE	FALSE
COMP	TRUE	FALSE	FALSE
MAFA	TRUE	FALSE	FALSE
DLG4	TRUE	FALSE	FALSE
TBL1X	TRUE	FALSE	FALSE
OSTN	TRUE	FALSE	FALSE
NOS3	TRUE	FALSE	FALSE
DIRAS1	TRUE	FALSE	FALSE
SAMD11	TRUE	FALSE	FALSE
PLCH1	TRUE	TRUE	FALSE
C4orf22	TRUE	FALSE	FALSE
LHX9	TRUE	FALSE	FALSE
WWC3	TRUE	FALSE	FALSE
ALPPL2	TRUE	FALSE	FALSE
TTC28	TRUE	FALSE	FALSE
TESC	TRUE	FALSE	FALSE
SGPL1	TRUE	FALSE	FALSE
HSD17B14	TRUE	FALSE	FALSE
COL26A1	TRUE	FALSE	FALSE
NAP1L5	TRUE	TRUE	FALSE
IL11	TRUE	FALSE	FALSE
SLC25A33	TRUE	FALSE	FALSE
CREBBP	TRUE	FALSE	FALSE
BRSK1	TRUE	FALSE	FALSE
RRAGD	TRUE	FALSE	FALSE
GALM	TRUE	TRUE	FALSE
IGFBP3	TRUE	FALSE	FALSE
OPTN	TRUE	TRUE	FALSE
COX7A2L	TRUE	FALSE	FALSE
TMEM130	TRUE	FALSE	FALSE
TFPI2	TRUE	FALSE	FALSE
ADGRL1	TRUE	FALSE	FALSE
PTPRJ	TRUE	FALSE	FALSE
PCDH10	TRUE	FALSE	FALSE
RADIL	TRUE	FALSE	FALSE
SLC35E1	TRUE	FALSE	FALSE
NEO1	TRUE	FALSE	FALSE
GLDC	TRUE	TRUE	TRUE
GPR27	TRUE	FALSE	TRUE
RBMS3	TRUE	FALSE	FALSE
DCAF8	TRUE	FALSE	FALSE
MSI1	TRUE	FALSE	TRUE
MYF5	TRUE	FALSE	FALSE
SPTAN1	TRUE	FALSE	FALSE
MEF2D	TRUE	FALSE	FALSE
GATAD2B	TRUE	FALSE	FALSE
CUBN	TRUE	FALSE	FALSE
COL1A2	TRUE	TRUE	FALSE
CYP26B1	TRUE	FALSE	FALSE
NKD2	TRUE	FALSE	FALSE
PSAT1	TRUE	FALSE	FALSE
PPP1R3C	TRUE	FALSE	FALSE
HTR7	TRUE	FALSE	FALSE
CNN3	TRUE	TRUE	FALSE
DNAJC15	TRUE	FALSE	FALSE
PARVB	TRUE	FALSE	FALSE
ZFHX3	TRUE	FALSE	FALSE
ID2	TRUE	FALSE	FALSE
CIB2	TRUE	FALSE	TRUE
NFATC4	TRUE	TRUE	FALSE
MEOX1	TRUE	FALSE	FALSE
TUB	TRUE	FALSE	FALSE
HMX3	TRUE	FALSE	FALSE
HEBP1	TRUE	TRUE	FALSE
SLC50A1	TRUE	TRUE	FALSE
GATA4	TRUE	FALSE	FALSE
ATRNL1	TRUE	FALSE	FALSE
CASZ1	TRUE	FALSE	FALSE
SIX1	TRUE	FALSE	FALSE
ATF3	TRUE	FALSE	FALSE
CCDC74B	TRUE	FALSE	FALSE
DCLK2	TRUE	FALSE	FALSE
HAPLN3	TRUE	FALSE	TRUE
ZNF415	TRUE	TRUE	FALSE
SMARCA1	TRUE	FALSE	FALSE
P4HB	TRUE	FALSE	FALSE
PLPPR3	TRUE	FALSE	FALSE
SLC1A4	TRUE	FALSE	FALSE
ABCC6	TRUE	FALSE	FALSE
ARID3B	TRUE	FALSE	FALSE
MCTP1	TRUE	TRUE	FALSE
TLX3	TRUE	FALSE	FALSE
LONRF2	TRUE	FALSE	FALSE
BCOR	TRUE	FALSE	FALSE
PALD1	TRUE	TRUE	FALSE
PPP1R3B	TRUE	TRUE	FALSE
HMGN5	TRUE	TRUE	FALSE
L1CAM	TRUE	TRUE	FALSE
TET1	TRUE	TRUE	FALSE
PTPN21	TRUE	FALSE	FALSE
CERS2	TRUE	FALSE	FALSE
SYT14	TRUE	TRUE	FALSE
PCSK1N	TRUE	FALSE	FALSE
SCARF2	TRUE	FALSE	TRUE
TGFB2	TRUE	TRUE	FALSE
MGAT3	TRUE	FALSE	FALSE
PDZD4	TRUE	FALSE	FALSE
PCDHB2	TRUE	FALSE	TRUE
CTPS1	TRUE	FALSE	FALSE
PAFAH1B1	TRUE	FALSE	FALSE
KIAA2022	TRUE	FALSE	FALSE
GNG11	TRUE	FALSE	FALSE
MEIS3	TRUE	FALSE	FALSE
TULP4	TRUE	FALSE	FALSE
SESN2	TRUE	FALSE	FALSE
ZEB1	TRUE	FALSE	FALSE
BCL9	TRUE	FALSE	FALSE
LAMC1	TRUE	TRUE	FALSE
BCL6	TRUE	FALSE	TRUE
CSDC2	TRUE	FALSE	TRUE
SAMD4A	TRUE	FALSE	FALSE
KLF6	TRUE	FALSE	FALSE
CACNA1G	TRUE	FALSE	FALSE
FZD8	TRUE	FALSE	FALSE
NES	TRUE	FALSE	FALSE
RGS9	TRUE	FALSE	FALSE
CLCN5	TRUE	TRUE	FALSE
SPP1	TRUE	TRUE	FALSE
CLDN1	TRUE	TRUE	FALSE
TTYH2	TRUE	FALSE	FALSE
MICB	TRUE	FALSE	FALSE
TIMP1	TRUE	FALSE	FALSE
EFHD1	TRUE	FALSE	FALSE
NIPA1	TRUE	FALSE	FALSE
CACNA2D1	TRUE	TRUE	FALSE
CRYAB	TRUE	TRUE	FALSE
S100A13	TRUE	FALSE	FALSE
MRC2	TRUE	FALSE	TRUE
PHYHD1	TRUE	FALSE	FALSE
NEGR1	TRUE	TRUE	FALSE
TMEM268	TRUE	FALSE	FALSE
IGDCC4	TRUE	FALSE	FALSE
GLRX2	TRUE	FALSE	FALSE
ACTN3	TRUE	FALSE	FALSE
KCNAB3	TRUE	FALSE	FALSE
NCR3LG1	TRUE	FALSE	FALSE
PCDH9	TRUE	FALSE	FALSE
GPR158	TRUE	FALSE	FALSE
ADORA1	TRUE	TRUE	TRUE
BMF	TRUE	FALSE	FALSE
HOXB2	TRUE	TRUE	TRUE
PRKCG	TRUE	TRUE	FALSE
CHMP1B	TRUE	FALSE	TRUE
CRAT	TRUE	FALSE	FALSE
RNF144A	TRUE	FALSE	TRUE
NRN1	TRUE	FALSE	FALSE
DNASE2	TRUE	FALSE	FALSE
ANKRD6	TRUE	FALSE	FALSE
ZFP69B	TRUE	FALSE	FALSE
ELOVL2	TRUE	FALSE	FALSE
ARHGEF11	TRUE	FALSE	FALSE
FANCF	TRUE	FALSE	FALSE
GAMT	TRUE	FALSE	FALSE
ZNF470	TRUE	FALSE	FALSE
ANK2	TRUE	TRUE	FALSE
AMMECR1L	TRUE	FALSE	FALSE
SPRY4	TRUE	FALSE	FALSE
RASGEF1A	TRUE	FALSE	FALSE
SLC4A5	TRUE	FALSE	FALSE
EFEMP2	TRUE	FALSE	TRUE
EFR3B	TRUE	FALSE	FALSE
PPIC	TRUE	FALSE	FALSE
SOX8	TRUE	FALSE	FALSE
PSPH	TRUE	FALSE	FALSE
C16orf45	TRUE	FALSE	TRUE
DNAJC1	TRUE	FALSE	FALSE
MAPK8IP1	TRUE	FALSE	FALSE
GGT7	TRUE	FALSE	FALSE
ZFHX4	TRUE	FALSE	FALSE
IL32	TRUE	FALSE	FALSE
JTB	TRUE	FALSE	FALSE
PCBP2	TRUE	TRUE	FALSE
MFAP3L	TRUE	FALSE	FALSE
LIN28B	TRUE	TRUE	FALSE
GALNT16	TRUE	FALSE	FALSE
THSD7A	TRUE	FALSE	FALSE
PRDM8	TRUE	FALSE	FALSE
ZNF385D	TRUE	FALSE	FALSE
ARL4A	TRUE	FALSE	FALSE
SPOP	TRUE	FALSE	FALSE
PRKG1	TRUE	FALSE	FALSE
PLPP7	TRUE	FALSE	FALSE
WARS	TRUE	FALSE	FALSE
RAP1GAP2	TRUE	FALSE	FALSE
HERPUD1	TRUE	FALSE	FALSE
KCNJ12	TRUE	FALSE	FALSE
SELENOM	TRUE	FALSE	FALSE
SMAD9	TRUE	FALSE	FALSE
CLPTM1L	TRUE	FALSE	FALSE
FGF2	TRUE	TRUE	FALSE
SCCPDH	TRUE	FALSE	FALSE
IGF2BP1	TRUE	FALSE	FALSE
RUSC2	TRUE	FALSE	FALSE
MXRA7	TRUE	FALSE	FALSE
TTC39A	TRUE	TRUE	FALSE
ZNF827	TRUE	FALSE	FALSE
GSTM4	TRUE	TRUE	TRUE
APH1B	TRUE	FALSE	FALSE
ZMAT1	TRUE	FALSE	FALSE
EIF1	TRUE	FALSE	FALSE
SLC16A2	TRUE	FALSE	FALSE
EEF1A2	TRUE	FALSE	FALSE
RIMS3	TRUE	FALSE	FALSE
NKX2-5	TRUE	FALSE	FALSE
KIF17	TRUE	FALSE	FALSE
SARS	TRUE	FALSE	FALSE
OTOGL	TRUE	FALSE	FALSE
GOLM1	TRUE	FALSE	FALSE
CA14	TRUE	TRUE	FALSE
MYL9	TRUE	FALSE	FALSE
3-Sep	TRUE	FALSE	FALSE
KDM4A	TRUE	FALSE	FALSE
FAM234B	TRUE	TRUE	FALSE
CLGN	TRUE	TRUE	FALSE
CCDC8	TRUE	FALSE	FALSE
CMTM4	TRUE	FALSE	TRUE
CHAC1	TRUE	FALSE	FALSE
UHRF1BP1	TRUE	FALSE	FALSE
TMEM59L	TRUE	FALSE	FALSE
SYT5	TRUE	FALSE	FALSE
BTNL9	TRUE	FALSE	FALSE
IFFO1	TRUE	FALSE	FALSE
OCLN	TRUE	TRUE	FALSE
RPP25	TRUE	FALSE	TRUE
ZFAND3	TRUE	FALSE	FALSE
FOXC1	TRUE	FALSE	FALSE
TMTC2	TRUE	TRUE	FALSE
SYNE4	TRUE	FALSE	FALSE
HYOU1	TRUE	FALSE	TRUE
EZR	TRUE	FALSE	FALSE
VANGL2	TRUE	FALSE	FALSE
KIAA1211	TRUE	FALSE	FALSE
GPC6	TRUE	FALSE	FALSE
VKORC1L1	TRUE	FALSE	TRUE
CCDC84	TRUE	FALSE	FALSE
SEMA6A	TRUE	FALSE	FALSE
ERRFI1	TRUE	FALSE	FALSE
IKZF3	TRUE	FALSE	FALSE
TBX15	TRUE	TRUE	FALSE
CACNB4	TRUE	FALSE	FALSE
SNPH	TRUE	FALSE	FALSE
AKIRIN1	TRUE	FALSE	FALSE
S100A4	TRUE	FALSE	FALSE
KLK1	TRUE	FALSE	FALSE
TIAM2	TRUE	FALSE	FALSE
HOXC4	TRUE	FALSE	TRUE
BEX2	TRUE	FALSE	FALSE
ZNF608	TRUE	FALSE	TRUE
GSTA4	TRUE	TRUE	FALSE
HIBADH	TRUE	TRUE	FALSE
HSBP1L1	TRUE	FALSE	FALSE
WBSCR17	TRUE	FALSE	FALSE
HBQ1	TRUE	FALSE	FALSE
FERMT2	TRUE	FALSE	FALSE
SIK1	TRUE	FALSE	FALSE
FADS1	TRUE	TRUE	FALSE
PIAS3	TRUE	FALSE	FALSE
PLA2G4C	TRUE	FALSE	FALSE
AGR2	TRUE	FALSE	FALSE
EIF1B	TRUE	FALSE	FALSE
HAX1	TRUE	FALSE	FALSE
TSPAN13	TRUE	FALSE	FALSE
ARHGDIG	TRUE	FALSE	FALSE
LARP4B	TRUE	FALSE	FALSE
FAM69B	TRUE	FALSE	FALSE
ACACB	TRUE	FALSE	FALSE
GRIN1	TRUE	FALSE	FALSE
PRR13	TRUE	TRUE	FALSE
CPT1C	TRUE	TRUE	FALSE
FAM184A	TRUE	TRUE	FALSE
ZBTB10	TRUE	FALSE	FALSE
NOG	TRUE	FALSE	FALSE
SIX3	TRUE	FALSE	FALSE
AMIGO2	TRUE	FALSE	TRUE
FGF11	TRUE	TRUE	FALSE
NBPF1	TRUE	FALSE	FALSE
PRRT2	TRUE	FALSE	FALSE
NLGN1	TRUE	TRUE	FALSE
SERINC5	TRUE	TRUE	FALSE
SLC39A8	TRUE	TRUE	FALSE
THBS3	TRUE	FALSE	TRUE
ICA1L	TRUE	TRUE	FALSE
TNFSF10	TRUE	TRUE	FALSE
LHX2	TRUE	FALSE	FALSE
GCG	TRUE	FALSE	FALSE
UTF1	TRUE	FALSE	FALSE
PCDHAC2	TRUE	FALSE	TRUE
ADCY9	TRUE	FALSE	FALSE
FAXDC2	TRUE	FALSE	FALSE
UPK1A	TRUE	FALSE	FALSE
MERTK	TRUE	FALSE	FALSE
JAM3	TRUE	FALSE	FALSE
BEGAIN	TRUE	FALSE	FALSE
CTSF	TRUE	FALSE	FALSE
RNF41	TRUE	TRUE	FALSE
RERE	TRUE	FALSE	FALSE
EBF4	TRUE	FALSE	TRUE
RAPGEF2	TRUE	FALSE	FALSE
SCD	TRUE	FALSE	FALSE
RSU1	TRUE	TRUE	FALSE
KCMF1	TRUE	FALSE	FALSE
PLCD4	TRUE	FALSE	FALSE
COL5A1	TRUE	FALSE	FALSE
WNT11	TRUE	FALSE	FALSE
DZIP1	TRUE	TRUE	FALSE
CDC42EP3	TRUE	FALSE	FALSE
PIANP	TRUE	FALSE	FALSE
FAM171B	TRUE	FALSE	FALSE
BCORL1	TRUE	FALSE	FALSE
HOXC9	TRUE	FALSE	FALSE
PMEPA1	TRUE	FALSE	TRUE
ITGA7	TRUE	FALSE	FALSE
DNAJC6	TRUE	TRUE	FALSE
FOXP2	TRUE	TRUE	FALSE
TMPRSS15	TRUE	FALSE	FALSE
CHST15	TRUE	FALSE	FALSE
AXIN2	TRUE	FALSE	FALSE
FBLN7	TRUE	FALSE	FALSE
CA12	TRUE	TRUE	FALSE
PYGO1	TRUE	TRUE	FALSE
CD36	TRUE	FALSE	FALSE
LIX1L	TRUE	FALSE	FALSE
RBMS2	TRUE	FALSE	FALSE
ZNF773	TRUE	TRUE	FALSE
EPHA7	TRUE	FALSE	FALSE
SEMA4G	TRUE	FALSE	FALSE
CCR10	TRUE	FALSE	FALSE
ARHGAP17	TRUE	FALSE	FALSE
SLC17A5	TRUE	TRUE	FALSE
TBC1D9	TRUE	FALSE	FALSE
UAP1L1	TRUE	FALSE	FALSE
GPC2	TRUE	FALSE	FALSE
TXNL4A	TRUE	FALSE	FALSE
HIST1H1C	TRUE	FALSE	FALSE
PTPDC1	TRUE	FALSE	FALSE
HABP4	TRUE	FALSE	FALSE
ZNF609	TRUE	FALSE	FALSE
WNT10B	TRUE	FALSE	FALSE
MED8	TRUE	FALSE	FALSE
PDE4A	TRUE	FALSE	TRUE
KCNH2	TRUE	FALSE	FALSE
PPP2R5B	TRUE	FALSE	FALSE
DENND5B	TRUE	FALSE	FALSE
CIART	TRUE	TRUE	FALSE
FBLN5	TRUE	FALSE	TRUE
CFH	TRUE	FALSE	FALSE
SPSB4	TRUE	FALSE	FALSE
SIDT2	TRUE	FALSE	FALSE
NREP	TRUE	FALSE	TRUE
AKNA	TRUE	FALSE	FALSE
LIMS1	TRUE	FALSE	FALSE
CHPT1	TRUE	FALSE	FALSE
VMO1	TRUE	FALSE	FALSE
NPTXR	TRUE	FALSE	FALSE
PCDH7	TRUE	FALSE	FALSE
ERN1	TRUE	FALSE	FALSE
ARNT	TRUE	FALSE	FALSE
A1BG	TRUE	FALSE	FALSE
CCPG1	TRUE	FALSE	FALSE
PCOLCE	TRUE	FALSE	FALSE
RNF130	TRUE	FALSE	FALSE
LRRK2	TRUE	TRUE	FALSE
PIP5K1A	TRUE	TRUE	FALSE
DGAT2	TRUE	FALSE	FALSE
CDK19	TRUE	FALSE	FALSE
DENND5A	TRUE	FALSE	FALSE
HOMER2	TRUE	FALSE	TRUE
ATP1B1	TRUE	TRUE	FALSE
TSPAN18	TRUE	FALSE	FALSE
ZNF708	TRUE	FALSE	FALSE
SOD2	TRUE	TRUE	FALSE
GNAI1	TRUE	TRUE	TRUE
ELMOD1	TRUE	FALSE	FALSE
HSPB8	TRUE	FALSE	FALSE
CADM2	TRUE	FALSE	FALSE
PABPC4L	TRUE	TRUE	FALSE
TSHZ3	TRUE	FALSE	FALSE
CCNB3	TRUE	TRUE	FALSE
JAKMIP1	TRUE	FALSE	FALSE
SLC40A1	TRUE	FALSE	FALSE
COPA	TRUE	FALSE	FALSE
ZCCHC24	TRUE	FALSE	FALSE
VLDLR	TRUE	TRUE	FALSE
CA11	TRUE	FALSE	FALSE
SEMA3C	TRUE	FALSE	FALSE
PLEKHO1	TRUE	FALSE	FALSE
HOXA11	TRUE	TRUE	FALSE
PI15	TRUE	FALSE	FALSE
TSPAN33	TRUE	FALSE	TRUE
CCNY	TRUE	FALSE	FALSE
TUFT1	TRUE	FALSE	FALSE
PALM3	TRUE	FALSE	FALSE
PCK2	TRUE	FALSE	FALSE
SHROOM3	TRUE	FALSE	TRUE
ZNF611	TRUE	FALSE	FALSE
NOVA2	TRUE	FALSE	FALSE
DHRS2	TRUE	FALSE	FALSE
SLC29A4	TRUE	FALSE	FALSE
TLE2	TRUE	FALSE	TRUE
CALCRL	TRUE	FALSE	FALSE
SEC14L1	TRUE	FALSE	FALSE
PLEKHG2	TRUE	FALSE	FALSE
EMP3	TRUE	TRUE	FALSE
HOXB5	TRUE	FALSE	FALSE
TIMMDC1	TRUE	FALSE	FALSE
RGMB	TRUE	FALSE	FALSE
PACSIN1	TRUE	FALSE	TRUE
KCNN1	TRUE	FALSE	FALSE
MTMR3	TRUE	FALSE	FALSE
SLC38A3	TRUE	FALSE	FALSE
ZFHX2	TRUE	FALSE	FALSE
ENHO	TRUE	FALSE	FALSE
WWC2	TRUE	FALSE	FALSE
ARHGEF2	TRUE	TRUE	FALSE
POSTN	TRUE	FALSE	FALSE
TMEM246	TRUE	FALSE	FALSE
FAM168B	TRUE	FALSE	FALSE
PRSS16	TRUE	FALSE	FALSE
NPC1	TRUE	TRUE	FALSE
HOXB8	TRUE	FALSE	FALSE
CHODL	TRUE	FALSE	FALSE
TPST1	TRUE	TRUE	FALSE
TCF7	TRUE	FALSE	TRUE
FLVCR2	TRUE	FALSE	FALSE
GKAP1	TRUE	FALSE	FALSE
ATP8B2	TRUE	FALSE	FALSE
MRPL15	TRUE	FALSE	FALSE
CD70	TRUE	FALSE	FALSE
PHF21A	TRUE	FALSE	FALSE
BARHL2	TRUE	FALSE	FALSE
CCNJ	TRUE	FALSE	FALSE
SNX27	TRUE	TRUE	FALSE
GARS	TRUE	FALSE	FALSE
C1orf54	TRUE	FALSE	FALSE
DUSP12	TRUE	FALSE	FALSE
TEX15	TRUE	FALSE	FALSE
ZNF816	TRUE	TRUE	FALSE
DDIT3	TRUE	TRUE	FALSE
BRSK2	TRUE	FALSE	FALSE
GBA	TRUE	FALSE	FALSE
PCDH11X	TRUE	FALSE	FALSE
ZDHHC2	TRUE	FALSE	TRUE
RENBP	TRUE	FALSE	FALSE
ISG15	TRUE	FALSE	FALSE
SMG5	TRUE	FALSE	FALSE
MMP11	TRUE	FALSE	FALSE
CDH10	TRUE	FALSE	FALSE
TNFRSF10B	TRUE	FALSE	FALSE
ELOVL4	TRUE	FALSE	FALSE
BCL7A	TRUE	FALSE	FALSE
MAP4	TRUE	FALSE	FALSE
CBX8	TRUE	FALSE	FALSE
NOTUM	TRUE	FALSE	FALSE
ZNF425	TRUE	FALSE	FALSE
CNBP	TRUE	FALSE	FALSE
LRFN1	TRUE	FALSE	TRUE
ATP2A2	TRUE	FALSE	FALSE
PEA15	TRUE	FALSE	FALSE
GHR	TRUE	FALSE	FALSE
H1F0	TRUE	FALSE	FALSE
MYLK	TRUE	FALSE	FALSE
CASC10	TRUE	FALSE	FALSE
LAPTM4A	TRUE	FALSE	FALSE
NTS	TRUE	FALSE	FALSE
FAT3	TRUE	TRUE	FALSE
GOT1	TRUE	FALSE	FALSE
FAT4	TRUE	FALSE	FALSE
SNAP91	TRUE	FALSE	FALSE
NFYC	TRUE	FALSE	FALSE
NCAM2	TRUE	FALSE	FALSE
TUSC1	TRUE	FALSE	FALSE
SLFNL1	TRUE	FALSE	FALSE
ATXN3L	TRUE	FALSE	FALSE
FOXN3	TRUE	FALSE	FALSE
SLC9A2	TRUE	TRUE	FALSE
HNRNPLL	TRUE	FALSE	FALSE
CBFA2T3	TRUE	FALSE	FALSE
CAND2	TRUE	FALSE	FALSE
PTP4A1	TRUE	FALSE	FALSE
DAP3	TRUE	FALSE	FALSE
PSMD4	TRUE	FALSE	FALSE
ZDHHC15	TRUE	FALSE	FALSE
ITGAV	TRUE	FALSE	FALSE
FAM110D	TRUE	FALSE	FALSE
MTHFR	TRUE	FALSE	FALSE
MICU3	TRUE	FALSE	FALSE
WNK3	TRUE	FALSE	FALSE
CREB3L1	TRUE	FALSE	FALSE
ZNF32	TRUE	FALSE	FALSE
SRRM3	TRUE	FALSE	FALSE
PRKCB	TRUE	FALSE	FALSE
DUSP16	TRUE	TRUE	FALSE
CYP27C1	TRUE	FALSE	FALSE
DLX2	TRUE	FALSE	FALSE
ADGRG6	TRUE	TRUE	FALSE
SMAP2	TRUE	FALSE	FALSE
KCNG3	TRUE	TRUE	FALSE
CHD5	TRUE	FALSE	FALSE
GPM6A	TRUE	FALSE	FALSE
CP	TRUE	TRUE	FALSE
LRP11	TRUE	TRUE	TRUE
STARD13	TRUE	FALSE	FALSE
GGA2	TRUE	FALSE	FALSE
CFLAR	TRUE	FALSE	FALSE
BOC	TRUE	FALSE	FALSE
SMIM3	TRUE	FALSE	FALSE
KLF11	TRUE	FALSE	FALSE
RAB39A	TRUE	FALSE	FALSE
ACOT13	TRUE	FALSE	FALSE
MPZL1	TRUE	TRUE	FALSE
ATP8A1	TRUE	FALSE	FALSE
COLEC12	TRUE	FALSE	FALSE
QKI	TRUE	FALSE	FALSE
CXXC4	TRUE	FALSE	FALSE
GUCY1A3	TRUE	FALSE	FALSE
TOX	TRUE	FALSE	FALSE
MLXIPL	TRUE	FALSE	FALSE
HECW2	TRUE	FALSE	FALSE
RFX5	TRUE	FALSE	FALSE
CTSV	TRUE	FALSE	FALSE
SWAP70	TRUE	FALSE	FALSE
HNF4G	TRUE	FALSE	FALSE
TRAM1L1	TRUE	TRUE	FALSE
SLC25A21	TRUE	FALSE	FALSE
TET3	TRUE	FALSE	FALSE
CLCN4	TRUE	FALSE	FALSE
PSMD14	TRUE	FALSE	FALSE
ANKRD34A	TRUE	FALSE	FALSE
RTN4RL2	TRUE	FALSE	FALSE
NHSL2	TRUE	FALSE	FALSE
CRTAP	TRUE	FALSE	FALSE
GNG7	TRUE	FALSE	FALSE
RASSF2	TRUE	FALSE	FALSE
PPP3R1	TRUE	FALSE	FALSE
ARMCX4	TRUE	TRUE	FALSE
HOXD8	TRUE	FALSE	FALSE
ZNF114	TRUE	FALSE	TRUE
FNDC4	TRUE	FALSE	TRUE
DPYSL4	TRUE	FALSE	FALSE
YME1L1	TRUE	TRUE	FALSE
TLX1	TRUE	FALSE	FALSE
DCUN1D5	TRUE	FALSE	FALSE
DMBX1	TRUE	FALSE	FALSE
ONECUT3	TRUE	FALSE	FALSE
C8orf31	TRUE	FALSE	FALSE
BEST1	TRUE	FALSE	TRUE
BMP7	TRUE	FALSE	FALSE
AKR1E2	TRUE	FALSE	FALSE
ABCG4	TRUE	FALSE	FALSE
GLIPR2	TRUE	FALSE	FALSE
CEND1	TRUE	FALSE	FALSE
RNF157	TRUE	FALSE	TRUE
DMRTA1	TRUE	FALSE	FALSE
FGF21	TRUE	FALSE	FALSE
STAU2	TRUE	FALSE	FALSE
SH3BGR	TRUE	FALSE	FALSE
CD55	TRUE	TRUE	FALSE
JAM2	TRUE	FALSE	FALSE
GPR162	TRUE	FALSE	FALSE
CSRNP2	TRUE	TRUE	FALSE
TMEM9	TRUE	FALSE	FALSE
KLHDC8B	TRUE	FALSE	FALSE
CA8	TRUE	FALSE	FALSE
GAB2	TRUE	TRUE	FALSE
CTF1	TRUE	FALSE	FALSE
RNF150	TRUE	FALSE	FALSE
ANAPC16	TRUE	FALSE	FALSE
ADGRB1	TRUE	FALSE	FALSE
ACP2	TRUE	FALSE	FALSE
PDIA2	TRUE	FALSE	FALSE
NGEF	TRUE	FALSE	TRUE
FBXO42	TRUE	FALSE	FALSE
RFLNB	TRUE	FALSE	FALSE
PHF21B	TRUE	FALSE	FALSE
CBS	TRUE	FALSE	FALSE
POLR3GL	TRUE	FALSE	FALSE
MESP1	TRUE	FALSE	FALSE
ASCC1	TRUE	FALSE	FALSE
NUAK1	TRUE	FALSE	FALSE
CTNNA1	TRUE	FALSE	FALSE
ZNF626	TRUE	FALSE	FALSE
CEBPG	TRUE	FALSE	FALSE
EML4	TRUE	FALSE	FALSE
C1D	TRUE	TRUE	FALSE
LAMC3	TRUE	FALSE	FALSE
CECR2	TRUE	FALSE	FALSE
INSR	TRUE	FALSE	FALSE
KCNQ2	TRUE	FALSE	FALSE
CCDC114	TRUE	FALSE	FALSE
HNRNPH3	TRUE	TRUE	FALSE
FLRT2	TRUE	TRUE	FALSE
SLC12A6	TRUE	TRUE	FALSE
ISG20	TRUE	FALSE	FALSE
ZNF888	TRUE	FALSE	FALSE
PRUNE1	TRUE	FALSE	FALSE
VEPH1	TRUE	FALSE	FALSE
PCMT1	TRUE	FALSE	FALSE
CHRNA4	TRUE	FALSE	FALSE
GRAMD1A	TRUE	FALSE	FALSE
SIK3	TRUE	FALSE	FALSE
NCEH1	TRUE	TRUE	FALSE
CYR61	TRUE	FALSE	FALSE
TAX1BP1	TRUE	FALSE	FALSE
MAGEE1	TRUE	TRUE	FALSE
PDIA6	TRUE	TRUE	TRUE
LUM	TRUE	FALSE	FALSE
SSBP2	TRUE	FALSE	TRUE
TLCD2	TRUE	FALSE	FALSE
CHST3	TRUE	FALSE	FALSE
TGFB3	TRUE	FALSE	FALSE
WNK2	TRUE	FALSE	TRUE
POC1B	TRUE	TRUE	FALSE
DNAH10	TRUE	FALSE	FALSE
GLB1	TRUE	FALSE	FALSE
PFKFB2	TRUE	TRUE	FALSE
RIMKLA	TRUE	FALSE	FALSE
LRRK1	TRUE	FALSE	FALSE
SLC47A1	TRUE	FALSE	FALSE
ACP6	TRUE	TRUE	TRUE
HOXB3	TRUE	FALSE	TRUE
FAM53C	TRUE	FALSE	FALSE
NOMO1	TRUE	FALSE	FALSE
CPT1A	TRUE	FALSE	TRUE
GPER1	TRUE	FALSE	FALSE
NT5C2	TRUE	FALSE	FALSE
FGFR1	TRUE	FALSE	FALSE
PLD1	TRUE	FALSE	FALSE
SEPHS1	TRUE	FALSE	FALSE
SOBP	TRUE	FALSE	FALSE
MYO15B	TRUE	FALSE	FALSE
C1QL4	TRUE	FALSE	FALSE
PAX6	TRUE	FALSE	FALSE
TEAD1	TRUE	FALSE	FALSE
EP300	TRUE	FALSE	FALSE
HOXC10	TRUE	FALSE	FALSE
TLE3	TRUE	FALSE	TRUE
ZBED9	TRUE	FALSE	FALSE
GPC3	TRUE	FALSE	FALSE
RALYL	TRUE	FALSE	FALSE
RHOH	TRUE	FALSE	FALSE
TRABD2A	TRUE	FALSE	FALSE
TXNRD1	TRUE	FALSE	FALSE
PPTC7	TRUE	TRUE	FALSE
INPP5A	TRUE	FALSE	FALSE
USP9X	TRUE	FALSE	FALSE
CNRIP1	TRUE	FALSE	FALSE
KIRREL	TRUE	FALSE	FALSE
GYG1	TRUE	FALSE	FALSE
TMEM45A	TRUE	FALSE	FALSE
TSEN15	TRUE	TRUE	FALSE
LMX1B	TRUE	FALSE	FALSE
THY1	TRUE	TRUE	TRUE
TMEM219	TRUE	FALSE	FALSE
GNE	TRUE	TRUE	FALSE
CMTM3	TRUE	FALSE	FALSE
KCTD20	TRUE	FALSE	FALSE
NPL	TRUE	TRUE	FALSE
CRK	TRUE	FALSE	FALSE
C19orf38	TRUE	FALSE	FALSE
CITED1	TRUE	FALSE	FALSE
SCN1B	TRUE	FALSE	FALSE
CLU	TRUE	TRUE	FALSE
INHBE	TRUE	TRUE	FALSE
HAPLN1	TRUE	FALSE	FALSE
PHF10	TRUE	TRUE	FALSE
KDELR1	TRUE	FALSE	FALSE
KIAA0825	TRUE	FALSE	FALSE
ASIC1	TRUE	FALSE	FALSE
BAZ2A	TRUE	FALSE	FALSE
CNTFR	TRUE	FALSE	FALSE
SNCB	TRUE	FALSE	FALSE
FOXN4	TRUE	FALSE	FALSE
CDKN2B	TRUE	FALSE	FALSE
DUSP8	TRUE	FALSE	FALSE
SYN2	TRUE	FALSE	FALSE
SLC45A1	TRUE	FALSE	FALSE
PIGC	TRUE	FALSE	FALSE
DACT3	TRUE	FALSE	FALSE
KIF5C	TRUE	FALSE	FALSE
HIST1H2BK	TRUE	FALSE	FALSE
MAN2A2	TRUE	FALSE	FALSE
TRIM62	TRUE	FALSE	FALSE
KBTBD11	TRUE	FALSE	FALSE
SYT3	TRUE	FALSE	FALSE
AMFR	TRUE	FALSE	TRUE
NUDT5	TRUE	TRUE	FALSE
KCNJ4	TRUE	FALSE	FALSE
ATP1B2	TRUE	FALSE	FALSE
PHF20	TRUE	FALSE	FALSE
ALX1	TRUE	TRUE	FALSE
FLAD1	TRUE	FALSE	FALSE
LMOD1	TRUE	FALSE	FALSE
ABHD2	TRUE	FALSE	FALSE
ANKLE1	TRUE	TRUE	FALSE
TMCC2	TRUE	FALSE	FALSE
NUPR1	TRUE	FALSE	TRUE
ARG2	TRUE	FALSE	FALSE
ABL2	TRUE	FALSE	FALSE
SLCO2A1	TRUE	FALSE	FALSE
SLC6A17	TRUE	FALSE	FALSE
TCEA1	TRUE	FALSE	FALSE
NIPA2	TRUE	FALSE	FALSE
JAZF1	TRUE	FALSE	FALSE
FHL3	TRUE	FALSE	FALSE
EFNA2	TRUE	FALSE	FALSE
CHRD	TRUE	FALSE	FALSE
NDRG2	TRUE	FALSE	FALSE
SAE1	TRUE	FALSE	FALSE
RCOR2	TRUE	TRUE	TRUE
ARX	TRUE	FALSE	FALSE
GGCX	TRUE	FALSE	FALSE
NAGA	TRUE	FALSE	TRUE
GPRASP1	TRUE	FALSE	FALSE
ADAMTS6	TRUE	FALSE	FALSE
NDNF	TRUE	FALSE	FALSE
POGZ	TRUE	FALSE	FALSE
RNF217	TRUE	FALSE	FALSE
BPNT1	TRUE	TRUE	FALSE
SLC25A23	TRUE	FALSE	FALSE
HERC6	TRUE	TRUE	FALSE
KIF21B	TRUE	FALSE	FALSE
UBE2Q1	TRUE	FALSE	FALSE
ART3	TRUE	FALSE	FALSE
ARPIN	TRUE	FALSE	FALSE
SLC35D2	TRUE	FALSE	FALSE
RAB21	TRUE	FALSE	FALSE
CTDSP2	TRUE	FALSE	FALSE
LTBP4	TRUE	FALSE	FALSE
ARHGAP21	TRUE	TRUE	FALSE
SHISA8	TRUE	FALSE	FALSE
SLC12A2	TRUE	FALSE	TRUE
CRY1	TRUE	TRUE	FALSE
H2AFY2	TRUE	FALSE	TRUE
NOTCH3	TRUE	FALSE	FALSE
CACHD1	TRUE	TRUE	FALSE
KLF15	TRUE	FALSE	FALSE
USP2	TRUE	FALSE	TRUE
NOTCH2NL	TRUE	FALSE	FALSE
DNMT3B	TRUE	TRUE	FALSE
EPB41	TRUE	TRUE	FALSE
CDC123	TRUE	TRUE	FALSE
SEC61A2	TRUE	TRUE	FALSE
TOR1AIP2	TRUE	FALSE	FALSE
IL17RB	TRUE	FALSE	FALSE
ADRA2C	TRUE	FALSE	FALSE
KANK1	TRUE	TRUE	FALSE
FAM174B	TRUE	FALSE	FALSE
SSPO	TRUE	FALSE	FALSE
KCNG1	TRUE	FALSE	TRUE
RAD54L2	TRUE	FALSE	FALSE
USP12	TRUE	FALSE	FALSE
B4GALNT3	TRUE	FALSE	FALSE
MLLT10	TRUE	TRUE	FALSE
UBA1	TRUE	FALSE	FALSE
MYRF	TRUE	TRUE	FALSE
CCDC17	TRUE	FALSE	FALSE
KCNIP3	TRUE	FALSE	FALSE
TRIB3	TRUE	TRUE	FALSE
BATF3	TRUE	FALSE	FALSE
ADCY1	TRUE	FALSE	TRUE
C11orf58	TRUE	FALSE	FALSE
SYDE1	TRUE	FALSE	FALSE
NDUFS2	TRUE	FALSE	FALSE
STIM1	TRUE	FALSE	FALSE
ITGB1	TRUE	TRUE	FALSE
PRDX4	TRUE	FALSE	FALSE
NPAS1	TRUE	FALSE	FALSE
ASNS	TRUE	FALSE	FALSE
RASL10B	TRUE	FALSE	TRUE
PIK3AP1	TRUE	FALSE	FALSE
MEX3B	TRUE	FALSE	FALSE
MAGEA6	TRUE	FALSE	FALSE
ZNF835	TRUE	FALSE	FALSE
ELMO2	TRUE	FALSE	FALSE
TMEM192	TRUE	FALSE	FALSE
ELOC	TRUE	FALSE	FALSE
SHISA2	TRUE	FALSE	FALSE
TNNC1	TRUE	TRUE	FALSE
TBKBP1	TRUE	FALSE	FALSE
FADS2	TRUE	FALSE	FALSE
C12orf49	TRUE	FALSE	FALSE
ZBTB8A	TRUE	FALSE	FALSE
BICC1	TRUE	FALSE	TRUE
ZNF280A	TRUE	FALSE	FALSE
GDPD1	TRUE	FALSE	FALSE
ZNF625	TRUE	FALSE	FALSE
DLL4	TRUE	FALSE	FALSE
KDM6B	TRUE	FALSE	FALSE
TMEM150A	TRUE	FALSE	FALSE
DPYSL5	TRUE	FALSE	FALSE
C1orf61	TRUE	FALSE	FALSE
NFIX	TRUE	FALSE	FALSE
UPRT	TRUE	FALSE	FALSE
JAKMIP3	TRUE	FALSE	FALSE
PHC1	TRUE	FALSE	TRUE
WDR45	TRUE	FALSE	FALSE
TCHH	TRUE	FALSE	FALSE
ALG9	TRUE	TRUE	FALSE
GABARAPL1	TRUE	FALSE	FALSE
SOAT1	TRUE	TRUE	FALSE
SLC35F2	TRUE	FALSE	FALSE
TYRP1	TRUE	FALSE	FALSE
EBNA1BP2	TRUE	FALSE	FALSE
NOL4L	TRUE	FALSE	FALSE
ASIC3	TRUE	FALSE	FALSE
SEZ6L2	TRUE	FALSE	FALSE
STRAP	TRUE	FALSE	FALSE
KNDC1	TRUE	FALSE	FALSE
RABIF	TRUE	FALSE	FALSE
SMIM14	TRUE	FALSE	FALSE
SSBP3	TRUE	FALSE	FALSE
CAPN5	TRUE	FALSE	FALSE
ATP8B3	TRUE	FALSE	FALSE
ZNF410	TRUE	TRUE	FALSE
COL23A1	TRUE	FALSE	FALSE
CDKN1B	TRUE	TRUE	FALSE
RPS6KL1	TRUE	FALSE	FALSE
NME4	TRUE	FALSE	FALSE
MYLK3	TRUE	FALSE	FALSE
TSC22D2	TRUE	FALSE	FALSE
CCDC144NL	TRUE	FALSE	FALSE
RND2	TRUE	FALSE	FALSE
NEU1	TRUE	FALSE	FALSE
CHSY1	TRUE	TRUE	FALSE
NDUFAB1	TRUE	FALSE	FALSE
PTPRH	TRUE	TRUE	FALSE
LGI2	TRUE	FALSE	TRUE
LMCD1	TRUE	FALSE	FALSE
PRKAA2	TRUE	TRUE	FALSE
ZNF471	TRUE	FALSE	FALSE
FGD1	TRUE	FALSE	FALSE
SGIP1	TRUE	TRUE	FALSE
RBFOX2	TRUE	FALSE	FALSE
PCDHA11	TRUE	FALSE	TRUE
SRD5A3	TRUE	FALSE	FALSE
CDH2	TRUE	FALSE	FALSE
CCDC3	TRUE	FALSE	FALSE
CYP26A1	TRUE	FALSE	FALSE
TCP11L2	TRUE	FALSE	FALSE
SNX9	TRUE	FALSE	FALSE
MAP1LC3B	TRUE	FALSE	FALSE
GIMAP2	TRUE	TRUE	FALSE
SRSF12	TRUE	FALSE	TRUE
TMEM14C	TRUE	FALSE	FALSE
JADE1	TRUE	FALSE	FALSE
ISM2	TRUE	FALSE	FALSE
YPEL5	TRUE	FALSE	FALSE
ESPNL	TRUE	FALSE	FALSE
BST2	TRUE	TRUE	FALSE
CCDC184	TRUE	FALSE	FALSE
APOC1	TRUE	TRUE	FALSE
ZNF592	TRUE	FALSE	FALSE
MLLT11	TRUE	TRUE	FALSE
UBR4	TRUE	FALSE	FALSE
EN2	TRUE	FALSE	FALSE
LRP4	TRUE	TRUE	FALSE
CTPS2	TRUE	FALSE	FALSE
RGMA	TRUE	FALSE	FALSE
NBDY	TRUE	FALSE	FALSE
OLFML2B	TRUE	FALSE	FALSE
HIST1H2BN	TRUE	FALSE	FALSE
NTNG2	TRUE	FALSE	FALSE
NAAA	TRUE	FALSE	FALSE
SBK1	TRUE	FALSE	TRUE
SEMA6C	TRUE	FALSE	FALSE
MORC2	TRUE	FALSE	FALSE
CPEB4	TRUE	FALSE	FALSE
PLPPR4	TRUE	FALSE	FALSE
SPPL2A	TRUE	FALSE	FALSE
LPIN1	TRUE	TRUE	TRUE
RPN1	TRUE	FALSE	FALSE
SH2D2A	TRUE	TRUE	FALSE
PCDHA13	TRUE	FALSE	TRUE
AHRR	TRUE	FALSE	FALSE
LRIG1	TRUE	FALSE	FALSE
ADGRA2	TRUE	FALSE	FALSE
POLR3C	TRUE	FALSE	FALSE
HOXB4	TRUE	FALSE	FALSE
ZIC3	TRUE	FALSE	FALSE
FBXO27	TRUE	TRUE	FALSE
KLHL13	TRUE	FALSE	TRUE
PROS1	TRUE	TRUE	FALSE
YAP1	TRUE	FALSE	FALSE
ABR	TRUE	FALSE	FALSE
FAM171A1	TRUE	FALSE	FALSE
ZKSCAN1	TRUE	FALSE	FALSE
MEIS2	TRUE	FALSE	FALSE
ATXN7L3B	TRUE	FALSE	FALSE
CDC73	TRUE	FALSE	FALSE
PCDHGB6	TRUE	FALSE	FALSE
GTF2IRD1	TRUE	FALSE	FALSE
ZNF821	TRUE	FALSE	FALSE
RHEB	TRUE	FALSE	FALSE
DUSP9	TRUE	FALSE	TRUE
MEX3A	TRUE	FALSE	FALSE
IGF2BP3	TRUE	FALSE	FALSE
TBX1	TRUE	FALSE	FALSE
EPHA3	TRUE	FALSE	FALSE
PTPRG	TRUE	TRUE	FALSE
DDX10	TRUE	FALSE	FALSE
FZD9	TRUE	FALSE	FALSE
ARL14EPL	TRUE	FALSE	FALSE
ZNF85	TRUE	FALSE	FALSE
MVB12B	TRUE	FALSE	FALSE
ZNF264	TRUE	TRUE	FALSE
ACTN2	TRUE	TRUE	FALSE
PITPNA	TRUE	FALSE	FALSE
TMEM150C	TRUE	FALSE	FALSE
NPAS2	TRUE	FALSE	FALSE
ATG9A	TRUE	FALSE	TRUE
ENO2	TRUE	FALSE	TRUE
PLBD2	TRUE	FALSE	FALSE
GEM	TRUE	FALSE	FALSE
ANKRD44	TRUE	FALSE	FALSE
PRAF2	TRUE	FALSE	FALSE
TNFSF9	TRUE	FALSE	FALSE
SIRPA	TRUE	FALSE	FALSE
LIN7A	TRUE	FALSE	FALSE
ASPHD2	TRUE	FALSE	FALSE
BMI1	TRUE	FALSE	FALSE
SORT1	TRUE	FALSE	TRUE
SCG2	TRUE	FALSE	FALSE
DUSP22	TRUE	FALSE	FALSE
RFPL1	TRUE	FALSE	FALSE
PSMB1	TRUE	FALSE	FALSE
KIAA1462	TRUE	FALSE	FALSE
PLOD1	TRUE	FALSE	FALSE
SPRED2	TRUE	FALSE	FALSE
TRAF5	TRUE	TRUE	FALSE
STX11	TRUE	FALSE	FALSE
S100A1	TRUE	FALSE	FALSE
SCMH1	TRUE	FALSE	FALSE
ERI1	TRUE	FALSE	FALSE
SPG20	TRUE	FALSE	FALSE
MOCS1	TRUE	FALSE	FALSE
HDX	TRUE	TRUE	FALSE
DCP1B	TRUE	FALSE	FALSE
CFL2	TRUE	TRUE	FALSE
GPM6B	TRUE	FALSE	TRUE
RANBP17	TRUE	FALSE	FALSE
GALNT4	TRUE	FALSE	FALSE
HGSNAT	TRUE	FALSE	FALSE
TPPP	TRUE	FALSE	FALSE
LRRC4B	TRUE	FALSE	FALSE
ZNF483	TRUE	TRUE	FALSE
PCBD1	TRUE	FALSE	FALSE
SOX18	TRUE	FALSE	FALSE
MTMR11	TRUE	TRUE	FALSE
FNDC3B	TRUE	TRUE	FALSE
SLC25A45	TRUE	FALSE	FALSE
USH1G	TRUE	FALSE	FALSE
PTGER1	TRUE	FALSE	FALSE
EPB41L2	TRUE	FALSE	FALSE
MAST1	TRUE	FALSE	FALSE
ABHD8	TRUE	FALSE	FALSE
CRTC3	TRUE	TRUE	FALSE
PTX3	TRUE	TRUE	FALSE
ZCCHC3	TRUE	TRUE	FALSE
ZCCHC14	TRUE	FALSE	FALSE
IGFN1	TRUE	TRUE	FALSE
SIGIRR	TRUE	FALSE	TRUE
GOLGA8H	TRUE	FALSE	FALSE
ACAD11	TRUE	FALSE	FALSE
SYNGR3	TRUE	TRUE	FALSE
PRELID3A	TRUE	FALSE	FALSE
ASTN2	TRUE	FALSE	FALSE
CHP1	TRUE	FALSE	FALSE
NNT	TRUE	FALSE	FALSE
PPM1B	TRUE	FALSE	FALSE
HSPA9	TRUE	FALSE	FALSE
PTGES3L	TRUE	FALSE	FALSE
MSRB3	TRUE	FALSE	FALSE
CCDC28B	TRUE	FALSE	FALSE
ECH1	TRUE	FALSE	FALSE
ADAMTS10	TRUE	FALSE	FALSE
FBXL16	TRUE	FALSE	FALSE
VCL	TRUE	TRUE	FALSE
TIMM17A	TRUE	TRUE	FALSE
TERT	TRUE	FALSE	FALSE
RPP14	TRUE	FALSE	FALSE
PARD3	TRUE	FALSE	FALSE
TOR3A	TRUE	FALSE	FALSE
JOSD1	TRUE	FALSE	FALSE
COQ10A	TRUE	FALSE	FALSE
STXBP5	TRUE	FALSE	FALSE
GPAT4	TRUE	FALSE	FALSE
ATP6V1G1	TRUE	FALSE	FALSE
PSMC4	TRUE	FALSE	FALSE
SLC22A31	TRUE	FALSE	FALSE
ZNF317	TRUE	FALSE	FALSE
SUSD5	TRUE	FALSE	TRUE
TMEM70	TRUE	FALSE	FALSE
ZNF25	TRUE	TRUE	FALSE
MED12	TRUE	FALSE	FALSE
TMEM50A	TRUE	FALSE	TRUE
CASKIN1	TRUE	FALSE	FALSE
PRDX6	TRUE	FALSE	FALSE
PTH2	TRUE	FALSE	FALSE
IRAK2	TRUE	FALSE	FALSE
C6orf120	TRUE	FALSE	FALSE
ZNF492	TRUE	FALSE	FALSE
REEP1	TRUE	FALSE	TRUE
UROS	TRUE	FALSE	FALSE
UGCG	TRUE	FALSE	FALSE
DIXDC1	TRUE	FALSE	FALSE
C15orf59	TRUE	FALSE	FALSE
ABCA3	TRUE	FALSE	FALSE
SCRN1	TRUE	FALSE	FALSE
KIAA1549	TRUE	FALSE	FALSE
P2RX4	TRUE	FALSE	FALSE
BRD4	TRUE	FALSE	FALSE
PCDHGC3	TRUE	FALSE	FALSE
NQO2	TRUE	FALSE	FALSE
AHNAK	TRUE	FALSE	FALSE
RHOB	TRUE	FALSE	FALSE
ZBTB2	TRUE	FALSE	FALSE
PRKAR2B	TRUE	FALSE	FALSE
SEL1L	TRUE	TRUE	FALSE
SLC16A9	TRUE	TRUE	FALSE
LIMD2	TRUE	FALSE	TRUE
HINT3	TRUE	FALSE	FALSE
PTMS	TRUE	FALSE	TRUE
RTN2	TRUE	FALSE	FALSE
ATP2B1	TRUE	TRUE	FALSE
TP53INP2	TRUE	FALSE	FALSE
FAM117B	TRUE	FALSE	FALSE
ZNF730	TRUE	FALSE	FALSE
OSBPL6	TRUE	FALSE	FALSE
GMDS	TRUE	FALSE	TRUE
ZFP36L1	TRUE	FALSE	FALSE
PCOLCE2	TRUE	TRUE	FALSE
INPP5J	TRUE	FALSE	FALSE
XIAP	TRUE	FALSE	FALSE
FOXK2	TRUE	FALSE	FALSE
SPX	TRUE	TRUE	FALSE
ABCA10	TRUE	FALSE	FALSE
ZNF37A	TRUE	FALSE	FALSE
DYNLT1	TRUE	TRUE	FALSE
SATB2	TRUE	FALSE	FALSE
HID1	TRUE	FALSE	FALSE
LPP	TRUE	FALSE	FALSE
SLC6A16	TRUE	FALSE	FALSE
HLA-B	TRUE	FALSE	FALSE
NBEA	TRUE	FALSE	FALSE
ABHD6	TRUE	FALSE	FALSE
COLEC11	TRUE	FALSE	FALSE
SUMF2	TRUE	FALSE	FALSE
ZSWIM5	TRUE	FALSE	FALSE
AP4E1	TRUE	FALSE	FALSE
KAT2B	TRUE	FALSE	FALSE
BEND4	TRUE	FALSE	FALSE
SPTBN2	TRUE	FALSE	TRUE
CERS5	TRUE	TRUE	FALSE
VASH1	TRUE	FALSE	FALSE
SMAD6	TRUE	FALSE	FALSE
SAT1	TRUE	TRUE	FALSE
ZMYND12	TRUE	FALSE	FALSE
USP6NL	TRUE	FALSE	FALSE
CCDC50	TRUE	FALSE	FALSE
SYNM	TRUE	FALSE	FALSE
DKKL1	TRUE	FALSE	FALSE
ASAH1	TRUE	FALSE	FALSE
KCNH3	TRUE	FALSE	FALSE
GABBR1	TRUE	FALSE	FALSE
SLF1	TRUE	FALSE	FALSE
MRAP2	TRUE	FALSE	FALSE
SLC22A23	TRUE	FALSE	FALSE
SHANK1	TRUE	FALSE	FALSE
MST1L	TRUE	FALSE	FALSE
RNF10	TRUE	TRUE	FALSE
SRPRB	TRUE	FALSE	FALSE
SHISA7	TRUE	FALSE	FALSE
HIGD1A	TRUE	FALSE	FALSE
FKBP9	TRUE	TRUE	TRUE
TXNDC15	TRUE	FALSE	FALSE
PIK3C2B	TRUE	FALSE	FALSE
EDIL3	TRUE	FALSE	FALSE
KLF9	TRUE	FALSE	TRUE
PHYH	TRUE	FALSE	FALSE
CDYL	TRUE	FALSE	FALSE
TNRC6C	TRUE	FALSE	FALSE
CYP51A1	TRUE	FALSE	FALSE
PGGHG	TRUE	TRUE	FALSE
FKBP1B	TRUE	FALSE	TRUE
SMG6	TRUE	FALSE	FALSE
GPR17	TRUE	FALSE	FALSE
PCBP4	TRUE	FALSE	FALSE
NKX2-3	TRUE	FALSE	FALSE
ZNF546	TRUE	FALSE	FALSE
TMEM145	TRUE	FALSE	FALSE
FXYD6	TRUE	FALSE	TRUE
HADHA	TRUE	FALSE	FALSE
MOSPD1	TRUE	TRUE	FALSE
PNMA1	TRUE	FALSE	FALSE
ADGRE5	TRUE	FALSE	FALSE
LZTS3	TRUE	FALSE	FALSE
LINGO3	TRUE	FALSE	FALSE
DNHD1	TRUE	TRUE	FALSE
MICAL1	TRUE	FALSE	FALSE
ZNF274	TRUE	FALSE	FALSE
SLC38A1	TRUE	TRUE	FALSE
CUL7	TRUE	FALSE	FALSE
ACTG2	TRUE	FALSE	FALSE
ECM1	TRUE	FALSE	FALSE
KLHDC9	TRUE	FALSE	FALSE
RBM5	TRUE	FALSE	FALSE
MPP5	TRUE	FALSE	FALSE
NOTCH2	TRUE	FALSE	FALSE
WNT6	TRUE	FALSE	FALSE
PEX19	TRUE	FALSE	FALSE
PLEKHO2	TRUE	FALSE	FALSE
FURIN	TRUE	FALSE	FALSE
SLC41A2	TRUE	FALSE	FALSE
AATK	TRUE	FALSE	FALSE
CDV3	TRUE	FALSE	FALSE
PRPH	TRUE	FALSE	FALSE
HOXB6	TRUE	FALSE	TRUE
POU6F1	TRUE	FALSE	FALSE
ATP6AP1	TRUE	FALSE	FALSE
GRID1	TRUE	FALSE	FALSE
CLCN3	TRUE	FALSE	FALSE
CXCL11	TRUE	FALSE	FALSE
MAGI1	TRUE	FALSE	FALSE
KIF21A	TRUE	TRUE	FALSE
KLHL24	TRUE	FALSE	FALSE
RASAL2	TRUE	FALSE	FALSE
KCNC3	TRUE	FALSE	FALSE
ATP1A3	TRUE	FALSE	FALSE
PRDM16	TRUE	FALSE	FALSE
DNAJB13	TRUE	FALSE	FALSE
CCDC180	TRUE	FALSE	FALSE
HMCN1	TRUE	FALSE	FALSE
DIRAS2	TRUE	FALSE	FALSE
XXYLT1	TRUE	FALSE	FALSE
VPS72	TRUE	FALSE	FALSE
FOXJ2	TRUE	FALSE	FALSE
HAND1	TRUE	FALSE	FALSE
RASGRP2	TRUE	FALSE	FALSE
NR4A2	TRUE	TRUE	FALSE
KCNK10	TRUE	FALSE	FALSE
BAIAP2L2	TRUE	FALSE	FALSE
ZNF649	TRUE	FALSE	FALSE
NKX3-2	TRUE	FALSE	FALSE
CLCN6	TRUE	FALSE	FALSE
ZCCHC8	TRUE	FALSE	FALSE
SLC12A3	TRUE	FALSE	FALSE
JAK3	TRUE	FALSE	FALSE
MFHAS1	TRUE	FALSE	FALSE
SAMD14	TRUE	FALSE	FALSE
OPRL1	TRUE	FALSE	FALSE
CCDC126	TRUE	FALSE	FALSE
NECAP1	TRUE	TRUE	FALSE
RGS20	TRUE	FALSE	FALSE
CHRNA3	TRUE	FALSE	FALSE
GLOD4	TRUE	FALSE	FALSE
SEC22C	TRUE	FALSE	FALSE
KRTCAP2	TRUE	FALSE	FALSE
CA13	TRUE	FALSE	FALSE
PDLIM7	TRUE	FALSE	FALSE
HECA	TRUE	FALSE	FALSE
GSE1	TRUE	FALSE	FALSE
HDAC9	TRUE	TRUE	FALSE
AFDN	TRUE	TRUE	FALSE
MPPE1	TRUE	FALSE	FALSE
KIAA0355	TRUE	FALSE	FALSE
PAQR5	TRUE	FALSE	FALSE
C17orf51	TRUE	FALSE	FALSE
SCNN1D	TRUE	FALSE	FALSE
NAXE	TRUE	FALSE	FALSE
ACVR1	TRUE	FALSE	FALSE
MYCL	TRUE	FALSE	FALSE
HLCS	TRUE	FALSE	FALSE
P3H1	TRUE	FALSE	FALSE
ATP8A2	TRUE	TRUE	FALSE
ATXN2L	TRUE	FALSE	FALSE
SUN1	TRUE	FALSE	FALSE
ADNP2	TRUE	FALSE	FALSE
CCDC92	TRUE	FALSE	FALSE
NRP1	TRUE	TRUE	FALSE
PKD1	TRUE	FALSE	FALSE
LDB3	TRUE	FALSE	FALSE
LOC388692	TRUE	FALSE	FALSE
GTPBP4	TRUE	TRUE	FALSE
LGALSL	TRUE	TRUE	FALSE
PRRT4	TRUE	FALSE	FALSE
CUL2	TRUE	FALSE	FALSE
LONRF3	TRUE	FALSE	FALSE
TMEM242	TRUE	TRUE	FALSE
IFITM2	TRUE	FALSE	FALSE
SH2D5	TRUE	FALSE	FALSE
EMC7	TRUE	FALSE	FALSE
PAX1	TRUE	FALSE	FALSE
TMEM14B	TRUE	FALSE	FALSE
FBXO10	TRUE	FALSE	FALSE
VWA5B2	TRUE	FALSE	FALSE
DNMT3A	TRUE	TRUE	FALSE
RAB11FIP1	TRUE	TRUE	FALSE
ZNF184	TRUE	FALSE	FALSE
E2F3	TRUE	FALSE	FALSE
HCN2	TRUE	FALSE	FALSE
HCFC2	TRUE	TRUE	FALSE
TDO2	TRUE	FALSE	FALSE
6-Sep	TRUE	FALSE	FALSE
KLC1	TRUE	FALSE	FALSE
RAB9A	TRUE	FALSE	FALSE
PDCD2	TRUE	FALSE	FALSE
S1PR3	TRUE	FALSE	FALSE
SEPHS2	TRUE	FALSE	FALSE
TMEM221	TRUE	FALSE	FALSE
TGM2	TRUE	FALSE	TRUE
PSAP	TRUE	FALSE	FALSE
ZMYM3	TRUE	FALSE	FALSE
SPECC1L	TRUE	FALSE	FALSE
HOXA3	TRUE	FALSE	FALSE
TOM1L2	TRUE	FALSE	FALSE
VASH2	TRUE	FALSE	FALSE
PRKAB1	TRUE	FALSE	FALSE
SCAF8	TRUE	FALSE	FALSE
ZKSCAN3	TRUE	FALSE	FALSE
GUSB	TRUE	TRUE	TRUE
GXYLT1	TRUE	TRUE	FALSE
TESK1	TRUE	FALSE	FALSE
OTUD7B	TRUE	FALSE	FALSE
KIF12	TRUE	FALSE	FALSE
E2F5	TRUE	FALSE	FALSE
TMEM151A	TRUE	FALSE	FALSE
IQSEC2	TRUE	FALSE	FALSE
TMEM55A	TRUE	FALSE	FALSE
PTGR1	TRUE	TRUE	FALSE
ACAT1	TRUE	FALSE	FALSE
UTS2B	TRUE	FALSE	FALSE
SCAMP5	TRUE	FALSE	FALSE
SRI	TRUE	FALSE	FALSE
PARP6	TRUE	FALSE	FALSE
ABCF2	TRUE	FALSE	FALSE
OSTM1	TRUE	FALSE	FALSE
LIF	TRUE	FALSE	FALSE
UBL7	TRUE	FALSE	FALSE
FOXO3	TRUE	FALSE	FALSE
GP1BB	TRUE	FALSE	FALSE
PALM	TRUE	FALSE	FALSE
GLIS2	TRUE	FALSE	FALSE
FAM198A	TRUE	FALSE	FALSE
SETDB1	TRUE	FALSE	FALSE
ZNF48	TRUE	FALSE	FALSE
ZNF382	TRUE	FALSE	FALSE
C2orf72	TRUE	FALSE	FALSE
LAMB1	TRUE	FALSE	TRUE
PDHB	TRUE	FALSE	FALSE
ZNF233	TRUE	FALSE	FALSE
CALML6	TRUE	FALSE	FALSE
ZNF284	TRUE	FALSE	FALSE
C5	TRUE	FALSE	FALSE
ADAR	TRUE	TRUE	FALSE
SNED1	TRUE	FALSE	FALSE
SLC6A9	TRUE	FALSE	FALSE
NUDT17	TRUE	FALSE	FALSE
IQSEC1	TRUE	FALSE	FALSE
PIGT	TRUE	FALSE	TRUE
RHOU	TRUE	TRUE	FALSE
POLR2A	TRUE	FALSE	FALSE
SLAIN1	TRUE	TRUE	FALSE
FMO5	TRUE	FALSE	FALSE
KLF2	TRUE	FALSE	FALSE
BIN1	TRUE	FALSE	FALSE
ABRACL	TRUE	FALSE	FALSE
ZNF358	TRUE	FALSE	FALSE
RAP1B	TRUE	FALSE	FALSE
HOXA5	TRUE	FALSE	FALSE
WIPI1	TRUE	FALSE	FALSE
NECTIN2	TRUE	FALSE	FALSE
NCOA2	TRUE	FALSE	FALSE
PKDCC	TRUE	FALSE	FALSE
TMEM94	TRUE	FALSE	FALSE
HOXA2	TRUE	FALSE	FALSE
CADM4	TRUE	FALSE	FALSE
HMX1	TRUE	FALSE	FALSE
PLCB4	TRUE	TRUE	FALSE
ZNF70	TRUE	FALSE	FALSE
PSMB4	TRUE	FALSE	FALSE
ISL2	TRUE	FALSE	FALSE
SERINC1	TRUE	FALSE	FALSE
STARD4	TRUE	TRUE	FALSE
FAM78A	TRUE	FALSE	FALSE
DLX5	TRUE	FALSE	FALSE
TMEM206	TRUE	FALSE	FALSE
UBAP1	TRUE	FALSE	FALSE
SHF	TRUE	FALSE	FALSE
MRPS6	TRUE	FALSE	FALSE
MAPK11	TRUE	FALSE	FALSE
SCAMP3	TRUE	FALSE	FALSE
TNRC6B	TRUE	FALSE	FALSE
EPOR	TRUE	FALSE	FALSE
CLDN15	TRUE	FALSE	FALSE
ACO1	TRUE	FALSE	FALSE
FAM136A	TRUE	FALSE	FALSE
SEMA6B	TRUE	FALSE	FALSE
KIRREL2	TRUE	FALSE	FALSE
ARF4	TRUE	FALSE	FALSE
TES	TRUE	FALSE	FALSE
FUCA1	TRUE	TRUE	FALSE
HS6ST2	TRUE	FALSE	TRUE
RPS6KA2	TRUE	FALSE	FALSE
RNLS	TRUE	TRUE	FALSE
NIPSNAP3B	TRUE	FALSE	FALSE
EAF1	TRUE	FALSE	FALSE
NRTN	TRUE	FALSE	TRUE
NFKB2	TRUE	FALSE	FALSE
GATAD1	TRUE	FALSE	FALSE
ALAS1	TRUE	FALSE	FALSE
FAM120AOS	TRUE	FALSE	FALSE
HOXD1	TRUE	TRUE	FALSE
CAP2	TRUE	FALSE	FALSE
LATS1	TRUE	FALSE	FALSE
BCL11A	TRUE	FALSE	FALSE
DLX4	TRUE	FALSE	FALSE
TRIM55	TRUE	TRUE	FALSE
PSMD8	TRUE	FALSE	FALSE
ICAM5	TRUE	FALSE	FALSE
SALL4	TRUE	TRUE	FALSE
STARD9	TRUE	FALSE	FALSE
ALPL	TRUE	FALSE	FALSE
TCF15	TRUE	FALSE	FALSE
TIMM22	TRUE	FALSE	FALSE
SHROOM2	TRUE	FALSE	FALSE
TCF7L2	TRUE	FALSE	TRUE
AFF4	TRUE	FALSE	FALSE
COL14A1	TRUE	TRUE	FALSE
CDKN1C	TRUE	FALSE	FALSE
TRPV2	TRUE	FALSE	FALSE
RAB15	TRUE	FALSE	FALSE
SUCO	TRUE	TRUE	FALSE
ILF2	TRUE	FALSE	FALSE
EXOSC1	TRUE	FALSE	FALSE
FAM13A	TRUE	FALSE	FALSE
PKIG	TRUE	FALSE	FALSE
AAK1	TRUE	FALSE	FALSE
TMEM179	TRUE	FALSE	FALSE
DOPEY2	TRUE	FALSE	FALSE
NRG4	TRUE	TRUE	FALSE
ZNF445	TRUE	FALSE	FALSE
TMEM181	TRUE	TRUE	FALSE
NPIPB15	TRUE	TRUE	FALSE
TRPC1	TRUE	FALSE	FALSE
MC1R	TRUE	FALSE	FALSE
FAM57B	TRUE	FALSE	FALSE
RCN3	TRUE	FALSE	FALSE
ZNF91	TRUE	FALSE	FALSE
TPM4	TRUE	TRUE	FALSE
IL15RA	TRUE	FALSE	FALSE
RRAS2	TRUE	FALSE	FALSE
HEXB	TRUE	TRUE	FALSE
CAMK1D	TRUE	FALSE	FALSE
ATP5C1	TRUE	FALSE	FALSE
DNAJB11	TRUE	TRUE	TRUE
MAPK8IP2	TRUE	FALSE	TRUE
DMTF1	TRUE	FALSE	FALSE
TRPV3	TRUE	FALSE	FALSE
IQCB1	TRUE	FALSE	FALSE
AGER	TRUE	FALSE	FALSE
CPEB3	TRUE	FALSE	FALSE
HOXD3	TRUE	TRUE	FALSE
EMX1	TRUE	FALSE	FALSE
NEK9	TRUE	TRUE	FALSE
FRY	TRUE	FALSE	FALSE
TMEM63C	TRUE	FALSE	FALSE
ARID2	TRUE	TRUE	FALSE
IL13RA1	TRUE	TRUE	FALSE
ZBTB8OS	TRUE	FALSE	FALSE
MSRB2	TRUE	FALSE	FALSE
BORCS7	TRUE	FALSE	FALSE
ZDHHC1	TRUE	FALSE	FALSE
SERTAD2	TRUE	FALSE	FALSE
EID3	TRUE	FALSE	FALSE
RUBCN	TRUE	FALSE	FALSE
SEC61A1	TRUE	FALSE	FALSE
GDAP1	TRUE	TRUE	FALSE
CPNE8	TRUE	TRUE	FALSE
FARP1	TRUE	TRUE	FALSE
PSG4	TRUE	FALSE	FALSE
TMEM220	TRUE	FALSE	FALSE
LTBP1	TRUE	TRUE	TRUE
NBAS	TRUE	FALSE	FALSE
LDHD	TRUE	FALSE	FALSE
B4GALT4	TRUE	FALSE	FALSE
MME	TRUE	FALSE	FALSE
ZNF681	TRUE	FALSE	FALSE
GLRX	TRUE	FALSE	FALSE
OGDHL	TRUE	FALSE	FALSE
HMGA2	TRUE	TRUE	FALSE
RNF122	TRUE	TRUE	FALSE
COL9A2	TRUE	TRUE	FALSE
APOBEC3D	TRUE	FALSE	FALSE
ACBD5	TRUE	TRUE	FALSE
CDR2L	TRUE	FALSE	FALSE
SLC25A3	TRUE	FALSE	FALSE
BRAP	TRUE	FALSE	FALSE
PPP1R8	TRUE	FALSE	FALSE
SYNGAP1	TRUE	FALSE	FALSE
SETD7	TRUE	FALSE	FALSE
HSD17B11	TRUE	FALSE	FALSE
GTF2A2	TRUE	FALSE	FALSE
ELOVL1	TRUE	FALSE	FALSE
PPP3CC	TRUE	FALSE	FALSE
UFC1	TRUE	FALSE	FALSE
ZNF275	TRUE	FALSE	FALSE
PTGDS	TRUE	FALSE	FALSE
NCSTN	TRUE	TRUE	FALSE
RNF215	TRUE	FALSE	FALSE
APOE	TRUE	TRUE	FALSE
MBLAC2	TRUE	FALSE	FALSE
ZNF814	TRUE	FALSE	FALSE
C11orf87	TRUE	FALSE	FALSE
MEGF11	TRUE	FALSE	FALSE
NDUFAF4	TRUE	FALSE	FALSE
TNIK	TRUE	TRUE	FALSE
C3orf33	TRUE	TRUE	FALSE
STRIP1	TRUE	FALSE	FALSE
ACOT2	TRUE	FALSE	FALSE
ANXA1	TRUE	FALSE	TRUE
FAM102B	TRUE	FALSE	FALSE
ARRB1	TRUE	FALSE	FALSE
NRBP1	TRUE	FALSE	FALSE
ZNF189	TRUE	FALSE	FALSE
CACNA2D2	TRUE	FALSE	FALSE
WASHC2A	TRUE	FALSE	FALSE
HEXA	TRUE	FALSE	FALSE
JPH3	TRUE	FALSE	FALSE
FAM65A	TRUE	FALSE	FALSE
CHRNB1	TRUE	FALSE	FALSE
BET1L	TRUE	FALSE	FALSE
INHA	TRUE	FALSE	FALSE
TRIM36	TRUE	FALSE	FALSE
FAM167A	TRUE	TRUE	FALSE
RPP38	TRUE	FALSE	FALSE
ANKZF1	TRUE	FALSE	TRUE
RNF216	TRUE	FALSE	FALSE
GNAT3	TRUE	FALSE	FALSE
DDX19B	TRUE	FALSE	FALSE
CARS	TRUE	FALSE	FALSE
IRF2BP2	TRUE	FALSE	FALSE
SOSTDC1	TRUE	FALSE	FALSE
BBS12	TRUE	FALSE	FALSE
FDX1	TRUE	FALSE	FALSE
PIP4K2A	TRUE	TRUE	FALSE
ABTB2	TRUE	FALSE	FALSE
TUBE1	TRUE	TRUE	FALSE
PRKAR2A	TRUE	FALSE	FALSE
FMN1	TRUE	FALSE	FALSE
RP9	TRUE	FALSE	FALSE
RFX6	TRUE	FALSE	FALSE
FAXC	TRUE	FALSE	FALSE
DYNC2LI1	TRUE	FALSE	FALSE
WTIP	TRUE	FALSE	TRUE
TMEM158	TRUE	FALSE	FALSE
AVL9	TRUE	FALSE	TRUE
FKBP14	TRUE	FALSE	FALSE
ABCA5	TRUE	FALSE	FALSE
DTNBP1	TRUE	FALSE	FALSE
CRAMP1	TRUE	FALSE	FALSE
GRID2IP	TRUE	FALSE	FALSE
SMPDL3B	TRUE	FALSE	FALSE
NUDT9	TRUE	FALSE	FALSE
PBX3	TRUE	FALSE	FALSE
IFRD1	TRUE	FALSE	FALSE
MAGEA1	TRUE	FALSE	FALSE
VGF	TRUE	FALSE	FALSE
KDM7A	TRUE	FALSE	FALSE
RIT1	TRUE	FALSE	FALSE
FSTL5	TRUE	FALSE	FALSE
RAB3B	TRUE	FALSE	FALSE
LHX4	TRUE	FALSE	FALSE
MRFAP1L1	TRUE	FALSE	TRUE
HIPK1	TRUE	TRUE	FALSE
RAB31	TRUE	FALSE	TRUE
EFNA3	TRUE	FALSE	FALSE
ISLR2	TRUE	FALSE	FALSE
VAX1	TRUE	FALSE	FALSE
COX19	TRUE	FALSE	FALSE
BCDIN3D	TRUE	FALSE	FALSE
NLGN2	TRUE	FALSE	FALSE
NAT8L	TRUE	FALSE	TRUE
LRP6	TRUE	FALSE	FALSE
FBXW4	TRUE	FALSE	FALSE
DYRK1A	TRUE	FALSE	FALSE
VPS53	TRUE	FALSE	FALSE
RPH3AL	TRUE	FALSE	FALSE
ABHD14A	TRUE	FALSE	FALSE
HSPB6	TRUE	TRUE	FALSE
TMEM37	TRUE	TRUE	FALSE
KIF5B	TRUE	TRUE	FALSE
TBC1D20	TRUE	FALSE	FALSE
SZT2	TRUE	FALSE	FALSE
MYO1C	TRUE	FALSE	FALSE
PAIP1	TRUE	FALSE	FALSE
TNNT1	TRUE	FALSE	FALSE
LSM10	TRUE	FALSE	FALSE
UCK2	TRUE	FALSE	FALSE
CRCP	TRUE	TRUE	FALSE
CXADR	TRUE	TRUE	FALSE
SCYL2	TRUE	TRUE	FALSE
SHANK3	TRUE	FALSE	TRUE
RASA3	TRUE	FALSE	FALSE
FUT1	TRUE	FALSE	FALSE
DYRK2	TRUE	TRUE	FALSE
PLPP1	TRUE	FALSE	FALSE
SLC46A3	TRUE	FALSE	FALSE
SKIL	TRUE	FALSE	FALSE
METRNL	TRUE	FALSE	FALSE
TWIST1	TRUE	FALSE	FALSE
HACD1	TRUE	FALSE	FALSE
PDPK1	TRUE	FALSE	FALSE
HCCS	TRUE	FALSE	FALSE
USP38	TRUE	FALSE	FALSE
FOXL2NB	TRUE	FALSE	FALSE
RABGEF1	TRUE	FALSE	FALSE
TMEM30A	TRUE	FALSE	FALSE
FOLR1	TRUE	TRUE	FALSE
ANKDD1A	TRUE	FALSE	FALSE
FAM219A	TRUE	FALSE	FALSE
TIGAR	TRUE	FALSE	FALSE
MTHFD2	TRUE	FALSE	FALSE
COL1A1	TRUE	FALSE	FALSE
DPPA2	TRUE	FALSE	FALSE
MTPAP	TRUE	TRUE	FALSE
NCKAP5L	TRUE	FALSE	FALSE
TOMM40L	TRUE	FALSE	FALSE
SSR3	TRUE	FALSE	FALSE
OLFM1	TRUE	FALSE	FALSE
TMEM249	TRUE	FALSE	FALSE
BAIAP3	TRUE	FALSE	FALSE
PTPN9	TRUE	FALSE	FALSE
MSX1	TRUE	FALSE	FALSE
ERICH2	TRUE	FALSE	FALSE
SLC38A2	TRUE	TRUE	FALSE
PACSIN2	TRUE	FALSE	FALSE
TTC7B	TRUE	FALSE	FALSE
GRIN3B	TRUE	FALSE	FALSE
SNX32	TRUE	FALSE	FALSE
AGPAT1	TRUE	FALSE	FALSE
PAIP2	TRUE	FALSE	FALSE
STX3	TRUE	FALSE	FALSE
ACSL1	TRUE	FALSE	FALSE
DRAM1	TRUE	TRUE	FALSE
STXBP1	TRUE	FALSE	FALSE
SMAD1	TRUE	TRUE	FALSE
TFE3	TRUE	FALSE	FALSE
ZNF777	TRUE	FALSE	FALSE
GIPR	TRUE	FALSE	FALSE
UBQLN4	TRUE	FALSE	FALSE
SLC25A38	TRUE	FALSE	FALSE
CACNG8	TRUE	FALSE	FALSE
EOGT	TRUE	TRUE	FALSE
PRX	TRUE	FALSE	FALSE
CGNL1	TRUE	TRUE	FALSE
APPBP2	TRUE	FALSE	FALSE
POGK	TRUE	FALSE	FALSE
CSF1	TRUE	TRUE	FALSE
RBM17	TRUE	FALSE	FALSE
CMTM8	TRUE	FALSE	FALSE
PSMD13	TRUE	FALSE	FALSE
MUC3A	TRUE	FALSE	FALSE
STOX1	TRUE	FALSE	FALSE
DCTN5	TRUE	FALSE	FALSE
IGSF9B	TRUE	FALSE	FALSE
REEP2	TRUE	FALSE	FALSE
RASSF1	TRUE	FALSE	FALSE
LYSMD1	TRUE	FALSE	FALSE
BMP8B	TRUE	FALSE	TRUE
HDGFRP3	TRUE	FALSE	FALSE
PBX2	TRUE	FALSE	FALSE
DCAF5	TRUE	FALSE	FALSE
WAC	TRUE	TRUE	FALSE
RARB	TRUE	FALSE	FALSE
VWDE	TRUE	FALSE	FALSE
DLX1	TRUE	FALSE	FALSE
ERMARD	TRUE	FALSE	FALSE
BCHE	TRUE	TRUE	FALSE
FGFRL1	TRUE	FALSE	TRUE
TCF12	TRUE	FALSE	FALSE
CCNB1IP1	TRUE	TRUE	FALSE
FOXR1	TRUE	FALSE	FALSE
SNAPC2	TRUE	FALSE	FALSE
ZNF583	TRUE	FALSE	FALSE
PCCB	TRUE	FALSE	FALSE
IDH2	TRUE	FALSE	FALSE
CLK1	TRUE	FALSE	FALSE
AK5	TRUE	FALSE	TRUE
EIF2S1	TRUE	FALSE	FALSE
FAM63A	TRUE	FALSE	FALSE
CHMP4A	TRUE	TRUE	FALSE
SLC44A1	TRUE	FALSE	FALSE
SULT4A1	TRUE	FALSE	FALSE
POMT2	TRUE	FALSE	FALSE
IGF2BP2	TRUE	FALSE	FALSE
NEXN	TRUE	TRUE	FALSE
TMEM8B	TRUE	FALSE	FALSE
ATP6V0A2	TRUE	TRUE	FALSE
HMOX1	TRUE	TRUE	FALSE
TERF2IP	TRUE	FALSE	FALSE
GNL3L	TRUE	FALSE	FALSE
WDSUB1	TRUE	FALSE	FALSE
DPP9	TRUE	FALSE	FALSE
RREB1	TRUE	FALSE	FALSE
CACNA1B	TRUE	FALSE	FALSE
GOLPH3L	TRUE	TRUE	FALSE
ZNF687	TRUE	FALSE	FALSE
PLXND1	TRUE	FALSE	FALSE
SKAP2	TRUE	FALSE	FALSE
MAPKAPK2	TRUE	TRUE	FALSE
CFHR1	TRUE	FALSE	FALSE
FOXL2	TRUE	FALSE	FALSE
METTL16	TRUE	FALSE	FALSE
IFITM3	TRUE	FALSE	FALSE
AKAP8L	TRUE	FALSE	FALSE
PHKA1	TRUE	TRUE	FALSE
IFNLR1	TRUE	FALSE	FALSE
MAMLD1	TRUE	FALSE	FALSE
LGMN	TRUE	TRUE	FALSE
ODF3L2	TRUE	FALSE	FALSE
ZNF516	TRUE	FALSE	FALSE
DLX6	TRUE	FALSE	FALSE
DOCK7	TRUE	FALSE	FALSE
FAM155B	TRUE	FALSE	FALSE
ZNF772	TRUE	TRUE	FALSE
GDF11	TRUE	FALSE	FALSE
LIN54	TRUE	FALSE	FALSE
ZFX	TRUE	FALSE	FALSE
ZDHHC17	TRUE	FALSE	FALSE
HSPA12A	TRUE	FALSE	FALSE
TPM2	TRUE	FALSE	FALSE
DCTN2	TRUE	FALSE	FALSE
HERC5	TRUE	FALSE	TRUE
TBX18	TRUE	FALSE	FALSE
RNF103	TRUE	FALSE	FALSE
SHC1	TRUE	FALSE	FALSE
ZMYND11	TRUE	FALSE	FALSE
RPL22L1	TRUE	FALSE	FALSE
RRAGB	TRUE	FALSE	FALSE
PTP4A3	TRUE	FALSE	TRUE
DERL3	TRUE	FALSE	FALSE
USP11	TRUE	FALSE	FALSE
MFSD4A	TRUE	FALSE	FALSE
GPT	TRUE	FALSE	FALSE
HAPLN2	TRUE	FALSE	FALSE
PLXDC1	TRUE	FALSE	FALSE
ZNF239	TRUE	TRUE	FALSE
MAP3K12	TRUE	FALSE	FALSE
FGFBP3	TRUE	FALSE	FALSE
ATP11A	TRUE	TRUE	FALSE
DYSF	TRUE	FALSE	FALSE
ARSA	TRUE	FALSE	FALSE
UFD1L	TRUE	FALSE	FALSE
KLHDC7B	TRUE	FALSE	FALSE
MCUB	TRUE	FALSE	FALSE
RUNX3	TRUE	FALSE	FALSE
COMMD1	TRUE	FALSE	FALSE
ATP6V1E2	TRUE	FALSE	FALSE
DCTD	TRUE	FALSE	FALSE
WNK1	TRUE	TRUE	FALSE
RTCA	TRUE	FALSE	FALSE
MKRN2	TRUE	FALSE	FALSE
HSPA13	TRUE	FALSE	FALSE
MMP13	TRUE	FALSE	FALSE
SCN4B	TRUE	FALSE	FALSE
TADA2B	TRUE	FALSE	TRUE
MAP3K2	TRUE	FALSE	FALSE
MPC2	TRUE	FALSE	FALSE
SCN5A	TRUE	FALSE	TRUE
CPM	TRUE	TRUE	FALSE
AZIN2	TRUE	FALSE	FALSE
WTAP	TRUE	TRUE	FALSE
NFIL3	TRUE	TRUE	FALSE
RCHY1	TRUE	FALSE	FALSE
INPP5K	TRUE	FALSE	FALSE
TCF7L1	TRUE	FALSE	TRUE
KDM5B	TRUE	TRUE	FALSE
TMEM147	TRUE	FALSE	FALSE
PRKAB2	TRUE	TRUE	FALSE
HLF	TRUE	FALSE	FALSE
FAM26E	TRUE	FALSE	FALSE
UBQLN1	TRUE	FALSE	FALSE
RNASE4	TRUE	FALSE	FALSE
GTF2A1	TRUE	FALSE	FALSE
SMCO4	TRUE	FALSE	FALSE
PTPRQ	TRUE	FALSE	FALSE
POU4F1	TRUE	FALSE	FALSE
PPIL2	TRUE	FALSE	FALSE
STRADB	TRUE	TRUE	FALSE
SHD	TRUE	FALSE	FALSE
RFK	TRUE	TRUE	TRUE
KIF1B	TRUE	FALSE	FALSE
TBX2	TRUE	FALSE	FALSE
LSM1	TRUE	FALSE	FALSE
STK40	TRUE	FALSE	FALSE
FGF20	TRUE	FALSE	FALSE
COMMD7	TRUE	FALSE	FALSE
C15orf41	TRUE	FALSE	FALSE
RCN1	TRUE	FALSE	FALSE
GLB1L2	TRUE	FALSE	TRUE
PRTN3	TRUE	FALSE	FALSE
SYDE2	TRUE	TRUE	FALSE
NKX2-1	TRUE	FALSE	FALSE
RNF146	TRUE	FALSE	FALSE
C1orf53	TRUE	FALSE	FALSE
GNS	TRUE	FALSE	FALSE
USH1C	TRUE	FALSE	FALSE
NEK3	TRUE	TRUE	FALSE
ABI1	TRUE	TRUE	FALSE
EML1	TRUE	FALSE	TRUE
TDG	TRUE	TRUE	FALSE
POTEE	TRUE	FALSE	FALSE
TMEM52	TRUE	FALSE	FALSE
SPAG1	TRUE	FALSE	FALSE
TPD52	TRUE	FALSE	FALSE
IKBKB	TRUE	FALSE	FALSE
SEPSECS	TRUE	FALSE	FALSE
CYB5D2	TRUE	FALSE	FALSE
CES3	TRUE	TRUE	FALSE
SDC3	TRUE	FALSE	FALSE
NKD1	TRUE	FALSE	FALSE
ECHDC1	TRUE	FALSE	FALSE
SH3PXD2B	TRUE	FALSE	FALSE
ERH	TRUE	TRUE	FALSE
CTNS	TRUE	FALSE	FALSE
ENDOD1	TRUE	TRUE	TRUE
NME6	TRUE	FALSE	FALSE
HECTD4	TRUE	FALSE	FALSE
SLC43A2	TRUE	FALSE	TRUE
VDAC2	TRUE	FALSE	FALSE
SPRED3	TRUE	FALSE	FALSE
C2CD4C	TRUE	FALSE	FALSE
GOLGA7	TRUE	FALSE	FALSE
LHX6	TRUE	TRUE	FALSE
FRA10AC1	TRUE	FALSE	FALSE
DECR2	TRUE	FALSE	FALSE
NATD1	TRUE	FALSE	FALSE
FAM193A	TRUE	FALSE	TRUE
UVSSA	TRUE	FALSE	FALSE
TMEM86A	TRUE	FALSE	FALSE
GREB1L	TRUE	FALSE	FALSE
SYN1	TRUE	FALSE	FALSE
TMEM183A	TRUE	TRUE	FALSE
PELI1	TRUE	FALSE	FALSE
SMPD1	TRUE	FALSE	FALSE
TTLL7	TRUE	FALSE	FALSE
DNAJB6	TRUE	FALSE	FALSE
PDLIM2	TRUE	FALSE	FALSE
PIGM	TRUE	FALSE	FALSE
DEGS2	TRUE	FALSE	FALSE
CAMTA2	TRUE	FALSE	FALSE
PIGZ	TRUE	FALSE	FALSE
E2F6	TRUE	FALSE	FALSE
CBL	TRUE	FALSE	FALSE
BIRC2	TRUE	FALSE	FALSE
MACF1	TRUE	FALSE	FALSE
FBXO30	TRUE	TRUE	FALSE
IMMP1L	TRUE	FALSE	FALSE
SERAC1	TRUE	TRUE	FALSE
CYP20A1	TRUE	FALSE	FALSE
CLK3	TRUE	FALSE	FALSE
NFKBIB	TRUE	FALSE	FALSE
HOXA13	TRUE	FALSE	FALSE
IDH1	TRUE	FALSE	FALSE
ZNF18	TRUE	FALSE	FALSE
ABHD4	TRUE	TRUE	FALSE
KDM1B	TRUE	FALSE	FALSE
TSSK6	TRUE	FALSE	FALSE
ADAMTS2	TRUE	FALSE	TRUE
C19orf54	TRUE	FALSE	FALSE
CD99L2	TRUE	FALSE	FALSE
GPR108	TRUE	FALSE	FALSE
IDNK	TRUE	FALSE	FALSE
ZSCAN2	TRUE	FALSE	FALSE
WDR45B	TRUE	FALSE	FALSE
ANKS1B	TRUE	FALSE	FALSE
RAB33B	TRUE	FALSE	FALSE
SEMA3G	TRUE	FALSE	FALSE
CHD7	TRUE	FALSE	FALSE
LPIN2	TRUE	FALSE	FALSE
PDX1	TRUE	FALSE	FALSE
KLF13	TRUE	FALSE	FALSE
HEG1	TRUE	FALSE	FALSE
SYTL3	TRUE	TRUE	FALSE
ARSK	TRUE	FALSE	FALSE
SOWAHA	TRUE	FALSE	FALSE
KCNJ11	TRUE	FALSE	FALSE
TRPM4	TRUE	FALSE	FALSE
YY1AP1	TRUE	FALSE	FALSE
ERMAP	TRUE	FALSE	FALSE
GABARAP	TRUE	FALSE	FALSE
TMEM8A	TRUE	FALSE	FALSE
AZI2	TRUE	FALSE	FALSE
CASP8	TRUE	TRUE	FALSE
FCER2	TRUE	FALSE	FALSE
NAPA	TRUE	FALSE	FALSE
RBM28	TRUE	FALSE	FALSE
ZC3H15	TRUE	FALSE	FALSE
UNC119	TRUE	FALSE	FALSE
CCT2	TRUE	FALSE	FALSE
VWA5A	TRUE	TRUE	FALSE
TRAF3	TRUE	FALSE	FALSE
PHOSPHO1	TRUE	FALSE	FALSE
PTPN11	TRUE	TRUE	FALSE
FBXO43	TRUE	FALSE	FALSE
FAM57A	TRUE	FALSE	FALSE
ALKBH8	TRUE	FALSE	FALSE
CHN1	TRUE	FALSE	FALSE
P4HA2	TRUE	FALSE	FALSE
SERTAD3	TRUE	FALSE	FALSE
CTC1	TRUE	FALSE	FALSE
SIMC1	TRUE	FALSE	FALSE
MID2	TRUE	TRUE	FALSE
RHOQ	TRUE	FALSE	FALSE
BTBD3	TRUE	FALSE	FALSE
NFATC2	TRUE	FALSE	FALSE
SMIM13	TRUE	FALSE	FALSE
HFE	TRUE	FALSE	FALSE
CHM	TRUE	TRUE	FALSE
CLSTN3	TRUE	FALSE	FALSE
CBX4	TRUE	FALSE	FALSE
FAM46A	TRUE	FALSE	FALSE
BORCS8	TRUE	FALSE	FALSE
PLEKHH1	TRUE	FALSE	FALSE
TMEM245	TRUE	FALSE	FALSE
SUMF1	TRUE	FALSE	FALSE
FAM149A	TRUE	FALSE	FALSE
STAM	TRUE	FALSE	FALSE
CBLN3	TRUE	FALSE	FALSE
TGOLN2	TRUE	FALSE	FALSE
CDHR5	TRUE	FALSE	FALSE
JMY	TRUE	FALSE	TRUE
ZNF805	TRUE	TRUE	FALSE
TAF6	TRUE	FALSE	FALSE
MYT1	TRUE	FALSE	FALSE
HOXD4	TRUE	TRUE	FALSE
LMO4	TRUE	TRUE	FALSE
NOP10	TRUE	FALSE	FALSE
PPM1K	TRUE	TRUE	FALSE
TTPA	TRUE	FALSE	FALSE
PCGF5	TRUE	FALSE	FALSE
KCNA7	TRUE	FALSE	FALSE
RMDN3	TRUE	FALSE	FALSE
RPRD2	TRUE	FALSE	FALSE
CSRNP1	TRUE	FALSE	FALSE
FAM177A1	TRUE	FALSE	FALSE
BCL2	TRUE	FALSE	FALSE
PRPF8	TRUE	FALSE	FALSE
VAMP4	TRUE	FALSE	FALSE
MAP3K8	TRUE	FALSE	FALSE
TM6SF1	TRUE	FALSE	FALSE
PECR	TRUE	FALSE	FALSE
FAM218A	TRUE	FALSE	FALSE
DR1	TRUE	TRUE	FALSE
CHTOP	TRUE	FALSE	FALSE
TMEM136	TRUE	FALSE	FALSE
SIRT1	TRUE	FALSE	FALSE
GPHN	TRUE	TRUE	FALSE
ANKRD45	TRUE	FALSE	FALSE
ZCCHC2	TRUE	TRUE	FALSE
USP47	TRUE	FALSE	FALSE
NCOA1	TRUE	FALSE	FALSE
ARHGAP42	TRUE	FALSE	FALSE
DYNC1LI1	TRUE	FALSE	FALSE
HCN4	TRUE	FALSE	FALSE
TTL	TRUE	FALSE	FALSE
C1QL1	TRUE	FALSE	FALSE
PAFAH1B2	TRUE	FALSE	FALSE
SLC35B1	TRUE	FALSE	FALSE
SMAGP	TRUE	TRUE	FALSE
NFU1	TRUE	FALSE	FALSE
MFAP5	TRUE	FALSE	FALSE
SH3BP5	TRUE	FALSE	FALSE
STX1B	TRUE	FALSE	FALSE
ADAMTSL4	TRUE	FALSE	FALSE
ZNF629	TRUE	FALSE	FALSE
SHOC2	TRUE	FALSE	FALSE
SLC25A35	TRUE	FALSE	FALSE
SLC5A12	TRUE	FALSE	FALSE
HSPB2	TRUE	FALSE	FALSE
XPR1	TRUE	FALSE	FALSE
BMPR1A	TRUE	FALSE	FALSE
NDFIP1	TRUE	FALSE	FALSE
NDUFA10	TRUE	FALSE	FALSE
NKAIN1	TRUE	FALSE	FALSE
EXOG	TRUE	FALSE	FALSE
GDI2	TRUE	FALSE	FALSE
PEX13	TRUE	FALSE	FALSE
ASB13	TRUE	FALSE	FALSE
NLRC5	TRUE	FALSE	FALSE
ZFYVE28	TRUE	FALSE	FALSE
UBR5	TRUE	FALSE	FALSE
ERP29	TRUE	FALSE	FALSE
ABL1	TRUE	FALSE	FALSE
CASC4	TRUE	FALSE	FALSE
RAB32	TRUE	FALSE	FALSE
EPC1	TRUE	FALSE	FALSE
STX7	TRUE	FALSE	FALSE
BRD1	TRUE	FALSE	FALSE
UBOX5	TRUE	FALSE	FALSE
OGT	TRUE	TRUE	FALSE
PIGP	TRUE	FALSE	FALSE
AP1S2	TRUE	FALSE	FALSE
FAM129A	TRUE	FALSE	FALSE
DIP2C	TRUE	FALSE	FALSE
RAB18	TRUE	FALSE	FALSE
BMP8A	TRUE	FALSE	FALSE
ZNF429	TRUE	FALSE	FALSE
THOC5	TRUE	FALSE	FALSE
GTF2H5	TRUE	FALSE	FALSE
ZNF10	TRUE	FALSE	FALSE
LRRC41	TRUE	FALSE	FALSE
RASL11A	TRUE	FALSE	FALSE
RUNDC3A	TRUE	FALSE	TRUE
FAM198B	TRUE	FALSE	FALSE
PCDHB3	TRUE	FALSE	FALSE
MFSD1	TRUE	FALSE	FALSE
UBE2B	TRUE	FALSE	FALSE
ABCA7	TRUE	FALSE	FALSE
ANP32A	TRUE	FALSE	FALSE
FAM53A	TRUE	FALSE	FALSE
VWCE	TRUE	FALSE	FALSE
PAFAH1B3	TRUE	FALSE	FALSE
GPR89A	TRUE	FALSE	FALSE
MCF2L	TRUE	FALSE	FALSE
EYS	TRUE	FALSE	FALSE
NINL	TRUE	FALSE	FALSE
QRICH2	TRUE	FALSE	FALSE
PNPLA3	TRUE	TRUE	FALSE
UBE2D2	TRUE	FALSE	FALSE
JUND	TRUE	FALSE	FALSE
RNF2	TRUE	TRUE	FALSE
ACOX1	TRUE	FALSE	FALSE
SIAH1	TRUE	FALSE	TRUE
LZTS1	TRUE	FALSE	FALSE
NPHS1	TRUE	FALSE	FALSE
PGAM2	TRUE	FALSE	FALSE
NHEJ1	TRUE	FALSE	FALSE
SLC12A7	TRUE	FALSE	FALSE
ZNF641	TRUE	TRUE	FALSE
BTN2A2	TRUE	FALSE	FALSE
CSGALNACT2	TRUE	FALSE	FALSE
RFESD	TRUE	FALSE	FALSE
RWDD1	TRUE	FALSE	FALSE
UFSP2	TRUE	FALSE	FALSE
TRAPPC10	TRUE	FALSE	FALSE
COL18A1	TRUE	FALSE	TRUE
FNDC10	TRUE	FALSE	FALSE
SF3B4	TRUE	FALSE	FALSE
RFWD2	TRUE	FALSE	FALSE
HS2ST1	TRUE	TRUE	FALSE
TBC1D12	TRUE	FALSE	FALSE
C16orf72	TRUE	FALSE	FALSE
ZNF621	TRUE	FALSE	FALSE
ZNF460	TRUE	FALSE	FALSE
TMEM229B	TRUE	TRUE	FALSE
LYPLA1	TRUE	FALSE	FALSE
CLPX	TRUE	FALSE	FALSE
CASKIN2	TRUE	FALSE	FALSE
ZRANB1	TRUE	FALSE	FALSE
CMPK2	TRUE	FALSE	TRUE
USP18	TRUE	TRUE	FALSE
FSD1L	TRUE	FALSE	FALSE
CCDC174	TRUE	FALSE	FALSE
CKS1B	TRUE	TRUE	FALSE
ARL3	TRUE	FALSE	FALSE
TMEM116	TRUE	FALSE	FALSE
TROVE2	TRUE	FALSE	FALSE
ATP6V1H	TRUE	FALSE	FALSE
AIMP2	TRUE	FALSE	FALSE
YIPF4	TRUE	FALSE	FALSE
RHBDL3	TRUE	FALSE	FALSE
SLC37A3	TRUE	FALSE	FALSE
P4HA1	TRUE	TRUE	FALSE
CPT1B	TRUE	FALSE	TRUE
S1PR1	TRUE	TRUE	FALSE
FZD2	TRUE	FALSE	FALSE
DBNDD2	TRUE	FALSE	FALSE
PLRG1	TRUE	FALSE	FALSE
TSPAN5	TRUE	FALSE	TRUE
MNT	TRUE	FALSE	FALSE
RAB13	TRUE	FALSE	FALSE
POPDC3	TRUE	FALSE	TRUE
DPYSL2	TRUE	FALSE	FALSE
PIGH	TRUE	FALSE	FALSE
MCOLN1	TRUE	FALSE	FALSE
PLD3	TRUE	FALSE	FALSE
RNFT1	TRUE	FALSE	FALSE
ZYG11A	TRUE	FALSE	FALSE
CNKSR3	TRUE	TRUE	FALSE
KDM2B	TRUE	FALSE	FALSE
WHAMM	TRUE	FALSE	FALSE
ZFP30	TRUE	FALSE	FALSE
INIP	TRUE	FALSE	FALSE
FAM208B	TRUE	FALSE	FALSE
TLK2	TRUE	FALSE	FALSE
RIPK2	TRUE	TRUE	FALSE
ZDHHC14	TRUE	FALSE	FALSE
PRKCI	TRUE	TRUE	FALSE
SEC61B	TRUE	FALSE	FALSE
WDR41	TRUE	FALSE	TRUE
LMNTD2	TRUE	FALSE	FALSE
TMEM42	TRUE	TRUE	FALSE
DCST1	TRUE	FALSE	FALSE
TOB2	TRUE	FALSE	TRUE
DENND4B	TRUE	FALSE	FALSE
TRIML2	TRUE	FALSE	FALSE
C7orf31	TRUE	FALSE	FALSE
TNFSF4	TRUE	FALSE	FALSE
ZNF214	TRUE	FALSE	FALSE
MED1	TRUE	FALSE	FALSE
GBA2	TRUE	FALSE	FALSE
GBP1	TRUE	TRUE	FALSE
UTRN	TRUE	FALSE	TRUE
PYROXD1	TRUE	FALSE	FALSE
ZNF770	TRUE	FALSE	FALSE
NMB	TRUE	FALSE	TRUE
SETD5	TRUE	FALSE	FALSE
CDC42SE1	TRUE	FALSE	FALSE
TMEM169	TRUE	FALSE	FALSE
C12orf75	TRUE	TRUE	FALSE
ZNF786	TRUE	FALSE	FALSE
AZU1	TRUE	FALSE	FALSE
MAFG	TRUE	FALSE	FALSE
RPS6KB1	TRUE	FALSE	FALSE
PIGBOS1	TRUE	FALSE	FALSE
TPM1	TRUE	FALSE	FALSE
SNX16	TRUE	TRUE	FALSE
POMK	TRUE	FALSE	FALSE
UGT3A2	TRUE	FALSE	FALSE
SLC2A11	TRUE	FALSE	FALSE
CFD	TRUE	FALSE	FALSE
SCARF1	TRUE	FALSE	FALSE
ARSB	TRUE	FALSE	TRUE
GINM1	TRUE	FALSE	FALSE
EIF3K	TRUE	FALSE	FALSE
PLEKHA8	TRUE	FALSE	FALSE
EIF2B4	TRUE	FALSE	FALSE
PAQR6	TRUE	FALSE	FALSE
MAPRE3	TRUE	FALSE	FALSE
ATF6	TRUE	TRUE	FALSE
GPX8	TRUE	FALSE	FALSE
C19orf81	TRUE	FALSE	FALSE
C2CD2L	TRUE	FALSE	TRUE
SIAH2	TRUE	FALSE	FALSE
SAT2	TRUE	FALSE	FALSE
H6PD	TRUE	FALSE	FALSE
PDE8A	TRUE	FALSE	FALSE
TMEM126A	TRUE	FALSE	FALSE
YPEL2	TRUE	FALSE	FALSE
FAM222B	TRUE	FALSE	FALSE
ZNF33A	TRUE	FALSE	FALSE
ANKRD28	TRUE	FALSE	FALSE
ADAMTS7	TRUE	FALSE	FALSE
NDUFA6	TRUE	FALSE	FALSE
SOX12	TRUE	FALSE	FALSE
CRIPAK	TRUE	FALSE	FALSE
GORASP1	TRUE	FALSE	FALSE
BICDL1	TRUE	FALSE	FALSE
B4GALT3	TRUE	FALSE	FALSE
TM9SF3	TRUE	FALSE	FALSE
4-Sep	TRUE	FALSE	FALSE
P3H4	TRUE	FALSE	FALSE
VPS29	TRUE	FALSE	FALSE
ANO6	TRUE	TRUE	FALSE
SLC25A34	TRUE	FALSE	FALSE
PFDN2	TRUE	FALSE	FALSE
MAPK12	TRUE	FALSE	TRUE
GLIPR1	TRUE	FALSE	FALSE
DBN1	TRUE	FALSE	FALSE
HES7	TRUE	FALSE	FALSE
VPS33A	TRUE	FALSE	FALSE
TAS2R31	TRUE	FALSE	FALSE
ARID3A	TRUE	FALSE	FALSE
HPD	TRUE	FALSE	FALSE
ANKRD54	TRUE	FALSE	FALSE
CYP4V2	TRUE	FALSE	FALSE
ATXN7	TRUE	FALSE	FALSE
RRP12	TRUE	FALSE	FALSE
PEG10	TRUE	FALSE	FALSE
DLL3	TRUE	FALSE	FALSE
ZNF529	TRUE	FALSE	FALSE
ALKBH6	TRUE	FALSE	FALSE
NEK7	TRUE	FALSE	FALSE
RELB	TRUE	FALSE	FALSE
TMEM39A	TRUE	FALSE	FALSE
ZNF517	TRUE	FALSE	FALSE
KATNA1	TRUE	FALSE	FALSE
ARMCX6	TRUE	TRUE	FALSE
ROCK1	TRUE	FALSE	FALSE
SRR	TRUE	FALSE	FALSE
VPS37A	TRUE	FALSE	FALSE
COG7	TRUE	FALSE	FALSE
UST	TRUE	FALSE	FALSE
SEMA4C	TRUE	FALSE	FALSE
CBX6	TRUE	FALSE	FALSE
RILP	TRUE	FALSE	FALSE
WNT3	TRUE	FALSE	FALSE
MAP2K5	TRUE	FALSE	FALSE
CRADD	TRUE	FALSE	FALSE
ACHE	TRUE	FALSE	FALSE
WIPF1	TRUE	FALSE	FALSE
QSOX1	TRUE	FALSE	FALSE
UBE2J1	TRUE	TRUE	FALSE
OCEL1	TRUE	FALSE	FALSE
PTDSS2	TRUE	FALSE	FALSE
FSTL3	TRUE	FALSE	FALSE
PDCD2L	TRUE	FALSE	FALSE
C12orf45	TRUE	FALSE	FALSE
AMIGO1	TRUE	FALSE	FALSE
NSUN4	TRUE	FALSE	FALSE
PYGO2	TRUE	FALSE	FALSE
CLASP2	TRUE	FALSE	FALSE
CACNB3	TRUE	FALSE	FALSE
SLC22A17	TRUE	FALSE	FALSE
BIRC3	TRUE	FALSE	FALSE
SLC25A12	TRUE	FALSE	FALSE
DZIP1L	TRUE	FALSE	FALSE
HOXB13	TRUE	FALSE	FALSE
RIMS2	TRUE	FALSE	FALSE
SBDS	TRUE	TRUE	FALSE
TIA1	TRUE	FALSE	FALSE
TMEM86B	TRUE	FALSE	TRUE
DMXL2	TRUE	FALSE	FALSE
AVPI1	TRUE	FALSE	FALSE
IL1R1	TRUE	FALSE	FALSE
ZMYND8	TRUE	FALSE	FALSE
TFCP2	TRUE	TRUE	TRUE
FLNC	TRUE	FALSE	FALSE
ACBD7	TRUE	FALSE	FALSE
NAPSA	TRUE	FALSE	FALSE
CREB3L4	TRUE	FALSE	FALSE
RSL24D1	TRUE	FALSE	FALSE
EVI5	TRUE	TRUE	FALSE
PIK3CD	TRUE	FALSE	FALSE
SDSL	TRUE	FALSE	FALSE
LNP1	TRUE	FALSE	FALSE
AKAP5	TRUE	FALSE	FALSE
DYNC2H1	TRUE	TRUE	FALSE
TBP	TRUE	FALSE	FALSE
ZBED3	TRUE	FALSE	FALSE
KLHL15	TRUE	FALSE	FALSE
TBC1D16	TRUE	FALSE	FALSE
SIL1	TRUE	FALSE	FALSE
PGBD1	TRUE	FALSE	FALSE
ZNF146	TRUE	FALSE	FALSE
METTL10	TRUE	FALSE	FALSE
DPCR1	TRUE	FALSE	FALSE
YES1	TRUE	FALSE	FALSE
ZSCAN9	TRUE	FALSE	FALSE
FZD7	TRUE	FALSE	FALSE
ZNF674	TRUE	FALSE	FALSE
GGT1	TRUE	FALSE	FALSE
NPPC	TRUE	FALSE	FALSE
MDM4	TRUE	TRUE	FALSE
TMEM98	TRUE	FALSE	FALSE
AP1AR	TRUE	FALSE	FALSE
ANKRD24	TRUE	FALSE	FALSE
GRB2	TRUE	FALSE	FALSE
DRD4	TRUE	FALSE	FALSE
FAHD1	TRUE	FALSE	FALSE
GMEB1	TRUE	FALSE	FALSE
BUD31	TRUE	FALSE	FALSE
TGFB1	TRUE	FALSE	FALSE
VPS37D	TRUE	FALSE	FALSE
RNF144B	TRUE	FALSE	FALSE
ZNF655	TRUE	FALSE	FALSE
RASSF8	TRUE	TRUE	FALSE
TMEM167B	TRUE	FALSE	FALSE
CHRNA5	TRUE	FALSE	FALSE
OXNAD1	TRUE	FALSE	FALSE
ATP5L	TRUE	FALSE	TRUE
PHGDH	TRUE	FALSE	FALSE
HNRNPL	TRUE	FALSE	FALSE
C16orf62	TRUE	FALSE	FALSE
SACS	TRUE	FALSE	FALSE
CATSPERG	TRUE	FALSE	FALSE
FUOM	TRUE	FALSE	FALSE
IL27RA	TRUE	FALSE	FALSE
DDAH2	TRUE	FALSE	FALSE
ATF4	TRUE	FALSE	FALSE
ZNF322	TRUE	FALSE	FALSE
CHRNA7	TRUE	FALSE	FALSE
MYL5	TRUE	FALSE	TRUE
MUC1	TRUE	FALSE	FALSE
TATDN3	TRUE	FALSE	FALSE
CTH	TRUE	TRUE	FALSE
LRP12	TRUE	FALSE	FALSE
CRACR2B	TRUE	FALSE	FALSE
PQLC2	TRUE	FALSE	FALSE
TBC1D24	TRUE	FALSE	FALSE
ZCRB1	TRUE	FALSE	FALSE
ZSWIM6	TRUE	FALSE	FALSE
ZC3H12B	TRUE	TRUE	FALSE
MRM3	TRUE	FALSE	FALSE
MGRN1	TRUE	FALSE	FALSE
SARNP	TRUE	TRUE	FALSE
TRMT1L	TRUE	FALSE	FALSE
TMIE	TRUE	FALSE	FALSE
UBE2D4	TRUE	FALSE	FALSE
ATG12	TRUE	FALSE	FALSE
DNM1	TRUE	FALSE	FALSE
MLST8	TRUE	FALSE	FALSE
RTN1	TRUE	FALSE	FALSE
GTF3C6	TRUE	TRUE	FALSE
ASPHD1	TRUE	FALSE	FALSE
PRRT1	TRUE	FALSE	FALSE
SRA1	TRUE	FALSE	FALSE
COMMD3	TRUE	FALSE	FALSE
DNAJC19	TRUE	FALSE	FALSE
CLCN7	TRUE	FALSE	FALSE
SRPK2	TRUE	FALSE	FALSE
HOXD13	TRUE	FALSE	FALSE
ADAM8	TRUE	TRUE	FALSE
USE1	TRUE	FALSE	FALSE
TK2	TRUE	FALSE	FALSE
RGS2	TRUE	TRUE	FALSE
CNOT2	TRUE	FALSE	FALSE
RPS6KA6	TRUE	FALSE	FALSE
GPR63	TRUE	TRUE	FALSE
PCBP3	TRUE	FALSE	FALSE
DOK4	TRUE	FALSE	FALSE
MGEA5	TRUE	FALSE	FALSE
HIC1	TRUE	FALSE	FALSE
RAC3	TRUE	FALSE	FALSE
NPR1	TRUE	FALSE	FALSE
ZNF155	TRUE	FALSE	FALSE
HSPBAP1	TRUE	FALSE	FALSE
CYP4F22	TRUE	FALSE	FALSE
BRD3	TRUE	FALSE	FALSE
RPS26	TRUE	FALSE	FALSE
GNAZ	TRUE	FALSE	FALSE
LPGAT1	TRUE	FALSE	FALSE
IP6K1	TRUE	FALSE	FALSE
COQ5	TRUE	TRUE	FALSE
TMEM205	TRUE	FALSE	FALSE
CD37	TRUE	FALSE	FALSE
KANSL1L	TRUE	FALSE	FALSE
PPP2R5A	TRUE	TRUE	FALSE
VGLL4	TRUE	FALSE	TRUE
MAN1A1	TRUE	FALSE	FALSE
SELENOI	TRUE	TRUE	FALSE
SFT2D1	TRUE	TRUE	FALSE
HIKESHI	TRUE	FALSE	FALSE
TJP3	TRUE	FALSE	FALSE
PPM1L	TRUE	TRUE	FALSE
GABPB2	TRUE	FALSE	FALSE
CLIC4	TRUE	FALSE	FALSE
KMT2C	TRUE	FALSE	FALSE
HSD11B1L	TRUE	FALSE	FALSE
PPIL4	TRUE	FALSE	FALSE
ATF7	TRUE	TRUE	FALSE
SASH1	TRUE	FALSE	FALSE
ZSCAN26	TRUE	FALSE	FALSE
RAP2C	TRUE	TRUE	FALSE
CREB3L2	TRUE	FALSE	FALSE
SULT2B1	TRUE	FALSE	TRUE
GDE1	TRUE	FALSE	FALSE
ZNF497	TRUE	FALSE	FALSE
TP53I3	TRUE	FALSE	FALSE
SARM1	TRUE	FALSE	FALSE
DNAJB2	TRUE	FALSE	FALSE
CD27	TRUE	FALSE	FALSE
SMOX	TRUE	FALSE	FALSE
ARL6IP5	TRUE	TRUE	FALSE
ACTR2	TRUE	FALSE	FALSE
ZNF689	TRUE	FALSE	FALSE
RAB5A	TRUE	FALSE	FALSE
C19orf57	TRUE	FALSE	FALSE
TBR1	TRUE	FALSE	FALSE
PIGX	TRUE	FALSE	FALSE
ULBP2	TRUE	FALSE	FALSE
ERBB3	TRUE	FALSE	FALSE
RPAIN	TRUE	FALSE	FALSE
CRTC2	TRUE	FALSE	FALSE
TBCEL	TRUE	FALSE	FALSE
COL12A1	TRUE	TRUE	FALSE
LINGO1	TRUE	FALSE	FALSE
CDC42SE2	TRUE	FALSE	FALSE
NPY1R	TRUE	FALSE	FALSE
RASSF3	TRUE	FALSE	FALSE
LOC100128108	TRUE	FALSE	FALSE
SIRT3	TRUE	FALSE	FALSE
NDUFV2	TRUE	FALSE	FALSE
IDS	TRUE	TRUE	FALSE
YAF2	TRUE	TRUE	FALSE
FOXN2	TRUE	FALSE	FALSE
PVR	TRUE	TRUE	FALSE
CHCHD3	TRUE	FALSE	FALSE
FXN	TRUE	FALSE	FALSE
ZNF227	TRUE	FALSE	FALSE
TMEM135	TRUE	TRUE	FALSE
TIPRL	TRUE	FALSE	FALSE
XPOT	TRUE	TRUE	FALSE
HSPA4	TRUE	FALSE	FALSE
PCDHA12	TRUE	FALSE	TRUE
B3GNT2	TRUE	TRUE	FALSE
GCGR	TRUE	FALSE	FALSE
MTMR9	TRUE	FALSE	FALSE
NPIPB6	TRUE	FALSE	FALSE
KIDINS220	TRUE	FALSE	FALSE
MANBA	TRUE	FALSE	FALSE
ARID3C	TRUE	FALSE	FALSE
CLPTM1	TRUE	FALSE	FALSE
SPEG	TRUE	FALSE	FALSE
RIC1	TRUE	TRUE	FALSE
UBA52	TRUE	FALSE	FALSE
PSG9	TRUE	FALSE	FALSE
ITSN2	TRUE	TRUE	FALSE
LRRC27	TRUE	FALSE	FALSE
TBX3	TRUE	FALSE	FALSE
SETMAR	TRUE	FALSE	FALSE
CCAR1	TRUE	FALSE	FALSE
HINT2	TRUE	FALSE	FALSE
RAB2B	TRUE	TRUE	FALSE
TRAF1	TRUE	FALSE	FALSE
CXorf56	TRUE	FALSE	FALSE
SMKR1	TRUE	FALSE	FALSE
WDR78	TRUE	FALSE	FALSE
GXYLT2	TRUE	FALSE	FALSE
ZBTB38	TRUE	FALSE	FALSE
HHEX	TRUE	TRUE	FALSE
HSDL1	TRUE	FALSE	FALSE
CABLES1	TRUE	FALSE	TRUE
PLOD3	TRUE	FALSE	FALSE
ZNF30	TRUE	FALSE	FALSE
PARP3	TRUE	FALSE	FALSE
RTN4R	TRUE	FALSE	FALSE
ZNF639	TRUE	FALSE	FALSE
TSSC1	TRUE	FALSE	FALSE
MEF2A	TRUE	FALSE	FALSE
ZDHHC11	TRUE	FALSE	FALSE
ZNF543	TRUE	TRUE	FALSE
SIX4	TRUE	TRUE	FALSE
CCNI	TRUE	FALSE	FALSE
TMEM88	TRUE	FALSE	FALSE
TSTD2	TRUE	FALSE	FALSE
MCIDAS	TRUE	FALSE	FALSE
NID2	TRUE	FALSE	FALSE
PKD2	TRUE	FALSE	FALSE
GPAT3	TRUE	FALSE	FALSE
ZFAND2B	TRUE	FALSE	FALSE
ASNSD1	TRUE	FALSE	FALSE
GDAP2	TRUE	TRUE	FALSE
SRGAP2C	TRUE	FALSE	FALSE
ZNF780A	TRUE	FALSE	FALSE
RHBDD2	TRUE	FALSE	FALSE
CDK5R2	TRUE	FALSE	FALSE
SLC30A5	TRUE	FALSE	FALSE
MUSTN1	TRUE	FALSE	FALSE
PIKFYVE	TRUE	FALSE	FALSE
LURAP1	TRUE	FALSE	FALSE
PHF13	TRUE	FALSE	FALSE
ARL5B	TRUE	TRUE	FALSE
NUB1	TRUE	FALSE	FALSE
FGFR4	TRUE	FALSE	FALSE
SBK2	TRUE	FALSE	FALSE
VGLL3	TRUE	FALSE	FALSE
LYRM4	TRUE	FALSE	FALSE
PPP1R3F	TRUE	FALSE	FALSE
TSPAN19	TRUE	FALSE	FALSE
ADGRB2	TRUE	FALSE	FALSE
METTL6	TRUE	FALSE	FALSE
BAZ2B	TRUE	FALSE	FALSE
PPT1	TRUE	TRUE	FALSE
THRA	TRUE	FALSE	FALSE
TTC39C	TRUE	FALSE	FALSE
RAD51B	TRUE	FALSE	FALSE
YTHDF2	TRUE	FALSE	FALSE
GTPBP2	TRUE	FALSE	FALSE
MED23	TRUE	FALSE	FALSE
ZKSCAN5	TRUE	FALSE	FALSE
EGFL7	TRUE	FALSE	FALSE
MKKS	TRUE	FALSE	FALSE
GON4L	TRUE	FALSE	FALSE
PALLD	TRUE	FALSE	FALSE
ASGR1	TRUE	FALSE	FALSE
LYRM9	TRUE	FALSE	FALSE
MXRA8	TRUE	FALSE	FALSE
MST1	TRUE	FALSE	FALSE
CDR1	TRUE	FALSE	FALSE
NXN	TRUE	FALSE	FALSE
RWDD2A	TRUE	FALSE	FALSE
TEX22	TRUE	FALSE	FALSE
GART	TRUE	FALSE	FALSE
LHB	TRUE	FALSE	FALSE
TNPO3	TRUE	FALSE	FALSE
ZNF816-ZNF321P	TRUE	FALSE	FALSE
MIF4GD	TRUE	FALSE	FALSE
PDGFRL	TRUE	FALSE	FALSE
BMP3	TRUE	FALSE	FALSE
BET1	TRUE	FALSE	FALSE
BHLHA15	TRUE	FALSE	FALSE
ABHD17B	TRUE	FALSE	FALSE
SLC30A4	TRUE	FALSE	FALSE
OPHN1	TRUE	TRUE	FALSE
BPHL	TRUE	FALSE	FALSE
AK7	TRUE	TRUE	FALSE
ZNF518B	TRUE	FALSE	FALSE
ROBO3	TRUE	FALSE	TRUE
TMUB1	TRUE	FALSE	FALSE
FNIP2	TRUE	FALSE	FALSE
SLC6A15	TRUE	TRUE	FALSE
YJEFN3	TRUE	FALSE	FALSE
OSR2	TRUE	FALSE	FALSE
DEDD	TRUE	FALSE	FALSE
RAB10	TRUE	FALSE	FALSE
FGF12	TRUE	FALSE	FALSE
ZNF391	TRUE	FALSE	FALSE
ETF1	TRUE	FALSE	FALSE
TFAP2E	TRUE	FALSE	FALSE
VMP1	TRUE	FALSE	FALSE
CLIP1	TRUE	TRUE	FALSE
NKX2-2	TRUE	FALSE	FALSE
CCDC154	TRUE	FALSE	FALSE
CARMIL2	TRUE	FALSE	FALSE
EMID1	TRUE	FALSE	FALSE
PGGT1B	TRUE	FALSE	FALSE
TCTE1	TRUE	FALSE	FALSE
SLC5A6	TRUE	FALSE	TRUE
HEY2	TRUE	FALSE	FALSE
STOX2	TRUE	FALSE	FALSE
MITF	TRUE	FALSE	FALSE
ZC3H6	TRUE	FALSE	FALSE
BEND7	TRUE	TRUE	FALSE
NOMO2	TRUE	FALSE	TRUE
WDR25	TRUE	FALSE	FALSE
HRK	TRUE	TRUE	FALSE
SIRT2	TRUE	FALSE	FALSE
CCDC117	TRUE	FALSE	FALSE
LRRC10B	TRUE	FALSE	FALSE
PBDC1	TRUE	TRUE	FALSE
MURC	TRUE	FALSE	FALSE
REPIN1	TRUE	FALSE	FALSE
NPIPA5	TRUE	FALSE	FALSE
SLC19A2	TRUE	TRUE	FALSE
CPEB2	TRUE	FALSE	FALSE
JDP2	TRUE	FALSE	TRUE
GID4	TRUE	FALSE	FALSE
GPNMB	TRUE	TRUE	FALSE
FAM179B	TRUE	FALSE	FALSE
LGALS1	TRUE	FALSE	FALSE
LRRC42	TRUE	FALSE	FALSE
RAPH1	TRUE	FALSE	FALSE
PPFIA4	TRUE	FALSE	FALSE
PLA2G3	TRUE	FALSE	FALSE
ANAPC13	TRUE	FALSE	FALSE
KDELR3	TRUE	FALSE	FALSE
FAM120C	TRUE	TRUE	FALSE
CYBRD1	TRUE	FALSE	FALSE
GCHFR	TRUE	FALSE	FALSE
COL11A2	TRUE	FALSE	FALSE
C17orf49	TRUE	FALSE	FALSE
ADH6	TRUE	FALSE	FALSE
DPH5	TRUE	TRUE	FALSE
RAB8B	TRUE	FALSE	FALSE
INPPL1	TRUE	FALSE	FALSE
TCEAL4	TRUE	TRUE	FALSE
KRR1	TRUE	FALSE	FALSE
LMF1	TRUE	FALSE	FALSE
IDUA	TRUE	FALSE	FALSE
NAP1L3	TRUE	TRUE	FALSE
PSEN1	TRUE	FALSE	FALSE
TMEM263	TRUE	TRUE	FALSE
ZBTB47	TRUE	FALSE	FALSE
HES6	TRUE	FALSE	FALSE
ESAM	TRUE	FALSE	FALSE
PTRHD1	TRUE	FALSE	TRUE
RTBDN	TRUE	FALSE	FALSE
SH3BGRL3	TRUE	FALSE	FALSE
ILK	TRUE	FALSE	FALSE
AGTR1	TRUE	FALSE	FALSE
FAM98C	TRUE	FALSE	FALSE
PPP3CB	TRUE	FALSE	FALSE
ARMC12	TRUE	FALSE	FALSE
PCDH18	TRUE	FALSE	FALSE
TNPO1	TRUE	FALSE	FALSE
ZFAND4	TRUE	TRUE	FALSE
KDM6A	TRUE	FALSE	FALSE
ADAM11	TRUE	FALSE	FALSE
SPAST	TRUE	FALSE	FALSE
RGS9BP	TRUE	FALSE	FALSE
GPR35	TRUE	FALSE	FALSE
CTSK	TRUE	TRUE	FALSE
MUSK	TRUE	FALSE	FALSE
TTC33	TRUE	FALSE	FALSE
CREB3	TRUE	FALSE	FALSE
OSBPL11	TRUE	FALSE	FALSE
ZNF615	TRUE	FALSE	FALSE
GTF2E2	TRUE	TRUE	FALSE
CEP19	TRUE	FALSE	FALSE
FAM227B	TRUE	FALSE	FALSE
GABPB1	TRUE	FALSE	FALSE
NFE2L1	TRUE	FALSE	FALSE
ZGLP1	TRUE	FALSE	FALSE
PEX5	TRUE	FALSE	TRUE
KIN	TRUE	FALSE	FALSE
CSRP2	TRUE	TRUE	FALSE
SYP	TRUE	FALSE	FALSE
AARS	TRUE	FALSE	FALSE
AHI1	TRUE	FALSE	FALSE
C1QBP	TRUE	FALSE	FALSE
NSMCE3	TRUE	FALSE	FALSE
FHL1	TRUE	FALSE	FALSE
TAF13	TRUE	TRUE	FALSE
SUGP1	TRUE	FALSE	FALSE
INO80D	TRUE	FALSE	FALSE
SRP19	TRUE	FALSE	FALSE
ST20	TRUE	TRUE	FALSE
BACE2	TRUE	TRUE	FALSE
ZNF710	TRUE	FALSE	FALSE
C18orf8	TRUE	FALSE	FALSE
MCOLN2	TRUE	TRUE	FALSE
SPHK1	TRUE	FALSE	FALSE
PRDM6	TRUE	FALSE	FALSE
ZNF211	TRUE	FALSE	FALSE
RNF113A	TRUE	FALSE	FALSE
5-Mar	TRUE	FALSE	FALSE
TMEM144	TRUE	TRUE	FALSE
MATK	TRUE	FALSE	TRUE
PCF11	TRUE	FALSE	FALSE
OSBPL8	TRUE	TRUE	FALSE
ANKRD13A	TRUE	TRUE	FALSE
RECK	TRUE	FALSE	FALSE
WASF1	TRUE	FALSE	FALSE
GTF2E1	TRUE	FALSE	FALSE
RSPRY1	TRUE	FALSE	FALSE
HHAT	TRUE	FALSE	FALSE
SLC25A25	TRUE	FALSE	FALSE
OSGIN2	TRUE	FALSE	FALSE
BMPR2	TRUE	FALSE	FALSE
PDIA3	TRUE	FALSE	TRUE
ZNF558	TRUE	FALSE	FALSE
SMIM1	TRUE	FALSE	FALSE
MED19	TRUE	FALSE	FALSE
POLB	TRUE	FALSE	FALSE
UBE2E1	TRUE	FALSE	FALSE
TXNRD2	TRUE	FALSE	FALSE
EIF4EBP1	TRUE	FALSE	FALSE
WDR75	TRUE	FALSE	FALSE
AMIGO3	TRUE	FALSE	FALSE
TSPAN4	TRUE	FALSE	FALSE
ZNF627	TRUE	FALSE	FALSE
OSBP2	TRUE	FALSE	FALSE
TTC17	TRUE	FALSE	FALSE
GNG13	TRUE	FALSE	FALSE
CYCS	TRUE	FALSE	FALSE
ZKSCAN2	TRUE	FALSE	FALSE
CDC42EP5	TRUE	FALSE	FALSE
SLC25A4	TRUE	FALSE	FALSE
ARHGEF40	TRUE	FALSE	FALSE
ZFAND1	TRUE	FALSE	FALSE
YBEY	TRUE	FALSE	FALSE
PARD6G	TRUE	FALSE	TRUE
DVL3	TRUE	FALSE	FALSE
ANO8	TRUE	FALSE	FALSE
ATP9B	TRUE	FALSE	FALSE
SNX21	TRUE	FALSE	FALSE
CLCN2	TRUE	FALSE	FALSE
SLC22A18	TRUE	FALSE	FALSE
POU2F1	TRUE	FALSE	FALSE
TMEM267	TRUE	TRUE	FALSE
ZNF484	TRUE	FALSE	FALSE
GNG5	TRUE	FALSE	FALSE
MAGT1	TRUE	TRUE	FALSE
DOCK1	TRUE	FALSE	FALSE
CBR4	TRUE	FALSE	FALSE
FBP2	TRUE	FALSE	FALSE
SLC25A16	TRUE	FALSE	FALSE
JMJD1C	TRUE	FALSE	FALSE
SCML2	TRUE	TRUE	FALSE
ARHGAP30	TRUE	FALSE	FALSE
CCDC112	TRUE	FALSE	FALSE
THAP8	TRUE	FALSE	FALSE
ZNF610	TRUE	FALSE	FALSE
RAB3IL1	TRUE	FALSE	FALSE
NT5C3B	TRUE	FALSE	FALSE
MCOLN3	TRUE	FALSE	FALSE
PDE9A	TRUE	FALSE	FALSE
KDM4C	TRUE	TRUE	FALSE
SMAP1	TRUE	FALSE	FALSE
TUBB3	TRUE	FALSE	FALSE
ZNF175	TRUE	FALSE	FALSE
RASD2	TRUE	FALSE	FALSE
MAPT	TRUE	FALSE	FALSE
PICALM	TRUE	FALSE	FALSE
ZNF569	TRUE	FALSE	FALSE
RC3H1	TRUE	FALSE	FALSE
VPS28	TRUE	FALSE	TRUE
TMEM251	TRUE	FALSE	FALSE
RAB4B	TRUE	FALSE	FALSE
DNAJC3	TRUE	TRUE	FALSE
KLRC2	TRUE	FALSE	FALSE
RNMT	TRUE	FALSE	FALSE
PHF2	TRUE	FALSE	FALSE
LOC389895	TRUE	FALSE	FALSE
CLIP3	TRUE	FALSE	FALSE
FRS2	TRUE	TRUE	FALSE
NEU4	TRUE	FALSE	FALSE
PAWR	TRUE	TRUE	FALSE
METTL5	TRUE	FALSE	FALSE
ZFR	TRUE	FALSE	FALSE
ANP32E	TRUE	TRUE	FALSE
NRXN2	TRUE	FALSE	FALSE
LCA5	TRUE	FALSE	FALSE
DDAH1	TRUE	TRUE	FALSE
GRINA	TRUE	FALSE	FALSE
RAB3IP	TRUE	TRUE	FALSE
CHD1L	TRUE	FALSE	FALSE
ZNF664	TRUE	FALSE	FALSE
RDX	TRUE	FALSE	FALSE
COBL	TRUE	FALSE	FALSE
U2AF1L4	TRUE	FALSE	TRUE
ARFGAP3	TRUE	FALSE	FALSE
SLC38A7	TRUE	FALSE	FALSE
ANKRD50	TRUE	FALSE	FALSE
ABCD1	TRUE	FALSE	FALSE
SLC16A6	TRUE	FALSE	FALSE
KRT222	TRUE	FALSE	FALSE
CCDC107	TRUE	FALSE	FALSE
ATF5	TRUE	FALSE	FALSE
ZNF792	TRUE	FALSE	FALSE
EPOP	TRUE	FALSE	FALSE
THNSL1	TRUE	TRUE	FALSE
LRP1	TRUE	FALSE	FALSE
CYTH2	TRUE	FALSE	FALSE
CCDC28A	TRUE	FALSE	FALSE
CKB	TRUE	FALSE	FALSE
MPP2	TRUE	FALSE	FALSE
ATRN	TRUE	FALSE	FALSE
CAB39L	TRUE	FALSE	FALSE
AGO4	TRUE	FALSE	FALSE
C10orf88	TRUE	FALSE	FALSE
PRDM2	TRUE	FALSE	FALSE
CACNB1	TRUE	FALSE	FALSE
CEP350	TRUE	FALSE	FALSE
KMT5A	TRUE	TRUE	FALSE
UBP1	TRUE	FALSE	FALSE
BTBD1	TRUE	TRUE	FALSE
PARD6B	TRUE	TRUE	TRUE
TTC25	TRUE	FALSE	FALSE
ZNF684	TRUE	FALSE	FALSE
SPAG7	TRUE	FALSE	FALSE
KLHL5	TRUE	TRUE	FALSE
XPNPEP1	TRUE	FALSE	FALSE
GATAD2A	TRUE	FALSE	FALSE
WDR12	TRUE	FALSE	FALSE
DHPS	TRUE	FALSE	FALSE
THNSL2	TRUE	TRUE	FALSE
RFX7	TRUE	FALSE	FALSE
ITPRIP	TRUE	FALSE	FALSE
GSK3A	TRUE	FALSE	FALSE
FAM188A	TRUE	FALSE	FALSE
ZFAND6	TRUE	TRUE	FALSE
TIMM23B	TRUE	FALSE	FALSE
B3GALT6	TRUE	FALSE	FALSE
CCM2L	TRUE	FALSE	FALSE
NUPL2	TRUE	FALSE	FALSE
TTC39B	TRUE	TRUE	FALSE
MARCKSL1	TRUE	FALSE	FALSE
BRAF	TRUE	FALSE	FALSE
RASL10A	TRUE	FALSE	FALSE
SLC25A41	TRUE	FALSE	FALSE
HPS3	TRUE	FALSE	FALSE
PNPLA7	TRUE	FALSE	FALSE
NFIB	TRUE	TRUE	FALSE
PRKCA	TRUE	FALSE	FALSE
COPB1	TRUE	FALSE	FALSE
PQLC3	TRUE	FALSE	FALSE
UBTD2	TRUE	FALSE	FALSE
SHBG	TRUE	FALSE	FALSE
SEMA3E	TRUE	TRUE	FALSE
YEATS4	TRUE	FALSE	FALSE
SAR1A	TRUE	FALSE	FALSE
CACNB2	TRUE	FALSE	FALSE
SHISA3	TRUE	FALSE	FALSE
C17orf97	TRUE	FALSE	FALSE
CDNF	TRUE	FALSE	FALSE
TMEM41B	TRUE	FALSE	FALSE
RNASET2	TRUE	TRUE	FALSE
RNF170	TRUE	FALSE	FALSE
ATP6V1A	TRUE	FALSE	FALSE
BAMBI	TRUE	TRUE	FALSE
PCSK4	TRUE	FALSE	FALSE
CCNO	TRUE	FALSE	TRUE
BLVRA	TRUE	FALSE	FALSE
IL10RA	TRUE	FALSE	FALSE
TMEM38A	TRUE	FALSE	FALSE
SLC15A3	TRUE	FALSE	FALSE
MED13L	TRUE	FALSE	FALSE
TMCC3	TRUE	FALSE	TRUE
HSD3B7	TRUE	FALSE	FALSE
OVCA2	TRUE	FALSE	FALSE
ZNF133	TRUE	TRUE	FALSE
TMEFF1	TRUE	FALSE	FALSE
CD320	TRUE	FALSE	TRUE
LMBR1L	TRUE	FALSE	FALSE
VAT1	TRUE	FALSE	FALSE
PGM2L1	TRUE	FALSE	FALSE
CALY	TRUE	FALSE	FALSE
TMEM106B	TRUE	TRUE	FALSE
NAP1L1	TRUE	FALSE	FALSE
ZNF140	TRUE	FALSE	FALSE
LDB1	TRUE	FALSE	FALSE
FEZ2	TRUE	FALSE	FALSE
SPATS2	TRUE	TRUE	TRUE
ZNF333	TRUE	FALSE	FALSE
KMT2D	TRUE	FALSE	FALSE
LYRM1	TRUE	FALSE	FALSE
FOXA3	TRUE	FALSE	FALSE
ATP6AP1L	TRUE	FALSE	FALSE
PAQR9	TRUE	FALSE	FALSE
PABPC1L	TRUE	FALSE	FALSE
GATA2	TRUE	FALSE	FALSE
PLLP	TRUE	FALSE	FALSE
LGR4	TRUE	TRUE	TRUE
MTA3	TRUE	FALSE	FALSE
SKA2	TRUE	FALSE	FALSE
SDCBP	TRUE	FALSE	FALSE
PDIA5	TRUE	FALSE	FALSE
EDA	TRUE	FALSE	FALSE
FNIP1	TRUE	FALSE	FALSE
FRAT1	TRUE	FALSE	FALSE
SLC35A1	TRUE	FALSE	FALSE
NLGN3	TRUE	FALSE	FALSE
ADD3	TRUE	FALSE	FALSE
APC2	TRUE	FALSE	FALSE
CHUK	TRUE	FALSE	FALSE
KREMEN2	TRUE	FALSE	FALSE
HSPA14	TRUE	TRUE	FALSE
ZSCAN29	TRUE	FALSE	FALSE
KAZALD1	TRUE	FALSE	TRUE
BVES	TRUE	FALSE	FALSE
FAM131A	TRUE	FALSE	FALSE
SP7	TRUE	FALSE	FALSE
ZNF260	TRUE	FALSE	FALSE
EVI5L	TRUE	FALSE	FALSE
VEGFA	TRUE	FALSE	TRUE
EIF4E3	TRUE	FALSE	FALSE
CDK2AP1	TRUE	TRUE	FALSE
ZNF235	TRUE	FALSE	FALSE
PTCH2	TRUE	FALSE	FALSE
C7orf25	TRUE	FALSE	FALSE
SRGN	TRUE	FALSE	FALSE
ARRDC2	TRUE	FALSE	FALSE
R3HDM1	TRUE	FALSE	FALSE
JADE3	TRUE	FALSE	FALSE
AKIP1	TRUE	FALSE	FALSE
FKRP	TRUE	FALSE	FALSE
NBPF15	TRUE	FALSE	FALSE
SFR1	TRUE	FALSE	FALSE
HEYL	TRUE	FALSE	FALSE
DCP2	TRUE	FALSE	FALSE
CLEC11A	TRUE	FALSE	FALSE
ZNF134	TRUE	FALSE	FALSE
TXNL1	TRUE	FALSE	FALSE
TUBB8	TRUE	FALSE	FALSE
DYRK4	TRUE	TRUE	FALSE
CERCAM	TRUE	FALSE	FALSE
MFSD7	TRUE	FALSE	FALSE
TMC7	TRUE	FALSE	FALSE
ZBTB7B	TRUE	FALSE	FALSE
CDK5	TRUE	FALSE	FALSE
ANKAR	TRUE	FALSE	FALSE
PRAP1	TRUE	FALSE	FALSE
P2RX2	TRUE	FALSE	FALSE
POLI	TRUE	TRUE	FALSE
KLHL20	TRUE	TRUE	FALSE
TLE6	TRUE	FALSE	FALSE
USP33	TRUE	FALSE	FALSE
LSMEM1	TRUE	FALSE	FALSE
TMEM57	TRUE	FALSE	FALSE
FBXO7	TRUE	FALSE	FALSE
GLI2	TRUE	FALSE	FALSE
DBF4	TRUE	TRUE	FALSE
MAN2B1	TRUE	FALSE	TRUE
LEPROT	TRUE	FALSE	FALSE
C16orf47	TRUE	FALSE	FALSE
MAU2	TRUE	FALSE	FALSE
NARS	TRUE	FALSE	FALSE
AXL	TRUE	FALSE	FALSE
UBR2	TRUE	FALSE	FALSE
MAP1LC3B2	TRUE	FALSE	FALSE
PHYKPL	TRUE	FALSE	FALSE
GZMM	TRUE	FALSE	FALSE
TFPT	TRUE	FALSE	FALSE
GPR135	TRUE	FALSE	FALSE
KIF3C	TRUE	FALSE	FALSE
DDX59	TRUE	TRUE	FALSE
CTSO	TRUE	FALSE	FALSE
RASGEF1C	TRUE	FALSE	FALSE
CARD8	TRUE	FALSE	FALSE
TNIP3	TRUE	FALSE	FALSE
HYKK	TRUE	FALSE	FALSE
FUT11	TRUE	TRUE	FALSE
GCNT2	TRUE	TRUE	FALSE
RGS10	TRUE	FALSE	FALSE
BBS4	TRUE	FALSE	FALSE
SSR2	TRUE	FALSE	FALSE
ENPP1	TRUE	FALSE	FALSE
SERPINH1	TRUE	TRUE	FALSE
OS9	TRUE	FALSE	FALSE
CHMP6	TRUE	FALSE	FALSE
SH3RF1	TRUE	FALSE	FALSE
FAM72C	TRUE	TRUE	FALSE
NYAP1	TRUE	FALSE	FALSE
FAM50A	TRUE	TRUE	FALSE
CDC34	TRUE	FALSE	FALSE
SBK3	TRUE	FALSE	FALSE
STON1	TRUE	FALSE	FALSE
NUP43	TRUE	FALSE	FALSE
CAPN12	TRUE	FALSE	TRUE
ZSCAN22	TRUE	FALSE	FALSE
ZBTB17	TRUE	FALSE	FALSE
P4HA3	TRUE	FALSE	FALSE
CCDC138	TRUE	FALSE	FALSE
SPAG4	TRUE	FALSE	FALSE
KANK3	TRUE	FALSE	FALSE
PPP1R2	TRUE	TRUE	FALSE
ZNF557	TRUE	FALSE	FALSE
HIST1H4H	TRUE	FALSE	FALSE
IL17RD	TRUE	TRUE	FALSE
ZFYVE9	TRUE	FALSE	FALSE
LAMP3	TRUE	TRUE	FALSE
TYW1	TRUE	FALSE	TRUE
UBE2E3	TRUE	FALSE	FALSE
FBXO8	TRUE	FALSE	FALSE
BEND6	TRUE	FALSE	FALSE
SOCS6	TRUE	FALSE	TRUE
SLC25A44	TRUE	FALSE	FALSE
NOL6	TRUE	FALSE	FALSE
TAB2	TRUE	FALSE	FALSE
FLYWCH2	TRUE	FALSE	FALSE
ZNF266	TRUE	FALSE	FALSE
SLC29A2	TRUE	FALSE	FALSE
ACAP2	TRUE	TRUE	FALSE
APBB2	TRUE	TRUE	FALSE
SLC9A5	TRUE	FALSE	FALSE
MTDH	TRUE	FALSE	FALSE
BTF3L4	TRUE	FALSE	FALSE
IGFBP2	TRUE	FALSE	TRUE
C15orf65	TRUE	FALSE	FALSE
SLC25A36	TRUE	FALSE	FALSE
MTF2	TRUE	FALSE	FALSE
FSD1	TRUE	FALSE	FALSE
SNX24	TRUE	FALSE	FALSE
ASF1A	TRUE	TRUE	FALSE
STPG1	TRUE	FALSE	FALSE
CYP2D6	TRUE	FALSE	FALSE
HEATR6	TRUE	FALSE	FALSE
PHACTR2	TRUE	FALSE	TRUE
UEVLD	TRUE	FALSE	FALSE
VSIG10L	TRUE	FALSE	FALSE
VKORC1	TRUE	FALSE	FALSE
SEC63	TRUE	FALSE	FALSE
SLC25A40	TRUE	FALSE	FALSE
VAMP5	TRUE	FALSE	FALSE
PLXNC1	TRUE	TRUE	FALSE
RAP1A	TRUE	TRUE	FALSE
MMADHC	TRUE	FALSE	FALSE
MESP2	TRUE	FALSE	FALSE
LRRC8B	TRUE	TRUE	TRUE
FAM216A	TRUE	TRUE	FALSE
RAD23A	TRUE	FALSE	FALSE
ACTR6	TRUE	TRUE	FALSE
AP4M1	TRUE	FALSE	FALSE
ARIH2OS	TRUE	FALSE	FALSE
DFNB59	TRUE	FALSE	FALSE
UAP1	TRUE	FALSE	FALSE
CD72	TRUE	FALSE	FALSE
LRP10	TRUE	FALSE	FALSE
PPP1R11	TRUE	FALSE	FALSE
DNAJC10	TRUE	FALSE	FALSE
RNH1	TRUE	FALSE	FALSE
FAM151B	TRUE	FALSE	FALSE
BMP5	TRUE	FALSE	FALSE
TULP3	TRUE	FALSE	FALSE
MDM2	TRUE	FALSE	FALSE
RRAS	TRUE	FALSE	FALSE
ATE1	TRUE	FALSE	FALSE
SRCIN1	TRUE	FALSE	FALSE
MED16	TRUE	FALSE	FALSE
ZCWPW2	TRUE	FALSE	FALSE
MLIP	TRUE	FALSE	FALSE
SNAPC5	TRUE	FALSE	FALSE
PPOX	TRUE	FALSE	FALSE
CELF5	TRUE	FALSE	FALSE
ARMCX1	TRUE	TRUE	FALSE
CCNG2	TRUE	FALSE	FALSE
REST	TRUE	FALSE	FALSE
QRSL1	TRUE	FALSE	FALSE
USP34	TRUE	FALSE	FALSE
ZDBF2	TRUE	FALSE	FALSE
IBTK	TRUE	FALSE	FALSE
FAM72D	TRUE	TRUE	FALSE
ZNF225	TRUE	FALSE	FALSE
CASP9	TRUE	FALSE	FALSE
IRGQ	TRUE	FALSE	FALSE
AP5B1	TRUE	FALSE	FALSE
DNAJC27	TRUE	FALSE	FALSE
ACAP1	TRUE	FALSE	FALSE
RSPH4A	TRUE	FALSE	FALSE
CGGBP1	TRUE	FALSE	FALSE
SUMO1	TRUE	FALSE	FALSE
APBB3	TRUE	FALSE	FALSE
CEP44	TRUE	FALSE	FALSE
TRDMT1	TRUE	FALSE	FALSE
IFITM1	TRUE	TRUE	TRUE
DGKE	TRUE	FALSE	FALSE
CTDP1	TRUE	FALSE	FALSE
CHIC2	TRUE	FALSE	FALSE
MAGOHB	TRUE	TRUE	FALSE
WWTR1	TRUE	FALSE	TRUE
CHST13	TRUE	FALSE	FALSE
KRAS	TRUE	FALSE	FALSE
TAF9	TRUE	FALSE	FALSE
PIGK	TRUE	TRUE	FALSE
KLHL22	TRUE	FALSE	FALSE
RAB17	TRUE	FALSE	TRUE
LARP6	TRUE	FALSE	FALSE
USP14	TRUE	FALSE	FALSE
ATP6V0B	TRUE	FALSE	TRUE
PTGER2	TRUE	FALSE	FALSE
ARHGAP44	TRUE	FALSE	FALSE
FAM76A	TRUE	TRUE	FALSE
ZNF607	TRUE	FALSE	FALSE
ARHGAP4	TRUE	TRUE	FALSE
SEC23A	TRUE	TRUE	FALSE
TBXA2R	TRUE	FALSE	FALSE
UTP11	TRUE	FALSE	FALSE
TMEM19	TRUE	FALSE	FALSE
FGF19	TRUE	FALSE	FALSE
RAB23	TRUE	FALSE	FALSE
MTMR6	TRUE	FALSE	FALSE
NKPD1	TRUE	FALSE	FALSE
PBXIP1	TRUE	FALSE	FALSE
ZNF428	TRUE	FALSE	FALSE
WDR37	TRUE	FALSE	FALSE
TSPYL1	TRUE	FALSE	FALSE
EMG1	TRUE	FALSE	TRUE
ANGPTL4	TRUE	FALSE	TRUE
GAS2L1	TRUE	FALSE	FALSE
TADA3	TRUE	FALSE	FALSE
BOLA3	TRUE	FALSE	FALSE
RRAGC	TRUE	FALSE	FALSE
ZFYVE1	TRUE	FALSE	FALSE
FAM102A	TRUE	FALSE	FALSE
TUBD1	TRUE	FALSE	FALSE
RASSF4	TRUE	FALSE	FALSE
MID1	TRUE	TRUE	FALSE
INTS12	TRUE	FALSE	FALSE
MUS81	TRUE	FALSE	FALSE
GDI1	TRUE	FALSE	FALSE
CXXC5	TRUE	FALSE	TRUE
ITIH4	TRUE	FALSE	FALSE
EPHA10	TRUE	FALSE	TRUE
SCARB2	TRUE	FALSE	FALSE
SDR39U1	TRUE	FALSE	FALSE
HRCT1	TRUE	FALSE	FALSE
NR2C2	TRUE	FALSE	FALSE
KIAA0232	TRUE	FALSE	FALSE
MEGF8	TRUE	FALSE	FALSE
EPS15	TRUE	FALSE	FALSE
UBXN2A	TRUE	FALSE	FALSE
CHRM4	TRUE	FALSE	FALSE
ASL	TRUE	FALSE	TRUE
ADCK1	TRUE	FALSE	FALSE
SAR1B	TRUE	FALSE	FALSE
STC2	TRUE	FALSE	FALSE
SSR4	TRUE	FALSE	FALSE
DPH1	TRUE	FALSE	FALSE
SNAP23	TRUE	FALSE	FALSE
PFKM	TRUE	TRUE	FALSE
HCST	TRUE	FALSE	FALSE
ACRBP	TRUE	FALSE	FALSE
PPIE	TRUE	FALSE	FALSE
FMNL1	TRUE	FALSE	FALSE
PRSS56	TRUE	FALSE	FALSE
CHST2	TRUE	FALSE	FALSE
RILPL2	TRUE	FALSE	FALSE
NTN3	TRUE	FALSE	FALSE
ZBTB25	TRUE	FALSE	FALSE
ANXA2R	TRUE	FALSE	FALSE
SPTBN4	TRUE	FALSE	FALSE
SNX15	TRUE	FALSE	FALSE
C15orf40	TRUE	FALSE	FALSE
NFE2	TRUE	FALSE	FALSE
STX2	TRUE	FALSE	FALSE
FUNDC1	TRUE	FALSE	FALSE
STK17B	TRUE	TRUE	FALSE
POGLUT1	TRUE	FALSE	FALSE
IRF2BPL	TRUE	FALSE	FALSE
MPP1	TRUE	FALSE	FALSE
ZNF720	TRUE	FALSE	FALSE
BAHCC1	TRUE	FALSE	FALSE
TRIM24	TRUE	FALSE	FALSE
HARBI1	TRUE	FALSE	FALSE
TPMT	TRUE	FALSE	FALSE
RIOK3	TRUE	FALSE	FALSE
GMPPA	TRUE	FALSE	FALSE
SNX25	TRUE	FALSE	FALSE
MBTPS2	TRUE	FALSE	FALSE
LIN7B	TRUE	FALSE	FALSE
CD63	TRUE	TRUE	FALSE
VEZT	TRUE	TRUE	FALSE
STRN3	TRUE	TRUE	FALSE
FBXO11	TRUE	FALSE	FALSE
WDR26	TRUE	FALSE	FALSE
CRLS1	TRUE	FALSE	FALSE
LRCOL1	TRUE	FALSE	FALSE
ITPKA	TRUE	FALSE	FALSE
NUP107	TRUE	TRUE	FALSE
ATAD3B	TRUE	FALSE	FALSE
OR2V1	TRUE	FALSE	FALSE
ANKMY2	TRUE	FALSE	FALSE
MRPS18C	TRUE	FALSE	FALSE
NEUROG2	TRUE	FALSE	FALSE
SLC26A11	TRUE	FALSE	FALSE
ZNF197	TRUE	FALSE	FALSE
MAGIX	TRUE	FALSE	FALSE
11-Sep	TRUE	FALSE	FALSE
WAPL	TRUE	FALSE	FALSE
EXD1	TRUE	FALSE	FALSE
DDX6	TRUE	FALSE	FALSE
FRMPD1	TRUE	FALSE	FALSE
CSDE1	TRUE	FALSE	FALSE
SH2D6	TRUE	FALSE	FALSE
TMEM74B	TRUE	FALSE	FALSE
FKBP7	TRUE	FALSE	FALSE
PCMTD2	TRUE	FALSE	FALSE
THAP5	TRUE	FALSE	FALSE
HBP1	TRUE	FALSE	FALSE
MMP12	TRUE	FALSE	FALSE
NKX6-1	TRUE	FALSE	FALSE
RNF125	TRUE	FALSE	FALSE
CALD1	TRUE	FALSE	FALSE
NAA35	TRUE	FALSE	FALSE
REEP5	TRUE	FALSE	TRUE
EMILIN1	TRUE	FALSE	FALSE
WHRN	TRUE	FALSE	FALSE
NADK	TRUE	FALSE	FALSE
FAIM	TRUE	FALSE	FALSE
SLC30A3	TRUE	FALSE	FALSE
LKAAEAR1	TRUE	FALSE	FALSE
EFNA4	TRUE	FALSE	FALSE
UBE2K	TRUE	FALSE	FALSE
FN3K	TRUE	FALSE	FALSE
TAF10	TRUE	FALSE	FALSE
NBPF12	TRUE	FALSE	FALSE
ZNF343	TRUE	FALSE	FALSE
KDM3A	TRUE	FALSE	FALSE
KCNN2	TRUE	FALSE	FALSE
PPM1M	TRUE	FALSE	FALSE
SHH	TRUE	FALSE	FALSE
WSB1	TRUE	FALSE	FALSE
C11orf95	TRUE	FALSE	FALSE
PRCC	TRUE	FALSE	FALSE
PDIK1L	TRUE	FALSE	FALSE
OTOF	TRUE	FALSE	FALSE
PP2D1	TRUE	FALSE	FALSE
PRKAR1A	TRUE	FALSE	FALSE
KBTBD2	TRUE	FALSE	FALSE
PRR34	TRUE	FALSE	FALSE
GATM	TRUE	TRUE	FALSE
SMDT1	TRUE	FALSE	TRUE
KPNA5	TRUE	FALSE	FALSE
C10orf35	TRUE	FALSE	FALSE
KRBA2	TRUE	FALSE	FALSE
ETFBKMT	TRUE	FALSE	FALSE
IDI2	TRUE	FALSE	FALSE
TMEM35B	TRUE	FALSE	FALSE
EIF5A2	TRUE	FALSE	FALSE
CYB5R1	TRUE	TRUE	FALSE
VPS13B	TRUE	FALSE	FALSE
TAMM41	TRUE	FALSE	FALSE
RGS16	TRUE	TRUE	FALSE
CTXN1	TRUE	FALSE	FALSE
RFNG	TRUE	FALSE	FALSE
TET2	TRUE	FALSE	FALSE
NFYB	TRUE	TRUE	FALSE
SCAP	TRUE	FALSE	FALSE
IMPA1	TRUE	FALSE	FALSE
RNF19A	TRUE	FALSE	FALSE
PRKD1	TRUE	TRUE	FALSE
PIP5KL1	TRUE	FALSE	FALSE
PXK	TRUE	TRUE	FALSE
ARMT1	TRUE	FALSE	FALSE
FBXO2	TRUE	FALSE	FALSE
XKR9	TRUE	FALSE	FALSE
ELL	TRUE	FALSE	FALSE
TBCB	TRUE	FALSE	TRUE
ISCA1	TRUE	FALSE	FALSE
GPR161	TRUE	FALSE	FALSE
AMT	TRUE	FALSE	FALSE
NUCB2	TRUE	FALSE	FALSE
FDX1L	TRUE	FALSE	FALSE
GLCCI1	TRUE	TRUE	FALSE
COX6C	TRUE	FALSE	FALSE
ARL16	TRUE	FALSE	FALSE
AGAP4	TRUE	FALSE	FALSE
ZNF597	TRUE	FALSE	FALSE
CEP63	TRUE	FALSE	FALSE
NKX2-8	TRUE	FALSE	FALSE
ARL13B	TRUE	FALSE	FALSE
SCYL3	TRUE	FALSE	FALSE
GOLGA8J	TRUE	FALSE	FALSE
ZNF749	TRUE	FALSE	FALSE
PRPF18	TRUE	TRUE	FALSE
NICN1	TRUE	FALSE	FALSE
NPHP3	TRUE	FALSE	FALSE
ZCCHC10	TRUE	FALSE	FALSE
USP3	TRUE	FALSE	FALSE
LMTK3	TRUE	FALSE	FALSE
STAC3	TRUE	FALSE	FALSE
DNAJC16	TRUE	FALSE	FALSE
ATXN7L1	TRUE	FALSE	FALSE
XPA	TRUE	FALSE	FALSE
ZNF362	TRUE	FALSE	FALSE
RIOK2	TRUE	FALSE	FALSE
CYHR1	TRUE	FALSE	FALSE
PMP22	TRUE	TRUE	FALSE
ZNF461	TRUE	FALSE	FALSE
DNASE1L2	TRUE	FALSE	FALSE
LRRC23	TRUE	FALSE	TRUE
RNF7	TRUE	FALSE	FALSE
KDM4B	TRUE	FALSE	FALSE
CHAC2	TRUE	FALSE	FALSE
ORMDL1	TRUE	FALSE	FALSE
MICA	TRUE	FALSE	FALSE
KDM5C	TRUE	FALSE	FALSE
MSL2	TRUE	FALSE	FALSE
TMCC1	TRUE	FALSE	FALSE
PAK2	TRUE	FALSE	FALSE
YKT6	TRUE	FALSE	FALSE
GPR137	TRUE	FALSE	FALSE
CDK20	TRUE	FALSE	FALSE
EDEM3	TRUE	TRUE	FALSE
CRTC1	TRUE	FALSE	FALSE
NCK1	TRUE	FALSE	FALSE
C14orf2	TRUE	FALSE	FALSE
IPO13	TRUE	FALSE	FALSE
NTN1	TRUE	FALSE	TRUE
ZNF846	TRUE	FALSE	FALSE
DOK3	TRUE	FALSE	FALSE
EOMES	TRUE	FALSE	FALSE
MED13	TRUE	FALSE	FALSE
ST6GALNAC4	TRUE	FALSE	FALSE
FAR2	TRUE	TRUE	TRUE
NUCKS1	TRUE	TRUE	FALSE
FAAP20	TRUE	FALSE	FALSE
LBX1	TRUE	FALSE	FALSE
SEMA4F	TRUE	FALSE	FALSE
CNIH3	TRUE	TRUE	FALSE
IFI30	TRUE	TRUE	FALSE
ZC3H7B	TRUE	FALSE	FALSE
PHF3	TRUE	FALSE	FALSE
COQ10B	TRUE	FALSE	FALSE
TMSB15B	TRUE	FALSE	FALSE
ZC3HC1	TRUE	FALSE	FALSE
ZNF74	TRUE	FALSE	FALSE
KCTD15	TRUE	FALSE	FALSE
GFPT1	TRUE	TRUE	FALSE
MKLN1	TRUE	FALSE	FALSE
ADPRM	TRUE	FALSE	FALSE
ZNF606	TRUE	FALSE	FALSE
BDH2	TRUE	FALSE	FALSE
ETV3	TRUE	FALSE	FALSE
HLA-C	TRUE	FALSE	FALSE
GOLGA8A	TRUE	FALSE	FALSE
ATAD1	TRUE	FALSE	FALSE
SPATA6L	TRUE	TRUE	FALSE
C19orf45	TRUE	FALSE	FALSE
OR1F1	TRUE	FALSE	FALSE
MT1B	TRUE	FALSE	FALSE
C9orf43	TRUE	FALSE	FALSE
ZUFSP	TRUE	FALSE	FALSE
FNTA	TRUE	FALSE	FALSE
ASB5	TRUE	FALSE	FALSE
SCAMP4	TRUE	FALSE	FALSE
DEAF1	TRUE	FALSE	FALSE
ECI1	TRUE	FALSE	FALSE
SLC4A2	TRUE	FALSE	FALSE
CRMP1	TRUE	FALSE	FALSE
ERCC4	TRUE	FALSE	FALSE
LONP1	TRUE	FALSE	FALSE
GPX4	TRUE	FALSE	FALSE
GRIK2	TRUE	FALSE	FALSE
CCR1	TRUE	FALSE	FALSE
DNAJC12	TRUE	FALSE	FALSE
STRN4	TRUE	FALSE	FALSE
S1PR2	TRUE	FALSE	FALSE
MPC1	TRUE	FALSE	FALSE
ZNF764	TRUE	FALSE	FALSE
PLA2G4A	TRUE	TRUE	FALSE
ECT2	TRUE	TRUE	TRUE
CACNG6	TRUE	TRUE	FALSE
ADAP2	TRUE	FALSE	FALSE
STRBP	TRUE	FALSE	FALSE
ALCAM	TRUE	FALSE	FALSE
RIPK1	TRUE	FALSE	FALSE
SLC35E4	TRUE	FALSE	FALSE
GOLGA8B	TRUE	FALSE	FALSE
COPS5	TRUE	FALSE	FALSE
C6orf48	TRUE	FALSE	FALSE
NEIL1	TRUE	FALSE	FALSE
SYNC	TRUE	FALSE	FALSE
ZNF354A	TRUE	FALSE	FALSE
ANKRD46	TRUE	TRUE	FALSE
MEX3D	TRUE	FALSE	FALSE
APOO	TRUE	FALSE	FALSE
DMXL1	TRUE	FALSE	FALSE
REEP3	TRUE	FALSE	FALSE
SP9	TRUE	FALSE	FALSE
ABI2	TRUE	FALSE	FALSE
FCHSD1	TRUE	FALSE	FALSE
ATMIN	TRUE	FALSE	FALSE
C6orf226	TRUE	FALSE	FALSE
PNRC1	TRUE	FALSE	FALSE
ELAC1	TRUE	FALSE	FALSE
KMT2E	TRUE	FALSE	FALSE
METTL25	TRUE	FALSE	FALSE
LAG3	TRUE	FALSE	FALSE
TMEM121	TRUE	FALSE	FALSE
ZSWIM8	TRUE	FALSE	FALSE
FAM45A	TRUE	FALSE	FALSE
ZNF444	TRUE	FALSE	FALSE
DHRS11	TRUE	FALSE	FALSE
ZNHIT6	TRUE	TRUE	FALSE
CFAP221	TRUE	FALSE	FALSE
AASDHPPT	TRUE	FALSE	FALSE
METTL21A	TRUE	FALSE	FALSE
SSX2IP	TRUE	TRUE	FALSE
IFT81	TRUE	FALSE	FALSE
CHORDC1	TRUE	TRUE	FALSE
ZNF713	TRUE	FALSE	FALSE
PIK3C2A	TRUE	FALSE	FALSE
RNF11	TRUE	FALSE	FALSE
FAM175A	TRUE	FALSE	FALSE
PPFIA3	TRUE	FALSE	FALSE
TMEM110	TRUE	FALSE	FALSE
RSPH3	TRUE	FALSE	FALSE
TBC1D10C	TRUE	FALSE	FALSE
BBS5	TRUE	FALSE	FALSE
FAM200A	TRUE	FALSE	FALSE
ZNF580	TRUE	FALSE	FALSE
HAGH	TRUE	FALSE	FALSE
JPH2	TRUE	FALSE	FALSE
FTCD	TRUE	FALSE	FALSE
GSTM2	TRUE	FALSE	FALSE
ZNF281	TRUE	FALSE	FALSE
RPP30	TRUE	FALSE	FALSE
HIST1H3E	TRUE	FALSE	FALSE
MOB1A	TRUE	FALSE	FALSE
GTPBP10	TRUE	FALSE	FALSE
ATP6V1D	TRUE	FALSE	FALSE
TARS	TRUE	FALSE	FALSE
GPR143	TRUE	FALSE	FALSE
UQCRB	TRUE	FALSE	FALSE
KCTD13	TRUE	FALSE	FALSE
TBC1D32	TRUE	FALSE	FALSE
TMEM167A	TRUE	FALSE	FALSE
C11orf54	TRUE	FALSE	FALSE
AGTPBP1	TRUE	FALSE	FALSE
EVA1B	TRUE	FALSE	FALSE
LIN7C	TRUE	FALSE	FALSE
C18orf65	TRUE	FALSE	FALSE
SPNS1	TRUE	FALSE	FALSE
ZNF766	TRUE	FALSE	FALSE
SETD3	TRUE	FALSE	FALSE
BRICD5	TRUE	FALSE	FALSE
MRPL42	TRUE	TRUE	FALSE
CHCHD10	TRUE	FALSE	FALSE
KHDRBS3	TRUE	FALSE	TRUE
SIRT4	TRUE	FALSE	FALSE
FAM69A	TRUE	FALSE	FALSE
CLCF1	TRUE	TRUE	FALSE
ATF1	TRUE	TRUE	FALSE
C7orf26	TRUE	FALSE	FALSE
LPXN	TRUE	FALSE	FALSE
PGF	TRUE	FALSE	FALSE
CCNT1	TRUE	TRUE	FALSE
TRAK2	TRUE	FALSE	FALSE
ZNF14	TRUE	FALSE	FALSE
RAD21L1	TRUE	FALSE	FALSE
HELB	TRUE	FALSE	FALSE
ZFAND2A	TRUE	FALSE	FALSE
TUBB2A	TRUE	FALSE	FALSE
KPNA4	TRUE	FALSE	FALSE
UBA3	TRUE	FALSE	FALSE
UBE2G1	TRUE	FALSE	FALSE
CTSW	TRUE	FALSE	FALSE
FOXJ3	TRUE	FALSE	FALSE
YIPF1	TRUE	FALSE	FALSE
ZNF222	TRUE	FALSE	FALSE
TWSG1	TRUE	TRUE	TRUE
CGB7	TRUE	FALSE	FALSE
RANGRF	TRUE	FALSE	FALSE
ZNF575	TRUE	FALSE	FALSE
SPATA6	TRUE	FALSE	FALSE
KIF18A	TRUE	FALSE	FALSE
LOC100996693	TRUE	FALSE	FALSE
SAXO2	TRUE	FALSE	FALSE
CRYZL1	TRUE	FALSE	FALSE
GTF3A	TRUE	FALSE	FALSE
ZMYM4	TRUE	FALSE	FALSE
GTF2H2C	TRUE	FALSE	FALSE
LOC728485	TRUE	FALSE	FALSE
DIAPH2	TRUE	TRUE	FALSE
ATAD2B	TRUE	TRUE	FALSE
TAS2R19	TRUE	FALSE	FALSE
FAM220A	TRUE	FALSE	FALSE
HSF2	TRUE	FALSE	FALSE
SERPING1	TRUE	TRUE	FALSE
KHNYN	TRUE	TRUE	FALSE
WNT2B	TRUE	TRUE	FALSE
INSL3	TRUE	FALSE	FALSE
FOXO6	TRUE	FALSE	FALSE
CPNE5	TRUE	FALSE	FALSE
CLEC4A	TRUE	FALSE	FALSE
LST1	TRUE	FALSE	FALSE
FAHD2A	TRUE	FALSE	FALSE
CPSF2	TRUE	TRUE	FALSE
ZKSCAN8	TRUE	FALSE	FALSE
GLMN	TRUE	TRUE	FALSE
CCDC121	TRUE	FALSE	FALSE
NRAS	TRUE	FALSE	FALSE
PNCK	TRUE	FALSE	FALSE
OAF	TRUE	FALSE	FALSE
AOC2	TRUE	FALSE	FALSE
ZFP2	TRUE	FALSE	FALSE
NPW	TRUE	FALSE	FALSE
TMEM56	TRUE	FALSE	FALSE
ZNF775	TRUE	FALSE	FALSE
C9orf40	TRUE	TRUE	FALSE
PARP16	TRUE	FALSE	FALSE
VMAC	TRUE	FALSE	FALSE
STAM2	TRUE	FALSE	FALSE
SRP72	TRUE	FALSE	FALSE
ETHE1	TRUE	FALSE	FALSE
ART5	TRUE	FALSE	FALSE
MYPOP	TRUE	FALSE	FALSE
TNF	TRUE	TRUE	FALSE
RCOR3	TRUE	TRUE	FALSE
RAP1GDS1	TRUE	FALSE	FALSE
APPL1	TRUE	FALSE	FALSE
HECTD2	TRUE	FALSE	FALSE
TMEM190	TRUE	FALSE	FALSE
INCA1	TRUE	FALSE	FALSE
HSD17B10	TRUE	FALSE	FALSE
CHMP4C	TRUE	FALSE	FALSE
IFI27L2	TRUE	FALSE	FALSE
METTL15	TRUE	FALSE	FALSE
SLC35A3	TRUE	TRUE	FALSE
AK6	TRUE	FALSE	FALSE
ZBED6	TRUE	TRUE	FALSE
HINT1	TRUE	FALSE	FALSE
DGCR6	TRUE	FALSE	FALSE
EEPD1	TRUE	FALSE	FALSE
F10	TRUE	FALSE	FALSE
ZSCAN21	TRUE	FALSE	FALSE
PPP1R1A	TRUE	FALSE	FALSE
COX6B2	TRUE	FALSE	FALSE
TAF3	TRUE	TRUE	FALSE
ZNF879	TRUE	FALSE	FALSE
MAP6D1	TRUE	FALSE	FALSE
PTBP3	TRUE	FALSE	FALSE
ARHGEF25	TRUE	FALSE	FALSE
TAL2	TRUE	FALSE	FALSE
TLR6	TRUE	TRUE	FALSE
PHC3	TRUE	FALSE	FALSE
DOK1	TRUE	FALSE	FALSE
RFTN1	TRUE	FALSE	FALSE
RFPL2	TRUE	FALSE	FALSE
ZNF746	TRUE	FALSE	FALSE
KCNRG	TRUE	FALSE	FALSE
ST7	TRUE	FALSE	FALSE
ZNF613	TRUE	FALSE	FALSE
WAS	TRUE	FALSE	FALSE
MYNN	TRUE	FALSE	FALSE
TRMT1	TRUE	FALSE	FALSE
DCP1A	TRUE	FALSE	FALSE
FGD6	TRUE	TRUE	FALSE
UBE2M	TRUE	FALSE	TRUE
SLC39A3	TRUE	FALSE	FALSE
LRIF1	TRUE	TRUE	FALSE
UTP15	TRUE	FALSE	FALSE
RPS19BP1	TRUE	FALSE	FALSE
EAF2	TRUE	FALSE	FALSE
ZNF566	TRUE	FALSE	FALSE
TYRO3	TRUE	FALSE	FALSE
GABRD	TRUE	FALSE	FALSE
PGBD4	TRUE	FALSE	FALSE
PHTF1	TRUE	TRUE	FALSE
RPL9	TRUE	FALSE	FALSE
CALCOCO2	TRUE	FALSE	FALSE
ARL8A	TRUE	FALSE	FALSE
SCAPER	TRUE	FALSE	FALSE
CAMK2N2	TRUE	FALSE	FALSE
GNB3	TRUE	FALSE	TRUE
IKBKE	TRUE	FALSE	FALSE
AK3	TRUE	TRUE	FALSE
TMEM207	TRUE	FALSE	FALSE
ZMAT5	TRUE	FALSE	FALSE
SMPD2	TRUE	FALSE	FALSE
FAM166B	TRUE	FALSE	FALSE
MALSU1	TRUE	FALSE	FALSE
FAM204A	TRUE	FALSE	FALSE
EIF2AK3	TRUE	TRUE	FALSE
RND1	TRUE	FALSE	FALSE
WDR81	TRUE	FALSE	FALSE
VTA1	TRUE	FALSE	FALSE
STK32C	TRUE	FALSE	FALSE
OLA1	TRUE	FALSE	FALSE
EN1	TRUE	FALSE	FALSE
PPT2	TRUE	FALSE	FALSE
MXI1	TRUE	FALSE	TRUE
KYAT3	TRUE	TRUE	FALSE
C19orf60	TRUE	FALSE	FALSE
STAG2	TRUE	TRUE	FALSE
PPP6R1	TRUE	FALSE	FALSE
HCFC1R1	TRUE	FALSE	TRUE
TRMT10A	TRUE	FALSE	FALSE
SLC16A8	TRUE	FALSE	FALSE
EVC	TRUE	FALSE	FALSE
RABGAP1L	TRUE	TRUE	FALSE
ZFYVE16	TRUE	FALSE	FALSE
RCOR1	TRUE	TRUE	FALSE
DLD	TRUE	FALSE	FALSE
TMED5	TRUE	TRUE	FALSE
OR2W3	TRUE	FALSE	FALSE
HDHD3	TRUE	FALSE	FALSE
C17orf62	TRUE	FALSE	FALSE
IFT46	TRUE	TRUE	FALSE
C17orf58	TRUE	FALSE	FALSE
SGCB	TRUE	TRUE	FALSE
RAB3A	TRUE	FALSE	FALSE
SMO	TRUE	FALSE	TRUE
NOP58	TRUE	FALSE	FALSE
IFNAR2	TRUE	FALSE	FALSE
PLCXD1	TRUE	FALSE	FALSE
STT3B	TRUE	FALSE	TRUE
AMH	TRUE	FALSE	FALSE
LURAP1L	TRUE	TRUE	FALSE
CSPG5	TRUE	FALSE	FALSE
LZTS2	TRUE	FALSE	FALSE
SUPT5H	TRUE	FALSE	FALSE
ZNF579	TRUE	FALSE	FALSE
BAG6	TRUE	FALSE	FALSE
ZNF700	TRUE	FALSE	FALSE
ZCCHC9	TRUE	FALSE	FALSE
DIO1	TRUE	FALSE	FALSE
GAL3ST2	TRUE	FALSE	FALSE
LMO2	TRUE	FALSE	FALSE
TERF1	TRUE	FALSE	FALSE
DESI2	TRUE	TRUE	FALSE
C2orf42	TRUE	FALSE	FALSE
FAM179A	TRUE	FALSE	FALSE
FICD	TRUE	FALSE	FALSE
YTHDF3	TRUE	FALSE	FALSE
C2orf82	TRUE	FALSE	FALSE
EIF3J	TRUE	FALSE	FALSE
NSA2	TRUE	FALSE	FALSE
NDUFA1	TRUE	FALSE	FALSE
PKD1L2	TRUE	FALSE	FALSE
TMEM168	TRUE	FALSE	FALSE
PAPOLG	TRUE	FALSE	FALSE
STYX	TRUE	FALSE	FALSE
TAS2R5	TRUE	FALSE	FALSE
PSENEN	TRUE	FALSE	FALSE
GPR160	TRUE	FALSE	TRUE
SGSM2	TRUE	FALSE	FALSE
ARL8B	TRUE	FALSE	FALSE
DPYD	TRUE	FALSE	FALSE
SMCHD1	TRUE	FALSE	FALSE
UACA	TRUE	FALSE	FALSE
TTC27	TRUE	FALSE	FALSE
ZC3H14	TRUE	FALSE	FALSE
ATP6V1C1	TRUE	FALSE	FALSE
VARS	TRUE	FALSE	FALSE
GTF2H2	TRUE	FALSE	FALSE
WFS1	TRUE	FALSE	TRUE
ZCCHC11	TRUE	FALSE	FALSE
NDUFB1	TRUE	FALSE	FALSE
ORC2	TRUE	FALSE	FALSE
NHLRC2	TRUE	FALSE	FALSE
BLVRB	TRUE	FALSE	FALSE
CYTH1	TRUE	FALSE	FALSE
HOOK3	TRUE	FALSE	FALSE
PCGF2	TRUE	FALSE	FALSE
HINFP	TRUE	FALSE	FALSE
NT5M	TRUE	FALSE	FALSE
SLC35C1	TRUE	FALSE	FALSE
UBE2Q2L	TRUE	FALSE	FALSE
LRP5L	TRUE	FALSE	FALSE
ZNF616	TRUE	FALSE	FALSE
DCDC2B	TRUE	FALSE	FALSE
BBS7	TRUE	FALSE	FALSE
RNASEK	TRUE	FALSE	FALSE
CTTNBP2NL	TRUE	FALSE	FALSE
DMC1	TRUE	TRUE	FALSE
NOC4L	TRUE	FALSE	FALSE
SEC62	TRUE	FALSE	FALSE
NEK1	TRUE	FALSE	FALSE
PMVK	TRUE	FALSE	FALSE
AAED1	TRUE	FALSE	FALSE
SKAP1	TRUE	TRUE	FALSE
FLOT1	TRUE	FALSE	TRUE
LVRN	TRUE	FALSE	FALSE
PIM1	TRUE	FALSE	FALSE
CYP2E1	TRUE	FALSE	FALSE
TBCA	TRUE	FALSE	FALSE
DUSP19	TRUE	FALSE	FALSE
KRTCAP3	TRUE	TRUE	TRUE
ITM2C	TRUE	FALSE	TRUE
SIX5	TRUE	FALSE	FALSE
LRRC75B	TRUE	FALSE	FALSE
ZNF709	TRUE	FALSE	FALSE
HES4	TRUE	FALSE	FALSE
UBE2W	TRUE	FALSE	FALSE
MSMP	TRUE	FALSE	FALSE
LRRC37B	TRUE	FALSE	FALSE
NSMAF	TRUE	FALSE	FALSE
JAK2	TRUE	TRUE	FALSE
PRSS27	TRUE	FALSE	FALSE
RHBDD3	TRUE	FALSE	FALSE
TOR2A	TRUE	FALSE	FALSE
KLC2	TRUE	FALSE	FALSE
SFT2D2	TRUE	FALSE	FALSE
RAD52	TRUE	TRUE	FALSE
KLHL25	TRUE	FALSE	FALSE
PPID	TRUE	FALSE	FALSE
BBS10	TRUE	FALSE	FALSE
SCAF11	TRUE	TRUE	FALSE
CATSPER3	TRUE	FALSE	FALSE
POC5	TRUE	FALSE	FALSE
SH2B2	TRUE	FALSE	FALSE
HPF1	TRUE	FALSE	FALSE
RBBP8	TRUE	TRUE	FALSE
USP13	TRUE	TRUE	FALSE
CDK17	TRUE	FALSE	FALSE
TMEM191C	TRUE	FALSE	FALSE
FAM132A	TRUE	FALSE	FALSE
LRP3	TRUE	FALSE	TRUE
DVL2	TRUE	FALSE	FALSE
NR2C1	TRUE	FALSE	FALSE
TMEM133	TRUE	FALSE	FALSE
KLRC3	TRUE	FALSE	FALSE
SLC10A5	TRUE	FALSE	FALSE
NECAB2	TRUE	FALSE	FALSE
DOCK11	TRUE	FALSE	FALSE
ZBTB37	TRUE	FALSE	FALSE
ZBTB1	TRUE	FALSE	FALSE
ATL2	TRUE	FALSE	TRUE
KLK15	TRUE	FALSE	FALSE
RASSF9	TRUE	TRUE	FALSE
RNF208	TRUE	FALSE	FALSE
PNPLA8	TRUE	FALSE	FALSE
CHIC1	TRUE	TRUE	FALSE
CEP112	TRUE	FALSE	FALSE
HLA-DMB	TRUE	FALSE	FALSE
LYSMD3	TRUE	FALSE	FALSE
YIPF6	TRUE	TRUE	FALSE
NFAT5	TRUE	FALSE	FALSE
ZMPSTE24	TRUE	FALSE	TRUE
ERP44	TRUE	FALSE	FALSE
BTG3	TRUE	FALSE	FALSE
ZNF571	TRUE	FALSE	FALSE
DNAJB9	TRUE	FALSE	FALSE
CCNH	TRUE	FALSE	TRUE
SEC11C	TRUE	FALSE	TRUE
LDLRAD3	TRUE	FALSE	FALSE
MORN3	TRUE	FALSE	FALSE
TBC1D15	TRUE	FALSE	FALSE
APC	TRUE	FALSE	FALSE
CNOT4	TRUE	FALSE	FALSE
ZNF280C	TRUE	TRUE	FALSE
BCL3	TRUE	FALSE	FALSE
HPDL	TRUE	FALSE	TRUE
PPP4R2	TRUE	FALSE	FALSE
FAM169A	TRUE	FALSE	FALSE
CLN3	TRUE	FALSE	TRUE
TLK1	TRUE	FALSE	FALSE
NME7	TRUE	FALSE	FALSE
PATL2	TRUE	FALSE	FALSE
TTLL3	TRUE	FALSE	FALSE
SCT	TRUE	FALSE	FALSE
ANKRD16	TRUE	FALSE	FALSE
RPP40	TRUE	FALSE	FALSE
TPSG1	TRUE	FALSE	FALSE
CABP1	TRUE	FALSE	FALSE
POLR3K	TRUE	FALSE	FALSE
ECE1	TRUE	FALSE	FALSE
TSTD3	TRUE	FALSE	FALSE
CCDC150	TRUE	FALSE	FALSE
FNBP1L	TRUE	FALSE	FALSE
MRPL24	TRUE	FALSE	FALSE
SMPDL3A	TRUE	FALSE	TRUE
USP25	TRUE	FALSE	FALSE
RNF187	TRUE	FALSE	FALSE
TSACC	TRUE	FALSE	FALSE
SUPT3H	TRUE	FALSE	FALSE
KIAA1586	TRUE	FALSE	FALSE
ERFE	TRUE	FALSE	FALSE
POMT1	TRUE	FALSE	FALSE
ABCB6	TRUE	FALSE	FALSE
GPR153	TRUE	FALSE	FALSE
MED14	TRUE	FALSE	FALSE
TMEM132A	TRUE	FALSE	FALSE
DDX21	TRUE	TRUE	FALSE
GPR157	TRUE	FALSE	FALSE
CBARP	TRUE	FALSE	FALSE
SEC61G	TRUE	FALSE	FALSE
STXBP3	TRUE	TRUE	FALSE
FOXD1	TRUE	FALSE	FALSE
CCDC66	TRUE	FALSE	FALSE
TRIM33	TRUE	FALSE	FALSE
CMC1	TRUE	FALSE	FALSE
ESCO1	TRUE	FALSE	FALSE
MAFK	TRUE	FALSE	FALSE
MIER1	TRUE	FALSE	FALSE
PLEKHA3	TRUE	FALSE	FALSE
FNBP4	TRUE	TRUE	FALSE
FBRS	TRUE	FALSE	FALSE
TSSK3	TRUE	FALSE	FALSE
HIST1H3D	TRUE	FALSE	FALSE
ZBTB21	TRUE	FALSE	FALSE
FAM58A	TRUE	FALSE	FALSE
QSER1	TRUE	FALSE	FALSE
PDCD6IP	TRUE	FALSE	FALSE
10-Sep	TRUE	FALSE	FALSE
CCDC192	TRUE	FALSE	FALSE
LEPROTL1	TRUE	FALSE	FALSE
ZNF419	TRUE	TRUE	FALSE
SGK2	TRUE	FALSE	FALSE
C1orf27	TRUE	FALSE	FALSE
MISP3	TRUE	FALSE	FALSE
DHDH	TRUE	FALSE	FALSE
TMEM55B	TRUE	FALSE	FALSE
ZBTB41	TRUE	TRUE	FALSE
CIRBP	TRUE	FALSE	FALSE
FOXD2	TRUE	FALSE	FALSE
PLPPR2	TRUE	FALSE	FALSE
EIF4EBP3	TRUE	FALSE	FALSE
ATG10	TRUE	FALSE	FALSE
MIA2	TRUE	TRUE	FALSE
ASH1L	TRUE	FALSE	FALSE
SLC8B1	TRUE	TRUE	FALSE
C8orf58	TRUE	FALSE	FALSE
C4orf48	TRUE	FALSE	TRUE
FIZ1	TRUE	FALSE	FALSE
UPF2	TRUE	FALSE	FALSE
ETV4	TRUE	FALSE	FALSE
TMEM209	TRUE	FALSE	FALSE
RNF13	TRUE	FALSE	FALSE
EGLN2	TRUE	FALSE	FALSE
ZNF577	TRUE	FALSE	FALSE
N4BP2	TRUE	FALSE	FALSE
NR1I3	TRUE	FALSE	FALSE
HSPA4L	TRUE	TRUE	FALSE
YY2	TRUE	FALSE	FALSE
CRELD1	TRUE	FALSE	FALSE
CBX2	TRUE	FALSE	FALSE
DYNLT3	TRUE	FALSE	FALSE
WDR35	TRUE	FALSE	FALSE
MCTS1	TRUE	FALSE	FALSE
ARRDC3	TRUE	FALSE	TRUE
UHRF1BP1L	TRUE	FALSE	FALSE
MYL7	TRUE	FALSE	FALSE
MDP1	TRUE	FALSE	FALSE
DNAJC13	TRUE	FALSE	FALSE
MAZ	TRUE	FALSE	TRUE
DPM3	TRUE	FALSE	FALSE
LARP4	TRUE	TRUE	FALSE
HSPB3	TRUE	FALSE	FALSE
FOXP4	TRUE	FALSE	FALSE
PJA2	TRUE	FALSE	FALSE
ELK1	TRUE	FALSE	FALSE
VTN	TRUE	FALSE	FALSE
WASHC4	TRUE	TRUE	FALSE
ALG13	TRUE	TRUE	FALSE
MMD	TRUE	FALSE	FALSE
RELL1	TRUE	FALSE	FALSE
EME2	TRUE	FALSE	FALSE
RFXANK	TRUE	FALSE	FALSE
SLC39A7	TRUE	FALSE	FALSE
FBXO24	TRUE	FALSE	FALSE
POLR2K	TRUE	FALSE	FALSE
AP5Z1	TRUE	FALSE	FALSE
TIMM44	TRUE	FALSE	FALSE
PLS1	TRUE	FALSE	FALSE
SH3BGRL2	TRUE	FALSE	FALSE
FAM213B	TRUE	FALSE	FALSE
AAMDC	TRUE	FALSE	FALSE
MARK4	TRUE	FALSE	FALSE
TMEM210	TRUE	FALSE	FALSE
UBE2A	TRUE	FALSE	FALSE
ACADS	TRUE	FALSE	FALSE
ZNF451	TRUE	FALSE	FALSE
TAS2R43	TRUE	FALSE	FALSE
C5orf34	TRUE	FALSE	FALSE
MRPL34	TRUE	FALSE	FALSE
PPP2R3A	TRUE	FALSE	FALSE
MRPS12	TRUE	FALSE	FALSE
GMFB	TRUE	FALSE	FALSE
KCNK13	TRUE	FALSE	FALSE
EPB41L5	TRUE	FALSE	FALSE
UBE2Q2	TRUE	FALSE	FALSE
CCZ1	TRUE	FALSE	FALSE
AES	TRUE	FALSE	FALSE
TRAPPC2	TRUE	FALSE	FALSE
C1GALT1	TRUE	FALSE	FALSE
ICK	TRUE	FALSE	FALSE
AP3M1	TRUE	FALSE	FALSE
DCUN1D1	TRUE	FALSE	FALSE
ZNF8	TRUE	FALSE	FALSE
NCKAP1	TRUE	FALSE	FALSE
CCDC181	TRUE	FALSE	FALSE
ZFP37	TRUE	FALSE	FALSE
SYTL2	TRUE	TRUE	FALSE
OCIAD1	TRUE	TRUE	FALSE
MAFF	TRUE	FALSE	FALSE
SLC38A9	TRUE	FALSE	FALSE
MED26	TRUE	FALSE	FALSE
NKIRAS1	TRUE	FALSE	FALSE
SNRPB2	TRUE	TRUE	FALSE
ZNF510	TRUE	FALSE	FALSE
CHD1	TRUE	FALSE	FALSE
VSTM1	TRUE	TRUE	FALSE
ARHGAP12	TRUE	FALSE	FALSE
SLC6A8	TRUE	FALSE	FALSE
TBL1XR1	TRUE	TRUE	FALSE
CRIP1	TRUE	FALSE	TRUE
NAGK	TRUE	FALSE	FALSE
VASP	TRUE	FALSE	FALSE
PITX3	TRUE	FALSE	FALSE
CUL4B	TRUE	FALSE	FALSE
ZNF438	TRUE	TRUE	FALSE
FLCN	TRUE	FALSE	FALSE
DZIP3	TRUE	FALSE	FALSE
RPAP2	TRUE	TRUE	FALSE
C12orf57	TRUE	FALSE	TRUE
POLR3F	TRUE	FALSE	FALSE
APOOL	TRUE	TRUE	FALSE
SKA1	TRUE	FALSE	FALSE
ZDHHC24	TRUE	FALSE	FALSE
SAP25	TRUE	FALSE	TRUE
GRIK5	TRUE	FALSE	TRUE
ATG4A	TRUE	TRUE	FALSE
CCNT2	TRUE	FALSE	FALSE
RALGPS2	TRUE	TRUE	FALSE
ZNF614	TRUE	FALSE	FALSE
ENTPD8	TRUE	FALSE	FALSE
CAPN7	TRUE	FALSE	FALSE
S100A5	TRUE	FALSE	FALSE
CDIPT	TRUE	FALSE	FALSE
TFR2	TRUE	TRUE	FALSE
HRAS	TRUE	FALSE	FALSE
GNAQ	TRUE	TRUE	TRUE
METRN	TRUE	FALSE	TRUE
ARHGDIA	TRUE	FALSE	FALSE
PPP2R5C	TRUE	FALSE	FALSE
ERAP2	TRUE	FALSE	FALSE
PTBP2	TRUE	TRUE	FALSE
CCDC102B	TRUE	FALSE	FALSE
MYO9A	TRUE	FALSE	FALSE
OAZ3	TRUE	FALSE	FALSE
WDR83	TRUE	FALSE	FALSE
IPMK	TRUE	FALSE	FALSE
IDI1	TRUE	TRUE	FALSE
C19orf24	TRUE	FALSE	FALSE
TEAD4	TRUE	FALSE	FALSE
GGPS1	TRUE	FALSE	FALSE
HLTF	TRUE	FALSE	FALSE
NBPF11	TRUE	FALSE	FALSE
TMEM191B	TRUE	FALSE	FALSE
IFIT5	TRUE	TRUE	FALSE
TMEM80	TRUE	FALSE	FALSE
HOXC5	TRUE	FALSE	FALSE
USP8	TRUE	FALSE	FALSE
FAM35A	TRUE	FALSE	FALSE
TMEM183B	TRUE	FALSE	FALSE
ROCK2	TRUE	FALSE	FALSE
SREK1IP1	TRUE	FALSE	FALSE
CLPP	TRUE	FALSE	FALSE
CISD2	TRUE	FALSE	FALSE
NMD3	TRUE	FALSE	FALSE
GOLT1B	TRUE	TRUE	FALSE
CCDC183	TRUE	FALSE	FALSE
NPIPB9	TRUE	FALSE	FALSE
ZNF865	TRUE	FALSE	FALSE
ZNF507	TRUE	TRUE	FALSE
MAP3K10	TRUE	FALSE	FALSE
SMIM15	TRUE	FALSE	FALSE
PQLC1	TRUE	FALSE	TRUE
LTA	TRUE	FALSE	FALSE
ZNF350	TRUE	FALSE	FALSE
ETFRF1	TRUE	FALSE	FALSE
GALNT9	TRUE	FALSE	FALSE
POLR2I	TRUE	FALSE	TRUE
STK26	TRUE	TRUE	FALSE
TMEM240	TRUE	FALSE	FALSE
PARD6A	TRUE	FALSE	FALSE
MOB1B	TRUE	FALSE	FALSE
SENP6	TRUE	FALSE	FALSE
KCNG2	TRUE	FALSE	FALSE
DYX1C1	TRUE	FALSE	FALSE
CD164	TRUE	FALSE	FALSE
HSF2BP	TRUE	FALSE	FALSE
GPSM1	TRUE	FALSE	FALSE
MESDC1	TRUE	FALSE	FALSE
MED14OS	TRUE	FALSE	FALSE
ELOF1	TRUE	FALSE	FALSE
NPFF	TRUE	FALSE	FALSE
FAM228B	TRUE	FALSE	FALSE
TRAM1	TRUE	TRUE	FALSE
ZNRD1	TRUE	FALSE	FALSE
SSBP4	TRUE	FALSE	FALSE
C16orf86	TRUE	FALSE	FALSE
ZNF292	TRUE	FALSE	FALSE
FSCN2	TRUE	FALSE	FALSE
SLC16A13	TRUE	TRUE	FALSE
C9orf24	TRUE	FALSE	FALSE
DTWD1	TRUE	FALSE	FALSE
INSL4	TRUE	FALSE	FALSE
ZBTB12	TRUE	FALSE	FALSE
ASAH2B	TRUE	TRUE	FALSE
TANK	TRUE	FALSE	FALSE
NFKBIL1	TRUE	FALSE	FALSE
RB1CC1	TRUE	FALSE	FALSE
RMI1	TRUE	FALSE	FALSE
ZBTB22	TRUE	FALSE	FALSE
KCTD11	TRUE	FALSE	FALSE
SDAD1	TRUE	FALSE	FALSE
SGMS2	TRUE	TRUE	FALSE
ETAA1	TRUE	FALSE	FALSE
RHOF	TRUE	FALSE	FALSE
LAMTOR2	TRUE	FALSE	FALSE
HAGHL	TRUE	FALSE	FALSE
POLR3G	TRUE	FALSE	FALSE
MRPL47	TRUE	FALSE	FALSE
TRAPPC6B	TRUE	TRUE	FALSE
FBXO16	TRUE	FALSE	FALSE
XRN1	TRUE	FALSE	FALSE
CCDC65	TRUE	FALSE	FALSE
PPIL3	TRUE	FALSE	FALSE
UCHL5	TRUE	FALSE	FALSE
CCDC106	TRUE	FALSE	FALSE
TMEM198	TRUE	FALSE	TRUE
CLDN12	TRUE	FALSE	FALSE
ELMOD2	TRUE	FALSE	FALSE
C19orf18	TRUE	FALSE	FALSE
DNAJB14	TRUE	FALSE	FALSE
ARL15	TRUE	FALSE	FALSE
CDC14A	TRUE	FALSE	FALSE
PQBP1	TRUE	FALSE	FALSE
ATF2	TRUE	FALSE	FALSE
PTPA	TRUE	FALSE	FALSE
KATNBL1	TRUE	FALSE	FALSE
PRRX2	TRUE	FALSE	FALSE
RAD50	TRUE	FALSE	FALSE
TSSC4	TRUE	FALSE	FALSE
NKX6-2	TRUE	FALSE	FALSE
BORCS6	TRUE	FALSE	FALSE
GDPGP1	TRUE	FALSE	FALSE
ANAPC11	TRUE	FALSE	FALSE
CCDC82	TRUE	FALSE	FALSE
CAMSAP2	TRUE	TRUE	FALSE
CACFD1	TRUE	FALSE	FALSE
NEDD1	TRUE	TRUE	FALSE
HIST1H2BD	TRUE	FALSE	FALSE
ZNF595	TRUE	FALSE	FALSE
FAR1	TRUE	FALSE	FALSE
MAMSTR	TRUE	FALSE	FALSE
LRRC56	TRUE	FALSE	FALSE
ZNF852	TRUE	FALSE	FALSE
ACOT1	TRUE	TRUE	FALSE
ADAMTS13	TRUE	FALSE	FALSE
BLZF1	TRUE	TRUE	FALSE
LCN12	TRUE	FALSE	FALSE
CNPPD1	TRUE	FALSE	FALSE
GNPDA2	TRUE	FALSE	FALSE
C5orf24	TRUE	FALSE	FALSE
MIPOL1	TRUE	TRUE	FALSE
FKTN	TRUE	FALSE	FALSE
TMEM269	TRUE	FALSE	FALSE
RINT1	TRUE	FALSE	FALSE
ATRX	TRUE	TRUE	FALSE
IL11RA	TRUE	FALSE	FALSE
GIPC1	TRUE	FALSE	FALSE
FAM43A	TRUE	FALSE	FALSE
KLRG1	TRUE	FALSE	FALSE
IL6ST	TRUE	FALSE	FALSE
SPANXA2	TRUE	FALSE	FALSE
RAB24	TRUE	FALSE	FALSE
SMIM8	TRUE	FALSE	FALSE
ZNF92	TRUE	TRUE	TRUE
REM2	TRUE	FALSE	FALSE
HIST1H2BC	TRUE	FALSE	FALSE
HS1BP3	TRUE	FALSE	FALSE
RDH5	TRUE	FALSE	FALSE
KLHL28	TRUE	TRUE	FALSE
PPAN	TRUE	FALSE	FALSE
ERF	TRUE	FALSE	TRUE
DRAM2	TRUE	TRUE	FALSE
NME3	TRUE	FALSE	FALSE
CCDC160	TRUE	FALSE	FALSE
C4orf33	TRUE	FALSE	FALSE
ZNF44	TRUE	FALSE	FALSE
ALX3	TRUE	FALSE	FALSE
POLK	TRUE	FALSE	FALSE
TMEM171	TRUE	TRUE	FALSE
JOSD2	TRUE	FALSE	FALSE
TCEA2	TRUE	FALSE	FALSE
TARBP2	TRUE	FALSE	FALSE
FKBP8	TRUE	FALSE	FALSE
C4orf36	TRUE	FALSE	FALSE
PKN1	TRUE	FALSE	FALSE
CD99	TRUE	FALSE	FALSE
ZNF791	TRUE	FALSE	FALSE
MBLAC1	TRUE	FALSE	FALSE
ZC2HC1A	TRUE	FALSE	FALSE
SENP7	TRUE	FALSE	FALSE
ADAT3	TRUE	FALSE	FALSE
LAT	TRUE	FALSE	FALSE
MAMDC4	TRUE	FALSE	FALSE
PLAC8L1	TRUE	FALSE	FALSE
NPIPA1	TRUE	FALSE	FALSE
TIMM10	TRUE	FALSE	FALSE
BBC3	TRUE	FALSE	FALSE
C4BPB	TRUE	FALSE	FALSE
DDRGK1	TRUE	FALSE	FALSE
KCTD6	TRUE	TRUE	FALSE
MAGOH	TRUE	FALSE	FALSE
ZBTB42	TRUE	FALSE	FALSE
KCTD17	TRUE	FALSE	FALSE
HESX1	TRUE	FALSE	FALSE
CNFN	TRUE	FALSE	FALSE
ZNF195	TRUE	FALSE	FALSE
LAGE3	TRUE	FALSE	FALSE
FCHO2	TRUE	TRUE	FALSE
MT1X	TRUE	FALSE	TRUE
TPPP3	TRUE	FALSE	FALSE
SLC16A11	TRUE	FALSE	FALSE
PCP2	TRUE	FALSE	FALSE
HIST1H3H	TRUE	FALSE	FALSE
PRR5	TRUE	FALSE	TRUE
CD151	TRUE	FALSE	FALSE
HIST1H2BJ	TRUE	FALSE	FALSE
TMEM256	TRUE	FALSE	FALSE
HIST1H3B	TRUE	FALSE	FALSE
FGF22	TRUE	FALSE	FALSE
LOC730098	TRUE	FALSE	FALSE
SAP30	TRUE	FALSE	FALSE
B4GALNT4	TRUE	FALSE	FALSE
HIST1H2AI	TRUE	FALSE	FALSE
GTF2IRD2	TRUE	FALSE	FALSE
NUDT18	TRUE	FALSE	FALSE
HIST1H2AK	TRUE	FALSE	FALSE
C1orf122	TRUE	FALSE	FALSE
DNLZ	TRUE	FALSE	FALSE
H1FX	TRUE	FALSE	FALSE
HOXA6	TRUE	FALSE	FALSE
HIST1H2AC	TRUE	FALSE	FALSE
SCRG1	TRUE	FALSE	FALSE
C6orf52	TRUE	FALSE	FALSE
NPIPA2	TRUE	FALSE	FALSE
BEX3	TRUE	TRUE	FALSE
NRN1L	TRUE	FALSE	FALSE
IRF2BP1	TRUE	FALSE	FALSE
HIST1H4K	TRUE	FALSE	FALSE
NPIPB8	TRUE	FALSE	FALSE
PRAC1	TRUE	FALSE	FALSE
C19orf73	TRUE	FALSE	FALSE
PFDN6	TRUE	FALSE	FALSE
FAM229A	TRUE	FALSE	FALSE
MCRIP1	TRUE	FALSE	FALSE
NUDT3	TRUE	FALSE	FALSE
C7orf50	TRUE	FALSE	FALSE
AKAP17A	TRUE	FALSE	FALSE
GPR89B	TRUE	FALSE	FALSE
RGPD6	TRUE	FALSE	FALSE
SLC25A6	TRUE	FALSE	FALSE
BOLA2-SMG1P6	TRUE	FALSE	FALSE
EHF	FALSE	TRUE	FALSE
ADAMTS12	FALSE	TRUE	FALSE
SLC34A2	FALSE	TRUE	FALSE
TFDP1	FALSE	TRUE	FALSE
PCDH19	FALSE	TRUE	FALSE
C3	FALSE	TRUE	FALSE
LCN2	FALSE	TRUE	FALSE
ALDH1L2	FALSE	TRUE	FALSE
HEPHL1	FALSE	TRUE	FALSE
IFI44L	FALSE	TRUE	FALSE
MGST1	FALSE	TRUE	FALSE
CXCL8	FALSE	TRUE	FALSE
LIMA1	FALSE	TRUE	FALSE
CEMIP2	FALSE	TRUE	FALSE
SUN3	FALSE	TRUE	FALSE
OAS2	FALSE	TRUE	FALSE
SLPI	FALSE	TRUE	TRUE
S100A14	FALSE	TRUE	FALSE
MX1	FALSE	TRUE	FALSE
ACSS2	FALSE	TRUE	FALSE
IFI16	FALSE	TRUE	FALSE
PRSS12	FALSE	TRUE	FALSE
GSTO2	FALSE	TRUE	FALSE
IFI44	FALSE	TRUE	FALSE
NID1	FALSE	TRUE	FALSE
RYR2	FALSE	TRUE	FALSE
IFI6	FALSE	TRUE	FALSE
PNP	FALSE	TRUE	FALSE
M1AP	FALSE	TRUE	FALSE
IL1RL1	FALSE	TRUE	FALSE
SUPT16H	FALSE	TRUE	FALSE
CD46	FALSE	TRUE	FALSE
NTNG1	FALSE	TRUE	FALSE
REC8	FALSE	TRUE	TRUE
CTSS	FALSE	TRUE	FALSE
XK	FALSE	TRUE	FALSE
TMCO3	FALSE	TRUE	FALSE
MEST	FALSE	TRUE	TRUE
CD47	FALSE	TRUE	TRUE
FTL	FALSE	TRUE	FALSE
PYGL	FALSE	TRUE	FALSE
LPAR3	FALSE	TRUE	FALSE
PLOD2	FALSE	TRUE	FALSE
ZDHHC4	FALSE	TRUE	FALSE
CXCL5	FALSE	TRUE	FALSE
PRMT5	FALSE	TRUE	FALSE
SEC23B	FALSE	TRUE	FALSE
OAS3	FALSE	TRUE	FALSE
ATP2B4	FALSE	TRUE	FALSE
COCH	FALSE	TRUE	FALSE
IRF9	FALSE	TRUE	FALSE
NIBAN1	FALSE	TRUE	FALSE
IFI27	FALSE	TRUE	FALSE
HKDC1	FALSE	TRUE	TRUE
LAMA4	FALSE	TRUE	TRUE
MAP7D2	FALSE	TRUE	FALSE
PSME2	FALSE	TRUE	FALSE
PRTFDC1	FALSE	TRUE	FALSE
HSP90B1	FALSE	TRUE	FALSE
CDK2	FALSE	TRUE	FALSE
IL1A	FALSE	TRUE	FALSE
CKAP4	FALSE	TRUE	FALSE
NRP2	FALSE	TRUE	TRUE
AHCYL1	FALSE	TRUE	FALSE
CCDC146	FALSE	TRUE	FALSE
STAT1	FALSE	TRUE	FALSE
PARP14	FALSE	TRUE	FALSE
ATP13A3	FALSE	TRUE	FALSE
CMBL	FALSE	TRUE	FALSE
DNAJA4	FALSE	TRUE	FALSE
ARHGAP5	FALSE	TRUE	FALSE
PALMD	FALSE	TRUE	FALSE
MATN2	FALSE	TRUE	FALSE
PTGS1	FALSE	TRUE	FALSE
FAM107B	FALSE	TRUE	FALSE
PI3	FALSE	TRUE	FALSE
ICAM1	FALSE	TRUE	FALSE
LRRC8D	FALSE	TRUE	TRUE
TMBIM6	FALSE	TRUE	FALSE
AGMAT	FALSE	TRUE	FALSE
GPD2	FALSE	TRUE	FALSE
BHMT2	FALSE	TRUE	FALSE
CC2D2A	FALSE	TRUE	TRUE
DDX60	FALSE	TRUE	FALSE
LIMCH1	FALSE	TRUE	FALSE
SLC43A3	FALSE	TRUE	FALSE
LIPG	FALSE	TRUE	FALSE
CD44	FALSE	TRUE	FALSE
ESD	FALSE	TRUE	FALSE
ANXA7	FALSE	TRUE	FALSE
OAS1	FALSE	TRUE	FALSE
SGMS1	FALSE	TRUE	FALSE
CLDN11	FALSE	TRUE	TRUE
IPO5	FALSE	TRUE	FALSE
ARHGDIB	FALSE	TRUE	FALSE
C9orf64	FALSE	TRUE	FALSE
TSPAN6	FALSE	TRUE	FALSE
H1-0	FALSE	TRUE	FALSE
VGLL1	FALSE	TRUE	FALSE
NUDT16P1	FALSE	TRUE	FALSE
SPTLC3	FALSE	TRUE	FALSE
ERMP1	FALSE	TRUE	TRUE
SNTB1	FALSE	TRUE	FALSE
MORF4L2	FALSE	TRUE	FALSE
CDK1	FALSE	TRUE	FALSE
P3H2	FALSE	TRUE	FALSE
AMMECR1	FALSE	TRUE	FALSE
CCDC80	FALSE	TRUE	FALSE
EPS8	FALSE	TRUE	FALSE
GALNT6	FALSE	TRUE	FALSE
BAZ1A	FALSE	TRUE	FALSE
PARP2	FALSE	TRUE	FALSE
ARHGEF12	FALSE	TRUE	TRUE
TACSTD2	FALSE	TRUE	TRUE
CHRDL1	FALSE	TRUE	TRUE
PDE10A	FALSE	TRUE	FALSE
SERPINE1	FALSE	TRUE	FALSE
GALNT3	FALSE	TRUE	FALSE
CD27-AS1	FALSE	TRUE	FALSE
SMAD3	FALSE	TRUE	FALSE
TRNP1	FALSE	TRUE	FALSE
ERVMER34-1	FALSE	TRUE	FALSE
SLC16A7	FALSE	TRUE	FALSE
PADI1	FALSE	TRUE	FALSE
KRBOX1	FALSE	TRUE	FALSE
ZNF208	FALSE	TRUE	FALSE
KANSL2	FALSE	TRUE	FALSE
DAAM1	FALSE	TRUE	FALSE
KIF4A	FALSE	TRUE	FALSE
TM9SF2	FALSE	TRUE	FALSE
COL8A1	FALSE	TRUE	TRUE
PPHLN1	FALSE	TRUE	FALSE
AJUBA	FALSE	TRUE	FALSE
RACGAP1	FALSE	TRUE	FALSE
ADIPOR1	FALSE	TRUE	FALSE
PARP9	FALSE	TRUE	FALSE
TP53BP2	FALSE	TRUE	FALSE
RAB27A	FALSE	TRUE	FALSE
CLIP4	FALSE	TRUE	FALSE
ADK	FALSE	TRUE	FALSE
GPSM2	FALSE	TRUE	FALSE
NPR3	FALSE	TRUE	FALSE
RAI14	FALSE	TRUE	FALSE
CAPN2	FALSE	TRUE	FALSE
IRF6	FALSE	TRUE	FALSE
MSN	FALSE	TRUE	FALSE
RBP1	FALSE	TRUE	TRUE
CNTN1	FALSE	TRUE	TRUE
IFIT1	FALSE	TRUE	FALSE
KRT18	FALSE	TRUE	FALSE
RLIM	FALSE	TRUE	FALSE
ABCA4	FALSE	TRUE	TRUE
CTSC	FALSE	TRUE	FALSE
PTER	FALSE	TRUE	FALSE
SEC24D	FALSE	TRUE	FALSE
HEATR5A	FALSE	TRUE	FALSE
SFTA1P	FALSE	TRUE	FALSE
FN1	FALSE	TRUE	FALSE
PGRMC1	FALSE	TRUE	FALSE
DOCK9	FALSE	TRUE	FALSE
SCFD1	FALSE	TRUE	FALSE
DAPP1	FALSE	TRUE	FALSE
LEMD1	FALSE	TRUE	FALSE
ADGRF1	FALSE	TRUE	FALSE
PUM3	FALSE	TRUE	FALSE
SPATS2L	FALSE	TRUE	FALSE
CHKA	FALSE	TRUE	FALSE
NT5E	FALSE	TRUE	FALSE
RAB5B	FALSE	TRUE	FALSE
LAMP2	FALSE	TRUE	FALSE
RBM26	FALSE	TRUE	FALSE
SELENOF	FALSE	TRUE	FALSE
CORO1C	FALSE	TRUE	FALSE
TMED2	FALSE	TRUE	FALSE
HPS1	FALSE	TRUE	FALSE
EDNRA	FALSE	TRUE	FALSE
IFIH1	FALSE	TRUE	FALSE
NPC2	FALSE	TRUE	FALSE
DDX47	FALSE	TRUE	FALSE
ADA2	FALSE	TRUE	FALSE
PLCE1	FALSE	TRUE	FALSE
ARHGAP29	FALSE	TRUE	FALSE
PFDN5	FALSE	TRUE	FALSE
MACROD2	FALSE	TRUE	FALSE
FILIP1L	FALSE	TRUE	FALSE
EIF4A2	FALSE	TRUE	FALSE
SDC4	FALSE	TRUE	TRUE
SLC41A1	FALSE	TRUE	FALSE
GABRE	FALSE	TRUE	FALSE
NMI	FALSE	TRUE	FALSE
RGS7	FALSE	TRUE	FALSE
TPP2	FALSE	TRUE	FALSE
TCEAL9	FALSE	TRUE	FALSE
EPSTI1	FALSE	TRUE	FALSE
CTHRC1	FALSE	TRUE	FALSE
C2CD4D-AS1	FALSE	TRUE	FALSE
IVNS1ABP	FALSE	TRUE	FALSE
ACSL4	FALSE	TRUE	FALSE
UPP1	FALSE	TRUE	FALSE
NARS2	FALSE	TRUE	FALSE
ZNF702P	FALSE	TRUE	FALSE
SERPINB7	FALSE	TRUE	FALSE
IPO9	FALSE	TRUE	FALSE
EGLN3	FALSE	TRUE	FALSE
PPP1R1C	FALSE	TRUE	FALSE
PPP1R15B	FALSE	TRUE	FALSE
DSP	FALSE	TRUE	FALSE
HNRNPA1	FALSE	TRUE	FALSE
HNRNPUL2	FALSE	TRUE	FALSE
COL4A5	FALSE	TRUE	FALSE
RPAP3	FALSE	TRUE	FALSE
TWF1	FALSE	TRUE	FALSE
ANK3	FALSE	TRUE	FALSE
NDFIP2	FALSE	TRUE	FALSE
CCN1	FALSE	TRUE	FALSE
BRIX1	FALSE	TRUE	FALSE
HECTD1	FALSE	TRUE	FALSE
STEAP2	FALSE	TRUE	FALSE
SNAPC1	FALSE	TRUE	FALSE
INTS13	FALSE	TRUE	FALSE
SENP1	FALSE	TRUE	FALSE
IL12RB2	FALSE	TRUE	FALSE
ELOVL6	FALSE	TRUE	FALSE
HTATIP2	FALSE	TRUE	FALSE
TM7SF3	FALSE	TRUE	TRUE
GCLM	FALSE	TRUE	FALSE
PGK1	FALSE	TRUE	FALSE
TMED10	FALSE	TRUE	FALSE
TTC5	FALSE	TRUE	FALSE
CELF2	FALSE	TRUE	FALSE
PTGER3	FALSE	TRUE	FALSE
EIF2AK2	FALSE	TRUE	FALSE
OXCT1	FALSE	TRUE	TRUE
MFSD14A	FALSE	TRUE	FALSE
PSMD10	FALSE	TRUE	FALSE
PTGES3	FALSE	TRUE	FALSE
PHACTR4	FALSE	TRUE	FALSE
ADGRL2	FALSE	TRUE	FALSE
HPRT1	FALSE	TRUE	FALSE
DICER1	FALSE	TRUE	FALSE
CTNNAL1	FALSE	TRUE	FALSE
PCID2	FALSE	TRUE	FALSE
LEPR	FALSE	TRUE	FALSE
DDX50	FALSE	TRUE	FALSE
TAF1	FALSE	TRUE	FALSE
ZNF676	FALSE	TRUE	FALSE
MPZL2	FALSE	TRUE	TRUE
GPR180	FALSE	TRUE	FALSE
AADAC	FALSE	TRUE	FALSE
PKP2	FALSE	TRUE	FALSE
TMEM106C	FALSE	TRUE	FALSE
G2E3	FALSE	TRUE	FALSE
KLHL12	FALSE	TRUE	FALSE
SLFN5	FALSE	TRUE	FALSE
TUBA1C	FALSE	TRUE	FALSE
RND3	FALSE	TRUE	FALSE
E2F7	FALSE	TRUE	FALSE
CHD8	FALSE	TRUE	FALSE
SRP54	FALSE	TRUE	FALSE
PLS3	FALSE	TRUE	FALSE
MARS1	FALSE	TRUE	FALSE
AQP5	FALSE	TRUE	FALSE
IL1B	FALSE	TRUE	FALSE
PRPS1	FALSE	TRUE	FALSE
STEAP1	FALSE	TRUE	TRUE
MYCBP2	FALSE	TRUE	FALSE
SQOR	FALSE	TRUE	FALSE
IL18	FALSE	TRUE	FALSE
PSMA6	FALSE	TRUE	FALSE
CCAT1	FALSE	TRUE	FALSE
PSMB5	FALSE	TRUE	FALSE
DDX24	FALSE	TRUE	FALSE
UXS1	FALSE	TRUE	FALSE
ERO1A	FALSE	TRUE	FALSE
CBX5	FALSE	TRUE	FALSE
MACC1	FALSE	TRUE	FALSE
MASTL	FALSE	TRUE	FALSE
PUS7L	FALSE	TRUE	FALSE
TUBA1B	FALSE	TRUE	FALSE
SMIM10	FALSE	TRUE	FALSE
TMEM47	FALSE	TRUE	FALSE
UGGT2	FALSE	TRUE	FALSE
NONO	FALSE	TRUE	FALSE
DLG1	FALSE	TRUE	FALSE
TRIB1	FALSE	TRUE	FALSE
SC5D	FALSE	TRUE	FALSE
XAF1	FALSE	TRUE	FALSE
SLC11A2	FALSE	TRUE	FALSE
C14orf119	FALSE	TRUE	FALSE
CAPZA1	FALSE	TRUE	FALSE
TM9SF1	FALSE	TRUE	FALSE
NUF2	FALSE	TRUE	FALSE
ARNTL2	FALSE	TRUE	FALSE
SPARC	FALSE	TRUE	FALSE
SNX6	FALSE	TRUE	FALSE
DAZAP2	FALSE	TRUE	FALSE
WARS1	FALSE	TRUE	FALSE
HSP90AA1	FALSE	TRUE	FALSE
ATP1A1	FALSE	TRUE	TRUE
ELF3	FALSE	TRUE	TRUE
DMGDH	FALSE	TRUE	FALSE
USP28	FALSE	TRUE	FALSE
TAF1D	FALSE	TRUE	FALSE
MYEOV	FALSE	TRUE	FALSE
IL1RL2	FALSE	TRUE	FALSE
HAUS4	FALSE	TRUE	FALSE
ARF3	FALSE	TRUE	FALSE
ARMCX2	FALSE	TRUE	FALSE
NGRN	FALSE	TRUE	FALSE
TGDS	FALSE	TRUE	FALSE
NRDC	FALSE	TRUE	FALSE
TRAFD1	FALSE	TRUE	FALSE
PLEKHB1	FALSE	TRUE	FALSE
NT5DC3	FALSE	TRUE	FALSE
SMARCA2	FALSE	TRUE	FALSE
NAA20	FALSE	TRUE	FALSE
PRKAG1	FALSE	TRUE	FALSE
SEMA3A	FALSE	TRUE	TRUE
CREG1	FALSE	TRUE	FALSE
GSTM3	FALSE	TRUE	FALSE
PLBD1	FALSE	TRUE	TRUE
DDX60L	FALSE	TRUE	FALSE
KIF2C	FALSE	TRUE	FALSE
DAD1	FALSE	TRUE	FALSE
PSME1	FALSE	TRUE	FALSE
NUP37	FALSE	TRUE	FALSE
RPL36AL	FALSE	TRUE	FALSE
AKT3	FALSE	TRUE	FALSE
FUCA2	FALSE	TRUE	FALSE
PSMA5	FALSE	TRUE	FALSE
PEAK1	FALSE	TRUE	FALSE
R3HDM2	FALSE	TRUE	FALSE
TOX4	FALSE	TRUE	FALSE
FYTTD1	FALSE	TRUE	FALSE
RBM47	FALSE	TRUE	TRUE
NKX2-4	FALSE	TRUE	FALSE
RNPEP	FALSE	TRUE	FALSE
SNRPE	FALSE	TRUE	FALSE
AADACP1	FALSE	TRUE	FALSE
HSPA5	FALSE	TRUE	FALSE
BUB1	FALSE	TRUE	FALSE
MLEC	FALSE	TRUE	FALSE
MGAT5	FALSE	TRUE	FALSE
OSCAR	FALSE	TRUE	FALSE
NCAPD2	FALSE	TRUE	TRUE
WSB2	FALSE	TRUE	FALSE
PFN2	FALSE	TRUE	FALSE
RUBCNL	FALSE	TRUE	FALSE
GOLGA4	FALSE	TRUE	FALSE
SYT1	FALSE	TRUE	FALSE
ZNF229	FALSE	TRUE	TRUE
ME1	FALSE	TRUE	FALSE
FKBP4	FALSE	TRUE	TRUE
MIA3	FALSE	TRUE	FALSE
RPS4X	FALSE	TRUE	FALSE
SARS1	FALSE	TRUE	FALSE
STXBP6	FALSE	TRUE	FALSE
INPP4B	FALSE	TRUE	FALSE
DBT	FALSE	TRUE	FALSE
SNAPC3	FALSE	TRUE	FALSE
CTSL	FALSE	TRUE	FALSE
DEPDC1B	FALSE	TRUE	FALSE
MIS18BP1	FALSE	TRUE	FALSE
PRORP	FALSE	TRUE	FALSE
CCL2	FALSE	TRUE	TRUE
TNFRSF21	FALSE	TRUE	TRUE
KLF8	FALSE	TRUE	FALSE
LOC729970	FALSE	TRUE	FALSE
M6PR	FALSE	TRUE	TRUE
DGKA	FALSE	TRUE	FALSE
ARL1	FALSE	TRUE	FALSE
HDGF	FALSE	TRUE	FALSE
MRPS35	FALSE	TRUE	FALSE
CDC37L1	FALSE	TRUE	FALSE
DNTTIP2	FALSE	TRUE	FALSE
NEDD8	FALSE	TRUE	FALSE
MCM10	FALSE	TRUE	FALSE
GAS2L3	FALSE	TRUE	FALSE
CMAS	FALSE	TRUE	FALSE
MPP4	FALSE	TRUE	FALSE
GOLT1A	FALSE	TRUE	FALSE
SIPA1L1	FALSE	TRUE	FALSE
CXCL1	FALSE	TRUE	TRUE
MBNL2	FALSE	TRUE	FALSE
SCEL	FALSE	TRUE	FALSE
PLSCR1	FALSE	TRUE	FALSE
LTA4H	FALSE	TRUE	FALSE
CDCA7L	FALSE	TRUE	FALSE
PA2G4	FALSE	TRUE	FALSE
PWWP3B	FALSE	TRUE	FALSE
RSRC2	FALSE	TRUE	FALSE
PPP2R1B	FALSE	TRUE	FALSE
UVRAG	FALSE	TRUE	FALSE
RALGAPA1	FALSE	TRUE	FALSE
TNFAIP2	FALSE	TRUE	TRUE
NFKBIA	FALSE	TRUE	FALSE
DUSP4	FALSE	TRUE	FALSE
TCEAL8	FALSE	TRUE	FALSE
GEMIN2	FALSE	TRUE	FALSE
IRAK4	FALSE	TRUE	FALSE
AOX1	FALSE	TRUE	FALSE
FABP5	FALSE	TRUE	FALSE
ACER3	FALSE	TRUE	FALSE
UBE2T	FALSE	TRUE	FALSE
TSPAN1	FALSE	TRUE	TRUE
RAB29	FALSE	TRUE	FALSE
EFNB1	FALSE	TRUE	FALSE
OXA1L	FALSE	TRUE	FALSE
WDR3	FALSE	TRUE	FALSE
LINC00824	FALSE	TRUE	FALSE
UBE2L6	FALSE	TRUE	FALSE
DNAH2	FALSE	TRUE	FALSE
METTL7A	FALSE	TRUE	FALSE
TXNDC12	FALSE	TRUE	FALSE
AMER1	FALSE	TRUE	FALSE
CASP4	FALSE	TRUE	FALSE
STK24	FALSE	TRUE	FALSE
ACSS3	FALSE	TRUE	FALSE
ACTRT3	FALSE	TRUE	FALSE
TGM1	FALSE	TRUE	FALSE
DSTYK	FALSE	TRUE	FALSE
FOXO1	FALSE	TRUE	FALSE
DDX23	FALSE	TRUE	FALSE
METAP2	FALSE	TRUE	FALSE
ANPEP	FALSE	TRUE	TRUE
THAP12	FALSE	TRUE	FALSE
VRK1	FALSE	TRUE	FALSE
YOD1	FALSE	TRUE	FALSE
CXCL16	FALSE	TRUE	FALSE
NAALADL2	FALSE	TRUE	FALSE
TDP1	FALSE	TRUE	FALSE
SET	FALSE	TRUE	FALSE
ERP27	FALSE	TRUE	FALSE
TASOR	FALSE	TRUE	FALSE
FHL2	FALSE	TRUE	FALSE
SLC4A7	FALSE	TRUE	FALSE
ZNF542P	FALSE	TRUE	FALSE
ADAM10	FALSE	TRUE	FALSE
ZNF300P1	FALSE	TRUE	FALSE
NRARP	FALSE	TRUE	TRUE
SLC9A4	FALSE	TRUE	FALSE
THEMIS2	FALSE	TRUE	FALSE
KPNA2	FALSE	TRUE	FALSE
EIF4B	FALSE	TRUE	FALSE
CSTF2	FALSE	TRUE	FALSE
BISPR	FALSE	TRUE	FALSE
ELK4	FALSE	TRUE	FALSE
USP44	FALSE	TRUE	FALSE
NGDN	FALSE	TRUE	FALSE
FDPS	FALSE	TRUE	FALSE
PHETA2	FALSE	TRUE	FALSE
POF1B	FALSE	TRUE	FALSE
KCTD3	FALSE	TRUE	FALSE
CNOT11	FALSE	TRUE	FALSE
TMOD3	FALSE	TRUE	FALSE
GBP5	FALSE	TRUE	FALSE
ESPL1	FALSE	TRUE	FALSE
MYBPC2	FALSE	TRUE	FALSE
DPAGT1	FALSE	TRUE	FALSE
DNAJB4	FALSE	TRUE	FALSE
NEMF	FALSE	TRUE	FALSE
PCCA	FALSE	TRUE	FALSE
DHRS4-AS1	FALSE	TRUE	FALSE
ATP11B	FALSE	TRUE	FALSE
SLC39A9	FALSE	TRUE	FALSE
LRP2	FALSE	TRUE	FALSE
DKC1	FALSE	TRUE	FALSE
LMO7	FALSE	TRUE	FALSE
ACAT2	FALSE	TRUE	FALSE
TENM3	FALSE	TRUE	FALSE
SP1	FALSE	TRUE	FALSE
BRI3BP	FALSE	TRUE	FALSE
NCOA3	FALSE	TRUE	FALSE
UBE2N	FALSE	TRUE	FALSE
MLH3	FALSE	TRUE	FALSE
CCNYL1	FALSE	TRUE	FALSE
VTCN1	FALSE	TRUE	FALSE
CS	FALSE	TRUE	FALSE
SNX5	FALSE	TRUE	FALSE
FAM199X	FALSE	TRUE	FALSE
HACD4	FALSE	TRUE	FALSE
COPZ1	FALSE	TRUE	FALSE
LY75	FALSE	TRUE	FALSE
NAA25	FALSE	TRUE	FALSE
TTC13	FALSE	TRUE	FALSE
DTX3	FALSE	TRUE	FALSE
GOLGA5	FALSE	TRUE	FALSE
MAN1A2	FALSE	TRUE	FALSE
TMEM123	FALSE	TRUE	FALSE
OSER1	FALSE	TRUE	FALSE
CALU	FALSE	TRUE	FALSE
PPP1R12A	FALSE	TRUE	FALSE
PARL	FALSE	TRUE	FALSE
NUDT4	FALSE	TRUE	FALSE
ESF1	FALSE	TRUE	FALSE
SLC30A7	FALSE	TRUE	FALSE
MAP10	FALSE	TRUE	FALSE
PKIB	FALSE	TRUE	TRUE
PADI2	FALSE	TRUE	FALSE
ALDH9A1	FALSE	TRUE	FALSE
SLC1A1	FALSE	TRUE	FALSE
TMEM33	FALSE	TRUE	FALSE
FNBP1	FALSE	TRUE	FALSE
PPP1R9A	FALSE	TRUE	FALSE
OBI1	FALSE	TRUE	FALSE
PPA1	FALSE	TRUE	FALSE
PPP1CC	FALSE	TRUE	FALSE
DCAF12L1	FALSE	TRUE	FALSE
CREB5	FALSE	TRUE	FALSE
RAD51AP1	FALSE	TRUE	TRUE
CLDN6	FALSE	TRUE	FALSE
STK38L	FALSE	TRUE	FALSE
HDGFL3	FALSE	TRUE	FALSE
FKBP1A	FALSE	TRUE	FALSE
RMND5A	FALSE	TRUE	FALSE
RGCC	FALSE	TRUE	FALSE
PNMA8A	FALSE	TRUE	FALSE
EFL1	FALSE	TRUE	FALSE
PRKCH	FALSE	TRUE	FALSE
TOP1	FALSE	TRUE	FALSE
ABCB7	FALSE	TRUE	FALSE
EML2	FALSE	TRUE	FALSE
CUL4A	FALSE	TRUE	FALSE
ANAPC7	FALSE	TRUE	FALSE
LYN	FALSE	TRUE	FALSE
FAF1	FALSE	TRUE	FALSE
TCP1	FALSE	TRUE	FALSE
GRHL1	FALSE	TRUE	TRUE
TAF1A	FALSE	TRUE	FALSE
BHLHE41	FALSE	TRUE	TRUE
NFIA	FALSE	TRUE	TRUE
MESD	FALSE	TRUE	FALSE
FAM72B	FALSE	TRUE	FALSE
TTLL5	FALSE	TRUE	FALSE
HERC4	FALSE	TRUE	FALSE
APOL6	FALSE	TRUE	FALSE
INTS6L	FALSE	TRUE	FALSE
MUC20	FALSE	TRUE	FALSE
UHRF2	FALSE	TRUE	FALSE
LRP8	FALSE	TRUE	FALSE
TRNM	FALSE	TRUE	FALSE
CISD1	FALSE	TRUE	FALSE
DSG2	FALSE	TRUE	FALSE
GTF2H3	FALSE	TRUE	FALSE
MAPK8	FALSE	TRUE	FALSE
GNG12	FALSE	TRUE	FALSE
GINS1	FALSE	TRUE	FALSE
DTX3L	FALSE	TRUE	FALSE
NDUFA12	FALSE	TRUE	FALSE
DNAJC21	FALSE	TRUE	FALSE
MCCC1	FALSE	TRUE	FALSE
SIKE1	FALSE	TRUE	FALSE
CCDC6	FALSE	TRUE	FALSE
DDX18	FALSE	TRUE	FALSE
IFT57	FALSE	TRUE	FALSE
UNC119B	FALSE	TRUE	FALSE
SMARCD1	FALSE	TRUE	FALSE
UTP25	FALSE	TRUE	FALSE
METTL3	FALSE	TRUE	FALSE
CPA4	FALSE	TRUE	TRUE
KNTC1	FALSE	TRUE	FALSE
B3GNT5	FALSE	TRUE	TRUE
ORC1	FALSE	TRUE	FALSE
RBMXL1	FALSE	TRUE	FALSE
IAH1	FALSE	TRUE	FALSE
SPIRE1	FALSE	TRUE	FALSE
UBASH3B	FALSE	TRUE	TRUE
SMC6	FALSE	TRUE	FALSE
CAMKMT	FALSE	TRUE	TRUE
THOC2	FALSE	TRUE	FALSE
PSIP1	FALSE	TRUE	FALSE
SNTB2	FALSE	TRUE	FALSE
TBK1	FALSE	TRUE	FALSE
PDZK1IP1	FALSE	TRUE	FALSE
TRIM14	FALSE	TRUE	FALSE
TMEM216	FALSE	TRUE	FALSE
KCNH7	FALSE	TRUE	FALSE
TOR1AIP1	FALSE	TRUE	FALSE
RBBP5	FALSE	TRUE	FALSE
COX7B	FALSE	TRUE	FALSE
SAV1	FALSE	TRUE	TRUE
ISCU	FALSE	TRUE	FALSE
EEA1	FALSE	TRUE	FALSE
WLS	FALSE	TRUE	FALSE
GLCE	FALSE	TRUE	FALSE
A1CF	FALSE	TRUE	FALSE
C1orf112	FALSE	TRUE	FALSE
HMGN3	FALSE	TRUE	FALSE
TUBGCP3	FALSE	TRUE	FALSE
DIP2B	FALSE	TRUE	FALSE
TRIM61	FALSE	TRUE	FALSE
ANGEL1	FALSE	TRUE	FALSE
ZIK1	FALSE	TRUE	FALSE
TTC9	FALSE	TRUE	FALSE
LINC02167	FALSE	TRUE	FALSE
ERG28	FALSE	TRUE	FALSE
TMPO	FALSE	TRUE	FALSE
GMPR2	FALSE	TRUE	FALSE
UBAC2	FALSE	TRUE	FALSE
PKN2	FALSE	TRUE	FALSE
CSTA	FALSE	TRUE	FALSE
POGLUT3	FALSE	TRUE	FALSE
MGAT2	FALSE	TRUE	FALSE
BEX4	FALSE	TRUE	FALSE
LACTB2	FALSE	TRUE	FALSE
MT1A	FALSE	TRUE	FALSE
PLEKHA6	FALSE	TRUE	FALSE
TMEM164	FALSE	TRUE	FALSE
MAGI2-AS3	FALSE	TRUE	FALSE
PDE2A	FALSE	TRUE	FALSE
NRG1	FALSE	TRUE	TRUE
SINHCAF	FALSE	TRUE	FALSE
MIR99AHG	FALSE	TRUE	FALSE
PHTF2	FALSE	TRUE	FALSE
SNRPF	FALSE	TRUE	FALSE
MARCHF1	FALSE	TRUE	FALSE
PITHD1	FALSE	TRUE	FALSE
BSCL2	FALSE	TRUE	TRUE
SQLE	FALSE	TRUE	FALSE
RBBP9	FALSE	TRUE	FALSE
BNC1	FALSE	TRUE	FALSE
EED	FALSE	TRUE	FALSE
RNF43	FALSE	TRUE	FALSE
YY1	FALSE	TRUE	FALSE
CERT1	FALSE	TRUE	FALSE
MORF4L1	FALSE	TRUE	FALSE
DNAH14	FALSE	TRUE	FALSE
LINC00884	FALSE	TRUE	FALSE
VPS35L	FALSE	TRUE	FALSE
TRIM16L	FALSE	TRUE	FALSE
BNC2	FALSE	TRUE	FALSE
NEU3	FALSE	TRUE	FALSE
APBB1IP	FALSE	TRUE	FALSE
SNORD76	FALSE	TRUE	FALSE
STAT2	FALSE	TRUE	FALSE
TMX4	FALSE	TRUE	FALSE
NYAP2	FALSE	TRUE	FALSE
CDC7	FALSE	TRUE	FALSE
TNFSF15	FALSE	TRUE	FALSE
FAM90A1	FALSE	TRUE	FALSE
LY6K	FALSE	TRUE	FALSE
DCAF11	FALSE	TRUE	FALSE
EIF2B3	FALSE	TRUE	FALSE
METTL17	FALSE	TRUE	FALSE
DEGS1	FALSE	TRUE	FALSE
LBR	FALSE	TRUE	FALSE
VPS26A	FALSE	TRUE	FALSE
EAPP	FALSE	TRUE	FALSE
CHMP1B2P	FALSE	TRUE	FALSE
RDH11	FALSE	TRUE	FALSE
STOM	FALSE	TRUE	FALSE
B2M	FALSE	TRUE	FALSE
CHAMP1	FALSE	TRUE	FALSE
FBXO45	FALSE	TRUE	FALSE
MYOM3	FALSE	TRUE	FALSE
CDC16	FALSE	TRUE	FALSE
IFIT3	FALSE	TRUE	FALSE
KCTD12	FALSE	TRUE	FALSE
THRB	FALSE	TRUE	FALSE
ZNF740	FALSE	TRUE	FALSE
ACVR1B	FALSE	TRUE	FALSE
TMEM237	FALSE	TRUE	FALSE
SYBU	FALSE	TRUE	FALSE
TMED8	FALSE	TRUE	FALSE
PLEKHH2	FALSE	TRUE	FALSE
DHRS3	FALSE	TRUE	TRUE
SLC36A4	FALSE	TRUE	FALSE
EPG5	FALSE	TRUE	FALSE
ETNK1	FALSE	TRUE	FALSE
EXTL2	FALSE	TRUE	FALSE
ZNF662	FALSE	TRUE	FALSE
CGAS	FALSE	TRUE	FALSE
ATP11C	FALSE	TRUE	FALSE
PATL1	FALSE	TRUE	FALSE
GTF2B	FALSE	TRUE	FALSE
DEPDC1	FALSE	TRUE	FALSE
EPRS1	FALSE	TRUE	FALSE
SLC5A3	FALSE	TRUE	FALSE
SSPN	FALSE	TRUE	FALSE
PPME1	FALSE	TRUE	FALSE
CORO6	FALSE	TRUE	FALSE
ARGLU1	FALSE	TRUE	FALSE
STAT6	FALSE	TRUE	FALSE
INHBA	FALSE	TRUE	FALSE
PPM1H	FALSE	TRUE	FALSE
MBNL3	FALSE	TRUE	FALSE
CEP57	FALSE	TRUE	FALSE
PCNX1	FALSE	TRUE	FALSE
ARMCX3	FALSE	TRUE	FALSE
TRHDE	FALSE	TRUE	TRUE
CSNK2A1	FALSE	TRUE	FALSE
ITFG1	FALSE	TRUE	TRUE
ZDHHC21	FALSE	TRUE	FALSE
TAP2	FALSE	TRUE	FALSE
RPF1	FALSE	TRUE	FALSE
ACSL3	FALSE	TRUE	TRUE
LINC00654	FALSE	TRUE	FALSE
CACNA1A	FALSE	TRUE	FALSE
GNPTAB	FALSE	TRUE	FALSE
GPX7	FALSE	TRUE	TRUE
TGFBR3	FALSE	TRUE	FALSE
DGKG	FALSE	TRUE	FALSE
ANP32B	FALSE	TRUE	FALSE
B4GALT1	FALSE	TRUE	FALSE
PRDM4	FALSE	TRUE	FALSE
FLVCR1	FALSE	TRUE	FALSE
ELK3	FALSE	TRUE	FALSE
ARMCX5	FALSE	TRUE	FALSE
DNA2	FALSE	TRUE	FALSE
NAA16	FALSE	TRUE	FALSE
TTC9C	FALSE	TRUE	FALSE
RAB20	FALSE	TRUE	TRUE
GIPC2	FALSE	TRUE	FALSE
HACD2	FALSE	TRUE	FALSE
TFB1M	FALSE	TRUE	FALSE
LOC100288798	FALSE	TRUE	FALSE
PJA1	FALSE	TRUE	FALSE
TINF2	FALSE	TRUE	FALSE
MTMR2	FALSE	TRUE	FALSE
PHLDA1	FALSE	TRUE	FALSE
ST6GALNAC3	FALSE	TRUE	FALSE
SGPP2	FALSE	TRUE	FALSE
DMRT1	FALSE	TRUE	FALSE
BTG1	FALSE	TRUE	FALSE
OSMR	FALSE	TRUE	FALSE
EGF	FALSE	TRUE	FALSE
POLR3B	FALSE	TRUE	FALSE
FRK	FALSE	TRUE	FALSE
CPED1	FALSE	TRUE	FALSE
COBLL1	FALSE	TRUE	FALSE
MR1	FALSE	TRUE	FALSE
RNF168	FALSE	TRUE	FALSE
TASOR2	FALSE	TRUE	FALSE
RAD9A	FALSE	TRUE	FALSE
SDCCAG8	FALSE	TRUE	FALSE
C1orf116	FALSE	TRUE	FALSE
DDIAS	FALSE	TRUE	FALSE
IER5	FALSE	TRUE	FALSE
LOC100287497	FALSE	TRUE	FALSE
KBTBD12	FALSE	TRUE	FALSE
STK4	FALSE	TRUE	FALSE
MAP3K21	FALSE	TRUE	FALSE
USP15	FALSE	TRUE	FALSE
PHLPP1	FALSE	TRUE	FALSE
TNFSF18	FALSE	TRUE	FALSE
SLCO3A1	FALSE	TRUE	TRUE
DPP4	FALSE	TRUE	FALSE
KIAA0040	FALSE	TRUE	FALSE
RAB42	FALSE	TRUE	FALSE
PLAUR	FALSE	TRUE	FALSE
LAYN	FALSE	TRUE	FALSE
NOVA1	FALSE	TRUE	FALSE
RAP2A	FALSE	TRUE	FALSE
DTD2	FALSE	TRUE	FALSE
CYP7B1	FALSE	TRUE	FALSE
ALKBH2	FALSE	TRUE	FALSE
IL1RN	FALSE	TRUE	FALSE
TM2D3	FALSE	TRUE	FALSE
MRPL48	FALSE	TRUE	FALSE
MXD1	FALSE	TRUE	FALSE
CCDC113	FALSE	TRUE	FALSE
MGAT4A	FALSE	TRUE	FALSE
KRT8	FALSE	TRUE	FALSE
RFC5	FALSE	TRUE	FALSE
MIR5047	FALSE	TRUE	FALSE
CILP	FALSE	TRUE	FALSE
BRWD3	FALSE	TRUE	FALSE
POLD3	FALSE	TRUE	FALSE
SNRPA1	FALSE	TRUE	FALSE
TEX30	FALSE	TRUE	FALSE
EXO1	FALSE	TRUE	FALSE
PLEKHA5	FALSE	TRUE	FALSE
VDR	FALSE	TRUE	FALSE
NGLY1	FALSE	TRUE	FALSE
SLC35F5	FALSE	TRUE	FALSE
RNF169	FALSE	TRUE	FALSE
PARP12	FALSE	TRUE	FALSE
PSTPIP2	FALSE	TRUE	TRUE
RNF24	FALSE	TRUE	FALSE
RCL1	FALSE	TRUE	FALSE
NET1	FALSE	TRUE	FALSE
ZNF22	FALSE	TRUE	FALSE
GALNT1	FALSE	TRUE	FALSE
APOLD1	FALSE	TRUE	FALSE
PCSK5	FALSE	TRUE	TRUE
IL1R2	FALSE	TRUE	FALSE
ERCC6L	FALSE	TRUE	FALSE
TBC1D8B	FALSE	TRUE	FALSE
FAM72A	FALSE	TRUE	FALSE
TAP1	FALSE	TRUE	FALSE
PBX1	FALSE	TRUE	TRUE
OLFML2A	FALSE	TRUE	FALSE
LYST	FALSE	TRUE	FALSE
FRRS1	FALSE	TRUE	FALSE
GLA	FALSE	TRUE	FALSE
SVIL-AS1	FALSE	TRUE	FALSE
ITPR2	FALSE	TRUE	FALSE
MPZL3	FALSE	TRUE	FALSE
ZNF644	FALSE	TRUE	FALSE
C12orf29	FALSE	TRUE	FALSE
TCIM	FALSE	TRUE	FALSE
ZNF518A	FALSE	TRUE	FALSE
LRRC34	FALSE	TRUE	FALSE
FAM83A	FALSE	TRUE	FALSE
TMEM41A	FALSE	TRUE	FALSE
PLEKHF2	FALSE	TRUE	FALSE
CASK	FALSE	TRUE	FALSE
NEDD4	FALSE	TRUE	FALSE
RBM6	FALSE	TRUE	FALSE
NCOA7	FALSE	TRUE	FALSE
AHCYL2	FALSE	TRUE	FALSE
TMF1	FALSE	TRUE	FALSE
SASS6	FALSE	TRUE	FALSE
IGBP1	FALSE	TRUE	FALSE
MAP3K9	FALSE	TRUE	FALSE
CHST6	FALSE	TRUE	FALSE
CDC25A	FALSE	TRUE	FALSE
MAP3K20	FALSE	TRUE	FALSE
GSAP	FALSE	TRUE	FALSE
SAMD8	FALSE	TRUE	FALSE
B3GNT3	FALSE	TRUE	FALSE
MAP1LC3C	FALSE	TRUE	FALSE
GCNT1	FALSE	TRUE	FALSE
IKZF2	FALSE	TRUE	FALSE
MPDZ	FALSE	TRUE	FALSE
CYP2J2	FALSE	TRUE	FALSE
MX2	FALSE	TRUE	FALSE
NSUN7	FALSE	TRUE	FALSE
THEM5	FALSE	TRUE	FALSE
PIP4P1	FALSE	TRUE	FALSE
TPK1	FALSE	TRUE	FALSE
RUSC1-AS1	FALSE	TRUE	FALSE
LRIG3	FALSE	TRUE	FALSE
TMTC4	FALSE	TRUE	FALSE
CENPI	FALSE	TRUE	FALSE
NXT2	FALSE	TRUE	FALSE
ATAT1	FALSE	TRUE	FALSE
BEX1	FALSE	TRUE	FALSE
ZNF334	FALSE	TRUE	FALSE
ARHGAP24	FALSE	TRUE	FALSE
RANBP6	FALSE	TRUE	FALSE
CEP83	FALSE	TRUE	FALSE
PITPNB	FALSE	TRUE	FALSE
ZNF337	FALSE	TRUE	FALSE
LIPH	FALSE	TRUE	FALSE
ABHD13	FALSE	TRUE	FALSE
SYCP2L	FALSE	TRUE	FALSE
ZNF326	FALSE	TRUE	FALSE
PRSS23	FALSE	TRUE	FALSE
LOC107985544	FALSE	TRUE	FALSE
LDHC	FALSE	TRUE	FALSE
CFB	FALSE	TRUE	FALSE
SEMA3F	FALSE	TRUE	TRUE
GPR87	FALSE	TRUE	TRUE
TMEM154	FALSE	TRUE	FALSE
GLIS3	FALSE	TRUE	FALSE
RHNO1	FALSE	TRUE	FALSE
MYO3A	FALSE	TRUE	FALSE
ACBD6	FALSE	TRUE	FALSE
CTBS	FALSE	TRUE	FALSE
LAD1	FALSE	TRUE	FALSE
PCDHB8	FALSE	TRUE	TRUE
MBIP	FALSE	TRUE	FALSE
MSANTD2	FALSE	TRUE	FALSE
MED21	FALSE	TRUE	FALSE
TMEM38B	FALSE	TRUE	FALSE
L2HGDH	FALSE	TRUE	FALSE
KLHDC2	FALSE	TRUE	FALSE
SPTSSA	FALSE	TRUE	FALSE
AP4S1	FALSE	TRUE	FALSE
CDA	FALSE	TRUE	FALSE
ZNF883	FALSE	TRUE	FALSE
TMTC3	FALSE	TRUE	FALSE
RAD1	FALSE	TRUE	FALSE
HENMT1	FALSE	TRUE	FALSE
COL4A3	FALSE	TRUE	FALSE
CDC25B	FALSE	TRUE	FALSE
SESTD1	FALSE	TRUE	FALSE
SAMD9L	FALSE	TRUE	FALSE
MAP3K7CL	FALSE	TRUE	FALSE
TRMT13	FALSE	TRUE	FALSE
FAM126A	FALSE	TRUE	FALSE
SOS2	FALSE	TRUE	FALSE
ZNF567	FALSE	TRUE	FALSE
LOC100130987	FALSE	TRUE	FALSE
PDXDC2P-NPIPB14P	FALSE	TRUE	FALSE
LINC01116	FALSE	TRUE	FALSE
PEX1	FALSE	TRUE	FALSE
AFF1	FALSE	TRUE	FALSE
SLC15A4	FALSE	TRUE	FALSE
PDZD2	FALSE	TRUE	FALSE
PGAP4	FALSE	TRUE	FALSE
GSKIP	FALSE	TRUE	FALSE
ALPK3	FALSE	TRUE	FALSE
ADA	FALSE	TRUE	FALSE
DAPK1	FALSE	TRUE	FALSE
MAP3K5	FALSE	TRUE	TRUE
ZNF132	FALSE	TRUE	FALSE
KCNT2	FALSE	TRUE	FALSE
ZIC5	FALSE	TRUE	FALSE
GPCPD1	FALSE	TRUE	FALSE
PTGR2	FALSE	TRUE	FALSE
METTL7B	FALSE	TRUE	FALSE
AEBP1	FALSE	TRUE	FALSE
SLC10A7	FALSE	TRUE	FALSE
HSD17B12	FALSE	TRUE	FALSE
TRMT6	FALSE	TRUE	FALSE
NANP	FALSE	TRUE	FALSE
LRRFIP2	FALSE	TRUE	FALSE
IRAK3	FALSE	TRUE	FALSE
LINC01886	FALSE	TRUE	FALSE
ENTPD5	FALSE	TRUE	FALSE
ZNF550	FALSE	TRUE	FALSE
TMTC1	FALSE	TRUE	FALSE
SLC37A4	FALSE	TRUE	TRUE
AAAS	FALSE	TRUE	FALSE
ARHGEF3	FALSE	TRUE	FALSE
ALG10B	FALSE	TRUE	FALSE
ADAMTS1	FALSE	TRUE	FALSE
EPAS1	FALSE	TRUE	TRUE
LDAH	FALSE	TRUE	FALSE
SUSD1	FALSE	TRUE	FALSE
TRPS1	FALSE	TRUE	FALSE
OPN3	FALSE	TRUE	FALSE
CD83	FALSE	TRUE	FALSE
LOC101929705	FALSE	TRUE	FALSE
LINC01235	FALSE	TRUE	FALSE
CFAP47	FALSE	TRUE	FALSE
NOTCH2NLA	FALSE	TRUE	FALSE
ZDHHC13	FALSE	TRUE	FALSE
VPS45	FALSE	TRUE	FALSE
DHRS4L2	FALSE	TRUE	FALSE
CCDC91	FALSE	TRUE	FALSE
MTARC2	FALSE	TRUE	FALSE
FBXO5	FALSE	TRUE	FALSE
PPARG	FALSE	TRUE	FALSE
ANKRD10	FALSE	TRUE	FALSE
JRKL	FALSE	TRUE	FALSE
SLC18B1	FALSE	TRUE	TRUE
CCSAP	FALSE	TRUE	FALSE
FBXO4	FALSE	TRUE	FALSE
PDLIM1	FALSE	TRUE	FALSE
RPS6KA3	FALSE	TRUE	TRUE
EFNA5	FALSE	TRUE	TRUE
UBE2D1	FALSE	TRUE	FALSE
EHD3	FALSE	TRUE	FALSE
SIRPB1	FALSE	TRUE	FALSE
HCG11	FALSE	TRUE	FALSE
MAJIN	FALSE	TRUE	FALSE
TTC8	FALSE	TRUE	FALSE
SAMD9	FALSE	TRUE	FALSE
SLC35G2	FALSE	TRUE	FALSE
IGFL2-AS1	FALSE	TRUE	FALSE
IGSF3	FALSE	TRUE	TRUE
LRRC37A6P	FALSE	TRUE	FALSE
SLC1A5	FALSE	TRUE	FALSE
ANKRD22	FALSE	TRUE	FALSE
ICA1	FALSE	TRUE	FALSE
TMEM117	FALSE	TRUE	FALSE
ZC3H12C	FALSE	TRUE	FALSE
PLXDC2	FALSE	TRUE	TRUE
LRRCC1	FALSE	TRUE	FALSE
CDKL1	FALSE	TRUE	FALSE
GPR156	FALSE	TRUE	FALSE
EXOC6	FALSE	TRUE	FALSE
OVGP1	FALSE	TRUE	FALSE
KIAA1958	FALSE	TRUE	FALSE
ZNF660	FALSE	TRUE	FALSE
ZNF680	FALSE	TRUE	FALSE
LOC105373159	FALSE	TRUE	FALSE
TMEM156	FALSE	TRUE	FALSE
RUFY2	FALSE	TRUE	FALSE
ENTPD3	FALSE	TRUE	FALSE
ACKR2	FALSE	TRUE	FALSE
CWF19L2	FALSE	TRUE	FALSE
CARD6	FALSE	TRUE	FALSE
VCPKMT	FALSE	TRUE	FALSE
UPF3A	FALSE	TRUE	FALSE
ARMC10	FALSE	TRUE	FALSE
FRMD4B	FALSE	TRUE	FALSE
GPR176	FALSE	TRUE	FALSE
BLACAT1	FALSE	TRUE	FALSE
ARL4D	FALSE	TRUE	TRUE
SLC7A7	FALSE	TRUE	FALSE
FGF7P3	FALSE	TRUE	FALSE
ABHD17C	FALSE	TRUE	TRUE
ACTR3C	FALSE	TRUE	FALSE
ZP3	FALSE	TRUE	TRUE
DNAJC3-DT	FALSE	TRUE	FALSE
TP63	FALSE	TRUE	FALSE
SLCO4C1	FALSE	TRUE	FALSE
FUZ	FALSE	TRUE	FALSE
LOC100126784	FALSE	TRUE	FALSE
ACSL5	FALSE	TRUE	FALSE
ALDH1A3	FALSE	TRUE	FALSE
HSD17B7	FALSE	TRUE	FALSE
SEMA4A	FALSE	TRUE	FALSE
NBAT1	FALSE	TRUE	FALSE
TRIL	FALSE	TRUE	FALSE
CPS1	FALSE	TRUE	FALSE
SP110	FALSE	TRUE	FALSE
CHMP2B	FALSE	TRUE	FALSE
PRMT6	FALSE	TRUE	FALSE
RXYLT1	FALSE	TRUE	FALSE
KCNS1	FALSE	TRUE	FALSE
C1orf74	FALSE	TRUE	FALSE
LPCAT3	FALSE	TRUE	TRUE
NAPB	FALSE	TRUE	FALSE
ASNSP1	FALSE	TRUE	FALSE
CYSTM1	FALSE	TRUE	FALSE
BEX5	FALSE	TRUE	FALSE
ANKRD65	FALSE	TRUE	FALSE
TNS2	FALSE	TRUE	FALSE
PDE7A	FALSE	TRUE	FALSE
TLCD4	FALSE	TRUE	FALSE
AP4B1	FALSE	TRUE	FALSE
CEPT1	FALSE	TRUE	FALSE
POLE2	FALSE	TRUE	FALSE
NCALD	FALSE	TRUE	TRUE
C6orf141	FALSE	TRUE	FALSE
PSMB8	FALSE	TRUE	FALSE
VSTM5	FALSE	TRUE	FALSE
LOC101929331	FALSE	TRUE	FALSE
EPHA4	FALSE	TRUE	TRUE
SV2A	FALSE	TRUE	FALSE
ALPK2	FALSE	TRUE	FALSE
LCN10	FALSE	TRUE	FALSE
NUAK2	FALSE	TRUE	FALSE
LINC01605	FALSE	TRUE	FALSE
CR2	FALSE	TRUE	FALSE
LOX	FALSE	TRUE	FALSE
PSMC1	FALSE	TRUE	FALSE
KIAA2026	FALSE	TRUE	FALSE
RERG	FALSE	TRUE	TRUE
LONRF1	FALSE	TRUE	FALSE
RALGAPA1P1	FALSE	TRUE	FALSE
SLC44A4	FALSE	TRUE	FALSE
CCBE1	FALSE	TRUE	FALSE
LINC01578	FALSE	TRUE	FALSE
DDX43	FALSE	TRUE	FALSE
SNHG12	FALSE	TRUE	FALSE
SNORD5	FALSE	TRUE	FALSE
CHI3L1	FALSE	TRUE	FALSE
NAPEPLD	FALSE	TRUE	FALSE
PLAAT1	FALSE	TRUE	FALSE
SRPX2	FALSE	TRUE	FALSE
MORC4	FALSE	TRUE	FALSE
SCML1	FALSE	TRUE	FALSE
MARK1	FALSE	TRUE	FALSE
FGF13	FALSE	TRUE	FALSE
SNORD44	FALSE	TRUE	FALSE
ABCC4	FALSE	TRUE	FALSE
CEMIP	FALSE	TRUE	FALSE
ZNF100	FALSE	TRUE	FALSE
TAFA2	FALSE	TRUE	FALSE
SIGLEC15	FALSE	TRUE	FALSE
SVEP1	FALSE	TRUE	FALSE
GALNT13	FALSE	TRUE	FALSE
LINC00664	FALSE	TRUE	FALSE
ABHD3	FALSE	TRUE	FALSE
PAPSS2	FALSE	TRUE	FALSE
CASP1	FALSE	TRUE	FALSE
PPARGC1A	FALSE	TRUE	FALSE
BICD1	FALSE	TRUE	FALSE
IGFBP6	FALSE	TRUE	FALSE
THSD7B	FALSE	TRUE	FALSE
ALG6	FALSE	TRUE	FALSE
CNTLN	FALSE	TRUE	FALSE
ISCA2	FALSE	TRUE	FALSE
SELL	FALSE	TRUE	FALSE
OASL	FALSE	TRUE	FALSE
SLC4A8	FALSE	TRUE	FALSE
MAD2L1BP	FALSE	TRUE	FALSE
CYBB	FALSE	TRUE	FALSE
APOB	FALSE	TRUE	FALSE
FUT10	FALSE	TRUE	FALSE
PCDHB16	FALSE	TRUE	TRUE
C16orf87	FALSE	TRUE	FALSE
LIG4	FALSE	TRUE	FALSE
NRXN3	FALSE	TRUE	FALSE
OLFML3	FALSE	TRUE	FALSE
TASP1	FALSE	TRUE	FALSE
PPP1R36	FALSE	TRUE	FALSE
SNHG20	FALSE	TRUE	FALSE
SLC38A6	FALSE	TRUE	FALSE
HSH2D	FALSE	TRUE	FALSE
CCDC169	FALSE	TRUE	FALSE
MTCP1	FALSE	TRUE	FALSE
PXYLP1	FALSE	TRUE	FALSE
TLE4	FALSE	TRUE	FALSE
CEACAM6	FALSE	TRUE	FALSE
AEBP2	FALSE	TRUE	FALSE
MND1	FALSE	TRUE	FALSE
CAPG	FALSE	TRUE	FALSE
CABYR	FALSE	TRUE	FALSE
CD274	FALSE	TRUE	FALSE
CCNK	FALSE	TRUE	FALSE
TAPBPL	FALSE	TRUE	TRUE
ATP6V0D2	FALSE	TRUE	FALSE
KLHL2	FALSE	TRUE	FALSE
GALNT14	FALSE	TRUE	TRUE
HCLS1	FALSE	TRUE	FALSE
TNFRSF9	FALSE	TRUE	FALSE
ZBTB39	FALSE	TRUE	FALSE
ALDH6A1	FALSE	TRUE	FALSE
DHRS4	FALSE	TRUE	FALSE
FGFR1OP2	FALSE	TRUE	FALSE
CYP27B1	FALSE	TRUE	FALSE
BRINP2	FALSE	TRUE	TRUE
ZNF880	FALSE	TRUE	FALSE
RFX3	FALSE	TRUE	FALSE
AP1S3	FALSE	TRUE	FALSE
MCMDC2	FALSE	TRUE	FALSE
EGFLAM	FALSE	TRUE	FALSE
NDUFAF5	FALSE	TRUE	FALSE
TBC1D30	FALSE	TRUE	TRUE
CUTC	FALSE	TRUE	FALSE
TADA1	FALSE	TRUE	FALSE
NLRP10	FALSE	TRUE	FALSE
PABPN1	FALSE	TRUE	FALSE
KIF16B	FALSE	TRUE	FALSE
ANKRD7	FALSE	TRUE	FALSE
DUSP5P1	FALSE	TRUE	FALSE
SEPTIN7P2	FALSE	TRUE	FALSE
LOC441455	FALSE	TRUE	FALSE
FMOD	FALSE	TRUE	FALSE
ATP10D	FALSE	TRUE	FALSE
DNAJC25	FALSE	TRUE	FALSE
SLC35D1	FALSE	TRUE	FALSE
LCTL	FALSE	TRUE	FALSE
LINC00957	FALSE	TRUE	FALSE
CADPS2	FALSE	TRUE	FALSE
ZNF430	FALSE	TRUE	FALSE
MPP7	FALSE	TRUE	FALSE
IL6	FALSE	TRUE	FALSE
PTN	FALSE	TRUE	FALSE
PPP1R14A	FALSE	TRUE	FALSE
PDE4C	FALSE	TRUE	FALSE
MTM1	FALSE	TRUE	FALSE
SNORA8	FALSE	TRUE	FALSE
PLPP3	FALSE	TRUE	FALSE
RNF19B	FALSE	TRUE	FALSE
ACOT4	FALSE	TRUE	FALSE
C9orf72	FALSE	TRUE	FALSE
PLA2G7	FALSE	TRUE	FALSE
CRABP2	FALSE	TRUE	TRUE
FAM222A-AS1	FALSE	TRUE	FALSE
SPRY2	FALSE	TRUE	FALSE
KRT13	FALSE	TRUE	FALSE
ZNF729	FALSE	TRUE	FALSE
LINC01133	FALSE	TRUE	FALSE
LOC101929613	FALSE	TRUE	FALSE
QPCT	FALSE	TRUE	FALSE
AMPD3	FALSE	TRUE	FALSE
ARRDC4	FALSE	TRUE	FALSE
RGS4	FALSE	TRUE	FALSE
EVC2	FALSE	TRUE	FALSE
ZNF75D	FALSE	TRUE	FALSE
LINC01460	FALSE	TRUE	FALSE
GLRB	FALSE	TRUE	FALSE
LOC283335	FALSE	TRUE	FALSE
RPSAP52	FALSE	TRUE	FALSE
SNCA	FALSE	TRUE	FALSE
DNAH11	FALSE	TRUE	TRUE
GPR19	FALSE	TRUE	FALSE
PPP1R12B	FALSE	TRUE	FALSE
VWA1	FALSE	TRUE	FALSE
LAMB3	FALSE	TRUE	FALSE
CCL20	FALSE	TRUE	FALSE
DMD	FALSE	TRUE	FALSE
CYP1A2	FALSE	TRUE	FALSE
AKAP7	FALSE	TRUE	FALSE
FLJ46875	FALSE	TRUE	FALSE
COL4A6	FALSE	TRUE	FALSE
TRNL2	FALSE	TRUE	FALSE
MINAR1	FALSE	TRUE	FALSE
SNORA40	FALSE	TRUE	FALSE
FCHO1	FALSE	TRUE	FALSE
USP32P2	FALSE	TRUE	FALSE
RNF213-AS1	FALSE	TRUE	FALSE
RBM43	FALSE	TRUE	FALSE
SHROOM4	FALSE	TRUE	FALSE
ZNF600	FALSE	TRUE	FALSE
LOC105376805	FALSE	TRUE	FALSE
FBXL3	FALSE	TRUE	FALSE
ANKFN1	FALSE	TRUE	FALSE
PUS10	FALSE	TRUE	FALSE
AARD	FALSE	TRUE	FALSE
MILR1	FALSE	TRUE	FALSE
PON3	FALSE	TRUE	FALSE
VSIG1	FALSE	TRUE	FALSE
RTP4	FALSE	TRUE	FALSE
ELOVL7	FALSE	TRUE	FALSE
AGPAT4	FALSE	TRUE	FALSE
UPK1B	FALSE	TRUE	TRUE
REXO5	FALSE	TRUE	FALSE
ALG14	FALSE	TRUE	FALSE
MYO3B	FALSE	TRUE	FALSE
ZNF226	FALSE	TRUE	FALSE
HCP5	FALSE	TRUE	FALSE
CDH18	FALSE	TRUE	FALSE
CFAP300	FALSE	TRUE	FALSE
TESMIN	FALSE	TRUE	FALSE
MCTP2	FALSE	TRUE	FALSE
PROM1	FALSE	TRUE	FALSE
FOXG1	FALSE	TRUE	FALSE
LOC100507002	FALSE	TRUE	FALSE
SLC22A15	FALSE	TRUE	FALSE
ZNF841	FALSE	TRUE	FALSE
HOXB-AS1	FALSE	TRUE	FALSE
ALG10	FALSE	TRUE	FALSE
NME5	FALSE	TRUE	FALSE
PLAC1	FALSE	TRUE	FALSE
LNCOC1	FALSE	TRUE	FALSE
IFIT2	FALSE	TRUE	FALSE
LINC02535	FALSE	TRUE	FALSE
KITLG	FALSE	TRUE	FALSE
TRIM45	FALSE	TRUE	FALSE
TCEAL2	FALSE	TRUE	FALSE
STRIP2	FALSE	TRUE	FALSE
BIVM	FALSE	TRUE	FALSE
FAM3C	FALSE	TRUE	FALSE
DGKI	FALSE	TRUE	FALSE
ADGRV1	FALSE	TRUE	FALSE
BTC	FALSE	TRUE	FALSE
TMEM182	FALSE	TRUE	FALSE
NMNAT2	FALSE	TRUE	FALSE
AQP2	FALSE	TRUE	FALSE
MGC2889	FALSE	TRUE	FALSE
MIR155HG	FALSE	TRUE	FALSE
RHEX	FALSE	TRUE	FALSE
CXCL10	FALSE	TRUE	FALSE
ARHGAP25	FALSE	TRUE	FALSE
PTOV1-AS1	FALSE	TRUE	FALSE
GBP4	FALSE	TRUE	FALSE
SNORD80	FALSE	TRUE	FALSE
NINJ2-AS1	FALSE	TRUE	FALSE
MIR3064	FALSE	TRUE	FALSE
BST1	FALSE	TRUE	FALSE
HNMT	FALSE	TRUE	FALSE
GLUD2	FALSE	TRUE	FALSE
LINC02450	FALSE	TRUE	FALSE
CBWD1	FALSE	TRUE	FALSE
PEX5L	FALSE	TRUE	FALSE
REN	FALSE	TRUE	FALSE
ANO4	FALSE	TRUE	FALSE
ZNF99	FALSE	TRUE	FALSE
SPAG6	FALSE	TRUE	FALSE
NECTIN4	FALSE	TRUE	FALSE
LOC102606465	FALSE	TRUE	FALSE
KLHL3	FALSE	TRUE	FALSE
HIF3A	FALSE	TRUE	FALSE
LINC00491	FALSE	TRUE	FALSE
LINC01260	FALSE	TRUE	FALSE
UBE2Q2P1	FALSE	TRUE	FALSE
PTPRD	FALSE	TRUE	FALSE
TRNW	FALSE	TRUE	FALSE
EDA2R	FALSE	TRUE	FALSE
LAMB2P1	FALSE	TRUE	FALSE
ATP6V1B1-AS1	FALSE	TRUE	FALSE
CCDC144B	FALSE	TRUE	FALSE
C12orf66	FALSE	TRUE	FALSE
C7orf57	FALSE	TRUE	FALSE
GASK1A	FALSE	TRUE	FALSE
CDH24	FALSE	TRUE	FALSE
KBTBD3	FALSE	TRUE	FALSE
RADX	FALSE	TRUE	FALSE
STARD8	FALSE	TRUE	FALSE
DEPDC7	FALSE	TRUE	FALSE
ASPRV1	FALSE	TRUE	FALSE
ACYP1	FALSE	TRUE	FALSE
MIR1304	FALSE	TRUE	FALSE
SLC2A13	FALSE	TRUE	FALSE
LINGO2	FALSE	TRUE	FALSE
RAMP2	FALSE	TRUE	FALSE
GCNT3	FALSE	TRUE	FALSE
EYA1	FALSE	TRUE	FALSE
LXN	FALSE	TRUE	FALSE
POGLUT2	FALSE	TRUE	FALSE
FOXG1-AS1	FALSE	TRUE	FALSE
JPX	FALSE	TRUE	FALSE
RHEBL1	FALSE	TRUE	FALSE
CALHM6	FALSE	TRUE	FALSE
L3MBTL4	FALSE	TRUE	FALSE
ENDOU	FALSE	TRUE	FALSE
GCNA	FALSE	TRUE	FALSE
STX19	FALSE	TRUE	FALSE
SLC9B2	FALSE	TRUE	FALSE
LOC105747689	FALSE	TRUE	FALSE
ABHD12B	FALSE	TRUE	FALSE
TRND	FALSE	TRUE	FALSE
SNORD22	FALSE	TRUE	FALSE
WFDC21P	FALSE	TRUE	FALSE
HLA-DMA	FALSE	TRUE	FALSE
ACP7	FALSE	TRUE	FALSE
C1QL3	FALSE	TRUE	FALSE
UBXN10	FALSE	TRUE	FALSE
LINC00641	FALSE	TRUE	FALSE
KLRA1P	FALSE	TRUE	FALSE
PLEKHG6	FALSE	TRUE	FALSE
LINC01410	FALSE	TRUE	FALSE
ZNF582-AS1	FALSE	TRUE	FALSE
FUT9	FALSE	TRUE	FALSE
LOC100130872	FALSE	TRUE	FALSE
GRAMD2A	FALSE	TRUE	FALSE
LOC100128885	FALSE	TRUE	FALSE
ZNF192P1	FALSE	TRUE	FALSE
GAREM1	FALSE	TRUE	FALSE
G0S2	FALSE	TRUE	FALSE
STYK1	FALSE	TRUE	FALSE
TCTEX1D2	FALSE	TRUE	FALSE
MFSD2A	FALSE	TRUE	FALSE
LRG1	FALSE	TRUE	FALSE
TRIM22	FALSE	TRUE	FALSE
PDZRN4	FALSE	TRUE	FALSE
FABP6	FALSE	TRUE	FALSE
LINC02449	FALSE	TRUE	FALSE
STEAP1B	FALSE	TRUE	FALSE
C12orf56	FALSE	TRUE	FALSE
EPHX3	FALSE	TRUE	FALSE
GDF15	FALSE	TRUE	FALSE
LINC00865	FALSE	TRUE	FALSE
ITGA4	FALSE	TRUE	TRUE
GGACT	FALSE	TRUE	FALSE
LINC01503	FALSE	TRUE	FALSE
CRSP8P	FALSE	TRUE	FALSE
CELSR3	FALSE	TRUE	FALSE
ZKSCAN7	FALSE	TRUE	FALSE
SNORD29	FALSE	TRUE	FALSE
ZNF665	FALSE	TRUE	FALSE
PRDM5	FALSE	TRUE	FALSE
TAGAP	FALSE	TRUE	FALSE
ECM2	FALSE	TRUE	FALSE
C1S	FALSE	TRUE	FALSE
HCG22	FALSE	TRUE	FALSE
MYOM1	FALSE	TRUE	FALSE
NMRK1	FALSE	TRUE	FALSE
LOC101927318	FALSE	TRUE	FALSE
C3orf67	FALSE	TRUE	FALSE
STK31	FALSE	TRUE	FALSE
UPK3B	FALSE	TRUE	TRUE
SPA17	FALSE	TRUE	FALSE
P2RX7	FALSE	TRUE	FALSE
MCEE	FALSE	TRUE	FALSE
LOC100130992	FALSE	TRUE	FALSE
CEP126	FALSE	TRUE	FALSE
PRICKLE2	FALSE	TRUE	FALSE
LOC642484	FALSE	TRUE	FALSE
RHBDL2	FALSE	TRUE	FALSE
CD248	FALSE	TRUE	FALSE
ZEB1-AS1	FALSE	TRUE	FALSE
SPAG17	FALSE	TRUE	FALSE
MIR9-3HG	FALSE	TRUE	FALSE
WNK4	FALSE	TRUE	FALSE
SESN1	FALSE	TRUE	FALSE
PLEKHA4	FALSE	TRUE	FALSE
OVCH2	FALSE	TRUE	FALSE
TMC5	FALSE	TRUE	FALSE
ANXA9	FALSE	TRUE	FALSE
ADAMTS16	FALSE	TRUE	FALSE
SLCO1B3	FALSE	TRUE	FALSE
LINC02649	FALSE	TRUE	FALSE
TENT5A	FALSE	TRUE	FALSE
APOL3	FALSE	TRUE	FALSE
TMEM106A	FALSE	TRUE	FALSE
GPR45	FALSE	TRUE	FALSE
VAC14-AS1	FALSE	TRUE	FALSE
ADGRF5	FALSE	TRUE	FALSE
ZNF416	FALSE	TRUE	FALSE
ZNF285	FALSE	TRUE	FALSE
PRKCQ-AS1	FALSE	TRUE	FALSE
FABP3	FALSE	TRUE	FALSE
MIR924HG	FALSE	TRUE	FALSE
LURAP1L-AS1	FALSE	TRUE	FALSE
BATF2	FALSE	TRUE	FALSE
LRRN4	FALSE	TRUE	FALSE
LOC730268	FALSE	TRUE	FALSE
CNTN3	FALSE	TRUE	FALSE
TCEAL1	FALSE	TRUE	FALSE
LAMA1	FALSE	TRUE	FALSE
ST6GALNAC1	FALSE	TRUE	FALSE
RASL11B	FALSE	TRUE	FALSE
MRVI1	FALSE	TRUE	FALSE
VLDLR-AS1	FALSE	TRUE	FALSE
P2RY1	FALSE	TRUE	FALSE
TMEM81	FALSE	TRUE	FALSE
SLC16A14	FALSE	TRUE	TRUE
GAS1	FALSE	TRUE	TRUE
PDGFD	FALSE	TRUE	FALSE
DRP2	FALSE	TRUE	FALSE
LINC00621	FALSE	TRUE	FALSE
AKR1C3	FALSE	TRUE	FALSE
RHOV	FALSE	TRUE	FALSE
PRR15L	FALSE	TRUE	TRUE
MEF2C	FALSE	TRUE	TRUE
ANO2	FALSE	TRUE	FALSE
SLC9A9	FALSE	TRUE	FALSE
SLITRK2	FALSE	TRUE	FALSE
MYO16	FALSE	TRUE	FALSE
XKR7	FALSE	TRUE	FALSE
TNNT2	FALSE	TRUE	FALSE
ABCA13	FALSE	TRUE	FALSE
THBS4	FALSE	TRUE	FALSE
FAM180A	FALSE	TRUE	FALSE
PMEL	FALSE	TRUE	FALSE
ITIH5	FALSE	TRUE	FALSE
MYPN	FALSE	TRUE	FALSE
DCST2	FALSE	TRUE	FALSE
SNORD78	FALSE	TRUE	FALSE
NFKBID	FALSE	TRUE	FALSE
HOXD-AS2	FALSE	TRUE	FALSE
SEMA3B	FALSE	TRUE	FALSE
SERP2	FALSE	TRUE	FALSE
TRAPPC2B	FALSE	TRUE	FALSE
ACE	FALSE	TRUE	FALSE
EREG	FALSE	TRUE	FALSE
LOC100506178	FALSE	TRUE	FALSE
HAGLROS	FALSE	TRUE	FALSE
SETBP1	FALSE	TRUE	FALSE
UPB1	FALSE	TRUE	FALSE
TARS3	FALSE	TRUE	FALSE
CXCL2	FALSE	TRUE	FALSE
LINC01123	FALSE	TRUE	FALSE
RAB9B	FALSE	TRUE	FALSE
PDCD1LG2	FALSE	TRUE	FALSE
PLCB1	FALSE	TRUE	FALSE
CACNA2D3	FALSE	TRUE	FALSE
LINC01232	FALSE	TRUE	FALSE
TRO	FALSE	TRUE	FALSE
LINC02246	FALSE	TRUE	FALSE
FOXB1	FALSE	TRUE	FALSE
HLA-G	FALSE	TRUE	FALSE
DLG1-AS1	FALSE	TRUE	FALSE
LOC100506071	FALSE	TRUE	FALSE
CTNND2	FALSE	TRUE	FALSE
NPAS3	FALSE	TRUE	FALSE
RSAD2	FALSE	TRUE	FALSE
LOC401261	FALSE	TRUE	FALSE
LOC101927751	FALSE	TRUE	FALSE
SLC45A3	FALSE	TRUE	FALSE
AFDN-DT	FALSE	TRUE	FALSE
ZNF774	FALSE	TRUE	FALSE
LINC01607	FALSE	TRUE	FALSE
LINC01515	FALSE	TRUE	FALSE
PKHD1L1	FALSE	TRUE	FALSE
RASGRP3	FALSE	TRUE	FALSE
H3-2	FALSE	TRUE	FALSE
HOXA7	FALSE	TRUE	FALSE
SNORD26	FALSE	TRUE	FALSE
ITGB1BP2	FALSE	TRUE	FALSE
VAT1L	FALSE	TRUE	FALSE
MB	FALSE	TRUE	FALSE
LRCH2	FALSE	TRUE	FALSE
LINC01270	FALSE	TRUE	FALSE
LY96	FALSE	TRUE	FALSE
DOCK8	FALSE	TRUE	FALSE
HEATR4	FALSE	TRUE	FALSE
FAM81A	FALSE	TRUE	FALSE
ECHDC3	FALSE	TRUE	FALSE
PCDHB13	FALSE	TRUE	TRUE
RAET1E	FALSE	TRUE	FALSE
USP51	FALSE	TRUE	FALSE
ERVW-1	FALSE	TRUE	FALSE
ATP23	FALSE	TRUE	FALSE
KCNMB3	FALSE	TRUE	FALSE
ANKRD31	FALSE	TRUE	FALSE
THAP2	FALSE	TRUE	FALSE
PAPLN	FALSE	TRUE	FALSE
AFF1-AS1	FALSE	TRUE	FALSE
LINC01816	FALSE	TRUE	FALSE
RFFL	FALSE	TRUE	FALSE
TBX19	FALSE	TRUE	FALSE
NCCRP1	FALSE	TRUE	FALSE
INHBB	FALSE	FALSE	TRUE
SCNN1A	FALSE	FALSE	TRUE
PTPRU	FALSE	FALSE	TRUE
KCNF1	FALSE	FALSE	TRUE
NAPRT1	FALSE	FALSE	TRUE
SP8	FALSE	FALSE	TRUE
CD14	FALSE	FALSE	TRUE
TRIB2	FALSE	FALSE	TRUE
RAPGEF3	FALSE	FALSE	TRUE
MPV17L	FALSE	FALSE	TRUE
SDPR	FALSE	FALSE	TRUE
KCNK5	FALSE	FALSE	TRUE
KLK7	FALSE	FALSE	TRUE
AK4	FALSE	FALSE	TRUE
MKX	FALSE	FALSE	TRUE
LTBR	FALSE	FALSE	TRUE
PPP1R14C	FALSE	FALSE	TRUE
HIST1H2BH	FALSE	FALSE	TRUE
SYT7	FALSE	FALSE	TRUE
CPSF1	FALSE	FALSE	TRUE
PCDH1	FALSE	FALSE	TRUE
EPB41L3	FALSE	FALSE	TRUE
RECQL4	FALSE	FALSE	TRUE
GSDMC	FALSE	FALSE	TRUE
DLX3	FALSE	FALSE	TRUE
SMIM22	FALSE	FALSE	TRUE
CALB2	FALSE	FALSE	TRUE
PHB2	FALSE	FALSE	TRUE
CD74	FALSE	FALSE	TRUE
ITGB5	FALSE	FALSE	TRUE
KPTN	FALSE	FALSE	TRUE
DAAM2	FALSE	FALSE	TRUE
SORCS2	FALSE	FALSE	TRUE
CCK	FALSE	FALSE	TRUE
SLC22A3	FALSE	FALSE	TRUE
SEPT3	FALSE	FALSE	TRUE
GAPDH	FALSE	FALSE	TRUE
SLC16A3	FALSE	FALSE	TRUE
WDR1	FALSE	FALSE	TRUE
ARHGEF4	FALSE	FALSE	TRUE
TFAP2C	FALSE	FALSE	TRUE
CEBPA	FALSE	FALSE	TRUE
ZNF384	FALSE	FALSE	TRUE
ATP5I	FALSE	FALSE	TRUE
TPI1	FALSE	FALSE	TRUE
PCDHA6	FALSE	FALSE	TRUE
PLXNB2	FALSE	FALSE	TRUE
KRT23	FALSE	FALSE	TRUE
COPS7A	FALSE	FALSE	TRUE
CTBP1	FALSE	FALSE	TRUE
TMEM214	FALSE	FALSE	TRUE
AUTS2	FALSE	FALSE	TRUE
RASAL1	FALSE	FALSE	TRUE
CNN2	FALSE	FALSE	TRUE
TNFRSF1A	FALSE	FALSE	TRUE
EEF1D	FALSE	FALSE	TRUE
LRPAP1	FALSE	FALSE	TRUE
DPYSL3	FALSE	FALSE	TRUE
RPS19	FALSE	FALSE	TRUE
USP5	FALSE	FALSE	TRUE
FBLN1	FALSE	FALSE	TRUE
AL022328.1	FALSE	FALSE	TRUE
TFCP2L1	FALSE	FALSE	TRUE
EPHB3	FALSE	FALSE	TRUE
MRPL51	FALSE	FALSE	TRUE
RP11-500M8.7	FALSE	FALSE	TRUE
MLF2	FALSE	FALSE	TRUE
LPHN2	FALSE	FALSE	TRUE
PTMA	FALSE	FALSE	TRUE
UNC5A	FALSE	FALSE	TRUE
CYB5R2	FALSE	FALSE	TRUE
TANC2	FALSE	FALSE	TRUE
EPB41L4A	FALSE	FALSE	TRUE
C12orf4	FALSE	FALSE	TRUE
CNNM4	FALSE	FALSE	TRUE
CTSH	FALSE	FALSE	TRUE
GNAS	FALSE	FALSE	TRUE
DSCAML1	FALSE	FALSE	TRUE
KLK9	FALSE	FALSE	TRUE
WFDC2	FALSE	FALSE	TRUE
STAT5A	FALSE	FALSE	TRUE
TSTA3	FALSE	FALSE	TRUE
MALL	FALSE	FALSE	TRUE
SLC25A39	FALSE	FALSE	TRUE
PCDHAC1	FALSE	FALSE	TRUE
PCDHA3	FALSE	FALSE	TRUE
CBLN1	FALSE	FALSE	TRUE
FBXL6	FALSE	FALSE	TRUE
HEATR3	FALSE	FALSE	TRUE
PCDHA10	FALSE	FALSE	TRUE
SPNS2	FALSE	FALSE	TRUE
CYP4F3	FALSE	FALSE	TRUE
TONSL	FALSE	FALSE	TRUE
ATP2C2	FALSE	FALSE	TRUE
MREG	FALSE	FALSE	TRUE
SCRIB	FALSE	FALSE	TRUE
TMEM248	FALSE	FALSE	TRUE
RPL8	FALSE	FALSE	TRUE
FAM109B	FALSE	FALSE	TRUE
RPS16	FALSE	FALSE	TRUE
TRABD	FALSE	FALSE	TRUE
TBC1D14	FALSE	FALSE	TRUE
SLC35F1	FALSE	FALSE	TRUE
ASS1	FALSE	FALSE	TRUE
CERK	FALSE	FALSE	TRUE
PCDHA7	FALSE	FALSE	TRUE
PCDHA5	FALSE	FALSE	TRUE
MINOS1-NBL1	FALSE	FALSE	TRUE
CLDN3	FALSE	FALSE	TRUE
MFSD10	FALSE	FALSE	TRUE
ATN1	FALSE	FALSE	TRUE
PIGG	FALSE	FALSE	TRUE
CMTM6	FALSE	FALSE	TRUE
RPL13A	FALSE	FALSE	TRUE
PVRL1	FALSE	FALSE	TRUE
MRFAP1	FALSE	FALSE	TRUE
ZNF787	FALSE	FALSE	TRUE
TACC3	FALSE	FALSE	TRUE
F2RL1	FALSE	FALSE	TRUE
ARHGAP39	FALSE	FALSE	TRUE
ZXDA	FALSE	FALSE	TRUE
PCDHA8	FALSE	FALSE	TRUE
WDYHV1	FALSE	FALSE	TRUE
ADAM19	FALSE	FALSE	TRUE
FANCD2	FALSE	FALSE	TRUE
APLP2	FALSE	FALSE	TRUE
LMNB1	FALSE	FALSE	TRUE
PIK3R3	FALSE	FALSE	TRUE
KLK6	FALSE	FALSE	TRUE
ILVBL	FALSE	FALSE	TRUE
USF2	FALSE	FALSE	TRUE
HAUS5	FALSE	FALSE	TRUE
POMGNT2	FALSE	FALSE	TRUE
TSEN34	FALSE	FALSE	TRUE
ARHGAP22	FALSE	FALSE	TRUE
DCAF16	FALSE	FALSE	TRUE
BOD1L1	FALSE	FALSE	TRUE
IMPA2	FALSE	FALSE	TRUE
TBC1D8	FALSE	FALSE	TRUE
NOP2	FALSE	FALSE	TRUE
RPSA	FALSE	FALSE	TRUE
ABCC3	FALSE	FALSE	TRUE
TBC1D22A	FALSE	FALSE	TRUE
NCAPH2	FALSE	FALSE	TRUE
DAB2IP	FALSE	FALSE	TRUE
RAMP1	FALSE	FALSE	TRUE
PRIMA1	FALSE	FALSE	TRUE
LY6E	FALSE	FALSE	TRUE
BRD7	FALSE	FALSE	TRUE
CHRAC1	FALSE	FALSE	TRUE
CTC-360G5.8	FALSE	FALSE	TRUE
TOP1MT	FALSE	FALSE	TRUE
PCDHA2	FALSE	FALSE	TRUE
ZNF581	FALSE	FALSE	TRUE
CYC1	FALSE	FALSE	TRUE
STT3A	FALSE	FALSE	TRUE
GPX3	FALSE	FALSE	TRUE
CDH6	FALSE	FALSE	TRUE
FZD3	FALSE	FALSE	TRUE
RPL28	FALSE	FALSE	TRUE
BLOC1S4	FALSE	FALSE	TRUE
RP11-234B24.6	FALSE	FALSE	TRUE
EVA1C	FALSE	FALSE	TRUE
CRELD2	FALSE	FALSE	TRUE
PRR7	FALSE	FALSE	TRUE
FLJ20373	FALSE	FALSE	TRUE
GTSE1	FALSE	FALSE	TRUE
MAN2B2	FALSE	FALSE	TRUE
MTUS1	FALSE	FALSE	TRUE
DOK7	FALSE	FALSE	TRUE
NDUFA9	FALSE	FALSE	TRUE
SOCS5	FALSE	FALSE	TRUE
SPOPL	FALSE	FALSE	TRUE
CTB-102L5.4	FALSE	FALSE	TRUE
RPS11	FALSE	FALSE	TRUE
NDUFS5	FALSE	FALSE	TRUE
TECR	FALSE	FALSE	TRUE
UTP3	FALSE	FALSE	TRUE
KIAA1468	FALSE	FALSE	TRUE
GPAA1	FALSE	FALSE	TRUE
PPP1R16A	FALSE	FALSE	TRUE
HES1	FALSE	FALSE	TRUE
LTBP2	FALSE	FALSE	TRUE
SLC52A2	FALSE	FALSE	TRUE
DIS3L2	FALSE	FALSE	TRUE
FBP1	FALSE	FALSE	TRUE
SLC5A10	FALSE	FALSE	TRUE
FAM110C	FALSE	FALSE	TRUE
UQCRH	FALSE	FALSE	TRUE
TEF	FALSE	FALSE	TRUE
TSPAN9	FALSE	FALSE	TRUE
C10orf10	FALSE	FALSE	TRUE
CENPM	FALSE	FALSE	TRUE
RPL14	FALSE	FALSE	TRUE
POLDIP3	FALSE	FALSE	TRUE
PHF5A	FALSE	FALSE	TRUE
NUDT21	FALSE	FALSE	TRUE
SHARPIN	FALSE	FALSE	TRUE
SHCBP1	FALSE	FALSE	TRUE
KLK10	FALSE	FALSE	TRUE
PHKB	FALSE	FALSE	TRUE
FAM83H	FALSE	FALSE	TRUE
AC068533.7	FALSE	FALSE	TRUE
ADCK5	FALSE	FALSE	TRUE
RALBP1	FALSE	FALSE	TRUE
ALDH16A1	FALSE	FALSE	TRUE
TP53I11	FALSE	FALSE	TRUE
ISOC1	FALSE	FALSE	TRUE
RHPN1	FALSE	FALSE	TRUE
LCLAT1	FALSE	FALSE	TRUE
TTC38	FALSE	FALSE	TRUE
GID8	FALSE	FALSE	TRUE
XRCC6	FALSE	FALSE	TRUE
RPS25	FALSE	FALSE	TRUE
DBP	FALSE	FALSE	TRUE
DEPTOR	FALSE	FALSE	TRUE
VAMP1	FALSE	FALSE	TRUE
FGFBP1	FALSE	FALSE	TRUE
C12orf5	FALSE	FALSE	TRUE
SORL1	FALSE	FALSE	TRUE
CDCA3	FALSE	FALSE	TRUE
MAEA	FALSE	FALSE	TRUE
FBL	FALSE	FALSE	TRUE
DFNB31	FALSE	FALSE	TRUE
LRRC6	FALSE	FALSE	TRUE
LDOC1L	FALSE	FALSE	TRUE
SNCG	FALSE	FALSE	TRUE
TSC22D1	FALSE	FALSE	TRUE
PTPN6	FALSE	FALSE	TRUE
EPB41L4A-AS2	FALSE	FALSE	TRUE
MAF1	FALSE	FALSE	TRUE
EI24	FALSE	FALSE	TRUE
DSEL	FALSE	FALSE	TRUE
ZNF131	FALSE	FALSE	TRUE
SLC27A2	FALSE	FALSE	TRUE
DDX11	FALSE	FALSE	TRUE
CCDC167	FALSE	FALSE	TRUE
EARS2	FALSE	FALSE	TRUE
FAM84A	FALSE	FALSE	TRUE
DYNC1LI2	FALSE	FALSE	TRUE
SS18L1	FALSE	FALSE	TRUE
RP11-444E17.6	FALSE	FALSE	TRUE
GDA	FALSE	FALSE	TRUE
BCAM	FALSE	FALSE	TRUE
TWIST2	FALSE	FALSE	TRUE
GRAMD4	FALSE	FALSE	TRUE
RBPMS	FALSE	FALSE	TRUE
TIAL1	FALSE	FALSE	TRUE
GDF1	FALSE	FALSE	TRUE
POLD1	FALSE	FALSE	TRUE
PRLR	FALSE	FALSE	TRUE
OBSL1	FALSE	FALSE	TRUE
SLBP	FALSE	FALSE	TRUE
CTD-2545M3.6	FALSE	FALSE	TRUE
TMED7	FALSE	FALSE	TRUE
NRG2	FALSE	FALSE	TRUE
PASK	FALSE	FALSE	TRUE
PLEC	FALSE	FALSE	TRUE
LRRC14	FALSE	FALSE	TRUE
LAP3	FALSE	FALSE	TRUE
GTF3C2	FALSE	FALSE	TRUE
C16orf58	FALSE	FALSE	TRUE
FBXL14	FALSE	FALSE	TRUE
FAS	FALSE	FALSE	TRUE
THEM6	FALSE	FALSE	TRUE
MCF2L2	FALSE	FALSE	TRUE
FAM19A3	FALSE	FALSE	TRUE
RP11-211G3.3	FALSE	FALSE	TRUE
ALDH7A1	FALSE	FALSE	TRUE
CTDSP1	FALSE	FALSE	TRUE
UCKL1	FALSE	FALSE	TRUE
C11orf83	FALSE	FALSE	TRUE
FBXL5	FALSE	FALSE	TRUE
AC011897.1	FALSE	FALSE	TRUE
LETM1	FALSE	FALSE	TRUE
ULBP3	FALSE	FALSE	TRUE
AC011530.4	FALSE	FALSE	TRUE
FAM19A4	FALSE	FALSE	TRUE
PLK3	FALSE	FALSE	TRUE
ACPL2	FALSE	FALSE	TRUE
DYRK1B	FALSE	FALSE	TRUE
MAB21L3	FALSE	FALSE	TRUE
DGAT1	FALSE	FALSE	TRUE
TMEM173	FALSE	FALSE	TRUE
NBL1	FALSE	FALSE	TRUE
NR4A1	FALSE	FALSE	TRUE
DMPK	FALSE	FALSE	TRUE
PLCXD3	FALSE	FALSE	TRUE
WNT7B	FALSE	FALSE	TRUE
TIGD1	FALSE	FALSE	TRUE
CAPSL	FALSE	FALSE	TRUE
ORC6	FALSE	FALSE	TRUE
PUF60	FALSE	FALSE	TRUE
LMAN1	FALSE	FALSE	TRUE
YIF1B	FALSE	FALSE	TRUE
HSPBP1	FALSE	FALSE	TRUE
CERS1	FALSE	FALSE	TRUE
TBC1D19	FALSE	FALSE	TRUE
SETD6	FALSE	FALSE	TRUE
CRYZ	FALSE	FALSE	TRUE
DSTN	FALSE	FALSE	TRUE
CYB5R3	FALSE	FALSE	TRUE
MED28	FALSE	FALSE	TRUE
ECHDC2	FALSE	FALSE	TRUE
AGO2	FALSE	FALSE	TRUE
NTN4	FALSE	FALSE	TRUE
GRAMD3	FALSE	FALSE	TRUE
PER2	FALSE	FALSE	TRUE
TUBGCP6	FALSE	FALSE	TRUE
WDR90	FALSE	FALSE	TRUE
CEP192	FALSE	FALSE	TRUE
MGAT4B	FALSE	FALSE	TRUE
ST14	FALSE	FALSE	TRUE
TMPRSS11E	FALSE	FALSE	TRUE
TRIM29	FALSE	FALSE	TRUE
ELMO1	FALSE	FALSE	TRUE
HTT	FALSE	FALSE	TRUE
TRMU	FALSE	FALSE	TRUE
FBXW9	FALSE	FALSE	TRUE
PGAM5	FALSE	FALSE	TRUE
HNRNPUL1	FALSE	FALSE	TRUE
GAK	FALSE	FALSE	TRUE
NOP14	FALSE	FALSE	TRUE
HSF1	FALSE	FALSE	TRUE
TENM4	FALSE	FALSE	TRUE
IL8	FALSE	FALSE	TRUE
FAM53B	FALSE	FALSE	TRUE
ABHD11	FALSE	FALSE	TRUE
POU2F3	FALSE	FALSE	TRUE
CAPN10	FALSE	FALSE	TRUE
LAMA5	FALSE	FALSE	TRUE
NUP210	FALSE	FALSE	TRUE
SH3BP4	FALSE	FALSE	TRUE
AC104532.2	FALSE	FALSE	TRUE
KAAG1	FALSE	FALSE	TRUE
TMED3	FALSE	FALSE	TRUE
WHSC1	FALSE	FALSE	TRUE
DNPEP	FALSE	FALSE	TRUE
PCDHB6	FALSE	FALSE	TRUE
MNS1	FALSE	FALSE	TRUE
ALDOA	FALSE	FALSE	TRUE
CLEC3B	FALSE	FALSE	TRUE
SLC29A3	FALSE	FALSE	TRUE
C14orf132	FALSE	FALSE	TRUE
B4GALT6	FALSE	FALSE	TRUE
SGK223	FALSE	FALSE	TRUE
CHKB	FALSE	FALSE	TRUE
ARMC5	FALSE	FALSE	TRUE
SARS2	FALSE	FALSE	TRUE
ZNF721	FALSE	FALSE	TRUE
ATXN10	FALSE	FALSE	TRUE
SOX9	FALSE	FALSE	TRUE
YARS2	FALSE	FALSE	TRUE
SRD5A1	FALSE	FALSE	TRUE
LYPD6B	FALSE	FALSE	TRUE
TPBG	FALSE	FALSE	TRUE
ROR1	FALSE	FALSE	TRUE
RIPK4	FALSE	FALSE	TRUE
ZXDB	FALSE	FALSE	TRUE
ZNF532	FALSE	FALSE	TRUE
CIB1	FALSE	FALSE	TRUE
ABHD12	FALSE	FALSE	TRUE
GPI	FALSE	FALSE	TRUE
HOXB7	FALSE	FALSE	TRUE
SRPR	FALSE	FALSE	TRUE
XRCC1	FALSE	FALSE	TRUE
TCF20	FALSE	FALSE	TRUE
ZNF696	FALSE	FALSE	TRUE
CNTNAP2	FALSE	FALSE	TRUE
PRR15	FALSE	FALSE	TRUE
FHOD3	FALSE	FALSE	TRUE
TIMP3	FALSE	FALSE	TRUE
SPR	FALSE	FALSE	TRUE
IER5L	FALSE	FALSE	TRUE
KIAA1549L	FALSE	FALSE	TRUE
WASF3	FALSE	FALSE	TRUE
TTLL12	FALSE	FALSE	TRUE
PLCD3	FALSE	FALSE	TRUE
GPT2	FALSE	FALSE	TRUE
HAUS3	FALSE	FALSE	TRUE
SREBF2	FALSE	FALSE	TRUE
KLHL10	FALSE	FALSE	TRUE
PLXNA2	FALSE	FALSE	TRUE
CHKB-CPT1B	FALSE	FALSE	TRUE
KAZN	FALSE	FALSE	TRUE
PGAP3	FALSE	FALSE	TRUE
C9orf3	FALSE	FALSE	TRUE
NUP62CL	FALSE	FALSE	TRUE
FAM91A1	FALSE	FALSE	TRUE
LSR	FALSE	FALSE	TRUE
CHN2	FALSE	FALSE	TRUE
CERS4	FALSE	FALSE	TRUE
TMEM231	FALSE	FALSE	TRUE
C20orf112	FALSE	FALSE	TRUE
PAPD5	FALSE	FALSE	TRUE
FRMD5	FALSE	FALSE	TRUE
RPS21	FALSE	FALSE	TRUE
MAT2A	FALSE	FALSE	TRUE
ZNF618	FALSE	FALSE	TRUE
PLCD1	FALSE	FALSE	TRUE
SCO2	FALSE	FALSE	TRUE
GALNT18	FALSE	FALSE	TRUE
ZFP36L2	FALSE	FALSE	TRUE
C8orf33	FALSE	FALSE	TRUE
COMMD10	FALSE	FALSE	TRUE
N4BP1	FALSE	FALSE	TRUE
AL136376.1	FALSE	FALSE	TRUE
RASGRP1	FALSE	FALSE	TRUE
GRPEL1	FALSE	FALSE	TRUE
ZC3H3	FALSE	FALSE	TRUE
ICOSLG	FALSE	FALSE	TRUE
CHMP2A	FALSE	FALSE	TRUE
EDARADD	FALSE	FALSE	TRUE
IFT172	FALSE	FALSE	TRUE
S100A9	FALSE	FALSE	TRUE
PCED1B	FALSE	FALSE	TRUE
SOWAHB	FALSE	FALSE	TRUE
MOXD1	FALSE	FALSE	TRUE
FOXH1	FALSE	FALSE	TRUE
CAPS	FALSE	FALSE	TRUE
KLF5	FALSE	FALSE	TRUE
AGAP1	FALSE	FALSE	TRUE
ITGA3	FALSE	FALSE	TRUE
MYB	FALSE	FALSE	TRUE
ABLIM1	FALSE	FALSE	TRUE
RP11-618P17.4	FALSE	FALSE	TRUE
GSDMD	FALSE	FALSE	TRUE
KCNN4	FALSE	FALSE	TRUE
NDUFAF7	FALSE	FALSE	TRUE
SLC2A1	FALSE	FALSE	TRUE
TRMT12	FALSE	FALSE	TRUE
GABRQ	FALSE	FALSE	TRUE
RAB28	FALSE	FALSE	TRUE
CD9	FALSE	FALSE	TRUE
ADIPOR2	FALSE	FALSE	TRUE
STK11IP	FALSE	FALSE	TRUE
FRMD3	FALSE	FALSE	TRUE
GPC1	FALSE	FALSE	TRUE
CNOT1	FALSE	FALSE	TRUE
TOB1	FALSE	FALSE	TRUE
IGFBP5	FALSE	FALSE	TRUE
PIM3	FALSE	FALSE	TRUE
ISM1	FALSE	FALSE	TRUE
ITGBL1	FALSE	FALSE	TRUE
PLXNB1	FALSE	FALSE	TRUE
MT1E	FALSE	FALSE	TRUE
CPVL	FALSE	FALSE	TRUE
BIK	FALSE	FALSE	TRUE
VPS35	FALSE	FALSE	TRUE
MBP	FALSE	FALSE	TRUE
LIG1	FALSE	FALSE	TRUE
ATG7	FALSE	FALSE	TRUE
KIAA1598	FALSE	FALSE	TRUE
CPLX1	FALSE	FALSE	TRUE
HOOK1	FALSE	FALSE	TRUE
DNAJA2	FALSE	FALSE	TRUE
SLC4A11	FALSE	FALSE	TRUE
HSD17B8	FALSE	FALSE	TRUE
EFR3A	FALSE	FALSE	TRUE
EMB	FALSE	FALSE	TRUE
SIPA1L3	FALSE	FALSE	TRUE
SDHAF1	FALSE	FALSE	TRUE
TMEM65	FALSE	FALSE	TRUE
ENTPD6	FALSE	FALSE	TRUE
TSPAN15	FALSE	FALSE	TRUE
ZNF703	FALSE	FALSE	TRUE
FANCD2OS	FALSE	FALSE	TRUE
C1RL	FALSE	FALSE	TRUE
PPDPF	FALSE	FALSE	TRUE
ACO2	FALSE	FALSE	TRUE
NMU	FALSE	FALSE	TRUE
MYRIP	FALSE	FALSE	TRUE
ANKRD27	FALSE	FALSE	TRUE
HIP1	FALSE	FALSE	TRUE
PYGB	FALSE	FALSE	TRUE
CYP2S1	FALSE	FALSE	TRUE
TCEB1	FALSE	FALSE	TRUE
DCDC2	FALSE	FALSE	TRUE
RTEL1-TNFRSF6B	FALSE	FALSE	TRUE
F2R	FALSE	FALSE	TRUE
RP11-302M6.4	FALSE	FALSE	TRUE
EDEM2	FALSE	FALSE	TRUE
LONP2	FALSE	FALSE	TRUE
FAM210B	FALSE	FALSE	TRUE
IRF7	FALSE	FALSE	TRUE
AC005544.1	FALSE	FALSE	TRUE
MT2A	FALSE	FALSE	TRUE
CNKSR2	FALSE	FALSE	TRUE
MDGA1	FALSE	FALSE	TRUE
SCAMP1	FALSE	FALSE	TRUE
TAPT1	FALSE	FALSE	TRUE
PPAP2A	FALSE	FALSE	TRUE
LENG8	FALSE	FALSE	TRUE
TMEM238	FALSE	FALSE	TRUE
ARL4C	FALSE	FALSE	TRUE
CHPF	FALSE	FALSE	TRUE
RTEL1	FALSE	FALSE	TRUE
KIFC2	FALSE	FALSE	TRUE
SLC48A1	FALSE	FALSE	TRUE
HDAC10	FALSE	FALSE	TRUE
BBS2	FALSE	FALSE	TRUE
RAC2	FALSE	FALSE	TRUE
SPINT2	FALSE	FALSE	TRUE
TCF4	FALSE	FALSE	TRUE
VASN	FALSE	FALSE	TRUE
COL22A1	FALSE	FALSE	TRUE
KRT4	FALSE	FALSE	TRUE
ALDH5A1	FALSE	FALSE	TRUE
LPAR5	FALSE	FALSE	TRUE
MYOF	FALSE	FALSE	TRUE
BRK1	FALSE	FALSE	TRUE
HOMER1	FALSE	FALSE	TRUE
SUSD3	FALSE	FALSE	TRUE
MT1G	FALSE	FALSE	TRUE
PTOV1	FALSE	FALSE	TRUE
FBN1	FALSE	FALSE	TRUE
EPHX4	FALSE	FALSE	TRUE
AP2S1	FALSE	FALSE	TRUE
CACNG4	FALSE	FALSE	TRUE
PLEKHA7	FALSE	FALSE	TRUE
GPRC5C	FALSE	FALSE	TRUE
PRKCD	FALSE	FALSE	TRUE
FAM49B	FALSE	FALSE	TRUE
CWH43	FALSE	FALSE	TRUE
GAL	FALSE	FALSE	TRUE
ADCY7	FALSE	FALSE	TRUE
STIM2	FALSE	FALSE	TRUE
PPP2R1A	FALSE	FALSE	TRUE
RHOBTB2	FALSE	FALSE	TRUE
BACE1	FALSE	FALSE	TRUE
RNF139	FALSE	FALSE	TRUE
EIF4E2	FALSE	FALSE	TRUE
CBLC	FALSE	FALSE	TRUE
NOMO3	FALSE	FALSE	TRUE
HIST2H2AC	FALSE	FALSE	TRUE
NPNT	FALSE	FALSE	TRUE
KIAA0196	FALSE	FALSE	TRUE
CDS1	FALSE	FALSE	TRUE
CLDN4	FALSE	FALSE	TRUE
PROM2	FALSE	FALSE	TRUE
GAREML	FALSE	FALSE	TRUE
TCFL5	FALSE	FALSE	TRUE
ATAD2	FALSE	FALSE	TRUE
WNT7A	FALSE	FALSE	TRUE
TSNARE1	FALSE	FALSE	TRUE
KLK5	FALSE	FALSE	TRUE
MFI2	FALSE	FALSE	TRUE
TRPM8	FALSE	FALSE	TRUE
WNT10A	FALSE	FALSE	TRUE
POMZP3	FALSE	FALSE	TRUE
SLC2A4RG	FALSE	FALSE	TRUE
LHFPL2	FALSE	FALSE	TRUE
ABLIM3	FALSE	FALSE	TRUE
ATP6V1C2	FALSE	FALSE	TRUE
AFAP1L2	FALSE	FALSE	TRUE
LAPTM4B	FALSE	FALSE	TRUE
LOXL4	FALSE	FALSE	TRUE
AL035252.1	FALSE	FALSE	TRUE
FAM131C	FALSE	FALSE	TRUE
PPP1R37	FALSE	FALSE	TRUE
ESR1	FALSE	FALSE	TRUE
TNS4	FALSE	FALSE	TRUE
SDCBP2	FALSE	FALSE	TRUE
CTDSPL	FALSE	FALSE	TRUE
CKMT1B	FALSE	FALSE	TRUE
FAM60A	FALSE	FALSE	TRUE
MXD4	FALSE	FALSE	TRUE
MN1	FALSE	FALSE	TRUE
SEPT5	FALSE	FALSE	TRUE
PTAFR	FALSE	FALSE	TRUE
FXYD6-FXYD2	FALSE	FALSE	TRUE
SHC3	FALSE	FALSE	TRUE
CCKBR	FALSE	FALSE	TRUE
ZNF267	FALSE	FALSE	TRUE
VPS4B	FALSE	FALSE	TRUE
MROH6	FALSE	FALSE	TRUE
RP11-1021N1.1	FALSE	FALSE	TRUE
ZHX2	FALSE	FALSE	TRUE
KATNB1	FALSE	FALSE	TRUE
UGT2B7	FALSE	FALSE	TRUE
CRIP2	FALSE	FALSE	TRUE
OXTR	FALSE	FALSE	TRUE
EPCAM	FALSE	FALSE	TRUE
CELSR2	FALSE	FALSE	TRUE
CD3EAP	FALSE	FALSE	TRUE
LMNA	FALSE	FALSE	TRUE
BCCIP	FALSE	FALSE	TRUE
TGFBR3L	FALSE	FALSE	TRUE
SERPINB5	FALSE	FALSE	TRUE
ZNF704	FALSE	FALSE	TRUE
AGRN	FALSE	FALSE	TRUE
PRR5-ARHGAP8	FALSE	FALSE	TRUE
PANX2	FALSE	FALSE	TRUE
ASRGL1	FALSE	FALSE	TRUE
AL590235.1	FALSE	FALSE	TRUE
HM13	FALSE	FALSE	TRUE
FTH1	FALSE	FALSE	TRUE
GJA5	FALSE	FALSE	TRUE
ING4	FALSE	FALSE	TRUE
RP4-576H24.4	FALSE	FALSE	TRUE
RNF145	FALSE	FALSE	TRUE
CDH11	FALSE	FALSE	TRUE
NELFA	FALSE	FALSE	TRUE
CCDC64	FALSE	FALSE	TRUE
SIPA1L2	FALSE	FALSE	TRUE
LYAR	FALSE	FALSE	TRUE
LMBRD1	FALSE	FALSE	TRUE
BAI1	FALSE	FALSE	TRUE
ARHGAP8	FALSE	FALSE	TRUE
FHDC1	FALSE	FALSE	TRUE
POP1	FALSE	FALSE	TRUE
CYB5A	FALSE	FALSE	TRUE
BOP1	FALSE	FALSE	TRUE
LFNG	FALSE	FALSE	TRUE
CLDN7	FALSE	FALSE	TRUE
GSN	FALSE	FALSE	TRUE
RPS23	FALSE	FALSE	TRUE
ATP8B4	FALSE	FALSE	TRUE
FAM49A	FALSE	FALSE	TRUE
PACRGL	FALSE	FALSE	TRUE
A4GALT	FALSE	FALSE	TRUE
TMC6	FALSE	FALSE	TRUE
CYP4F11	FALSE	FALSE	TRUE
FAM20C	FALSE	FALSE	TRUE
EPPK1	FALSE	FALSE	TRUE
AC120194.1	FALSE	FALSE	TRUE
NDUFS4	FALSE	FALSE	TRUE
RP11-108K14.8	FALSE	FALSE	TRUE
NDRG1	FALSE	FALSE	TRUE
AP3B1	FALSE	FALSE	TRUE
GPR125	FALSE	FALSE	TRUE
DSC2	FALSE	FALSE	TRUE
DUSP5	FALSE	FALSE	TRUE
MYADM	FALSE	FALSE	TRUE
SLCO4A1	FALSE	FALSE	TRUE
ERGIC3	FALSE	FALSE	TRUE
AIFM2	FALSE	FALSE	TRUE
GNA15	FALSE	FALSE	TRUE
FAM174A	FALSE	FALSE	TRUE
GOLGA7B	FALSE	FALSE	TRUE
RSPO4	FALSE	FALSE	TRUE
CDH1	FALSE	FALSE	TRUE
OPLAH	FALSE	FALSE	TRUE
SFMBT1	FALSE	FALSE	TRUE
CDK3	FALSE	FALSE	TRUE
FAP	FALSE	FALSE	TRUE
CPNE2	FALSE	FALSE	TRUE
FOS	FALSE	FALSE	TRUE
GRB7	FALSE	FALSE	TRUE
IGSF9	FALSE	FALSE	TRUE
CDKN2D	FALSE	FALSE	TRUE
SERPINE2	FALSE	FALSE	TRUE
SYS1-DBNDD2	FALSE	FALSE	TRUE
EPS8L1	FALSE	FALSE	TRUE
RP4-583P15.14	FALSE	FALSE	TRUE
XYLT1	FALSE	FALSE	TRUE
RP11-481A20.11	FALSE	FALSE	TRUE
NCL	FALSE	FALSE	TRUE
SLC5A2	FALSE	FALSE	TRUE
S100A10	FALSE	FALSE	TRUE
