gene_id	A2780_up	UWB_BRCAdef_up	PEO1_up
TACSTD2	TRUE	FALSE	FALSE
IRF6	TRUE	FALSE	FALSE
ZBTB7C	TRUE	FALSE	FALSE
TGFBI	TRUE	TRUE	FALSE
TRIM29	TRUE	TRUE	FALSE
C1orf116	TRUE	FALSE	FALSE
KRT5	TRUE	FALSE	FALSE
GRHL2	TRUE	FALSE	FALSE
IL1B	TRUE	FALSE	FALSE
FAT2	TRUE	FALSE	FALSE
INPP5D	TRUE	FALSE	FALSE
ST6GALNAC2	TRUE	FALSE	FALSE
GLUL	TRUE	FALSE	FALSE
AKR1B10	TRUE	FALSE	FALSE
TNS4	TRUE	TRUE	FALSE
FABP5	TRUE	FALSE	FALSE
CDH1	TRUE	FALSE	FALSE
KRT17	TRUE	FALSE	TRUE
CPA4	TRUE	FALSE	FALSE
THBS1	TRUE	TRUE	FALSE
ADRB2	TRUE	FALSE	TRUE
CA2	TRUE	TRUE	TRUE
KRT4	TRUE	FALSE	FALSE
ALDH1A3	TRUE	FALSE	FALSE
NLRP1	TRUE	FALSE	TRUE
HOTS	TRUE	FALSE	FALSE
TIMP3	TRUE	TRUE	FALSE
PTGES	TRUE	FALSE	FALSE
HTATIP2	TRUE	FALSE	FALSE
MUC4	TRUE	FALSE	FALSE
TSPAN1	TRUE	FALSE	FALSE
KCNK1	TRUE	FALSE	FALSE
WFDC2	TRUE	FALSE	FALSE
ANO1	TRUE	TRUE	FALSE
EGFLAM	TRUE	FALSE	FALSE
MYO10	TRUE	FALSE	TRUE
XDH	TRUE	FALSE	FALSE
FAM83A	TRUE	FALSE	FALSE
MAP3K21	TRUE	FALSE	FALSE
CDH3	TRUE	FALSE	FALSE
PTGS1	TRUE	FALSE	FALSE
UGT1A6	TRUE	FALSE	FALSE
RAC2	TRUE	FALSE	FALSE
PTAFR	TRUE	FALSE	FALSE
PXMP4	TRUE	TRUE	FALSE
ALDH3A1	TRUE	TRUE	FALSE
SPINT1	TRUE	FALSE	FALSE
SYK	TRUE	TRUE	FALSE
LY6D	TRUE	FALSE	FALSE
FXYD3	TRUE	FALSE	FALSE
WLS	TRUE	FALSE	FALSE
KRT8	TRUE	FALSE	FALSE
BTBD11	TRUE	FALSE	TRUE
1-Mar	TRUE	FALSE	FALSE
ARAP3	TRUE	TRUE	TRUE
IRX2	TRUE	FALSE	FALSE
FGFBP1	TRUE	FALSE	FALSE
MLH1	TRUE	FALSE	FALSE
PADI3	TRUE	FALSE	FALSE
EFNB2	TRUE	FALSE	FALSE
TP63	TRUE	FALSE	FALSE
MAL2	TRUE	FALSE	FALSE
FBN2	TRUE	TRUE	FALSE
MAPK13	TRUE	FALSE	FALSE
EPAS1	TRUE	FALSE	FALSE
CD44	TRUE	FALSE	FALSE
NRP2	TRUE	FALSE	FALSE
HAS3	TRUE	FALSE	FALSE
KRT15	TRUE	FALSE	FALSE
ADIRF	TRUE	TRUE	FALSE
KRT19	TRUE	FALSE	FALSE
CDCP1	TRUE	FALSE	FALSE
BDH1	TRUE	FALSE	FALSE
TMEM40	TRUE	FALSE	TRUE
ADORA2B	TRUE	FALSE	TRUE
MEST	TRUE	FALSE	FALSE
PAX7	TRUE	FALSE	FALSE
SLCO3A1	TRUE	FALSE	FALSE
PROM2	TRUE	TRUE	FALSE
MAST4	TRUE	FALSE	FALSE
SYT8	TRUE	TRUE	FALSE
SOX7	TRUE	FALSE	TRUE
EPHX2	TRUE	FALSE	FALSE
SEMA5A	TRUE	FALSE	FALSE
ZNF512	TRUE	FALSE	FALSE
ASS1	TRUE	TRUE	FALSE
CDCA7L	TRUE	FALSE	FALSE
FOSL1	TRUE	FALSE	TRUE
TSTD1	TRUE	FALSE	FALSE
SRPX2	TRUE	FALSE	FALSE
AMOTL1	TRUE	FALSE	FALSE
BASP1	TRUE	TRUE	FALSE
DSG3	TRUE	FALSE	FALSE
SATB1	TRUE	FALSE	FALSE
BNC1	TRUE	FALSE	FALSE
SLC2A10	TRUE	TRUE	FALSE
GRAMD2	TRUE	FALSE	FALSE
CAPN2	TRUE	FALSE	TRUE
LAD1	TRUE	FALSE	FALSE
P4HTM	TRUE	FALSE	FALSE
EIF4A1	TRUE	FALSE	FALSE
NOS1	TRUE	TRUE	FALSE
NPNT	TRUE	FALSE	FALSE
GPR87	TRUE	FALSE	FALSE
JAG1	TRUE	FALSE	FALSE
PARP12	TRUE	FALSE	TRUE
CREG2	TRUE	FALSE	FALSE
RIN2	TRUE	FALSE	FALSE
ANKRD33B	TRUE	FALSE	TRUE
HENMT1	TRUE	FALSE	FALSE
AIM1	TRUE	FALSE	FALSE
LCN2	TRUE	FALSE	FALSE
MST1R	TRUE	FALSE	FALSE
SLC2A9	TRUE	TRUE	FALSE
CAV2	TRUE	FALSE	FALSE
KRT13	TRUE	FALSE	FALSE
PLXNA2	TRUE	FALSE	FALSE
CELF2	TRUE	FALSE	FALSE
ARMCX3	TRUE	FALSE	FALSE
LGALS3	TRUE	FALSE	FALSE
TFAP2A	TRUE	TRUE	FALSE
KRT14	TRUE	FALSE	TRUE
SNX19	TRUE	FALSE	FALSE
INPP1	TRUE	FALSE	FALSE
THSD4	TRUE	FALSE	FALSE
PPL	TRUE	TRUE	FALSE
PKP1	TRUE	FALSE	FALSE
TNS3	TRUE	FALSE	FALSE
NCAPD3	TRUE	FALSE	FALSE
FAM83D	TRUE	FALSE	FALSE
MORC4	TRUE	FALSE	FALSE
KDF1	TRUE	FALSE	FALSE
MYD88	TRUE	FALSE	FALSE
NTN4	TRUE	FALSE	FALSE
EYA2	TRUE	TRUE	FALSE
TJP2	TRUE	FALSE	FALSE
LRRC8E	TRUE	FALSE	FALSE
NEURL1	TRUE	FALSE	FALSE
FAM83G	TRUE	TRUE	FALSE
SF3B5	TRUE	TRUE	FALSE
COL17A1	TRUE	FALSE	TRUE
TRIM16	TRUE	FALSE	FALSE
TNFRSF21	TRUE	FALSE	FALSE
NIPAL4	TRUE	FALSE	FALSE
CUL9	TRUE	TRUE	FALSE
DKK3	TRUE	TRUE	FALSE
F3	TRUE	FALSE	FALSE
TMPRSS4	TRUE	TRUE	FALSE
ZNF488	TRUE	TRUE	FALSE
MGST2	TRUE	FALSE	FALSE
GPRC5A	TRUE	FALSE	FALSE
PCNX2	TRUE	FALSE	FALSE
EHF	TRUE	FALSE	FALSE
EHD2	TRUE	FALSE	FALSE
SERPINB5	TRUE	FALSE	FALSE
DNAJA4	TRUE	FALSE	FALSE
SLC7A8	TRUE	FALSE	FALSE
MATN2	TRUE	FALSE	FALSE
NRG1	TRUE	FALSE	FALSE
CYP4F11	TRUE	FALSE	FALSE
CARD11	TRUE	TRUE	FALSE
KRT6A	TRUE	FALSE	FALSE
CYB5A	TRUE	FALSE	FALSE
CBR1	TRUE	FALSE	FALSE
ABCC3	TRUE	TRUE	FALSE
IL1A	TRUE	FALSE	FALSE
TFAP2C	TRUE	TRUE	FALSE
FAM84A	TRUE	FALSE	FALSE
SUSD4	TRUE	TRUE	FALSE
CDC45	TRUE	FALSE	FALSE
HCAR2	TRUE	FALSE	FALSE
CD9	TRUE	FALSE	FALSE
THBD	TRUE	FALSE	TRUE
GALNT14	TRUE	FALSE	FALSE
LAMA3	TRUE	FALSE	FALSE
CASP1	TRUE	FALSE	FALSE
DENND2D	TRUE	FALSE	FALSE
SMAD3	TRUE	FALSE	FALSE
EPCAM	TRUE	FALSE	FALSE
SLC6A11	TRUE	TRUE	FALSE
CBLC	TRUE	FALSE	FALSE
KCNS3	TRUE	FALSE	FALSE
PHLPP1	TRUE	FALSE	FALSE
SULF2	TRUE	TRUE	FALSE
MCM3	TRUE	FALSE	FALSE
LYPLAL1	TRUE	FALSE	TRUE
PEAR1	TRUE	FALSE	TRUE
GINS2	TRUE	TRUE	FALSE
KLF7	TRUE	FALSE	TRUE
RUNX1	TRUE	TRUE	FALSE
ITGA3	TRUE	TRUE	FALSE
KRT80	TRUE	FALSE	FALSE
LPAR1	TRUE	FALSE	FALSE
ABO	TRUE	TRUE	FALSE
KCTD12	TRUE	FALSE	FALSE
NALCN	TRUE	FALSE	FALSE
ENC1	TRUE	FALSE	FALSE
ZC3H12A	TRUE	TRUE	FALSE
MYO1D	TRUE	FALSE	FALSE
TUBB4B	TRUE	TRUE	FALSE
MPZL2	TRUE	FALSE	FALSE
ARHGAP40	TRUE	FALSE	FALSE
IL17RE	TRUE	FALSE	FALSE
ARHGEF37	TRUE	TRUE	FALSE
WNT7B	TRUE	TRUE	FALSE
SSH3	TRUE	TRUE	FALSE
SRGAP3	TRUE	FALSE	FALSE
FAM84B	TRUE	FALSE	FALSE
PLEK2	TRUE	FALSE	TRUE
EFTUD2	TRUE	FALSE	FALSE
C5orf38	TRUE	FALSE	FALSE
MCM4	TRUE	FALSE	FALSE
TGFB1I1	TRUE	TRUE	FALSE
TRIP13	TRUE	FALSE	FALSE
PRAG1	TRUE	TRUE	FALSE
ZNF185	TRUE	FALSE	TRUE
S100A11	TRUE	FALSE	FALSE
ZNF544	TRUE	FALSE	FALSE
SLC37A2	TRUE	FALSE	FALSE
ITGB4	TRUE	TRUE	FALSE
CD109	TRUE	FALSE	FALSE
SERPINB13	TRUE	FALSE	FALSE
BLCAP	TRUE	FALSE	FALSE
PKP2	TRUE	FALSE	FALSE
LAMB3	TRUE	FALSE	TRUE
TINAGL1	TRUE	FALSE	TRUE
PTGER4	TRUE	FALSE	FALSE
ESRP1	TRUE	FALSE	FALSE
MARCKS	TRUE	FALSE	TRUE
PPP2R2B	TRUE	TRUE	FALSE
TRIM22	TRUE	FALSE	FALSE
ST14	TRUE	FALSE	FALSE
ETS2	TRUE	FALSE	FALSE
WWC1	TRUE	TRUE	TRUE
EVA1C	TRUE	FALSE	FALSE
ACTG1	TRUE	TRUE	FALSE
MAOA	TRUE	FALSE	FALSE
ARL4C	TRUE	TRUE	FALSE
CA9	TRUE	FALSE	FALSE
GLI3	TRUE	TRUE	FALSE
IL1RN	TRUE	FALSE	FALSE
RIBC2	TRUE	FALSE	FALSE
TMEM173	TRUE	FALSE	FALSE
ADAM12	TRUE	FALSE	FALSE
CDC25B	TRUE	FALSE	FALSE
ARSD	TRUE	FALSE	TRUE
ANKRD10	TRUE	FALSE	FALSE
HSPB1	TRUE	TRUE	FALSE
FBXO32	TRUE	FALSE	FALSE
RAB25	TRUE	FALSE	FALSE
SUSD2	TRUE	FALSE	FALSE
NFKBIA	TRUE	FALSE	FALSE
CCBE1	TRUE	FALSE	FALSE
SPINT2	TRUE	FALSE	FALSE
B3GNT3	TRUE	FALSE	FALSE
DUSP4	TRUE	FALSE	FALSE
UPK3B	TRUE	FALSE	FALSE
FXYD5	TRUE	FALSE	FALSE
ADGRG1	TRUE	TRUE	FALSE
MB21D1	TRUE	FALSE	FALSE
KIAA1671	TRUE	FALSE	FALSE
MPRIP	TRUE	FALSE	FALSE
PDLIM1	TRUE	FALSE	FALSE
SLC1A3	TRUE	FALSE	FALSE
POLA2	TRUE	FALSE	FALSE
BARX2	TRUE	FALSE	FALSE
PSMB8	TRUE	FALSE	FALSE
DIAPH1	TRUE	FALSE	FALSE
NR3C1	TRUE	FALSE	FALSE
TNNI2	TRUE	FALSE	FALSE
PLBD1	TRUE	FALSE	FALSE
ZNF718	TRUE	FALSE	FALSE
LRP8	TRUE	FALSE	FALSE
MDFIC	TRUE	FALSE	FALSE
NCAPD2	TRUE	FALSE	FALSE
ANXA2	TRUE	FALSE	FALSE
CTSH	TRUE	FALSE	FALSE
AUTS2	TRUE	TRUE	FALSE
OSBPL10	TRUE	TRUE	FALSE
SYT17	TRUE	TRUE	FALSE
GPR176	TRUE	FALSE	TRUE
SPATC1L	TRUE	TRUE	FALSE
AURKA	TRUE	FALSE	FALSE
GALNT3	TRUE	FALSE	FALSE
MMP28	TRUE	FALSE	FALSE
FN1	TRUE	FALSE	TRUE
DUSP5	TRUE	FALSE	FALSE
CES2	TRUE	FALSE	FALSE
CPVL	TRUE	FALSE	FALSE
IAH1	TRUE	FALSE	FALSE
WNT7A	TRUE	TRUE	FALSE
MYC	TRUE	TRUE	FALSE
LAMC2	TRUE	FALSE	TRUE
DKK1	TRUE	FALSE	FALSE
ESRP2	TRUE	FALSE	FALSE
BTBD6	TRUE	FALSE	FALSE
MAP7	TRUE	FALSE	FALSE
GM2A	TRUE	TRUE	FALSE
PSTPIP2	TRUE	FALSE	FALSE
OCIAD2	TRUE	FALSE	TRUE
GPX2	TRUE	FALSE	FALSE
LHFP	TRUE	FALSE	FALSE
SRD5A1	TRUE	FALSE	FALSE
TUBA4A	TRUE	TRUE	FALSE
NEK6	TRUE	FALSE	FALSE
CYP4F3	TRUE	TRUE	FALSE
CLDN4	TRUE	FALSE	FALSE
VDR	TRUE	FALSE	FALSE
MET	TRUE	FALSE	FALSE
ATP8B1	TRUE	FALSE	FALSE
G6PD	TRUE	FALSE	FALSE
BTG2	TRUE	FALSE	FALSE
PHLDB2	TRUE	FALSE	TRUE
BMP4	TRUE	TRUE	FALSE
PSCA	TRUE	FALSE	FALSE
NUP62CL	TRUE	FALSE	FALSE
ARHGEF5	TRUE	FALSE	FALSE
SERINC2	TRUE	TRUE	FALSE
HTRA3	TRUE	FALSE	FALSE
CAV1	TRUE	FALSE	FALSE
DDX43	TRUE	FALSE	FALSE
GDA	TRUE	FALSE	FALSE
BAG3	TRUE	FALSE	FALSE
EPB41L1	TRUE	FALSE	FALSE
PDPN	TRUE	FALSE	FALSE
TPD52L1	TRUE	FALSE	FALSE
CCND2	TRUE	FALSE	FALSE
RIN3	TRUE	TRUE	FALSE
TRIM16L	TRUE	FALSE	FALSE
EFS	TRUE	FALSE	FALSE
PLEKHA6	TRUE	FALSE	FALSE
ID1	TRUE	TRUE	FALSE
DSC3	TRUE	FALSE	FALSE
ARHGDIB	TRUE	FALSE	FALSE
WNT10A	TRUE	TRUE	FALSE
ADGRF1	TRUE	FALSE	FALSE
RIPPLY3	TRUE	FALSE	FALSE
CACNG4	TRUE	TRUE	FALSE
SSH1	TRUE	FALSE	FALSE
SOX9	TRUE	FALSE	FALSE
TNFRSF10A	TRUE	FALSE	FALSE
AFAP1L2	TRUE	TRUE	FALSE
NECTIN1	TRUE	TRUE	FALSE
SPATA18	TRUE	FALSE	FALSE
SDR42E1	TRUE	FALSE	FALSE
HS3ST1	TRUE	TRUE	FALSE
TNFAIP2	TRUE	FALSE	FALSE
EFEMP1	TRUE	FALSE	FALSE
OLR1	TRUE	FALSE	FALSE
FOXQ1	TRUE	FALSE	FALSE
SLPI	TRUE	FALSE	FALSE
STAT5A	TRUE	FALSE	FALSE
CD22	TRUE	FALSE	FALSE
MMP14	TRUE	FALSE	FALSE
ADAMTS16	TRUE	FALSE	FALSE
PYCR1	TRUE	TRUE	FALSE
NEURL1B	TRUE	TRUE	FALSE
PRSS8	TRUE	FALSE	FALSE
MYO5C	TRUE	FALSE	FALSE
C1orf210	TRUE	FALSE	FALSE
SLC22A3	TRUE	FALSE	FALSE
PCSK5	TRUE	FALSE	FALSE
RPL7A	TRUE	FALSE	FALSE
UNG	TRUE	FALSE	FALSE
EXT1	TRUE	FALSE	TRUE
KRT18	TRUE	FALSE	FALSE
PLEKHG6	TRUE	FALSE	FALSE
MYO7A	TRUE	FALSE	FALSE
SRSF7	TRUE	FALSE	FALSE
MYO5B	TRUE	FALSE	FALSE
KLK10	TRUE	TRUE	FALSE
PYCARD	TRUE	TRUE	FALSE
LTBR	TRUE	FALSE	FALSE
ZDHHC7	TRUE	FALSE	TRUE
GJB3	TRUE	TRUE	FALSE
RTFDC1	TRUE	FALSE	FALSE
STAT3	TRUE	FALSE	FALSE
VAV3	TRUE	FALSE	FALSE
EPHA1	TRUE	FALSE	FALSE
PRKX	TRUE	FALSE	FALSE
SYBU	TRUE	FALSE	FALSE
OAS3	TRUE	FALSE	FALSE
NDRG4	TRUE	TRUE	FALSE
UQCC1	TRUE	FALSE	FALSE
GPX1	TRUE	TRUE	FALSE
ADAL	TRUE	FALSE	FALSE
MTHFD1	TRUE	FALSE	FALSE
CD68	TRUE	FALSE	FALSE
IER3	TRUE	TRUE	TRUE
SF3B3	TRUE	FALSE	FALSE
SEMA4A	TRUE	FALSE	FALSE
CAMK2D	TRUE	FALSE	FALSE
TBC1D8	TRUE	FALSE	FALSE
SFN	TRUE	FALSE	FALSE
EI24	TRUE	FALSE	FALSE
LRG1	TRUE	FALSE	FALSE
TFDP1	TRUE	FALSE	FALSE
PTDSS1	TRUE	FALSE	FALSE
ELAVL2	TRUE	FALSE	FALSE
TSKU	TRUE	TRUE	FALSE
MBP	TRUE	FALSE	FALSE
KIAA1217	TRUE	FALSE	FALSE
PTPN1	TRUE	FALSE	FALSE
SLC7A5	TRUE	TRUE	FALSE
HSPA2	TRUE	FALSE	FALSE
CDCA7	TRUE	FALSE	FALSE
ETV7	TRUE	FALSE	FALSE
PDP1	TRUE	TRUE	FALSE
ARSJ	TRUE	FALSE	FALSE
SUV39H1	TRUE	FALSE	FALSE
PSD3	TRUE	FALSE	FALSE
ATXN1	TRUE	FALSE	FALSE
GSTP1	TRUE	TRUE	FALSE
FHOD3	TRUE	TRUE	FALSE
CRABP2	TRUE	FALSE	FALSE
GLMP	TRUE	FALSE	FALSE
HOXD11	TRUE	FALSE	FALSE
ANK3	TRUE	FALSE	FALSE
HR	TRUE	TRUE	FALSE
CTDSPL	TRUE	TRUE	FALSE
NAV2	TRUE	FALSE	FALSE
FTH1	TRUE	TRUE	FALSE
PLPP3	TRUE	FALSE	FALSE
FRMD6	TRUE	FALSE	TRUE
ITGBL1	TRUE	FALSE	FALSE
TFRC	TRUE	FALSE	TRUE
PDGFD	TRUE	FALSE	FALSE
EPS8L2	TRUE	TRUE	FALSE
C6orf132	TRUE	FALSE	FALSE
ILDR1	TRUE	FALSE	FALSE
CD40	TRUE	FALSE	TRUE
ELF3	TRUE	FALSE	FALSE
EGR1	TRUE	TRUE	FALSE
ZNF22	TRUE	FALSE	FALSE
SORCS2	TRUE	TRUE	FALSE
SMARCA2	TRUE	FALSE	FALSE
RHOD	TRUE	TRUE	FALSE
RFC2	TRUE	FALSE	FALSE
LRRC61	TRUE	FALSE	FALSE
INHBB	TRUE	FALSE	FALSE
ARSI	TRUE	FALSE	FALSE
GSDMD	TRUE	TRUE	FALSE
ARGLU1	TRUE	FALSE	FALSE
LCMT2	TRUE	FALSE	FALSE
PARP1	TRUE	FALSE	TRUE
MDFI	TRUE	TRUE	FALSE
DENND3	TRUE	FALSE	FALSE
ANXA10	TRUE	FALSE	FALSE
TSPAN7	TRUE	FALSE	FALSE
MARVELD3	TRUE	FALSE	FALSE
AKR1C2	TRUE	FALSE	FALSE
ACSL5	TRUE	FALSE	FALSE
MYO19	TRUE	FALSE	FALSE
FEN1	TRUE	FALSE	FALSE
DTX4	TRUE	FALSE	FALSE
HOXC11	TRUE	FALSE	FALSE
HOXD10	TRUE	FALSE	FALSE
FAM24B	TRUE	FALSE	FALSE
PDLIM4	TRUE	FALSE	FALSE
COL4A1	TRUE	FALSE	FALSE
SULT1A1	TRUE	FALSE	FALSE
CDKN1A	TRUE	FALSE	FALSE
HS3ST3A1	TRUE	FALSE	FALSE
SPATA13	TRUE	FALSE	FALSE
NQO1	TRUE	FALSE	FALSE
BDKRB2	TRUE	FALSE	TRUE
EHHADH	TRUE	FALSE	FALSE
SYNDIG1	TRUE	FALSE	FALSE
SLC36A4	TRUE	FALSE	FALSE
NRIP1	TRUE	FALSE	FALSE
B3GNT9	TRUE	FALSE	FALSE
MCTP2	TRUE	FALSE	FALSE
KIAA0040	TRUE	FALSE	FALSE
F2RL1	TRUE	FALSE	FALSE
TLDC1	TRUE	FALSE	TRUE
HOOK1	TRUE	FALSE	FALSE
CDC42BPG	TRUE	TRUE	FALSE
ELMO3	TRUE	TRUE	FALSE
CASP4	TRUE	FALSE	FALSE
GATA6	TRUE	FALSE	TRUE
ITGA2B	TRUE	FALSE	FALSE
KHDC1	TRUE	FALSE	FALSE
HTRA1	TRUE	TRUE	FALSE
YLPM1	TRUE	FALSE	FALSE
DSN1	TRUE	FALSE	FALSE
TMEM216	TRUE	FALSE	FALSE
THEM4	TRUE	FALSE	FALSE
RNPS1	TRUE	FALSE	FALSE
PLTP	TRUE	FALSE	FALSE
HMGN2	TRUE	FALSE	FALSE
FHL2	TRUE	FALSE	TRUE
SH3BP1	TRUE	TRUE	FALSE
ATP2C2	TRUE	FALSE	FALSE
C1orf21	TRUE	FALSE	FALSE
ALDH3A2	TRUE	FALSE	FALSE
SH3TC2	TRUE	FALSE	FALSE
RFWD3	TRUE	FALSE	FALSE
IMP3	TRUE	FALSE	FALSE
PLOD2	TRUE	FALSE	FALSE
RIPK4	TRUE	TRUE	FALSE
AMPD3	TRUE	FALSE	FALSE
PITPNM3	TRUE	FALSE	FALSE
TUBB	TRUE	FALSE	FALSE
SLC47A2	TRUE	FALSE	FALSE
SHANK2	TRUE	FALSE	FALSE
C1QTNF6	TRUE	FALSE	FALSE
TMC5	TRUE	FALSE	FALSE
GJA3	TRUE	TRUE	FALSE
RRM2	TRUE	FALSE	FALSE
TNFAIP3	TRUE	FALSE	TRUE
ANKEF1	TRUE	FALSE	FALSE
TBC1D2	TRUE	FALSE	TRUE
AFAP1L1	TRUE	TRUE	FALSE
BCAR3	TRUE	FALSE	FALSE
TRIM47	TRUE	TRUE	FALSE
THRB	TRUE	FALSE	FALSE
NELFCD	TRUE	FALSE	FALSE
SLFN5	TRUE	FALSE	TRUE
SH2D4A	TRUE	FALSE	FALSE
TKT	TRUE	FALSE	FALSE
ADGRL2	TRUE	FALSE	FALSE
ENTPD2	TRUE	TRUE	FALSE
TTI1	TRUE	FALSE	FALSE
GCLC	TRUE	FALSE	FALSE
CES4A	TRUE	FALSE	FALSE
PPIF	TRUE	FALSE	TRUE
NECTIN4	TRUE	FALSE	FALSE
SLCO1B3	TRUE	FALSE	FALSE
HES1	TRUE	FALSE	FALSE
UGT8	TRUE	FALSE	FALSE
PLCH2	TRUE	TRUE	FALSE
CSTA	TRUE	FALSE	FALSE
METTL7A	TRUE	FALSE	FALSE
SLC16A5	TRUE	FALSE	FALSE
CCL28	TRUE	FALSE	FALSE
RAPGEF5	TRUE	FALSE	FALSE
FAM83F	TRUE	FALSE	FALSE
FAM83E	TRUE	FALSE	FALSE
MALL	TRUE	FALSE	FALSE
LGALS3BP	TRUE	TRUE	FALSE
FREM2	TRUE	TRUE	FALSE
PSD4	TRUE	FALSE	FALSE
ZNF594	TRUE	FALSE	FALSE
PPARG	TRUE	FALSE	FALSE
TM4SF19	TRUE	FALSE	TRUE
GNA15	TRUE	FALSE	FALSE
FAM131B	TRUE	FALSE	FALSE
TRIM6	TRUE	FALSE	FALSE
LMNB1	TRUE	FALSE	FALSE
PUDP	TRUE	FALSE	FALSE
ANK1	TRUE	TRUE	FALSE
GGT6	TRUE	FALSE	FALSE
EMP2	TRUE	FALSE	FALSE
ARID5B	TRUE	FALSE	FALSE
LTBP2	TRUE	TRUE	FALSE
ARHGEF4	TRUE	TRUE	FALSE
TMEM125	TRUE	FALSE	FALSE
RASIP1	TRUE	FALSE	FALSE
PLCB3	TRUE	TRUE	FALSE
MOB3B	TRUE	FALSE	FALSE
CLDN7	TRUE	FALSE	FALSE
FOSB	TRUE	FALSE	FALSE
PKM	TRUE	FALSE	FALSE
SH3TC1	TRUE	TRUE	FALSE
BRD9	TRUE	FALSE	FALSE
CDT1	TRUE	TRUE	FALSE
DNAJB1	TRUE	FALSE	FALSE
KIAA1211L	TRUE	FALSE	FALSE
SLCO4A1	TRUE	FALSE	FALSE
CDH13	TRUE	FALSE	FALSE
MCL1	TRUE	FALSE	FALSE
ADAMTS1	TRUE	FALSE	TRUE
PODXL	TRUE	FALSE	TRUE
TPGS2	TRUE	TRUE	FALSE
NOTCH1	TRUE	TRUE	TRUE
PLEKHG4	TRUE	FALSE	TRUE
SNCA	TRUE	FALSE	FALSE
APLP2	TRUE	FALSE	FALSE
ABCC2	TRUE	FALSE	FALSE
GSS	TRUE	FALSE	FALSE
ZNF736	TRUE	FALSE	FALSE
UNC13D	TRUE	TRUE	FALSE
ZNF367	TRUE	FALSE	FALSE
ZNF532	TRUE	TRUE	FALSE
RAPGEFL1	TRUE	FALSE	FALSE
ERGIC1	TRUE	TRUE	FALSE
DLC1	TRUE	FALSE	TRUE
PRDM15	TRUE	FALSE	FALSE
FAM110C	TRUE	FALSE	FALSE
ZDHHC5	TRUE	FALSE	FALSE
ACSS1	TRUE	TRUE	FALSE
MAT2A	TRUE	FALSE	FALSE
TRUB2	TRUE	FALSE	FALSE
CDK2	TRUE	FALSE	TRUE
RAB36	TRUE	FALSE	FALSE
SPTSSB	TRUE	FALSE	FALSE
C3orf67	TRUE	FALSE	FALSE
OSBPL7	TRUE	TRUE	FALSE
GALNT18	TRUE	FALSE	FALSE
GCA	TRUE	FALSE	FALSE
KRT16	TRUE	FALSE	FALSE
TPD52L2	TRUE	FALSE	FALSE
POM121	TRUE	FALSE	FALSE
SERPINE1	TRUE	FALSE	TRUE
POLD3	TRUE	FALSE	FALSE
DSC2	TRUE	FALSE	FALSE
HM13	TRUE	FALSE	FALSE
ZNF229	TRUE	FALSE	FALSE
LDLR	TRUE	FALSE	TRUE
MICALL1	TRUE	FALSE	FALSE
IRF5	TRUE	FALSE	FALSE
EPM2AIP1	TRUE	FALSE	FALSE
HLA-F	TRUE	TRUE	FALSE
ARHGAP1	TRUE	FALSE	TRUE
MCM5	TRUE	TRUE	FALSE
FAM111B	TRUE	FALSE	FALSE
NAPRT	TRUE	TRUE	FALSE
SNX18	TRUE	FALSE	FALSE
NPEPL1	TRUE	FALSE	FALSE
KIAA0100	TRUE	FALSE	FALSE
MYOF	TRUE	FALSE	FALSE
PYGL	TRUE	FALSE	TRUE
ESR1	TRUE	FALSE	FALSE
PNPLA4	TRUE	FALSE	FALSE
CHMP4B	TRUE	FALSE	FALSE
ERVMER34-1	TRUE	FALSE	TRUE
VAV2	TRUE	FALSE	FALSE
MYO18A	TRUE	FALSE	FALSE
PRKCDBP	TRUE	FALSE	FALSE
MCC	TRUE	FALSE	FALSE
RND3	TRUE	FALSE	TRUE
ELFN2	TRUE	TRUE	TRUE
ACCS	TRUE	TRUE	FALSE
AQP3	TRUE	FALSE	FALSE
EREG	TRUE	FALSE	FALSE
GPATCH8	TRUE	FALSE	FALSE
WNT5A	TRUE	FALSE	FALSE
FOXP1	TRUE	FALSE	FALSE
DMRTA2	TRUE	FALSE	FALSE
SIPA1L2	TRUE	TRUE	FALSE
DLX3	TRUE	FALSE	FALSE
RPL12	TRUE	FALSE	FALSE
FABP6	TRUE	FALSE	FALSE
ZMAT2	TRUE	TRUE	FALSE
CAB39	TRUE	FALSE	FALSE
MARVELD2	TRUE	FALSE	FALSE
CEL	TRUE	FALSE	FALSE
MICAL2	TRUE	TRUE	TRUE
RDM1	TRUE	FALSE	FALSE
C11orf45	TRUE	FALSE	FALSE
RBP4	TRUE	FALSE	FALSE
ELAC2	TRUE	FALSE	FALSE
GNPDA1	TRUE	FALSE	FALSE
KIAA1147	TRUE	FALSE	FALSE
TMTC1	TRUE	FALSE	FALSE
DOCK9	TRUE	FALSE	FALSE
FYB	TRUE	FALSE	FALSE
FA2H	TRUE	FALSE	FALSE
PPP1R14C	TRUE	FALSE	FALSE
MCM2	TRUE	TRUE	FALSE
DUOX1	TRUE	FALSE	FALSE
FCMR	TRUE	FALSE	FALSE
VILL	TRUE	FALSE	FALSE
ATP5G1	TRUE	FALSE	TRUE
STK17A	TRUE	FALSE	FALSE
TBC1D4	TRUE	FALSE	FALSE
MOK	TRUE	FALSE	TRUE
DNAH2	TRUE	FALSE	FALSE
ZSCAN31	TRUE	TRUE	FALSE
NSUN7	TRUE	FALSE	FALSE
SCN8A	TRUE	FALSE	FALSE
MYO1B	TRUE	FALSE	FALSE
ITGB2	TRUE	TRUE	FALSE
CLPB	TRUE	FALSE	FALSE
ZNF704	TRUE	FALSE	FALSE
HRH1	TRUE	TRUE	FALSE
GRHL3	TRUE	FALSE	FALSE
COL4A6	TRUE	FALSE	FALSE
NADSYN1	TRUE	FALSE	FALSE
SNRPD3	TRUE	FALSE	FALSE
SRSF3	TRUE	FALSE	FALSE
MTSS1	TRUE	FALSE	FALSE
ADAM23	TRUE	FALSE	FALSE
IL20RB	TRUE	FALSE	FALSE
DAPP1	TRUE	FALSE	TRUE
EVPL	TRUE	TRUE	FALSE
HJURP	TRUE	FALSE	FALSE
NUBPL	TRUE	FALSE	FALSE
ALPK3	TRUE	FALSE	FALSE
MCM6	TRUE	FALSE	FALSE
CELA3B	TRUE	FALSE	FALSE
TMEM154	TRUE	FALSE	TRUE
CAPN1	TRUE	FALSE	FALSE
S100A14	TRUE	FALSE	FALSE
IRF1	TRUE	FALSE	FALSE
RASGRF1	TRUE	FALSE	TRUE
HK1	TRUE	FALSE	FALSE
LRAT	TRUE	FALSE	FALSE
FSCN1	TRUE	TRUE	TRUE
ICAM4	TRUE	FALSE	FALSE
NR1D1	TRUE	TRUE	FALSE
TUBA1C	TRUE	FALSE	FALSE
FAM46B	TRUE	FALSE	TRUE
OSBP	TRUE	FALSE	FALSE
AHCY	TRUE	TRUE	FALSE
FAM83B	TRUE	FALSE	FALSE
ARHGAP23	TRUE	TRUE	FALSE
KLK6	TRUE	FALSE	FALSE
CLCA2	TRUE	FALSE	FALSE
CHAF1B	TRUE	FALSE	FALSE
DMTN	TRUE	TRUE	FALSE
DAP	TRUE	FALSE	TRUE
CDKN2A	TRUE	FALSE	FALSE
NCAPG2	TRUE	FALSE	FALSE
PC	TRUE	TRUE	FALSE
IL18	TRUE	FALSE	FALSE
UBAC1	TRUE	FALSE	FALSE
SCFD2	TRUE	FALSE	FALSE
TMPRSS3	TRUE	FALSE	FALSE
AOX1	TRUE	FALSE	TRUE
CRISPLD2	TRUE	FALSE	FALSE
RHBDL2	TRUE	FALSE	FALSE
ALOX15B	TRUE	FALSE	FALSE
PTGFRN	TRUE	FALSE	FALSE
ZBED6CL	TRUE	FALSE	FALSE
GCNT1	TRUE	FALSE	FALSE
MCM7	TRUE	FALSE	FALSE
MLKL	TRUE	FALSE	FALSE
KCTD1	TRUE	FALSE	FALSE
PTPRM	TRUE	FALSE	TRUE
LACC1	TRUE	FALSE	FALSE
HYLS1	TRUE	FALSE	FALSE
COQ8A	TRUE	TRUE	FALSE
SOX15	TRUE	FALSE	FALSE
COL4A2	TRUE	FALSE	FALSE
RNF149	TRUE	FALSE	FALSE
PGK1	TRUE	FALSE	FALSE
LRRC8A	TRUE	TRUE	FALSE
VPS26B	TRUE	FALSE	FALSE
MAP1LC3A	TRUE	FALSE	FALSE
EPN3	TRUE	TRUE	FALSE
RCSD1	TRUE	FALSE	FALSE
ATP6V0A1	TRUE	FALSE	FALSE
PRDX1	TRUE	FALSE	FALSE
LYPD5	TRUE	FALSE	FALSE
VAV1	TRUE	FALSE	TRUE
SNAI2	TRUE	TRUE	TRUE
SAV1	TRUE	FALSE	FALSE
ITGB6	TRUE	TRUE	FALSE
GJB5	TRUE	TRUE	FALSE
DUSP23	TRUE	FALSE	FALSE
BCAM	TRUE	FALSE	FALSE
QARS	TRUE	FALSE	FALSE
CDCA5	TRUE	FALSE	FALSE
EME1	TRUE	FALSE	FALSE
DNMT1	TRUE	FALSE	FALSE
KIF2C	TRUE	FALSE	FALSE
MYO1E	TRUE	FALSE	FALSE
DNAH11	TRUE	FALSE	FALSE
MACC1	TRUE	FALSE	FALSE
TYMS	TRUE	FALSE	FALSE
RUNX2	TRUE	FALSE	FALSE
DERL1	TRUE	FALSE	FALSE
IL7	TRUE	FALSE	FALSE
SHPK	TRUE	TRUE	FALSE
RANBP1	TRUE	FALSE	FALSE
CMIP	TRUE	FALSE	TRUE
LEF1	TRUE	FALSE	TRUE
STS	TRUE	FALSE	FALSE
SNRNP200	TRUE	FALSE	FALSE
ZNF514	TRUE	FALSE	FALSE
SLC2A1	TRUE	TRUE	FALSE
AURKB	TRUE	FALSE	FALSE
F11R	TRUE	FALSE	FALSE
TIAM1	TRUE	FALSE	FALSE
PTHLH	TRUE	TRUE	FALSE
DDB1	TRUE	FALSE	FALSE
SDC4	TRUE	FALSE	FALSE
LPAR3	TRUE	FALSE	FALSE
TGFA	TRUE	FALSE	TRUE
SAMD12	TRUE	FALSE	FALSE
BCL2L1	TRUE	TRUE	FALSE
LIG1	TRUE	FALSE	FALSE
MON1B	TRUE	FALSE	FALSE
ABCG2	TRUE	FALSE	FALSE
C9orf64	TRUE	FALSE	FALSE
IRS2	TRUE	FALSE	FALSE
LPCAT2	TRUE	FALSE	FALSE
PTK6	TRUE	FALSE	FALSE
TOB1	TRUE	FALSE	FALSE
TMEM52B	TRUE	FALSE	FALSE
SSRP1	TRUE	FALSE	FALSE
AKR1B1	TRUE	TRUE	FALSE
EXOSC2	TRUE	FALSE	FALSE
P2RY2	TRUE	FALSE	FALSE
GPR37	TRUE	FALSE	FALSE
SH2D3A	TRUE	TRUE	FALSE
GAPDH	TRUE	FALSE	FALSE
MT1F	TRUE	TRUE	FALSE
MCAM	TRUE	FALSE	FALSE
GPI	TRUE	FALSE	FALSE
GINS1	TRUE	FALSE	FALSE
FST	TRUE	FALSE	FALSE
PCNA	TRUE	FALSE	FALSE
COASY	TRUE	FALSE	FALSE
NUP188	TRUE	FALSE	FALSE
RALGDS	TRUE	TRUE	FALSE
ATP5S	TRUE	FALSE	FALSE
FBXO6	TRUE	FALSE	FALSE
SPEN	TRUE	FALSE	FALSE
RBM4B	TRUE	FALSE	FALSE
ARHGEF35	TRUE	FALSE	FALSE
IL36RN	TRUE	FALSE	FALSE
FANCD2	TRUE	FALSE	FALSE
P2RX5	TRUE	FALSE	FALSE
S100A16	TRUE	FALSE	FALSE
POM121C	TRUE	FALSE	FALSE
HSP90AA1	TRUE	FALSE	FALSE
GPR173	TRUE	TRUE	FALSE
SORL1	TRUE	FALSE	FALSE
PCYOX1L	TRUE	TRUE	FALSE
GJB4	TRUE	FALSE	FALSE
BMP2	TRUE	FALSE	FALSE
PACS1	TRUE	FALSE	FALSE
POLR1E	TRUE	FALSE	FALSE
GNAI2	TRUE	FALSE	FALSE
KIF3B	TRUE	FALSE	FALSE
TREX1	TRUE	FALSE	FALSE
FOXA1	TRUE	FALSE	FALSE
ATP5A1	TRUE	FALSE	FALSE
SRSF5	TRUE	FALSE	FALSE
IFI16	TRUE	FALSE	FALSE
ZNF559	TRUE	FALSE	FALSE
POLE3	TRUE	FALSE	FALSE
NFRKB	TRUE	FALSE	FALSE
TM7SF3	TRUE	FALSE	FALSE
RHOBTB2	TRUE	TRUE	FALSE
VPS25	TRUE	FALSE	FALSE
CARD16	TRUE	FALSE	FALSE
RUFY1	TRUE	TRUE	FALSE
PEBP1	TRUE	FALSE	FALSE
C1QTNF1	TRUE	TRUE	FALSE
CYTH3	TRUE	FALSE	TRUE
MAP3K5	TRUE	FALSE	FALSE
PYROXD2	TRUE	TRUE	FALSE
FGD3	TRUE	TRUE	FALSE
ZNF341	TRUE	FALSE	FALSE
MAMDC2	TRUE	FALSE	FALSE
SLC52A3	TRUE	FALSE	FALSE
PHF19	TRUE	FALSE	FALSE
C6orf141	TRUE	FALSE	FALSE
FOS	TRUE	FALSE	FALSE
PRNP	TRUE	FALSE	FALSE
KAZN	TRUE	FALSE	FALSE
TGIF2	TRUE	FALSE	FALSE
GRB7	TRUE	FALSE	FALSE
SUMO3	TRUE	FALSE	FALSE
TRPV6	TRUE	FALSE	FALSE
POLE2	TRUE	FALSE	FALSE
ZWINT	TRUE	FALSE	FALSE
CTNND1	TRUE	FALSE	FALSE
CAPG	TRUE	FALSE	FALSE
TTC12	TRUE	FALSE	FALSE
VGLL1	TRUE	FALSE	FALSE
HSPA1A	TRUE	FALSE	FALSE
ARPC1A	TRUE	FALSE	FALSE
SQLE	TRUE	FALSE	FALSE
ITPRIPL2	TRUE	FALSE	FALSE
YBX2	TRUE	TRUE	FALSE
PTK2B	TRUE	FALSE	FALSE
ERMP1	TRUE	FALSE	FALSE
HARS	TRUE	FALSE	FALSE
HMSD	TRUE	FALSE	FALSE
KITLG	TRUE	FALSE	FALSE
TIMP4	TRUE	FALSE	FALSE
PAX8	TRUE	FALSE	FALSE
JARID2	TRUE	FALSE	TRUE
ANXA8	TRUE	FALSE	FALSE
RALB	TRUE	FALSE	FALSE
IFI44	TRUE	FALSE	FALSE
MGLL	TRUE	TRUE	TRUE
ICAM1	TRUE	FALSE	TRUE
SRSF6	TRUE	FALSE	FALSE
TEF	TRUE	TRUE	FALSE
GALNT12	TRUE	FALSE	FALSE
IKZF2	TRUE	FALSE	FALSE
CALB2	TRUE	FALSE	FALSE
PCCA	TRUE	FALSE	FALSE
B9D1	TRUE	TRUE	FALSE
RRAGA	TRUE	FALSE	FALSE
ACE2	TRUE	FALSE	FALSE
CTHRC1	TRUE	FALSE	FALSE
SKP2	TRUE	FALSE	FALSE
MRPS2	TRUE	TRUE	FALSE
KCNN4	TRUE	FALSE	FALSE
MKI67	TRUE	FALSE	FALSE
KIAA1549L	TRUE	TRUE	FALSE
RAN	TRUE	FALSE	FALSE
TRIM59	TRUE	FALSE	FALSE
HCAR3	TRUE	FALSE	FALSE
L3HYPDH	TRUE	FALSE	TRUE
ASAP2	TRUE	FALSE	FALSE
MAP3K14	TRUE	TRUE	FALSE
IK	TRUE	FALSE	FALSE
RBPMS	TRUE	FALSE	FALSE
TRIB1	TRUE	FALSE	FALSE
GAS6	TRUE	TRUE	FALSE
S100A6	TRUE	TRUE	FALSE
TBC1D22A	TRUE	TRUE	FALSE
SOX13	TRUE	FALSE	FALSE
ADGRG5	TRUE	FALSE	FALSE
SQRDL	TRUE	FALSE	FALSE
VSIR	TRUE	TRUE	FALSE
TBC1D30	TRUE	FALSE	FALSE
SPIDR	TRUE	FALSE	FALSE
EGLN3	TRUE	FALSE	FALSE
ARHGAP22	TRUE	FALSE	FALSE
MECOM	TRUE	FALSE	FALSE
RPL13	TRUE	TRUE	FALSE
MTHFSD	TRUE	TRUE	FALSE
RASSF6	TRUE	FALSE	FALSE
PSPC1	TRUE	FALSE	FALSE
CIAO1	TRUE	FALSE	FALSE
UBAC2	TRUE	FALSE	FALSE
NOA1	TRUE	FALSE	FALSE
GSTO2	TRUE	FALSE	FALSE
SOX30	TRUE	FALSE	FALSE
CALML3	TRUE	FALSE	FALSE
COA3	TRUE	TRUE	FALSE
GGT5	TRUE	FALSE	FALSE
CNTN1	TRUE	FALSE	FALSE
JUP	TRUE	TRUE	FALSE
TNIP1	TRUE	TRUE	FALSE
PSMB3	TRUE	FALSE	FALSE
TTC19	TRUE	FALSE	FALSE
RASEF	TRUE	FALSE	FALSE
LYPD6	TRUE	FALSE	FALSE
C22orf23	TRUE	FALSE	FALSE
GALNT6	TRUE	FALSE	FALSE
OAT	TRUE	FALSE	FALSE
ORC1	TRUE	FALSE	FALSE
FANCA	TRUE	FALSE	FALSE
COL27A1	TRUE	TRUE	FALSE
DDX18	TRUE	FALSE	FALSE
ZNF501	TRUE	FALSE	FALSE
MLX	TRUE	FALSE	FALSE
CDC42EP1	TRUE	TRUE	FALSE
S100P	TRUE	FALSE	FALSE
CDX2	TRUE	FALSE	FALSE
SIRPB2	TRUE	FALSE	TRUE
UGDH	TRUE	FALSE	FALSE
MMRN2	TRUE	FALSE	FALSE
ARF6	TRUE	FALSE	FALSE
TMEM238	TRUE	FALSE	FALSE
LYL1	TRUE	FALSE	FALSE
FERMT1	TRUE	FALSE	FALSE
LPAR5	TRUE	FALSE	FALSE
SFPQ	TRUE	FALSE	FALSE
TONSL	TRUE	TRUE	FALSE
KIF24	TRUE	TRUE	FALSE
APEX2	TRUE	FALSE	FALSE
SLC52A1	TRUE	FALSE	FALSE
CYSRT1	TRUE	TRUE	FALSE
DLK2	TRUE	FALSE	FALSE
ZNF519	TRUE	FALSE	FALSE
GRB14	TRUE	FALSE	FALSE
POLH	TRUE	FALSE	FALSE
DCAKD	TRUE	FALSE	FALSE
PAAF1	TRUE	FALSE	TRUE
OAS2	TRUE	FALSE	FALSE
MNS1	TRUE	FALSE	FALSE
CDC6	TRUE	FALSE	FALSE
SECTM1	TRUE	TRUE	FALSE
CHRNB4	TRUE	FALSE	FALSE
EXO1	TRUE	FALSE	FALSE
ZNF502	TRUE	FALSE	FALSE
NHS	TRUE	FALSE	FALSE
TACC3	TRUE	FALSE	FALSE
HYAL1	TRUE	FALSE	FALSE
CDH5	TRUE	FALSE	FALSE
ALS2CL	TRUE	FALSE	FALSE
KLF5	TRUE	FALSE	FALSE
TCTN2	TRUE	FALSE	FALSE
MAB21L3	TRUE	FALSE	FALSE
INF2	TRUE	TRUE	FALSE
HS3ST3B1	TRUE	FALSE	FALSE
TRA2B	TRUE	FALSE	FALSE
NTRK2	TRUE	FALSE	FALSE
KDM2A	TRUE	FALSE	FALSE
APOL3	TRUE	FALSE	TRUE
CORO6	TRUE	FALSE	FALSE
SRSF2	TRUE	FALSE	FALSE
DDB2	TRUE	FALSE	FALSE
COA4	TRUE	FALSE	FALSE
PTGS2	TRUE	FALSE	FALSE
DSCC1	TRUE	FALSE	FALSE
NUDT15	TRUE	FALSE	FALSE
HN1L	TRUE	FALSE	TRUE
DDX17	TRUE	FALSE	FALSE
KCNH4	TRUE	FALSE	FALSE
RMI2	TRUE	FALSE	FALSE
LOX	TRUE	FALSE	TRUE
TTC1	TRUE	FALSE	FALSE
RTKN2	TRUE	FALSE	FALSE
PLSCR1	TRUE	FALSE	FALSE
DTL	TRUE	FALSE	FALSE
DNAJC9	TRUE	FALSE	FALSE
LPCAT1	TRUE	FALSE	FALSE
AFG3L2	TRUE	FALSE	FALSE
MYEOV	TRUE	FALSE	FALSE
CDC25A	TRUE	FALSE	FALSE
PDZD2	TRUE	FALSE	FALSE
C1orf226	TRUE	FALSE	FALSE
CPOX	TRUE	FALSE	FALSE
STAT4	TRUE	FALSE	FALSE
LOXL4	TRUE	TRUE	FALSE
EEF1AKMT1	TRUE	FALSE	FALSE
CLMN	TRUE	FALSE	FALSE
ANTXR1	TRUE	FALSE	FALSE
MANEAL	TRUE	TRUE	FALSE
MROH6	TRUE	TRUE	FALSE
XPC	TRUE	FALSE	FALSE
GPX3	TRUE	TRUE	FALSE
B4GALT5	TRUE	FALSE	FALSE
NSD2	TRUE	FALSE	FALSE
RXRA	TRUE	TRUE	FALSE
ACIN1	TRUE	FALSE	FALSE
NAB1	TRUE	FALSE	FALSE
POP1	TRUE	FALSE	FALSE
ARHGAP24	TRUE	FALSE	FALSE
PLK2	TRUE	FALSE	FALSE
STRIP2	TRUE	FALSE	FALSE
FAM210B	TRUE	TRUE	FALSE
SRSF4	TRUE	FALSE	FALSE
TMCO6	TRUE	FALSE	FALSE
NAA30	TRUE	FALSE	TRUE
NIPAL1	TRUE	FALSE	FALSE
HORMAD1	TRUE	FALSE	FALSE
WDR77	TRUE	FALSE	FALSE
TCIRG1	TRUE	TRUE	FALSE
CCT5	TRUE	FALSE	FALSE
TCF19	TRUE	FALSE	FALSE
MRPL16	TRUE	FALSE	FALSE
MIPEP	TRUE	FALSE	FALSE
IL4R	TRUE	FALSE	FALSE
TMPRSS13	TRUE	FALSE	FALSE
TIMELESS	TRUE	FALSE	FALSE
CST3	TRUE	FALSE	FALSE
TECR	TRUE	TRUE	FALSE
HSP90AB1	TRUE	FALSE	FALSE
LIG3	TRUE	FALSE	FALSE
DHTKD1	TRUE	FALSE	FALSE
SPATS2L	TRUE	FALSE	FALSE
GLE1	TRUE	FALSE	FALSE
CCNJL	TRUE	TRUE	TRUE
CDA	TRUE	FALSE	TRUE
ACTN1	TRUE	FALSE	TRUE
LGALS9	TRUE	FALSE	FALSE
SLC25A28	TRUE	FALSE	FALSE
DLL1	TRUE	FALSE	FALSE
MAPKAP1	TRUE	FALSE	FALSE
COQ4	TRUE	TRUE	FALSE
E2F4	TRUE	FALSE	FALSE
TYW1B	TRUE	FALSE	FALSE
CFB	TRUE	FALSE	FALSE
KYAT1	TRUE	TRUE	FALSE
ANO9	TRUE	TRUE	FALSE
INCENP	TRUE	FALSE	FALSE
DHX8	TRUE	FALSE	FALSE
FDFT1	TRUE	FALSE	FALSE
SHMT1	TRUE	FALSE	FALSE
CCND1	TRUE	TRUE	FALSE
IFT74	TRUE	FALSE	FALSE
MX1	TRUE	FALSE	FALSE
FDPS	TRUE	FALSE	FALSE
DUSP10	TRUE	FALSE	TRUE
FANCI	TRUE	FALSE	FALSE
TCEAL3	TRUE	FALSE	FALSE
DTX2	TRUE	FALSE	FALSE
S100A9	TRUE	FALSE	FALSE
DSP	TRUE	FALSE	FALSE
FBP1	TRUE	FALSE	FALSE
SPAG5	TRUE	FALSE	FALSE
CELA3A	TRUE	FALSE	FALSE
ESPN	TRUE	TRUE	FALSE
MARK1	TRUE	FALSE	TRUE
SP5	TRUE	FALSE	FALSE
MDK	TRUE	TRUE	TRUE
EFNB1	TRUE	FALSE	FALSE
ABCA12	TRUE	FALSE	FALSE
KLK11	TRUE	FALSE	FALSE
CLMP	TRUE	FALSE	FALSE
DCBLD2	TRUE	FALSE	FALSE
EDARADD	TRUE	TRUE	FALSE
NPM2	TRUE	FALSE	FALSE
SMPD4	TRUE	FALSE	FALSE
CAMK2G	TRUE	FALSE	FALSE
BBS2	TRUE	FALSE	FALSE
OSER1	TRUE	FALSE	FALSE
PRICKLE1	TRUE	FALSE	FALSE
CARD10	TRUE	TRUE	FALSE
ACAD8	TRUE	FALSE	FALSE
BLNK	TRUE	FALSE	FALSE
ANKRD22	TRUE	FALSE	FALSE
PPP1R13L	TRUE	TRUE	FALSE
ETS1	TRUE	FALSE	FALSE
NYNRIN	TRUE	FALSE	FALSE
CNKSR1	TRUE	TRUE	FALSE
ZNF223	TRUE	FALSE	FALSE
SORD	TRUE	FALSE	FALSE
MSLN	TRUE	FALSE	FALSE
SGPP2	TRUE	FALSE	FALSE
TK1	TRUE	TRUE	FALSE
SLC48A1	TRUE	FALSE	FALSE
RPUSD4	TRUE	FALSE	FALSE
APBA1	TRUE	TRUE	FALSE
UTP18	TRUE	FALSE	FALSE
CC2D2A	TRUE	FALSE	FALSE
NFKBIZ	TRUE	FALSE	FALSE
TPX2	TRUE	FALSE	FALSE
DDX27	TRUE	FALSE	FALSE
IFFO2	TRUE	TRUE	TRUE
LHX1	TRUE	TRUE	FALSE
GLYR1	TRUE	TRUE	FALSE
ANKRD2	TRUE	TRUE	TRUE
MICALCL	TRUE	TRUE	FALSE
AIFM2	TRUE	TRUE	FALSE
PROSER2	TRUE	FALSE	FALSE
TMEM164	TRUE	FALSE	FALSE
C2orf48	TRUE	FALSE	FALSE
BHLHE41	TRUE	FALSE	FALSE
NPR3	TRUE	FALSE	FALSE
CKAP2L	TRUE	FALSE	FALSE
ZNF182	TRUE	FALSE	FALSE
THYN1	TRUE	FALSE	FALSE
C14orf132	TRUE	TRUE	FALSE
HOGA1	TRUE	FALSE	FALSE
CDK14	TRUE	FALSE	FALSE
CFDP1	TRUE	FALSE	FALSE
RAD54L	TRUE	FALSE	FALSE
PTPN13	TRUE	FALSE	FALSE
SNAP47	TRUE	FALSE	FALSE
NDFIP2	TRUE	FALSE	FALSE
LBHD1	TRUE	FALSE	FALSE
SLC4A4	TRUE	FALSE	FALSE
RPE65	TRUE	TRUE	FALSE
ZNF426	TRUE	FALSE	FALSE
MOCOS	TRUE	FALSE	FALSE
IL7R	TRUE	FALSE	FALSE
ZFP36	TRUE	FALSE	FALSE
ARL4D	TRUE	FALSE	FALSE
PLCB1	TRUE	FALSE	FALSE
NCAPH	TRUE	FALSE	FALSE
CEP250	TRUE	FALSE	FALSE
EPPK1	TRUE	TRUE	FALSE
COG4	TRUE	FALSE	FALSE
PABPC4	TRUE	FALSE	FALSE
RPS14	TRUE	TRUE	FALSE
SLC15A2	TRUE	FALSE	FALSE
PADI1	TRUE	FALSE	FALSE
SEL1L3	TRUE	FALSE	FALSE
STRA6	TRUE	FALSE	FALSE
EGFR	TRUE	FALSE	FALSE
OLFML2A	TRUE	FALSE	FALSE
PRSS22	TRUE	FALSE	FALSE
CYBA	TRUE	TRUE	FALSE
TMTC4	TRUE	FALSE	FALSE
MGMT	TRUE	TRUE	FALSE
RUBCNL	TRUE	FALSE	FALSE
PTMA	TRUE	FALSE	FALSE
PLCD3	TRUE	TRUE	FALSE
PKP3	TRUE	TRUE	FALSE
TBC1D2B	TRUE	FALSE	FALSE
TUBA1B	TRUE	FALSE	FALSE
HILPDA	TRUE	FALSE	FALSE
ODF2	TRUE	FALSE	FALSE
PRR15	TRUE	FALSE	FALSE
GINS3	TRUE	FALSE	FALSE
PNN	TRUE	FALSE	FALSE
SERPINB7	TRUE	FALSE	FALSE
ITGA6	TRUE	FALSE	TRUE
CCDC122	TRUE	FALSE	FALSE
PRPF6	TRUE	FALSE	FALSE
UIMC1	TRUE	FALSE	FALSE
LGALS9C	TRUE	FALSE	FALSE
C2orf68	TRUE	FALSE	FALSE
AK2	TRUE	FALSE	FALSE
CAMK2A	TRUE	FALSE	FALSE
POFUT1	TRUE	FALSE	FALSE
DDX31	TRUE	FALSE	TRUE
ADSS	TRUE	FALSE	FALSE
RPS6	TRUE	FALSE	FALSE
LDLRAP1	TRUE	FALSE	FALSE
PELI2	TRUE	TRUE	FALSE
TCOF1	TRUE	TRUE	FALSE
RBL2	TRUE	FALSE	FALSE
MX2	TRUE	FALSE	FALSE
LHX5	TRUE	FALSE	FALSE
TMEM189	TRUE	FALSE	FALSE
FTL	TRUE	FALSE	TRUE
KLK5	TRUE	FALSE	FALSE
EEF1G	TRUE	FALSE	FALSE
GSTK1	TRUE	TRUE	FALSE
NRM	TRUE	FALSE	FALSE
NDRG1	TRUE	TRUE	FALSE
ATXN10	TRUE	FALSE	FALSE
GDF15	TRUE	FALSE	FALSE
CMAS	TRUE	FALSE	FALSE
DDR1	TRUE	TRUE	FALSE
NFS1	TRUE	FALSE	FALSE
CHADL	TRUE	FALSE	FALSE
SGCE	TRUE	FALSE	FALSE
PRPS2	TRUE	FALSE	FALSE
WDHD1	TRUE	FALSE	FALSE
FOXRED1	TRUE	FALSE	FALSE
ITGB8	TRUE	FALSE	FALSE
STMN3	TRUE	TRUE	FALSE
KLK8	TRUE	TRUE	FALSE
GLRB	TRUE	FALSE	TRUE
FBXO21	TRUE	FALSE	FALSE
ACAD9	TRUE	FALSE	FALSE
TGFBRAP1	TRUE	FALSE	FALSE
HADH	TRUE	FALSE	FALSE
TRAFD1	TRUE	FALSE	FALSE
SERPINB8	TRUE	FALSE	FALSE
CABLES2	TRUE	TRUE	FALSE
SERBP1	TRUE	FALSE	FALSE
PSME1	TRUE	FALSE	FALSE
DHRS7B	TRUE	FALSE	FALSE
FHOD1	TRUE	FALSE	FALSE
AAR2	TRUE	FALSE	FALSE
HNRNPUL1	TRUE	FALSE	FALSE
UPF3A	TRUE	FALSE	FALSE
BTC	TRUE	FALSE	FALSE
TRAIP	TRUE	FALSE	FALSE
CLDN3	TRUE	FALSE	FALSE
ATF6B	TRUE	TRUE	FALSE
PGAM1	TRUE	FALSE	FALSE
CXCL8	TRUE	FALSE	FALSE
AP1G2	TRUE	FALSE	FALSE
C5orf63	TRUE	FALSE	FALSE
DNAAF2	TRUE	FALSE	FALSE
RINL	TRUE	FALSE	FALSE
EPN2	TRUE	TRUE	FALSE
MRPS15	TRUE	FALSE	FALSE
DYNLRB2	TRUE	FALSE	FALSE
HSD17B4	TRUE	FALSE	FALSE
TMEM261	TRUE	FALSE	FALSE
DNAH5	TRUE	FALSE	FALSE
CHEK1	TRUE	FALSE	FALSE
COL4A5	TRUE	FALSE	FALSE
SDCCAG3	TRUE	FALSE	TRUE
EDN1	TRUE	TRUE	TRUE
RBP7	TRUE	FALSE	TRUE
UBE2L6	TRUE	FALSE	FALSE
ANKFN1	TRUE	FALSE	FALSE
SDHA	TRUE	FALSE	FALSE
STEAP3	TRUE	FALSE	FALSE
FEZ1	TRUE	FALSE	FALSE
FOXF1	TRUE	FALSE	FALSE
FAM83H	TRUE	TRUE	FALSE
TM9SF4	TRUE	FALSE	FALSE
SPTLC3	TRUE	FALSE	FALSE
SLC35G2	TRUE	FALSE	FALSE
DHRS4L2	TRUE	FALSE	FALSE
TRMT12	TRUE	FALSE	FALSE
CCL26	TRUE	FALSE	FALSE
WWOX	TRUE	FALSE	FALSE
LRR1	TRUE	FALSE	FALSE
9-Sep	TRUE	FALSE	FALSE
ZNF506	TRUE	FALSE	FALSE
ASPH	TRUE	FALSE	FALSE
MILR1	TRUE	FALSE	FALSE
PREP	TRUE	FALSE	FALSE
ALDOC	TRUE	FALSE	FALSE
NINJ1	TRUE	TRUE	FALSE
NETO2	TRUE	FALSE	FALSE
PIDD1	TRUE	TRUE	FALSE
CYP4F12	TRUE	FALSE	FALSE
AP1S1	TRUE	FALSE	FALSE
KCNQ5	TRUE	FALSE	FALSE
NLE1	TRUE	TRUE	FALSE
TOP1	TRUE	FALSE	FALSE
RACK1	TRUE	TRUE	FALSE
RPL23A	TRUE	FALSE	FALSE
UTP4	TRUE	FALSE	FALSE
IPO4	TRUE	FALSE	FALSE
AK4	TRUE	FALSE	FALSE
ABCF1	TRUE	FALSE	FALSE
IVNS1ABP	TRUE	FALSE	FALSE
CNTNAP3B	TRUE	TRUE	FALSE
DDX11	TRUE	FALSE	FALSE
POLR2C	TRUE	FALSE	FALSE
ZNF556	TRUE	FALSE	FALSE
SLC20A1	TRUE	FALSE	FALSE
SERPINB3	TRUE	FALSE	FALSE
EVA1A	TRUE	TRUE	FALSE
MANBAL	TRUE	FALSE	FALSE
CDCA8	TRUE	FALSE	FALSE
CEP85	TRUE	FALSE	FALSE
MPV17L	TRUE	FALSE	FALSE
GINS4	TRUE	TRUE	FALSE
MRPL57	TRUE	FALSE	FALSE
PPIA	TRUE	FALSE	FALSE
ZNF585B	TRUE	FALSE	FALSE
MAP3K6	TRUE	TRUE	FALSE
SPC25	TRUE	FALSE	FALSE
PMFBP1	TRUE	FALSE	FALSE
HSPA8	TRUE	FALSE	FALSE
KRT7	TRUE	FALSE	FALSE
ZNF630	TRUE	FALSE	FALSE
TNC	TRUE	FALSE	FALSE
FADD	TRUE	FALSE	FALSE
HNRNPA3	TRUE	FALSE	FALSE
HNRNPA2B1	TRUE	FALSE	FALSE
DROSHA	TRUE	FALSE	FALSE
RPL15	TRUE	FALSE	FALSE
PLXNB1	TRUE	TRUE	FALSE
PXN	TRUE	FALSE	FALSE
MSX2	TRUE	TRUE	FALSE
CNOT6	TRUE	TRUE	FALSE
HSPA1B	TRUE	FALSE	FALSE
NBEAL2	TRUE	TRUE	FALSE
EHD1	TRUE	FALSE	TRUE
PHEX	TRUE	FALSE	FALSE
EXOSC3	TRUE	FALSE	FALSE
MAP2K3	TRUE	FALSE	FALSE
CD83	TRUE	FALSE	FALSE
WDR76	TRUE	FALSE	FALSE
FAM129B	TRUE	FALSE	FALSE
CASP2	TRUE	TRUE	FALSE
DHFR	TRUE	TRUE	FALSE
EXO5	TRUE	FALSE	FALSE
C11orf52	TRUE	FALSE	FALSE
PLA2R1	TRUE	TRUE	FALSE
KIF18B	TRUE	FALSE	FALSE
STARD7	TRUE	FALSE	FALSE
CORO2A	TRUE	FALSE	FALSE
RIN1	TRUE	TRUE	FALSE
KIF20A	TRUE	FALSE	FALSE
8-Sep	TRUE	FALSE	FALSE
MRPL13	TRUE	FALSE	FALSE
OPN3	TRUE	FALSE	FALSE
RPL6	TRUE	FALSE	FALSE
LONP2	TRUE	FALSE	FALSE
C15orf52	TRUE	FALSE	FALSE
PLAT	TRUE	FALSE	TRUE
DQX1	TRUE	FALSE	FALSE
FAM134B	TRUE	FALSE	FALSE
PA2G4	TRUE	FALSE	FALSE
PYGB	TRUE	FALSE	FALSE
RYR2	TRUE	FALSE	FALSE
FOXM1	TRUE	FALSE	FALSE
WDR5	TRUE	FALSE	TRUE
RAET1E	TRUE	FALSE	FALSE
RPS15	TRUE	TRUE	FALSE
SIPA1L3	TRUE	FALSE	FALSE
LY6K	TRUE	FALSE	FALSE
RPL17	TRUE	FALSE	FALSE
CYB5RL	TRUE	FALSE	FALSE
FBLIM1	TRUE	TRUE	TRUE
LUC7L3	TRUE	FALSE	FALSE
DNASE1L1	TRUE	TRUE	FALSE
TRIM4	TRUE	FALSE	FALSE
ARHGEF1	TRUE	TRUE	FALSE
PSMC6	TRUE	FALSE	FALSE
PTPRZ1	TRUE	FALSE	FALSE
FOXRED2	TRUE	FALSE	FALSE
SLC44A5	TRUE	FALSE	FALSE
TSEN34	TRUE	FALSE	FALSE
ADRA1D	TRUE	FALSE	FALSE
WNT5B	TRUE	FALSE	FALSE
PER2	TRUE	FALSE	FALSE
EEF1D	TRUE	TRUE	FALSE
SLBP	TRUE	FALSE	FALSE
PSME3	TRUE	FALSE	FALSE
HDHD2	TRUE	FALSE	FALSE
CXCL2	TRUE	FALSE	FALSE
GGCT	TRUE	FALSE	FALSE
C2orf74	TRUE	FALSE	FALSE
AMOTL2	TRUE	FALSE	FALSE
KHDRBS1	TRUE	FALSE	FALSE
TMEM43	TRUE	FALSE	FALSE
SULT1A2	TRUE	FALSE	FALSE
CBR3	TRUE	FALSE	FALSE
PDE10A	TRUE	FALSE	FALSE
PPRC1	TRUE	FALSE	FALSE
CARS2	TRUE	FALSE	FALSE
CASP7	TRUE	FALSE	FALSE
ASB9	TRUE	FALSE	FALSE
PTRF	TRUE	FALSE	FALSE
SNCG	TRUE	FALSE	FALSE
GALNT2	TRUE	FALSE	FALSE
FLII	TRUE	FALSE	FALSE
FOCAD	TRUE	FALSE	FALSE
CPSF7	TRUE	FALSE	FALSE
TALDO1	TRUE	FALSE	FALSE
PRMT7	TRUE	TRUE	FALSE
ANXA4	TRUE	FALSE	FALSE
PGD	TRUE	FALSE	FALSE
C2CD3	TRUE	FALSE	FALSE
ZFP36L2	TRUE	FALSE	FALSE
DHX35	TRUE	FALSE	FALSE
LNX1	TRUE	FALSE	FALSE
SMC1B	TRUE	FALSE	FALSE
RPA2	TRUE	FALSE	FALSE
ALDOA	TRUE	TRUE	FALSE
SPRYD4	TRUE	FALSE	FALSE
CDCA3	TRUE	FALSE	FALSE
RBM15	TRUE	FALSE	FALSE
FAM188B	TRUE	FALSE	FALSE
CHD6	TRUE	FALSE	FALSE
NAT10	TRUE	FALSE	FALSE
HDDC2	TRUE	FALSE	FALSE
GMNN	TRUE	FALSE	FALSE
PECAM1	TRUE	FALSE	FALSE
AREG	TRUE	TRUE	FALSE
BICD2	TRUE	FALSE	FALSE
PLK1	TRUE	FALSE	FALSE
PDXDC1	TRUE	FALSE	FALSE
SLC35A4	TRUE	TRUE	FALSE
TMC4	TRUE	FALSE	FALSE
FOXL1	TRUE	TRUE	FALSE
SLC13A3	TRUE	FALSE	FALSE
TUBGCP3	TRUE	FALSE	FALSE
PRRG2	TRUE	FALSE	FALSE
COL16A1	TRUE	FALSE	FALSE
PNP	TRUE	FALSE	FALSE
THEM6	TRUE	FALSE	FALSE
EPHX1	TRUE	FALSE	FALSE
AIM1L	TRUE	FALSE	FALSE
NOP16	TRUE	TRUE	FALSE
YARS2	TRUE	FALSE	FALSE
HMGXB3	TRUE	TRUE	FALSE
ENPP5	TRUE	FALSE	FALSE
STK10	TRUE	TRUE	TRUE
C9orf78	TRUE	FALSE	FALSE
LY6E	TRUE	TRUE	FALSE
MPP7	TRUE	FALSE	FALSE
SHCBP1	TRUE	FALSE	FALSE
PLCG1	TRUE	FALSE	FALSE
MAP3K9	TRUE	FALSE	FALSE
DPP3	TRUE	FALSE	FALSE
HECW1	TRUE	FALSE	FALSE
TMEM143	TRUE	FALSE	FALSE
H3F3A	TRUE	FALSE	FALSE
FBXO34	TRUE	FALSE	FALSE
CRACR2A	TRUE	FALSE	FALSE
LRIG3	TRUE	FALSE	FALSE
RPL34	TRUE	FALSE	FALSE
INO80C	TRUE	FALSE	FALSE
INTS9	TRUE	FALSE	FALSE
CCNB1	TRUE	FALSE	FALSE
PLIN4	TRUE	FALSE	FALSE
PLEKHA7	TRUE	FALSE	FALSE
EIF4B	TRUE	FALSE	FALSE
FOXF2	TRUE	TRUE	FALSE
CXorf57	TRUE	FALSE	FALSE
CFAP20	TRUE	FALSE	FALSE
METTL3	TRUE	FALSE	FALSE
OTULIN	TRUE	FALSE	FALSE
MTBP	TRUE	FALSE	FALSE
AP2B1	TRUE	FALSE	FALSE
TSPAN31	TRUE	FALSE	FALSE
FUT8	TRUE	FALSE	TRUE
DAG1	TRUE	FALSE	FALSE
ABLIM1	TRUE	FALSE	FALSE
TNK1	TRUE	TRUE	FALSE
MYB	TRUE	FALSE	FALSE
NSMCE1	TRUE	FALSE	FALSE
FANK1	TRUE	FALSE	FALSE
HAP1	TRUE	FALSE	FALSE
CDK5RAP3	TRUE	FALSE	FALSE
GTF3C5	TRUE	TRUE	TRUE
FAM3C	TRUE	FALSE	FALSE
SLC16A7	TRUE	FALSE	FALSE
RALBP1	TRUE	FALSE	FALSE
CARHSP1	TRUE	TRUE	FALSE
SH3YL1	TRUE	FALSE	FALSE
MAP3K11	TRUE	FALSE	FALSE
AGFG2	TRUE	FALSE	FALSE
NECTIN3	TRUE	FALSE	FALSE
SLC12A8	TRUE	FALSE	FALSE
RARRES3	TRUE	FALSE	FALSE
IMPDH2	TRUE	FALSE	FALSE
TRAF3IP2	TRUE	FALSE	FALSE
ALDH3B1	TRUE	FALSE	FALSE
TOP2A	TRUE	FALSE	FALSE
NEK2	TRUE	FALSE	FALSE
FGFR3	TRUE	TRUE	FALSE
OGDH	TRUE	FALSE	FALSE
MGAT4B	TRUE	TRUE	FALSE
KRT36	TRUE	FALSE	FALSE
PI4K2A	TRUE	FALSE	FALSE
FANCG	TRUE	FALSE	FALSE
ALDH5A1	TRUE	TRUE	FALSE
BDKRB1	TRUE	FALSE	FALSE
WDR90	TRUE	TRUE	FALSE
AKAP1	TRUE	FALSE	FALSE
RNASEH2C	TRUE	TRUE	FALSE
TRIOBP	TRUE	FALSE	FALSE
RHOV	TRUE	FALSE	FALSE
PRKCD	TRUE	FALSE	FALSE
ZBED8	TRUE	TRUE	FALSE
CCNE2	TRUE	FALSE	FALSE
UHRF1	TRUE	TRUE	FALSE
ABHD11	TRUE	FALSE	FALSE
GEMIN5	TRUE	FALSE	FALSE
WDR72	TRUE	FALSE	FALSE
LSM11	TRUE	FALSE	FALSE
GBP3	TRUE	FALSE	FALSE
SH3PXD2A	TRUE	FALSE	FALSE
SEMA3F	TRUE	FALSE	FALSE
ZDHHC6	TRUE	FALSE	FALSE
ESYT2	TRUE	FALSE	FALSE
ST6GALNAC1	TRUE	FALSE	FALSE
MYOM2	TRUE	FALSE	FALSE
CES1	TRUE	FALSE	FALSE
MEGF6	TRUE	TRUE	FALSE
ZNF844	TRUE	TRUE	FALSE
TRIM5	TRUE	FALSE	FALSE
ZNF100	TRUE	FALSE	FALSE
FUT3	TRUE	FALSE	FALSE
MDGA1	TRUE	FALSE	FALSE
PCID2	TRUE	FALSE	FALSE
GDPD5	TRUE	FALSE	FALSE
CHML	TRUE	FALSE	FALSE
ST3GAL1	TRUE	FALSE	FALSE
PREX1	TRUE	TRUE	FALSE
ALPP	TRUE	FALSE	FALSE
EHMT1	TRUE	FALSE	FALSE
RFC3	TRUE	FALSE	FALSE
HIBCH	TRUE	FALSE	FALSE
APOL6	TRUE	FALSE	FALSE
ACP7	TRUE	FALSE	FALSE
BRCA1	TRUE	FALSE	FALSE
SCAMP2	TRUE	FALSE	FALSE
RPL36AL	TRUE	FALSE	FALSE
ITM2B	TRUE	FALSE	FALSE
NPHP4	TRUE	TRUE	FALSE
SLC9A3R1	TRUE	TRUE	FALSE
PADI2	TRUE	FALSE	FALSE
ABHD17C	TRUE	FALSE	FALSE
MAPKBP1	TRUE	FALSE	FALSE
TICRR	TRUE	FALSE	FALSE
DUSP7	TRUE	TRUE	FALSE
CSTF1	TRUE	FALSE	FALSE
CCNF	TRUE	FALSE	FALSE
SLC25A27	TRUE	FALSE	FALSE
RBM12	TRUE	FALSE	FALSE
UBASH3B	TRUE	FALSE	FALSE
SCEL	TRUE	FALSE	FALSE
LIMK2	TRUE	FALSE	FALSE
RAD9A	TRUE	FALSE	FALSE
ADPRH	TRUE	FALSE	FALSE
SEMA4B	TRUE	FALSE	FALSE
MBNL3	TRUE	FALSE	FALSE
FAM120A	TRUE	FALSE	FALSE
CCSER1	TRUE	FALSE	FALSE
ANO10	TRUE	FALSE	FALSE
IGF1R	TRUE	FALSE	FALSE
SOX2	TRUE	TRUE	FALSE
ASCC2	TRUE	FALSE	FALSE
NRARP	TRUE	FALSE	FALSE
TREM2	TRUE	FALSE	FALSE
SETBP1	TRUE	FALSE	FALSE
BCO2	TRUE	FALSE	FALSE
RFC5	TRUE	FALSE	FALSE
P2RY6	TRUE	FALSE	FALSE
ATG14	TRUE	FALSE	FALSE
PHLDA2	TRUE	TRUE	FALSE
KIAA1522	TRUE	FALSE	FALSE
CAPN14	TRUE	FALSE	FALSE
SUSD1	TRUE	FALSE	FALSE
CPSF6	TRUE	FALSE	FALSE
TPRG1L	TRUE	TRUE	FALSE
DIDO1	TRUE	TRUE	FALSE
FAT1	TRUE	FALSE	FALSE
WDTC1	TRUE	FALSE	FALSE
SFXN4	TRUE	FALSE	FALSE
ARFGEF2	TRUE	FALSE	FALSE
ARAP1	TRUE	FALSE	FALSE
ADAD2	TRUE	FALSE	FALSE
MYCBP	TRUE	FALSE	FALSE
GNG4	TRUE	FALSE	FALSE
G3BP1	TRUE	FALSE	FALSE
PGM2	TRUE	FALSE	FALSE
LIPE	TRUE	FALSE	FALSE
IL1RL1	TRUE	FALSE	FALSE
C1R	TRUE	FALSE	FALSE
MAVS	TRUE	FALSE	FALSE
ARTN	TRUE	FALSE	FALSE
CSTF2T	TRUE	FALSE	FALSE
GOT2	TRUE	FALSE	FALSE
HAUS5	TRUE	FALSE	FALSE
DAB2	TRUE	FALSE	FALSE
URB1	TRUE	FALSE	TRUE
PSMF1	TRUE	FALSE	FALSE
P2RY1	TRUE	FALSE	FALSE
KIAA0930	TRUE	TRUE	FALSE
VEGFC	TRUE	FALSE	FALSE
TARDBP	TRUE	FALSE	FALSE
MRI1	TRUE	FALSE	FALSE
HSBP1	TRUE	FALSE	FALSE
SPATA17	TRUE	FALSE	FALSE
CCL20	TRUE	FALSE	FALSE
IRX3	TRUE	TRUE	FALSE
MOB3A	TRUE	FALSE	FALSE
SLC9A8	TRUE	FALSE	FALSE
ATL1	TRUE	FALSE	FALSE
AIG1	TRUE	FALSE	FALSE
TCTA	TRUE	TRUE	FALSE
CDK5RAP1	TRUE	FALSE	FALSE
CHAF1A	TRUE	FALSE	FALSE
SH3BP5L	TRUE	FALSE	TRUE
EXTL3	TRUE	FALSE	FALSE
SNN	TRUE	TRUE	FALSE
CSRP1	TRUE	FALSE	FALSE
SGK1	TRUE	FALSE	TRUE
CYP24A1	TRUE	FALSE	TRUE
SETD6	TRUE	FALSE	FALSE
PHYHIP	TRUE	FALSE	FALSE
MXRA5	TRUE	FALSE	FALSE
NBPF3	TRUE	FALSE	FALSE
EPHA2	TRUE	TRUE	FALSE
HOXA7	TRUE	FALSE	FALSE
MFN2	TRUE	FALSE	FALSE
EGR2	TRUE	FALSE	FALSE
LSR	TRUE	TRUE	FALSE
MFSD6	TRUE	FALSE	FALSE
RECQL4	TRUE	TRUE	FALSE
SH3BP4	TRUE	TRUE	FALSE
MGA	TRUE	FALSE	FALSE
EPGN	TRUE	FALSE	FALSE
L2HGDH	TRUE	FALSE	FALSE
ACOT4	TRUE	FALSE	FALSE
KCP	TRUE	FALSE	FALSE
MSI2	TRUE	FALSE	FALSE
YWHAB	TRUE	FALSE	FALSE
SP8	TRUE	TRUE	FALSE
ZC3H18	TRUE	TRUE	FALSE
ATAD2	TRUE	FALSE	FALSE
BCAS3	TRUE	FALSE	FALSE
SS18L1	TRUE	FALSE	FALSE
POLDIP2	TRUE	FALSE	FALSE
USP31	TRUE	FALSE	FALSE
SPESP1	TRUE	FALSE	FALSE
IFIT3	TRUE	FALSE	TRUE
MRPL17	TRUE	FALSE	FALSE
SPINK5	TRUE	FALSE	FALSE
HUNK	TRUE	TRUE	FALSE
EIF2B1	TRUE	FALSE	FALSE
GPRIN2	TRUE	TRUE	FALSE
BSPRY	TRUE	FALSE	FALSE
DUS2	TRUE	FALSE	TRUE
MREG	TRUE	FALSE	FALSE
TMEM18	TRUE	FALSE	FALSE
IL18R1	TRUE	FALSE	FALSE
TUBGCP2	TRUE	TRUE	FALSE
EFHD2	TRUE	FALSE	TRUE
IER5	TRUE	FALSE	FALSE
ZNF337	TRUE	FALSE	FALSE
ANLN	TRUE	FALSE	FALSE
SAMM50	TRUE	FALSE	FALSE
PCDHGA10	TRUE	FALSE	FALSE
RPA3	TRUE	FALSE	FALSE
NOM1	TRUE	FALSE	FALSE
GRAMD3	TRUE	FALSE	FALSE
RAPGEF3	TRUE	FALSE	FALSE
RPL24	TRUE	FALSE	FALSE
SHB	TRUE	FALSE	FALSE
PLXNB3	TRUE	FALSE	FALSE
MTSS1L	TRUE	FALSE	FALSE
CLP1	TRUE	FALSE	FALSE
SSBP1	TRUE	FALSE	FALSE
ECE2	TRUE	FALSE	FALSE
SLC6A6	TRUE	TRUE	FALSE
LDHA	TRUE	FALSE	FALSE
EIF3D	TRUE	FALSE	FALSE
DHCR24	TRUE	FALSE	FALSE
DLG1	TRUE	FALSE	FALSE
INSIG2	TRUE	FALSE	FALSE
DLGAP5	TRUE	FALSE	FALSE
LRCH1	TRUE	FALSE	FALSE
RP2	TRUE	FALSE	FALSE
RTEL1	TRUE	FALSE	FALSE
LIPH	TRUE	FALSE	FALSE
GTF3C2	TRUE	FALSE	FALSE
PRPF38A	TRUE	FALSE	FALSE
NFASC	TRUE	FALSE	TRUE
AGA	TRUE	FALSE	TRUE
TMEM201	TRUE	TRUE	FALSE
C16orf74	TRUE	TRUE	FALSE
B4GAT1	TRUE	FALSE	FALSE
GBE1	TRUE	FALSE	FALSE
ARHGAP32	TRUE	FALSE	FALSE
CDS1	TRUE	FALSE	FALSE
PIGW	TRUE	FALSE	FALSE
CYB561A3	TRUE	FALSE	FALSE
RFXAP	TRUE	FALSE	FALSE
DHRS1	TRUE	FALSE	FALSE
TPI1	TRUE	FALSE	FALSE
MED30	TRUE	FALSE	FALSE
NGFR	TRUE	TRUE	FALSE
LYST	TRUE	FALSE	FALSE
TMEM139	TRUE	TRUE	FALSE
TNNT3	TRUE	FALSE	FALSE
PAX3	TRUE	FALSE	FALSE
RPL31	TRUE	FALSE	FALSE
ZDHHC12	TRUE	TRUE	FALSE
BTBD16	TRUE	FALSE	FALSE
STYK1	TRUE	FALSE	TRUE
ACTN4	TRUE	FALSE	FALSE
INTS5	TRUE	TRUE	FALSE
SP100	TRUE	FALSE	FALSE
MRPS33	TRUE	FALSE	FALSE
HELZ2	TRUE	TRUE	FALSE
IFT122	TRUE	FALSE	FALSE
POLA1	TRUE	FALSE	FALSE
ZFYVE21	TRUE	FALSE	FALSE
TLE4	TRUE	FALSE	TRUE
ATP10D	TRUE	FALSE	FALSE
RAD51	TRUE	FALSE	FALSE
CEP41	TRUE	FALSE	FALSE
ARHGAP25	TRUE	FALSE	FALSE
SAMD10	TRUE	TRUE	FALSE
EIF4G1	TRUE	FALSE	FALSE
ANKLE2	TRUE	FALSE	FALSE
CFAP44	TRUE	TRUE	FALSE
DNAJC5	TRUE	TRUE	FALSE
CLYBL	TRUE	FALSE	FALSE
RAB27B	TRUE	FALSE	FALSE
EXOC3	TRUE	TRUE	FALSE
PHKB	TRUE	FALSE	FALSE
SDHAF2	TRUE	FALSE	FALSE
COQ9	TRUE	FALSE	FALSE
ACER2	TRUE	FALSE	FALSE
SFXN5	TRUE	FALSE	FALSE
COX6B1	TRUE	FALSE	FALSE
JRK	TRUE	FALSE	FALSE
NEU3	TRUE	FALSE	FALSE
DHDDS	TRUE	FALSE	FALSE
NID1	TRUE	FALSE	FALSE
LGALS9B	TRUE	FALSE	FALSE
PAN2	TRUE	FALSE	FALSE
BICDL2	TRUE	TRUE	FALSE
PHB	TRUE	FALSE	FALSE
RABGGTB	TRUE	FALSE	FALSE
TTLL5	TRUE	FALSE	FALSE
CPA5	TRUE	FALSE	FALSE
AGAP11	TRUE	FALSE	FALSE
FAM81A	TRUE	FALSE	FALSE
FAM122B	TRUE	FALSE	FALSE
MATN3	TRUE	FALSE	FALSE
DIP2A	TRUE	FALSE	FALSE
RPS6KA1	TRUE	FALSE	FALSE
APITD1-CORT	TRUE	FALSE	FALSE
FKBP11	TRUE	FALSE	FALSE
ARPC4	TRUE	TRUE	FALSE
ZFAT	TRUE	FALSE	FALSE
CDK12	TRUE	FALSE	FALSE
CDCA4	TRUE	FALSE	FALSE
ARHGEF16	TRUE	TRUE	FALSE
MAPRE1	TRUE	FALSE	FALSE
SPACA9	TRUE	TRUE	FALSE
FKBP15	TRUE	FALSE	FALSE
CLCN1	TRUE	FALSE	FALSE
MINK1	TRUE	TRUE	FALSE
GAD1	TRUE	TRUE	FALSE
ZCCHC17	TRUE	FALSE	FALSE
PLEC	TRUE	TRUE	FALSE
RPL27	TRUE	FALSE	FALSE
MELK	TRUE	FALSE	FALSE
DDX47	TRUE	FALSE	FALSE
JUNB	TRUE	TRUE	FALSE
TIGD1	TRUE	FALSE	FALSE
TPT1	TRUE	FALSE	FALSE
SRSF1	TRUE	FALSE	FALSE
QPCT	TRUE	FALSE	FALSE
CCDC120	TRUE	FALSE	FALSE
DLG5	TRUE	FALSE	FALSE
TAF4	TRUE	FALSE	FALSE
FKBP1A	TRUE	FALSE	FALSE
PLEKHA2	TRUE	FALSE	TRUE
CCDC68	TRUE	TRUE	FALSE
DEPDC1B	TRUE	FALSE	FALSE
GGACT	TRUE	FALSE	FALSE
HLA-A	TRUE	FALSE	FALSE
WASHC5	TRUE	FALSE	FALSE
LTA4H	TRUE	FALSE	FALSE
MYH14	TRUE	TRUE	FALSE
GCNT3	TRUE	FALSE	FALSE
KAT2A	TRUE	TRUE	FALSE
DOCK5	TRUE	FALSE	FALSE
SRXN1	TRUE	FALSE	FALSE
PRIM2	TRUE	FALSE	FALSE
SYT15	TRUE	FALSE	FALSE
RABGGTA	TRUE	FALSE	FALSE
PMPCA	TRUE	TRUE	FALSE
EVPLL	TRUE	FALSE	FALSE
EPHA4	TRUE	FALSE	FALSE
C11orf49	TRUE	FALSE	FALSE
COX8A	TRUE	TRUE	FALSE
PAPLN	TRUE	FALSE	FALSE
STK24	TRUE	FALSE	FALSE
UNC93B1	TRUE	FALSE	FALSE
TRIM52	TRUE	TRUE	FALSE
BCR	TRUE	TRUE	FALSE
BID	TRUE	FALSE	FALSE
CHEK2	TRUE	FALSE	FALSE
ACD	TRUE	TRUE	FALSE
UNC119B	TRUE	FALSE	FALSE
LAMTOR1	TRUE	FALSE	FALSE
DDX23	TRUE	FALSE	FALSE
SUDS3	TRUE	FALSE	FALSE
EDNRA	TRUE	FALSE	FALSE
NR2E1	TRUE	FALSE	FALSE
FADS3	TRUE	FALSE	FALSE
PIK3C3	TRUE	FALSE	FALSE
CPNE1	TRUE	FALSE	FALSE
BRMS1L	TRUE	FALSE	FALSE
XRCC1	TRUE	FALSE	FALSE
RPL29	TRUE	TRUE	FALSE
DNAJC11	TRUE	FALSE	FALSE
AATF	TRUE	FALSE	TRUE
ADAT2	TRUE	FALSE	FALSE
TBC1D8B	TRUE	FALSE	FALSE
NABP1	TRUE	FALSE	FALSE
FJX1	TRUE	FALSE	FALSE
MYBL2	TRUE	FALSE	FALSE
PPP1R3D	TRUE	FALSE	FALSE
CDKN3	TRUE	FALSE	FALSE
E2F1	TRUE	TRUE	FALSE
CLNS1A	TRUE	FALSE	FALSE
EXOC8	TRUE	FALSE	FALSE
GIT1	TRUE	TRUE	FALSE
TSPAN14	TRUE	FALSE	FALSE
STX16	TRUE	FALSE	FALSE
HPGD	TRUE	TRUE	FALSE
KLRG2	TRUE	FALSE	FALSE
C21orf59	TRUE	FALSE	FALSE
KIAA0586	TRUE	FALSE	FALSE
LENG9	TRUE	FALSE	FALSE
FOXN1	TRUE	FALSE	FALSE
ACAA2	TRUE	FALSE	FALSE
SLC9A7	TRUE	FALSE	FALSE
SSFA2	TRUE	FALSE	FALSE
SYT1	TRUE	FALSE	FALSE
TAF4B	TRUE	FALSE	FALSE
UPP1	TRUE	FALSE	TRUE
EDC4	TRUE	TRUE	FALSE
HNRNPA1L2	TRUE	FALSE	FALSE
TAOK3	TRUE	FALSE	FALSE
RNF114	TRUE	FALSE	FALSE
HRNR	TRUE	FALSE	FALSE
FANCL	TRUE	FALSE	FALSE
TAGLN2	TRUE	FALSE	FALSE
ANKRD65	TRUE	FALSE	FALSE
ZER1	TRUE	FALSE	FALSE
TLE1	TRUE	FALSE	FALSE
OSBPL2	TRUE	FALSE	FALSE
TMEM45B	TRUE	FALSE	FALSE
PCSK9	TRUE	FALSE	FALSE
MYBBP1A	TRUE	TRUE	FALSE
GPALPP1	TRUE	FALSE	FALSE
GUCD1	TRUE	FALSE	FALSE
KRT34	TRUE	FALSE	TRUE
NUDT19	TRUE	FALSE	FALSE
C10orf10	TRUE	FALSE	FALSE
CYP1A1	TRUE	FALSE	FALSE
WDR34	TRUE	TRUE	FALSE
SRRM1	TRUE	FALSE	FALSE
SLC25A10	TRUE	TRUE	FALSE
EHD4	TRUE	FALSE	FALSE
ALDH3B2	TRUE	FALSE	FALSE
HEATR3	TRUE	FALSE	FALSE
SLC25A5	TRUE	FALSE	FALSE
ZNF785	TRUE	TRUE	FALSE
PLPP6	TRUE	FALSE	FALSE
HNRNPF	TRUE	FALSE	FALSE
PTCHD4	TRUE	FALSE	FALSE
EPS8	TRUE	FALSE	FALSE
DNAJC7	TRUE	FALSE	FALSE
APMAP	TRUE	FALSE	FALSE
PIGU	TRUE	FALSE	FALSE
DGKA	TRUE	FALSE	FALSE
SEC14L2	TRUE	FALSE	FALSE
BCAR1	TRUE	TRUE	FALSE
CD82	TRUE	TRUE	FALSE
MRPL11	TRUE	FALSE	FALSE
GTF3C4	TRUE	FALSE	FALSE
MAPRE2	TRUE	FALSE	FALSE
FLOT2	TRUE	TRUE	FALSE
CEP72	TRUE	FALSE	FALSE
GPD1L	TRUE	FALSE	FALSE
OTUB1	TRUE	FALSE	FALSE
ALOX12B	TRUE	FALSE	FALSE
TPK1	TRUE	FALSE	FALSE
RBM14	TRUE	FALSE	FALSE
PCDHGA9	TRUE	FALSE	FALSE
MUC20	TRUE	FALSE	FALSE
MARS2	TRUE	FALSE	FALSE
FAM64A	TRUE	FALSE	FALSE
ARNTL2	TRUE	FALSE	FALSE
NFATC2IP	TRUE	FALSE	FALSE
TOR4A	TRUE	FALSE	TRUE
ZNF830	TRUE	FALSE	FALSE
GALNT10	TRUE	TRUE	FALSE
TSPAN6	TRUE	FALSE	FALSE
BBS1	TRUE	FALSE	FALSE
TMEM109	TRUE	FALSE	FALSE
SLC44A2	TRUE	FALSE	FALSE
KIAA1328	TRUE	FALSE	FALSE
TPBG	TRUE	FALSE	FALSE
RPS21	TRUE	TRUE	FALSE
ANAPC15	TRUE	FALSE	FALSE
OOEP	TRUE	FALSE	FALSE
DISP2	TRUE	TRUE	FALSE
ROR1	TRUE	FALSE	FALSE
LYPD3	TRUE	FALSE	FALSE
SPATA2	TRUE	TRUE	FALSE
TAB3	TRUE	FALSE	FALSE
FAM50B	TRUE	FALSE	FALSE
ZNF563	TRUE	FALSE	FALSE
TMEM203	TRUE	FALSE	FALSE
NUDT7	TRUE	FALSE	FALSE
NPY4R	TRUE	FALSE	FALSE
MTMR1	TRUE	FALSE	FALSE
GABRE	TRUE	FALSE	FALSE
SFXN1	TRUE	TRUE	FALSE
SPTLC2	TRUE	FALSE	FALSE
VAC14	TRUE	TRUE	FALSE
MYLIP	TRUE	FALSE	FALSE
TRAF4	TRUE	FALSE	FALSE
SPG7	TRUE	TRUE	FALSE
EPSTI1	TRUE	FALSE	FALSE
CTSS	TRUE	FALSE	FALSE
CNN2	TRUE	TRUE	FALSE
C2	TRUE	FALSE	FALSE
RFFL	TRUE	FALSE	FALSE
EML2	TRUE	FALSE	FALSE
DHX33	TRUE	FALSE	FALSE
RCBTB2	TRUE	FALSE	FALSE
DHRS12	TRUE	FALSE	FALSE
HLA-DMA	TRUE	FALSE	FALSE
LLGL1	TRUE	TRUE	FALSE
ITGA2	TRUE	FALSE	FALSE
MRPL10	TRUE	FALSE	FALSE
NLK	TRUE	TRUE	FALSE
NELFB	TRUE	TRUE	FALSE
ARHGEF7	TRUE	FALSE	FALSE
HPCAL1	TRUE	FALSE	FALSE
ZNF311	TRUE	FALSE	FALSE
CCDC146	TRUE	FALSE	FALSE
FAM181B	TRUE	FALSE	FALSE
SLC39A11	TRUE	FALSE	FALSE
LIPA	TRUE	FALSE	FALSE
MGAT2	TRUE	FALSE	FALSE
NEIL3	TRUE	FALSE	FALSE
DCAF11	TRUE	FALSE	FALSE
TMEM156	TRUE	FALSE	FALSE
LIMA1	TRUE	FALSE	TRUE
PRKG2	TRUE	FALSE	FALSE
AMN	TRUE	FALSE	FALSE
KCNAB2	TRUE	FALSE	TRUE
FIGNL1	TRUE	FALSE	FALSE
NR1H3	TRUE	FALSE	TRUE
TBL3	TRUE	TRUE	FALSE
KIAA1161	TRUE	FALSE	FALSE
ABCG1	TRUE	FALSE	FALSE
CTTN	TRUE	FALSE	FALSE
MYO9B	TRUE	FALSE	FALSE
SERPINB4	TRUE	FALSE	FALSE
NECAB3	TRUE	TRUE	FALSE
TYMSOS	TRUE	FALSE	FALSE
MKNK1	TRUE	FALSE	FALSE
TENM3	TRUE	FALSE	FALSE
MMP24	TRUE	TRUE	FALSE
ACLY	TRUE	FALSE	FALSE
HOXC12	TRUE	FALSE	FALSE
SBNO2	TRUE	TRUE	FALSE
ZBTB18	TRUE	FALSE	FALSE
TBCD	TRUE	TRUE	FALSE
KRT23	TRUE	FALSE	FALSE
PITX2	TRUE	TRUE	FALSE
POC1A	TRUE	FALSE	FALSE
PGS1	TRUE	TRUE	FALSE
IP6K3	TRUE	FALSE	FALSE
AFMID	TRUE	FALSE	FALSE
PRKDC	TRUE	FALSE	FALSE
KSR1	TRUE	FALSE	FALSE
STAU1	TRUE	FALSE	FALSE
ZNF33B	TRUE	TRUE	FALSE
C1orf74	TRUE	FALSE	FALSE
MIS18BP1	TRUE	FALSE	FALSE
SRC	TRUE	FALSE	FALSE
SMG7	TRUE	FALSE	FALSE
CSTF2	TRUE	FALSE	FALSE
POMZP3	TRUE	FALSE	FALSE
RGS12	TRUE	TRUE	FALSE
PITPNM1	TRUE	TRUE	FALSE
SNRPA1	TRUE	FALSE	FALSE
ENTPD3	TRUE	FALSE	FALSE
PDCD7	TRUE	FALSE	FALSE
GALE	TRUE	FALSE	FALSE
2-Mar	TRUE	FALSE	FALSE
YPEL3	TRUE	TRUE	FALSE
IGSF9	TRUE	TRUE	FALSE
SESN1	TRUE	FALSE	FALSE
MR1	TRUE	FALSE	FALSE
ZNF692	TRUE	FALSE	FALSE
PISD	TRUE	FALSE	TRUE
KIFC1	TRUE	FALSE	FALSE
ARL10	TRUE	FALSE	FALSE
RBM26	TRUE	FALSE	FALSE
ASF1B	TRUE	FALSE	FALSE
PRDM10	TRUE	FALSE	FALSE
B3GNT7	TRUE	TRUE	FALSE
ABLIM3	TRUE	FALSE	FALSE
ABCC4	TRUE	FALSE	FALSE
RUNDC1	TRUE	FALSE	FALSE
NTF4	TRUE	FALSE	FALSE
ADTRP	TRUE	FALSE	TRUE
ARRDC1	TRUE	TRUE	FALSE
USP4	TRUE	FALSE	FALSE
TOMM34	TRUE	FALSE	FALSE
NMNAT3	TRUE	FALSE	FALSE
STAT1	TRUE	FALSE	FALSE
ENTPD6	TRUE	FALSE	FALSE
TEX19	TRUE	FALSE	FALSE
CYB5R4	TRUE	FALSE	FALSE
MBNL2	TRUE	FALSE	FALSE
MRPS30	TRUE	FALSE	FALSE
ARPC5L	TRUE	FALSE	FALSE
AKAP8	TRUE	TRUE	FALSE
TXN	TRUE	FALSE	FALSE
CENPJ	TRUE	FALSE	FALSE
RALGAPA2	TRUE	FALSE	FALSE
C1orf56	TRUE	FALSE	FALSE
UTP23	TRUE	FALSE	FALSE
GPCPD1	TRUE	FALSE	FALSE
RAVER1	TRUE	TRUE	FALSE
RNASEL	TRUE	FALSE	FALSE
HTR1D	TRUE	TRUE	FALSE
LRRC59	TRUE	FALSE	FALSE
FAM49B	TRUE	FALSE	FALSE
WBSCR28	TRUE	FALSE	FALSE
PRMT2	TRUE	TRUE	FALSE
ARHGEF19	TRUE	FALSE	FALSE
TRIAP1	TRUE	FALSE	FALSE
NLN	TRUE	FALSE	FALSE
CHN2	TRUE	FALSE	FALSE
XKR5	TRUE	FALSE	FALSE
BRK1	TRUE	TRUE	FALSE
NIP7	TRUE	FALSE	FALSE
REXO2	TRUE	FALSE	FALSE
NDST1	TRUE	TRUE	FALSE
PRKD2	TRUE	FALSE	FALSE
LOC100506127	TRUE	FALSE	FALSE
ZNF318	TRUE	FALSE	FALSE
MRPL23	TRUE	TRUE	FALSE
DNAJA2	TRUE	FALSE	FALSE
ARL14	TRUE	FALSE	FALSE
PRKAR1B	TRUE	TRUE	FALSE
FER	TRUE	FALSE	FALSE
LSM3	TRUE	FALSE	FALSE
ITPK1	TRUE	FALSE	FALSE
DUS3L	TRUE	TRUE	FALSE
SPOCD1	TRUE	FALSE	FALSE
HMG20B	TRUE	TRUE	FALSE
BUB1	TRUE	FALSE	FALSE
ANXA8L1	TRUE	FALSE	FALSE
COA5	TRUE	TRUE	FALSE
C8orf33	TRUE	FALSE	FALSE
MMP16	TRUE	TRUE	FALSE
ZNF525	TRUE	FALSE	FALSE
RAD21	TRUE	FALSE	FALSE
TOE1	TRUE	FALSE	FALSE
C1orf216	TRUE	TRUE	FALSE
CCNYL1	TRUE	FALSE	FALSE
GPC1	TRUE	TRUE	FALSE
CRYBG3	TRUE	FALSE	FALSE
ENO1	TRUE	FALSE	FALSE
KIFC3	TRUE	TRUE	FALSE
KIAA0907	TRUE	FALSE	FALSE
DSG2	TRUE	FALSE	FALSE
CPZ	TRUE	FALSE	FALSE
KLK9	TRUE	FALSE	FALSE
WDYHV1	TRUE	FALSE	FALSE
TRMT61B	TRUE	FALSE	FALSE
PPP1R12B	TRUE	FALSE	FALSE
CYGB	TRUE	TRUE	FALSE
WDR70	TRUE	FALSE	FALSE
FTO	TRUE	FALSE	FALSE
KAT7	TRUE	FALSE	FALSE
BZW2	TRUE	FALSE	FALSE
ERO1A	TRUE	FALSE	FALSE
CRB3	TRUE	TRUE	FALSE
LPAR2	TRUE	TRUE	FALSE
AHSA1	TRUE	FALSE	FALSE
TIMM21	TRUE	FALSE	FALSE
TAPBP	TRUE	FALSE	FALSE
APOL1	TRUE	FALSE	FALSE
PDZD8	TRUE	FALSE	FALSE
CANT1	TRUE	FALSE	FALSE
LGALS8	TRUE	FALSE	FALSE
CCDC125	TRUE	FALSE	FALSE
GYS1	TRUE	FALSE	FALSE
PROCR	TRUE	FALSE	TRUE
MPV17	TRUE	FALSE	FALSE
FAU	TRUE	FALSE	FALSE
ANKRD20A4	TRUE	FALSE	FALSE
RAB11FIP4	TRUE	FALSE	FALSE
PITX1	TRUE	TRUE	FALSE
PPP1R3G	TRUE	FALSE	FALSE
MC5R	TRUE	FALSE	FALSE
MPP3	TRUE	FALSE	FALSE
APOBEC3H	TRUE	FALSE	FALSE
PPP1R14B	TRUE	FALSE	FALSE
PSMB10	TRUE	TRUE	FALSE
NUP85	TRUE	FALSE	FALSE
ZSWIM1	TRUE	FALSE	FALSE
RNF141	TRUE	FALSE	FALSE
NOLC1	TRUE	FALSE	FALSE
RAB20	TRUE	FALSE	FALSE
FOXA2	TRUE	FALSE	FALSE
RNF207	TRUE	FALSE	FALSE
B3GNTL1	TRUE	TRUE	FALSE
PRIM1	TRUE	FALSE	FALSE
C9orf84	TRUE	FALSE	FALSE
FBXO25	TRUE	TRUE	FALSE
UXS1	TRUE	FALSE	FALSE
IL31RA	TRUE	FALSE	FALSE
SLC35C2	TRUE	TRUE	FALSE
KCNK2	TRUE	FALSE	FALSE
CKAP2	TRUE	FALSE	FALSE
ZSCAN16	TRUE	FALSE	FALSE
SRRT	TRUE	TRUE	FALSE
NUSAP1	TRUE	FALSE	FALSE
HLA-DOB	TRUE	FALSE	FALSE
DENND1C	TRUE	TRUE	FALSE
AADAC	TRUE	FALSE	FALSE
NSF	TRUE	FALSE	FALSE
ACOXL	TRUE	FALSE	FALSE
CHMP1A	TRUE	TRUE	FALSE
ULK2	TRUE	FALSE	FALSE
MAP3K7CL	TRUE	FALSE	TRUE
COMTD1	TRUE	TRUE	FALSE
GANC	TRUE	FALSE	FALSE
IPO5	TRUE	FALSE	FALSE
ATOH8	TRUE	TRUE	FALSE
CUZD1	TRUE	FALSE	FALSE
REN	TRUE	FALSE	FALSE
CENPW	TRUE	FALSE	FALSE
DOCK8	TRUE	FALSE	FALSE
NEDD9	TRUE	TRUE	FALSE
C1orf131	TRUE	FALSE	FALSE
TMEM187	TRUE	FALSE	TRUE
IGFBP4	TRUE	FALSE	FALSE
DIS3	TRUE	FALSE	FALSE
ZNF860	TRUE	TRUE	FALSE
SLC5A10	TRUE	FALSE	FALSE
ATRIP	TRUE	FALSE	FALSE
CCDC144A	TRUE	FALSE	FALSE
ACER3	TRUE	FALSE	FALSE
TRPM2	TRUE	TRUE	TRUE
PSMA2	TRUE	FALSE	FALSE
ZNF750	TRUE	FALSE	FALSE
RSRP1	TRUE	FALSE	FALSE
HRASLS2	TRUE	FALSE	FALSE
LARGE2	TRUE	FALSE	FALSE
ANKRD13B	TRUE	TRUE	FALSE
DDX39A	TRUE	TRUE	FALSE
NCAPH2	TRUE	TRUE	FALSE
ICA1	TRUE	FALSE	FALSE
PRKCE	TRUE	FALSE	FALSE
CCDC142	TRUE	TRUE	FALSE
THSD1	TRUE	FALSE	FALSE
INPP4B	TRUE	FALSE	TRUE
UBE2C	TRUE	FALSE	FALSE
BFSP1	TRUE	FALSE	FALSE
MISP	TRUE	TRUE	FALSE
SMN2	TRUE	FALSE	FALSE
IL1RL2	TRUE	FALSE	FALSE
PHKG2	TRUE	FALSE	FALSE
RACGAP1	TRUE	FALSE	FALSE
C1orf106	TRUE	FALSE	FALSE
POMP	TRUE	FALSE	FALSE
ACTR3C	TRUE	FALSE	FALSE
LRRIQ3	TRUE	FALSE	FALSE
PHF7	TRUE	FALSE	FALSE
F2R	TRUE	TRUE	FALSE
DRG2	TRUE	FALSE	FALSE
TMEM60	TRUE	FALSE	FALSE
CCT7	TRUE	FALSE	FALSE
GLDN	TRUE	FALSE	FALSE
RYR1	TRUE	FALSE	FALSE
PPARA	TRUE	FALSE	FALSE
DNAJC30	TRUE	TRUE	FALSE
PRSS23	TRUE	FALSE	FALSE
DCPS	TRUE	FALSE	FALSE
AHR	TRUE	FALSE	FALSE
CCDC34	TRUE	FALSE	FALSE
MKRN2OS	TRUE	TRUE	FALSE
SERPINE2	TRUE	FALSE	FALSE
GEMIN8	TRUE	FALSE	FALSE
C17orf53	TRUE	FALSE	FALSE
NAA16	TRUE	FALSE	FALSE
NUDT21	TRUE	FALSE	FALSE
MFAP1	TRUE	FALSE	FALSE
BTD	TRUE	FALSE	FALSE
DMD	TRUE	FALSE	FALSE
PSMD3	TRUE	FALSE	FALSE
FN3KRP	TRUE	TRUE	FALSE
GRK5	TRUE	FALSE	FALSE
LYPD6B	TRUE	FALSE	FALSE
IRF7	TRUE	TRUE	FALSE
NEK8	TRUE	FALSE	FALSE
E2F7	TRUE	FALSE	TRUE
UBA7	TRUE	FALSE	TRUE
PIR	TRUE	FALSE	FALSE
DUT	TRUE	FALSE	FALSE
NINJ2	TRUE	FALSE	FALSE
ADM2	TRUE	TRUE	FALSE
TMEM97	TRUE	FALSE	FALSE
C12orf54	TRUE	FALSE	FALSE
SPATA5L1	TRUE	FALSE	FALSE
DGKH	TRUE	FALSE	FALSE
NAMPT	TRUE	FALSE	FALSE
WDR54	TRUE	TRUE	FALSE
HAUS1	TRUE	FALSE	FALSE
DSEL	TRUE	FALSE	FALSE
RB1	TRUE	FALSE	FALSE
NOB1	TRUE	TRUE	FALSE
TMCO4	TRUE	FALSE	FALSE
POLD1	TRUE	TRUE	FALSE
RNF43	TRUE	FALSE	FALSE
WT1	TRUE	FALSE	FALSE
ALYREF	TRUE	TRUE	FALSE
BMS1	TRUE	FALSE	FALSE
TRIM31	TRUE	TRUE	FALSE
FZD6	TRUE	FALSE	FALSE
SH3D21	TRUE	TRUE	FALSE
SRGAP1	TRUE	FALSE	FALSE
TRMT6	TRUE	FALSE	FALSE
TH	TRUE	FALSE	FALSE
SERPINB2	TRUE	FALSE	FALSE
SFXN2	TRUE	FALSE	FALSE
RPS24	TRUE	FALSE	FALSE
MRPL36	TRUE	FALSE	FALSE
HIF1A	TRUE	FALSE	TRUE
BTN3A3	TRUE	FALSE	FALSE
ELL2	TRUE	FALSE	FALSE
PPP2R1A	TRUE	FALSE	FALSE
MINOS1	TRUE	FALSE	FALSE
ERICH1	TRUE	TRUE	FALSE
CENPK	TRUE	FALSE	FALSE
MMAB	TRUE	FALSE	FALSE
SPC24	TRUE	FALSE	FALSE
RBM11	TRUE	FALSE	FALSE
DHX38	TRUE	FALSE	FALSE
THOP1	TRUE	FALSE	FALSE
OVOL2	TRUE	FALSE	FALSE
RBL1	TRUE	FALSE	FALSE
TMX1	TRUE	FALSE	FALSE
ANKS1A	TRUE	FALSE	FALSE
ZFC3H1	TRUE	FALSE	FALSE
RRM1	TRUE	FALSE	FALSE
DHRS13	TRUE	FALSE	FALSE
UBR7	TRUE	FALSE	FALSE
PLIN3	TRUE	FALSE	TRUE
HOXD9	TRUE	TRUE	FALSE
GNPAT	TRUE	FALSE	FALSE
AMTN	TRUE	FALSE	FALSE
TTLL11	TRUE	FALSE	FALSE
SPA17	TRUE	FALSE	FALSE
LRRC45	TRUE	TRUE	FALSE
ACBD3	TRUE	FALSE	FALSE
SYNGR2	TRUE	TRUE	FALSE
FASN	TRUE	TRUE	FALSE
ERCC5	TRUE	FALSE	FALSE
ABT1	TRUE	TRUE	FALSE
MAP4K5	TRUE	FALSE	FALSE
NTPCR	TRUE	FALSE	FALSE
TUBB6	TRUE	TRUE	FALSE
LHPP	TRUE	FALSE	FALSE
MRPS27	TRUE	FALSE	FALSE
TMUB2	TRUE	TRUE	FALSE
ESPL1	TRUE	FALSE	FALSE
ESCO2	TRUE	FALSE	FALSE
KCTD21	TRUE	FALSE	TRUE
OVOL1	TRUE	TRUE	FALSE
AMN1	TRUE	FALSE	FALSE
C2orf49	TRUE	FALSE	FALSE
IL20RA	TRUE	FALSE	FALSE
FAM20C	TRUE	FALSE	FALSE
CCDC153	TRUE	FALSE	FALSE
SP110	TRUE	FALSE	FALSE
UTP3	TRUE	FALSE	FALSE
PLEKHF1	TRUE	FALSE	FALSE
MSH2	TRUE	FALSE	FALSE
LYAR	TRUE	FALSE	FALSE
PDDC1	TRUE	FALSE	FALSE
ALPK1	TRUE	FALSE	FALSE
YOD1	TRUE	FALSE	FALSE
CFHR3	TRUE	FALSE	FALSE
SARDH	TRUE	FALSE	FALSE
MYPN	TRUE	FALSE	FALSE
CWC25	TRUE	FALSE	FALSE
MED9	TRUE	FALSE	FALSE
S100A2	TRUE	FALSE	FALSE
EMC6	TRUE	TRUE	FALSE
KIF9	TRUE	FALSE	FALSE
COPZ2	TRUE	FALSE	FALSE
TPCN1	TRUE	FALSE	FALSE
EPHB2	TRUE	FALSE	FALSE
CNTNAP3	TRUE	TRUE	FALSE
SRSF10	TRUE	FALSE	FALSE
IL22RA1	TRUE	FALSE	FALSE
MAD2L1	TRUE	FALSE	FALSE
KPNB1	TRUE	FALSE	FALSE
NAXD	TRUE	FALSE	FALSE
TBC1D31	TRUE	FALSE	FALSE
RCC1	TRUE	FALSE	FALSE
TEX30	TRUE	FALSE	FALSE
ZNF440	TRUE	FALSE	FALSE
TTC7A	TRUE	FALSE	FALSE
COA6	TRUE	FALSE	FALSE
KIAA1324L	TRUE	FALSE	FALSE
OSBPL3	TRUE	FALSE	FALSE
GRK2	TRUE	FALSE	FALSE
NUDT13	TRUE	TRUE	FALSE
MBD2	TRUE	FALSE	FALSE
TTF1	TRUE	FALSE	FALSE
LIPG	TRUE	FALSE	FALSE
LETM2	TRUE	FALSE	TRUE
SF1	TRUE	FALSE	FALSE
LRP5	TRUE	FALSE	FALSE
LAMA5	TRUE	TRUE	FALSE
BIVM	TRUE	FALSE	FALSE
RPL23	TRUE	FALSE	FALSE
NHLRC3	TRUE	FALSE	FALSE
ANAPC1	TRUE	FALSE	FALSE
AKR1B15	TRUE	FALSE	FALSE
TPP2	TRUE	FALSE	FALSE
EIF4A3	TRUE	FALSE	FALSE
NDUFB7	TRUE	TRUE	FALSE
DHCR7	TRUE	FALSE	TRUE
TRPT1	TRUE	FALSE	FALSE
SUCLA2	TRUE	FALSE	FALSE
C2orf15	TRUE	TRUE	FALSE
SLC19A3	TRUE	FALSE	FALSE
POLQ	TRUE	FALSE	FALSE
DHX34	TRUE	FALSE	FALSE
SLC2A4	TRUE	TRUE	FALSE
LYNX1	TRUE	FALSE	FALSE
RALGPS1	TRUE	FALSE	FALSE
COPG2	TRUE	FALSE	FALSE
TGFBR3L	TRUE	TRUE	FALSE
CCDC93	TRUE	FALSE	TRUE
ST3GAL4	TRUE	TRUE	FALSE
TIPIN	TRUE	FALSE	FALSE
C18orf25	TRUE	FALSE	FALSE
HOOK2	TRUE	TRUE	FALSE
RARRES2	TRUE	TRUE	FALSE
PSMA1	TRUE	FALSE	TRUE
SDC1	TRUE	FALSE	FALSE
RNF152	TRUE	FALSE	FALSE
VCPKMT	TRUE	FALSE	FALSE
ABHD3	TRUE	FALSE	FALSE
THOC3	TRUE	FALSE	FALSE
PIK3R2	TRUE	FALSE	FALSE
IFIH1	TRUE	FALSE	FALSE
PROSER3	TRUE	FALSE	FALSE
TCEANC2	TRUE	FALSE	FALSE
MRPL30	TRUE	FALSE	FALSE
PFKL	TRUE	TRUE	FALSE
MT2A	TRUE	TRUE	FALSE
ALDH2	TRUE	FALSE	FALSE
HSPG2	TRUE	TRUE	TRUE
RNF19B	TRUE	FALSE	FALSE
ARHGEF28	TRUE	FALSE	FALSE
SLC9A1	TRUE	FALSE	TRUE
ANAPC2	TRUE	TRUE	TRUE
LSM14B	TRUE	FALSE	FALSE
FAM110A	TRUE	FALSE	FALSE
RHBDF2	TRUE	TRUE	FALSE
SLC25A15	TRUE	FALSE	FALSE
XKR8	TRUE	FALSE	FALSE
GRK6	TRUE	TRUE	FALSE
MICALL2	TRUE	TRUE	FALSE
GATB	TRUE	FALSE	FALSE
ABCB5	TRUE	FALSE	FALSE
MMS22L	TRUE	FALSE	FALSE
ERP27	TRUE	FALSE	FALSE
NARS2	TRUE	FALSE	FALSE
DPH3P1	TRUE	FALSE	FALSE
TSEN2	TRUE	FALSE	FALSE
TMEM107	TRUE	TRUE	FALSE
U2AF1	TRUE	FALSE	FALSE
CATSPER1	TRUE	FALSE	FALSE
MEN1	TRUE	FALSE	TRUE
RPGRIP1L	TRUE	FALSE	FALSE
STON2	TRUE	TRUE	FALSE
EIF3H	TRUE	FALSE	FALSE
SRPX	TRUE	TRUE	FALSE
FASTKD3	TRUE	FALSE	FALSE
SYCP2	TRUE	TRUE	FALSE
NUP205	TRUE	FALSE	FALSE
TOX2	TRUE	FALSE	FALSE
FAM98B	TRUE	FALSE	FALSE
ZFP3	TRUE	FALSE	FALSE
NXT1	TRUE	FALSE	FALSE
SCIMP	TRUE	FALSE	FALSE
HACL1	TRUE	FALSE	FALSE
MAP3K1	TRUE	FALSE	FALSE
COG3	TRUE	FALSE	FALSE
FCF1	TRUE	FALSE	FALSE
INTS1	TRUE	TRUE	FALSE
WRNIP1	TRUE	FALSE	FALSE
FBXL8	TRUE	TRUE	FALSE
MCU	TRUE	FALSE	FALSE
FAM192A	TRUE	FALSE	FALSE
ISY1	TRUE	FALSE	FALSE
NUP133	TRUE	FALSE	FALSE
DCTPP1	TRUE	FALSE	FALSE
SELENBP1	TRUE	FALSE	FALSE
MRPL46	TRUE	FALSE	FALSE
CT62	TRUE	FALSE	FALSE
ERCC6	TRUE	FALSE	FALSE
PPP1R26	TRUE	FALSE	TRUE
SOCS3	TRUE	FALSE	TRUE
MRPS31	TRUE	FALSE	FALSE
SERGEF	TRUE	FALSE	FALSE
CRNDE	TRUE	TRUE	FALSE
KNTC1	TRUE	FALSE	FALSE
BIRC5	TRUE	FALSE	FALSE
KLHDC1	TRUE	FALSE	FALSE
DUSP11	TRUE	FALSE	FALSE
PRKCQ	TRUE	FALSE	FALSE
AASS	TRUE	FALSE	FALSE
CCDC103	TRUE	TRUE	FALSE
DAB2IP	TRUE	TRUE	FALSE
ZNF572	TRUE	FALSE	FALSE
LASP1	TRUE	FALSE	FALSE
TRAPPC12	TRUE	FALSE	FALSE
CSE1L	TRUE	FALSE	FALSE
NSG1	TRUE	TRUE	FALSE
DDTL	TRUE	FALSE	FALSE
RNASE7	TRUE	FALSE	FALSE
TTC14	TRUE	FALSE	FALSE
EPB41L4A	TRUE	FALSE	FALSE
LRRC14	TRUE	TRUE	FALSE
DEPDC5	TRUE	FALSE	FALSE
HEXIM1	TRUE	FALSE	FALSE
MTRF1	TRUE	FALSE	FALSE
CEP152	TRUE	FALSE	FALSE
BIN3	TRUE	TRUE	FALSE
TARBP1	TRUE	FALSE	FALSE
STK36	TRUE	FALSE	FALSE
VRK3	TRUE	FALSE	FALSE
SMURF2	TRUE	FALSE	TRUE
ADAM10	TRUE	FALSE	FALSE
PTPN6	TRUE	FALSE	FALSE
BRD7	TRUE	FALSE	FALSE
PLCXD2	TRUE	FALSE	TRUE
SLCO1B7	TRUE	FALSE	FALSE
CYP2J2	TRUE	FALSE	FALSE
CFAP45	TRUE	FALSE	FALSE
NUDT12	TRUE	FALSE	FALSE
EPG5	TRUE	FALSE	TRUE
ADGRF4	TRUE	FALSE	FALSE
WDFY2	TRUE	FALSE	FALSE
DARS2	TRUE	FALSE	FALSE
ANXA11	TRUE	FALSE	FALSE
CALHM3	TRUE	FALSE	FALSE
NMU	TRUE	FALSE	FALSE
LMNA	TRUE	FALSE	FALSE
TTLL12	TRUE	TRUE	FALSE
PI3	TRUE	FALSE	FALSE
C14orf166	TRUE	FALSE	FALSE
PTTG1	TRUE	FALSE	FALSE
HELLS	TRUE	TRUE	FALSE
NSMF	TRUE	FALSE	FALSE
WDR60	TRUE	FALSE	FALSE
IL1R2	TRUE	FALSE	FALSE
NCF2	TRUE	FALSE	TRUE
TCERG1	TRUE	FALSE	FALSE
ZFP62	TRUE	TRUE	FALSE
TMEM186	TRUE	FALSE	FALSE
DHX9	TRUE	FALSE	FALSE
ATP13A3	TRUE	FALSE	FALSE
NF1	TRUE	FALSE	FALSE
PSMB9	TRUE	FALSE	TRUE
ANXA3	TRUE	FALSE	TRUE
TGM1	TRUE	FALSE	FALSE
KLK7	TRUE	FALSE	FALSE
RPL18	TRUE	FALSE	FALSE
RGPD2	TRUE	FALSE	FALSE
PYCRL	TRUE	FALSE	FALSE
MOB3C	TRUE	FALSE	FALSE
REV1	TRUE	FALSE	FALSE
IL18BP	TRUE	FALSE	FALSE
BCAP31	TRUE	FALSE	FALSE
SPAG16	TRUE	FALSE	FALSE
LFNG	TRUE	TRUE	FALSE
NSMCE2	TRUE	FALSE	FALSE
HSD11B2	TRUE	FALSE	FALSE
EIF2S2	TRUE	FALSE	FALSE
C3	TRUE	FALSE	FALSE
RLN2	TRUE	FALSE	FALSE
CCDC127	TRUE	FALSE	FALSE
RAB40A	TRUE	FALSE	FALSE
SPTSSA	TRUE	FALSE	FALSE
CARD6	TRUE	FALSE	FALSE
PGPEP1	TRUE	FALSE	TRUE
ENDOV	TRUE	TRUE	FALSE
SKIV2L	TRUE	FALSE	FALSE
CELSR2	TRUE	FALSE	FALSE
PML	TRUE	TRUE	FALSE
PRR16	TRUE	TRUE	FALSE
UCKL1	TRUE	TRUE	FALSE
PPP1R1C	TRUE	FALSE	FALSE
MYCBP2	TRUE	FALSE	FALSE
HEXDC	TRUE	FALSE	FALSE
PDE6D	TRUE	FALSE	FALSE
BUD13	TRUE	FALSE	FALSE
FRK	TRUE	FALSE	FALSE
CXCL3	TRUE	FALSE	FALSE
GLT8D1	TRUE	FALSE	FALSE
XRCC2	TRUE	FALSE	TRUE
ST3GAL6	TRUE	FALSE	FALSE
RPS3	TRUE	FALSE	FALSE
PWWP2A	TRUE	TRUE	FALSE
MED11	TRUE	TRUE	FALSE
MRPL22	TRUE	TRUE	FALSE
ABCD3	TRUE	FALSE	FALSE
WDR89	TRUE	FALSE	FALSE
COIL	TRUE	FALSE	FALSE
NOL12	TRUE	TRUE	FALSE
IRS1	TRUE	FALSE	FALSE
RCCD1	TRUE	FALSE	FALSE
IL13RA2	TRUE	FALSE	FALSE
CDKL2	TRUE	FALSE	FALSE
HES2	TRUE	FALSE	FALSE
OSTF1	TRUE	FALSE	FALSE
NDUFB9	TRUE	FALSE	FALSE
MSANTD4	TRUE	FALSE	FALSE
FHIT	TRUE	FALSE	FALSE
ALOX15	TRUE	FALSE	FALSE
IER2	TRUE	FALSE	FALSE
FANCB	TRUE	FALSE	FALSE
LTV1	TRUE	FALSE	FALSE
SPICE1	TRUE	FALSE	FALSE
LMO7	TRUE	FALSE	FALSE
LAT2	TRUE	FALSE	TRUE
ACTRT3	TRUE	FALSE	FALSE
ZC3H13	TRUE	FALSE	FALSE
DMAP1	TRUE	TRUE	FALSE
PEX10	TRUE	TRUE	FALSE
TADA2A	TRUE	FALSE	FALSE
PHACTR3	TRUE	TRUE	FALSE
CENPP	TRUE	FALSE	FALSE
C3orf14	TRUE	FALSE	FALSE
ALDH16A1	TRUE	TRUE	FALSE
PRR7	TRUE	TRUE	FALSE
JUN	TRUE	TRUE	TRUE
KLF4	TRUE	FALSE	FALSE
BLM	TRUE	FALSE	FALSE
CALM3	TRUE	FALSE	FALSE
ZNF717	TRUE	FALSE	FALSE
C7orf57	TRUE	FALSE	TRUE
OSCP1	TRUE	FALSE	FALSE
SFXN3	TRUE	FALSE	FALSE
HSF4	TRUE	TRUE	FALSE
CCNA2	TRUE	FALSE	FALSE
COL8A2	TRUE	FALSE	FALSE
OSGIN1	TRUE	TRUE	FALSE
ABHD16B	TRUE	TRUE	FALSE
TSTA3	TRUE	TRUE	FALSE
EFCAB13	TRUE	FALSE	FALSE
DHRS4	TRUE	FALSE	FALSE
AHDC1	TRUE	TRUE	FALSE
RAD18	TRUE	FALSE	FALSE
SCRIB	TRUE	TRUE	FALSE
CTAGE4	TRUE	FALSE	FALSE
RNF38	TRUE	FALSE	FALSE
PLD2	TRUE	TRUE	FALSE
S1PR5	TRUE	FALSE	FALSE
IQCK	TRUE	FALSE	FALSE
TFAP4	TRUE	FALSE	FALSE
MFAP2	TRUE	FALSE	FALSE
ZNF845	TRUE	FALSE	FALSE
DDX41	TRUE	TRUE	FALSE
SAMD9	TRUE	FALSE	FALSE
IFT172	TRUE	FALSE	FALSE
TROAP	TRUE	FALSE	FALSE
PRRG4	TRUE	FALSE	FALSE
CDK1	TRUE	FALSE	FALSE
FAM229B	TRUE	FALSE	FALSE
ATG2A	TRUE	TRUE	FALSE
TSLP	TRUE	FALSE	FALSE
ITCH	TRUE	FALSE	FALSE
NOP9	TRUE	FALSE	FALSE
LRRC69	TRUE	FALSE	FALSE
RAP2A	TRUE	FALSE	FALSE
PLSCR4	TRUE	FALSE	FALSE
HIST1H3G	TRUE	FALSE	FALSE
MYH9	TRUE	TRUE	TRUE
C21orf33	TRUE	FALSE	FALSE
COG6	TRUE	FALSE	FALSE
MCAT	TRUE	FALSE	FALSE
SNRPD2	TRUE	FALSE	FALSE
EPDR1	TRUE	FALSE	FALSE
FAM86B1	TRUE	FALSE	TRUE
CALML4	TRUE	FALSE	FALSE
PATL1	TRUE	FALSE	FALSE
RAB22A	TRUE	FALSE	FALSE
SIRPB1	TRUE	FALSE	FALSE
TEX40	TRUE	FALSE	FALSE
RALGAPB	TRUE	FALSE	FALSE
TELO2	TRUE	TRUE	FALSE
MSANTD2	TRUE	FALSE	FALSE
KRT9	TRUE	FALSE	TRUE
ZNF286A	TRUE	FALSE	FALSE
FAM217B	TRUE	FALSE	FALSE
CLSPN	TRUE	FALSE	FALSE
CWF19L2	TRUE	FALSE	FALSE
GHDC	TRUE	TRUE	FALSE
KBTBD7	TRUE	FALSE	FALSE
TMEM14A	TRUE	FALSE	FALSE
ZMAT3	TRUE	FALSE	FALSE
FAM25A	TRUE	TRUE	TRUE
MKL2	TRUE	FALSE	FALSE
SLMAP	TRUE	FALSE	TRUE
CDC5L	TRUE	FALSE	FALSE
CCDC86	TRUE	TRUE	FALSE
B3GNT5	TRUE	FALSE	FALSE
DPCD	TRUE	FALSE	FALSE
SPATA33	TRUE	TRUE	FALSE
CORO2B	TRUE	TRUE	FALSE
NXT2	TRUE	FALSE	FALSE
ADK	TRUE	FALSE	TRUE
SCAND1	TRUE	TRUE	FALSE
C20orf24	TRUE	FALSE	FALSE
H2AFX	TRUE	FALSE	FALSE
ZNF431	TRUE	FALSE	FALSE
DBI	TRUE	FALSE	FALSE
ZNF761	TRUE	FALSE	FALSE
SEMA3A	TRUE	FALSE	FALSE
LCP1	TRUE	TRUE	FALSE
CD2AP	TRUE	FALSE	FALSE
MCM10	TRUE	FALSE	FALSE
RBKS	TRUE	FALSE	FALSE
SNRNP70	TRUE	FALSE	FALSE
CENPT	TRUE	FALSE	FALSE
RAD51AP1	TRUE	FALSE	FALSE
AGPAT5	TRUE	FALSE	FALSE
FOSL2	TRUE	FALSE	FALSE
TOMM70	TRUE	FALSE	FALSE
MAGI3	TRUE	FALSE	FALSE
PJA1	TRUE	FALSE	TRUE
RASSF5	TRUE	FALSE	FALSE
NDUFA8	TRUE	FALSE	FALSE
MRE11	TRUE	FALSE	FALSE
PIGV	TRUE	FALSE	FALSE
FAM91A1	TRUE	FALSE	FALSE
MYOT	TRUE	FALSE	FALSE
MRPS28	TRUE	FALSE	FALSE
PSMC3IP	TRUE	FALSE	FALSE
ZNF836	TRUE	FALSE	FALSE
DAAM1	TRUE	FALSE	FALSE
CKMT1B	TRUE	FALSE	FALSE
C21orf58	TRUE	TRUE	FALSE
B4GALT2	TRUE	FALSE	FALSE
RPS6KA5	TRUE	FALSE	FALSE
EFHC1	TRUE	FALSE	FALSE
RBBP8NL	TRUE	TRUE	FALSE
RECQL	TRUE	FALSE	FALSE
DNA2	TRUE	FALSE	FALSE
CDC42EP4	TRUE	FALSE	FALSE
SURF6	TRUE	TRUE	TRUE
TSGA10	TRUE	FALSE	FALSE
SLC29A3	TRUE	TRUE	FALSE
PITPNB	TRUE	FALSE	FALSE
RAB3D	TRUE	FALSE	FALSE
FBLN1	TRUE	TRUE	FALSE
TUBG1	TRUE	TRUE	FALSE
ZFP69	TRUE	FALSE	FALSE
THADA	TRUE	FALSE	FALSE
BMPR1B	TRUE	FALSE	FALSE
NRDE2	TRUE	FALSE	FALSE
C4orf47	TRUE	FALSE	FALSE
FAM111A	TRUE	FALSE	FALSE
PYM1	TRUE	FALSE	FALSE
OSMR	TRUE	FALSE	FALSE
NUP155	TRUE	FALSE	FALSE
EDN2	TRUE	TRUE	FALSE
FUT2	TRUE	FALSE	FALSE
HS6ST1	TRUE	TRUE	FALSE
EXOC5	TRUE	FALSE	FALSE
MTUS1	TRUE	FALSE	FALSE
SYNE2	TRUE	FALSE	FALSE
TCEA3	TRUE	FALSE	FALSE
ZNF397	TRUE	FALSE	FALSE
CD46	TRUE	FALSE	FALSE
EXOC6B	TRUE	FALSE	FALSE
FAM104B	TRUE	FALSE	FALSE
NKX1-2	TRUE	FALSE	FALSE
MCM8	TRUE	FALSE	FALSE
ZGRF1	TRUE	FALSE	FALSE
IFI44L	TRUE	FALSE	FALSE
CDCA2	TRUE	FALSE	FALSE
BGN	TRUE	FALSE	FALSE
SPERT	TRUE	FALSE	FALSE
ERCC6L	TRUE	FALSE	FALSE
EMC2	TRUE	FALSE	FALSE
UCHL3	TRUE	FALSE	FALSE
TNFAIP8L1	TRUE	FALSE	FALSE
MRPL27	TRUE	FALSE	FALSE
C14orf79	TRUE	FALSE	FALSE
PLEKHG5	TRUE	TRUE	FALSE
TBC1D9B	TRUE	TRUE	FALSE
C1QTNF3	TRUE	FALSE	FALSE
CCRL2	TRUE	FALSE	FALSE
FRMD5	TRUE	FALSE	FALSE
PIH1D2	TRUE	FALSE	FALSE
MAT2B	TRUE	TRUE	FALSE
GAL3ST4	TRUE	FALSE	FALSE
SLC27A3	TRUE	FALSE	FALSE
C1orf115	TRUE	FALSE	FALSE
NIPSNAP3A	TRUE	FALSE	FALSE
JMJD8	TRUE	FALSE	FALSE
SLIRP	TRUE	FALSE	FALSE
ACY3	TRUE	FALSE	TRUE
EBAG9	TRUE	FALSE	FALSE
GMEB2	TRUE	TRUE	FALSE
NANP	TRUE	FALSE	FALSE
FBXW9	TRUE	TRUE	FALSE
MTRR	TRUE	FALSE	FALSE
THEM5	TRUE	FALSE	FALSE
TASP1	TRUE	FALSE	FALSE
GCLM	TRUE	FALSE	FALSE
PAXIP1	TRUE	FALSE	FALSE
MB	TRUE	FALSE	FALSE
NPHP1	TRUE	FALSE	FALSE
ASCC3	TRUE	FALSE	FALSE
YPEL1	TRUE	TRUE	FALSE
ICAM3	TRUE	TRUE	FALSE
C1GALT1C1	TRUE	FALSE	FALSE
PLAU	TRUE	FALSE	FALSE
ARHGEF3	TRUE	FALSE	FALSE
IQCC	TRUE	FALSE	FALSE
FBXO41	TRUE	FALSE	FALSE
EXOC3L4	TRUE	FALSE	FALSE
C1S	TRUE	FALSE	FALSE
RNF139	TRUE	FALSE	FALSE
CLEC2B	TRUE	FALSE	FALSE
CAMK2B	TRUE	TRUE	FALSE
SH3RF3	TRUE	TRUE	FALSE
UPK2	TRUE	FALSE	FALSE
RFC1	TRUE	FALSE	FALSE
C14orf93	TRUE	FALSE	FALSE
FANCM	TRUE	FALSE	FALSE
CDH26	TRUE	FALSE	FALSE
ARHGAP6	TRUE	TRUE	FALSE
CTR9	TRUE	FALSE	FALSE
LPIN3	TRUE	TRUE	FALSE
FNDC11	TRUE	TRUE	FALSE
WDR66	TRUE	FALSE	FALSE
RLN1	TRUE	FALSE	FALSE
TAF5	TRUE	FALSE	FALSE
SLC39A6	TRUE	FALSE	FALSE
UBE2T	TRUE	FALSE	FALSE
PHLDB1	TRUE	TRUE	FALSE
ADSSL1	TRUE	FALSE	FALSE
TRPV4	TRUE	FALSE	FALSE
PPP1CA	TRUE	FALSE	FALSE
ZNF765	TRUE	FALSE	FALSE
TRIP10	TRUE	FALSE	FALSE
TOPBP1	TRUE	FALSE	FALSE
LGI4	TRUE	FALSE	FALSE
PYCR2	TRUE	FALSE	FALSE
GAS8	TRUE	TRUE	FALSE
AARS2	TRUE	TRUE	FALSE
JMJD4	TRUE	TRUE	FALSE
VAMP3	TRUE	FALSE	TRUE
PDCD1LG2	TRUE	FALSE	FALSE
RPL11	TRUE	FALSE	FALSE
TSPAN15	TRUE	FALSE	FALSE
AP1M2	TRUE	FALSE	FALSE
ALG1L	TRUE	FALSE	FALSE
SAA1	TRUE	FALSE	FALSE
RAB1B	TRUE	FALSE	FALSE
UPK3A	TRUE	FALSE	FALSE
CRYL1	TRUE	FALSE	TRUE
RNASE10	TRUE	FALSE	FALSE
RPL36A	TRUE	FALSE	FALSE
KRTAP4-1	TRUE	FALSE	FALSE
SLC7A11	TRUE	FALSE	FALSE
RNF165	TRUE	FALSE	FALSE
SLC4A11	TRUE	FALSE	FALSE
DDIAS	TRUE	FALSE	FALSE
ZGPAT	TRUE	TRUE	FALSE
ACTR5	TRUE	FALSE	FALSE
SLC46A1	TRUE	FALSE	FALSE
SNAPC4	TRUE	TRUE	FALSE
MTRNR2L4	TRUE	FALSE	FALSE
MED4	TRUE	FALSE	FALSE
MVK	TRUE	FALSE	FALSE
GRIN2D	TRUE	FALSE	FALSE
EIF5	TRUE	FALSE	FALSE
GPSM2	TRUE	FALSE	FALSE
MZF1	TRUE	TRUE	FALSE
CFL1	TRUE	FALSE	FALSE
FOXO1	TRUE	FALSE	FALSE
MFSD10	TRUE	TRUE	FALSE
TESK2	TRUE	FALSE	FALSE
NARF	TRUE	TRUE	FALSE
PAK4	TRUE	TRUE	FALSE
SLC9A3	TRUE	TRUE	TRUE
RAD51D	TRUE	FALSE	FALSE
ALDH4A1	TRUE	TRUE	FALSE
RALY	TRUE	TRUE	FALSE
KANK2	TRUE	FALSE	FALSE
CCDC110	TRUE	FALSE	FALSE
CENPH	TRUE	FALSE	FALSE
LRRC29	TRUE	FALSE	FALSE
TRADD	TRUE	TRUE	FALSE
SLC12A4	TRUE	TRUE	FALSE
NDC1	TRUE	FALSE	FALSE
CFI	TRUE	FALSE	FALSE
PSMA3	TRUE	FALSE	FALSE
CCDC85B	TRUE	TRUE	FALSE
CDKL5	TRUE	FALSE	FALSE
PKIA	TRUE	FALSE	FALSE
BLOC1S3	TRUE	FALSE	FALSE
ATR	TRUE	FALSE	FALSE
SCAI	TRUE	FALSE	FALSE
POLE4	TRUE	FALSE	FALSE
POLG	TRUE	FALSE	FALSE
GNAI3	TRUE	FALSE	FALSE
ACOT8	TRUE	TRUE	FALSE
OSGEPL1	TRUE	FALSE	FALSE
STMN1	TRUE	FALSE	TRUE
PAQR8	TRUE	FALSE	FALSE
SMIM22	TRUE	FALSE	FALSE
TBX6	TRUE	FALSE	FALSE
CYB5R2	TRUE	FALSE	FALSE
TMEM27	TRUE	FALSE	FALSE
NEMP1	TRUE	FALSE	FALSE
PARP4	TRUE	FALSE	FALSE
GJC2	TRUE	TRUE	FALSE
ZSCAN5A	TRUE	FALSE	FALSE
USPL1	TRUE	FALSE	FALSE
RGS17	TRUE	FALSE	FALSE
ZNF841	TRUE	FALSE	FALSE
TMEM11	TRUE	FALSE	FALSE
GRWD1	TRUE	FALSE	FALSE
WDR63	TRUE	FALSE	FALSE
ZNF165	TRUE	FALSE	FALSE
ACTL10	TRUE	FALSE	FALSE
UBE3D	TRUE	FALSE	FALSE
SAMHD1	TRUE	FALSE	FALSE
NAT1	TRUE	FALSE	FALSE
PLEKHA1	TRUE	FALSE	FALSE
CCHCR1	TRUE	FALSE	FALSE
GNG2	TRUE	FALSE	FALSE
TLR5	TRUE	FALSE	FALSE
OR2A7	TRUE	FALSE	FALSE
PPDPF	TRUE	TRUE	FALSE
AKT1	TRUE	FALSE	FALSE
C10orf91	TRUE	FALSE	FALSE
CKS2	TRUE	FALSE	FALSE
TRMT5	TRUE	FALSE	FALSE
PAICS	TRUE	FALSE	FALSE
NIN	TRUE	FALSE	FALSE
POLR1D	TRUE	FALSE	FALSE
ZNF561	TRUE	FALSE	FALSE
PLEKHA4	TRUE	FALSE	FALSE
VPS36	TRUE	FALSE	FALSE
VPS51	TRUE	TRUE	FALSE
TMEM17	TRUE	FALSE	FALSE
TST	TRUE	TRUE	FALSE
PPP5D1	TRUE	FALSE	FALSE
UCK1	TRUE	FALSE	TRUE
IGHMBP2	TRUE	TRUE	FALSE
OMA1	TRUE	FALSE	FALSE
FNDC8	TRUE	FALSE	FALSE
AKT2	TRUE	FALSE	FALSE
MAPK7	TRUE	TRUE	FALSE
UNC45A	TRUE	FALSE	FALSE
GAL	TRUE	TRUE	FALSE
HIST1H2BH	TRUE	FALSE	FALSE
ZNF747	TRUE	FALSE	FALSE
SDCCAG8	TRUE	FALSE	TRUE
MLH3	TRUE	FALSE	FALSE
PLCL2	TRUE	FALSE	FALSE
KIZ	TRUE	FALSE	FALSE
TMEM51	TRUE	FALSE	FALSE
TPRN	TRUE	TRUE	FALSE
KLK13	TRUE	FALSE	FALSE
NCAPG	TRUE	FALSE	FALSE
MXD4	TRUE	TRUE	FALSE
IGBP1	TRUE	FALSE	FALSE
TREX2	TRUE	FALSE	FALSE
AK9	TRUE	FALSE	FALSE
SH3GL3	TRUE	FALSE	FALSE
MOCS3	TRUE	TRUE	FALSE
ANXA9	TRUE	FALSE	FALSE
ALG11	TRUE	FALSE	FALSE
FAM221A	TRUE	FALSE	FALSE
IFIT2	TRUE	FALSE	TRUE
PCDHB14	TRUE	FALSE	FALSE
KCNK5	TRUE	FALSE	FALSE
RTTN	TRUE	FALSE	FALSE
RPS6KA4	TRUE	FALSE	FALSE
MPZL3	TRUE	FALSE	FALSE
ADRB1	TRUE	FALSE	FALSE
RAB14	TRUE	FALSE	FALSE
LIMCH1	TRUE	FALSE	FALSE
TKFC	TRUE	FALSE	FALSE
JADE2	TRUE	TRUE	FALSE
ING1	TRUE	FALSE	FALSE
SLC22A15	TRUE	FALSE	FALSE
NEMF	TRUE	FALSE	FALSE
DDX54	TRUE	FALSE	FALSE
BHLHB9	TRUE	FALSE	FALSE
SLC10A3	TRUE	FALSE	FALSE
PTPRS	TRUE	TRUE	FALSE
MLLT3	TRUE	FALSE	FALSE
DST	TRUE	FALSE	FALSE
DUSP13	TRUE	FALSE	FALSE
BCS1L	TRUE	FALSE	FALSE
SPOUT1	TRUE	FALSE	FALSE
METTL26	TRUE	TRUE	FALSE
HNRNPM	TRUE	FALSE	FALSE
CD74	TRUE	TRUE	FALSE
MLLT6	TRUE	TRUE	FALSE
MANF	TRUE	FALSE	FALSE
S100A8	TRUE	FALSE	FALSE
METTL12	TRUE	FALSE	FALSE
E2F8	TRUE	FALSE	FALSE
TMEM141	TRUE	FALSE	TRUE
NHP2	TRUE	TRUE	FALSE
CNP	TRUE	FALSE	FALSE
ATP6V1B1	TRUE	FALSE	FALSE
ACSF3	TRUE	TRUE	FALSE
NPBWR1	TRUE	FALSE	FALSE
HOPX	TRUE	FALSE	FALSE
IQCH	TRUE	FALSE	FALSE
EXOSC5	TRUE	TRUE	FALSE
SLC3A2	TRUE	FALSE	FALSE
RALGAPA1	TRUE	FALSE	FALSE
DIAPH3	TRUE	FALSE	TRUE
GSTCD	TRUE	FALSE	FALSE
SNTB2	TRUE	FALSE	FALSE
NTHL1	TRUE	FALSE	FALSE
ABHD5	TRUE	FALSE	FALSE
NUDC	TRUE	FALSE	FALSE
TNFRSF6B	TRUE	FALSE	FALSE
TMEM265	TRUE	FALSE	FALSE
FBXO38	TRUE	FALSE	FALSE
KPTN	TRUE	FALSE	FALSE
SAC3D1	TRUE	TRUE	FALSE
NUDCD1	TRUE	FALSE	FALSE
SBNO1	TRUE	FALSE	FALSE
BRIX1	TRUE	FALSE	FALSE
TNKS1BP1	TRUE	FALSE	FALSE
DHFR2	TRUE	TRUE	FALSE
MTNR1A	TRUE	FALSE	FALSE
DNAJB3	TRUE	FALSE	FALSE
ADRM1	TRUE	TRUE	FALSE
CDC16	TRUE	FALSE	FALSE
ZNRF1	TRUE	FALSE	FALSE
FLNA	TRUE	TRUE	FALSE
POU5F1B	TRUE	FALSE	FALSE
RAB26	TRUE	TRUE	FALSE
MBOAT1	TRUE	FALSE	FALSE
LY6G5C	TRUE	FALSE	FALSE
SLC2A4RG	TRUE	TRUE	FALSE
NT5DC2	TRUE	FALSE	FALSE
CSF2	TRUE	FALSE	TRUE
UTP6	TRUE	FALSE	FALSE
PPP1R16A	TRUE	TRUE	FALSE
MRGPRF	TRUE	FALSE	FALSE
PIM2	TRUE	FALSE	FALSE
KRTAP3-1	TRUE	FALSE	FALSE
DICER1	TRUE	FALSE	FALSE
CCDC15	TRUE	FALSE	FALSE
RPL35	TRUE	TRUE	FALSE
FRMD8	TRUE	FALSE	FALSE
ARV1	TRUE	FALSE	FALSE
PEX11A	TRUE	FALSE	FALSE
ATAT1	TRUE	FALSE	FALSE
RHOT2	TRUE	TRUE	FALSE
GNB1L	TRUE	TRUE	FALSE
PLAC1	TRUE	FALSE	TRUE
CAPN8	TRUE	FALSE	FALSE
LEPR	TRUE	FALSE	FALSE
KLHL35	TRUE	FALSE	FALSE
PLK3	TRUE	TRUE	FALSE
KIAA0391	TRUE	FALSE	FALSE
XRCC5	TRUE	FALSE	FALSE
NSRP1	TRUE	FALSE	FALSE
ZFP92	TRUE	FALSE	TRUE
ELP4	TRUE	FALSE	FALSE
DHODH	TRUE	FALSE	FALSE
LPAR6	TRUE	FALSE	FALSE
SPSB1	TRUE	FALSE	TRUE
NDRG3	TRUE	TRUE	FALSE
IL17F	TRUE	FALSE	FALSE
LOC150051	TRUE	FALSE	FALSE
DUOXA1	TRUE	FALSE	FALSE
NACC1	TRUE	TRUE	FALSE
CROT	TRUE	FALSE	FALSE
NVL	TRUE	FALSE	FALSE
HECTD1	TRUE	FALSE	FALSE
SLC7A6OS	TRUE	FALSE	FALSE
TRAPPC2L	TRUE	TRUE	FALSE
SLC44A3	TRUE	FALSE	FALSE
LMNB2	TRUE	FALSE	FALSE
ZNF678	TRUE	FALSE	FALSE
RAB19	TRUE	FALSE	TRUE
LRRC8C	TRUE	FALSE	FALSE
PAN3	TRUE	FALSE	FALSE
MZT1	TRUE	FALSE	FALSE
CCDC57	TRUE	TRUE	FALSE
EBPL	TRUE	FALSE	FALSE
NDUFC2	TRUE	FALSE	FALSE
ARMC1	TRUE	FALSE	TRUE
ARL17A	TRUE	FALSE	FALSE
LGALS7B	TRUE	FALSE	FALSE
TXNDC16	TRUE	FALSE	FALSE
KHDC1L	TRUE	FALSE	FALSE
JAG2	TRUE	FALSE	FALSE
LYRM7	TRUE	FALSE	FALSE
PLPP2	TRUE	FALSE	FALSE
ACSF2	TRUE	FALSE	TRUE
ZDHHC8	TRUE	TRUE	FALSE
LTC4S	TRUE	FALSE	FALSE
CCDC61	TRUE	TRUE	FALSE
KRT86	TRUE	FALSE	FALSE
HSD17B8	TRUE	FALSE	FALSE
C14orf28	TRUE	FALSE	FALSE
ITGB3BP	TRUE	FALSE	FALSE
DDT	TRUE	TRUE	FALSE
CDK10	TRUE	TRUE	FALSE
PGAP3	TRUE	FALSE	FALSE
TAF1A	TRUE	FALSE	TRUE
GDPD3	TRUE	FALSE	FALSE
PRPF4B	TRUE	FALSE	FALSE
GPANK1	TRUE	TRUE	FALSE
GAST	TRUE	FALSE	FALSE
SYPL1	TRUE	FALSE	FALSE
NSDHL	TRUE	FALSE	FALSE
RELT	TRUE	FALSE	FALSE
CDADC1	TRUE	FALSE	FALSE
SLC18A2	TRUE	FALSE	FALSE
ADAP1	TRUE	TRUE	FALSE
TRIM21	TRUE	FALSE	FALSE
TMEM177	TRUE	FALSE	FALSE
FGF17	TRUE	FALSE	FALSE
DHX58	TRUE	FALSE	FALSE
EHBP1L1	TRUE	FALSE	FALSE
ZP3	TRUE	FALSE	FALSE
LLGL2	TRUE	TRUE	FALSE
TFAM	TRUE	FALSE	FALSE
ERI2	TRUE	FALSE	FALSE
KIAA2013	TRUE	TRUE	FALSE
CALHM2	TRUE	FALSE	FALSE
CLASRP	TRUE	FALSE	FALSE
GNL3	TRUE	FALSE	FALSE
BAP1	TRUE	TRUE	FALSE
CCDC94	TRUE	FALSE	FALSE
CHERP	TRUE	FALSE	FALSE
BORA	TRUE	FALSE	FALSE
NCOA7	TRUE	FALSE	FALSE
CHPF2	TRUE	TRUE	FALSE
CYB561	TRUE	FALSE	FALSE
HMMR	TRUE	FALSE	FALSE
ZMYND10	TRUE	FALSE	FALSE
ACOT11	TRUE	TRUE	FALSE
GPATCH2	TRUE	FALSE	FALSE
MCEE	TRUE	FALSE	FALSE
BAX	TRUE	FALSE	FALSE
CCDC191	TRUE	FALSE	FALSE
HNRNPAB	TRUE	TRUE	FALSE
CALM2	TRUE	FALSE	FALSE
TAF1B	TRUE	FALSE	FALSE
RAP1GAP	TRUE	TRUE	FALSE
MED7	TRUE	TRUE	FALSE
PPP4R4	TRUE	FALSE	FALSE
RPL26	TRUE	FALSE	FALSE
PEX6	TRUE	TRUE	TRUE
ZMYND19	TRUE	TRUE	FALSE
UQCR10	TRUE	TRUE	FALSE
S100A3	TRUE	FALSE	FALSE
ARMC2	TRUE	FALSE	FALSE
DEXI	TRUE	TRUE	FALSE
ABHD17A	TRUE	TRUE	FALSE
HYAL3	TRUE	TRUE	FALSE
CYP2S1	TRUE	TRUE	FALSE
FAM106CP	TRUE	FALSE	FALSE
FBXO28	TRUE	FALSE	TRUE
ATG16L2	TRUE	FALSE	FALSE
STK11IP	TRUE	TRUE	FALSE
PDF	TRUE	FALSE	FALSE
RNPC3	TRUE	FALSE	FALSE
CHAMP1	TRUE	FALSE	FALSE
MMP17	TRUE	TRUE	FALSE
KLHDC4	TRUE	FALSE	FALSE
WDR74	TRUE	FALSE	FALSE
ATAD3A	TRUE	TRUE	FALSE
ICE1	TRUE	FALSE	FALSE
AIFM3	TRUE	FALSE	FALSE
PSMG4	TRUE	FALSE	FALSE
NNAT	TRUE	FALSE	FALSE
SAMD9L	TRUE	FALSE	FALSE
LYPLA2	TRUE	TRUE	FALSE
CHTF18	TRUE	TRUE	FALSE
AGGF1	TRUE	FALSE	FALSE
CYB5R3	TRUE	TRUE	FALSE
EID2B	TRUE	FALSE	FALSE
SELENOH	TRUE	FALSE	FALSE
CETN2	TRUE	FALSE	FALSE
CYP39A1	TRUE	FALSE	FALSE
RPP25L	TRUE	TRUE	FALSE
RPS29	TRUE	FALSE	FALSE
MXD3	TRUE	TRUE	FALSE
MVD	TRUE	TRUE	TRUE
HSD17B3	TRUE	FALSE	FALSE
C6orf47	TRUE	TRUE	FALSE
CISH	TRUE	FALSE	FALSE
SNRNP48	TRUE	FALSE	FALSE
RPS6KB2	TRUE	TRUE	FALSE
TNFRSF25	TRUE	TRUE	FALSE
C11orf68	TRUE	FALSE	TRUE
KATNB1	TRUE	TRUE	FALSE
STX19	TRUE	FALSE	FALSE
APRT	TRUE	TRUE	FALSE
FAM185A	TRUE	FALSE	FALSE
THAP10	TRUE	FALSE	FALSE
MVP	TRUE	TRUE	FALSE
IQCD	TRUE	FALSE	FALSE
CARD19	TRUE	TRUE	FALSE
D2HGDH	TRUE	TRUE	FALSE
C11orf65	TRUE	FALSE	FALSE
MRM1	TRUE	TRUE	FALSE
CDRT15	TRUE	FALSE	FALSE
WNK4	TRUE	FALSE	FALSE
C20orf27	TRUE	TRUE	FALSE
STARD5	TRUE	FALSE	FALSE
ZNF207	TRUE	FALSE	FALSE
SYCE1L	TRUE	FALSE	FALSE
SPIN2B	TRUE	FALSE	FALSE
AKR1C3	TRUE	FALSE	FALSE
DYM	TRUE	FALSE	FALSE
HAUS6	TRUE	FALSE	FALSE
MORC3	TRUE	FALSE	FALSE
PHTF2	TRUE	FALSE	FALSE
TTC22	TRUE	FALSE	FALSE
CCNG1	TRUE	FALSE	FALSE
BRCC3	TRUE	FALSE	FALSE
SAPCD2	TRUE	TRUE	FALSE
BCAN	TRUE	TRUE	FALSE
SERPINF2	TRUE	TRUE	FALSE
MIB2	TRUE	TRUE	FALSE
HPS6	TRUE	TRUE	FALSE
C14orf119	TRUE	FALSE	FALSE
NME2	TRUE	TRUE	FALSE
RABL3	TRUE	FALSE	FALSE
RNF39	TRUE	FALSE	FALSE
SURF2	TRUE	FALSE	FALSE
RNF138	TRUE	FALSE	FALSE
UBXN1	TRUE	TRUE	FALSE
HIST1H2AL	TRUE	FALSE	FALSE
ODF3B	TRUE	FALSE	FALSE
ESD	TRUE	FALSE	FALSE
SNX6	TRUE	FALSE	TRUE
U2SURP	TRUE	FALSE	FALSE
BCLAF1	TRUE	FALSE	FALSE
MRPL4	TRUE	TRUE	FALSE
LOC391322	TRUE	FALSE	FALSE
PRR4	TRUE	FALSE	TRUE
ALG6	TRUE	FALSE	FALSE
VRK1	TRUE	FALSE	FALSE
CENPQ	TRUE	FALSE	FALSE
ATP2A3	TRUE	TRUE	FALSE
ZNF512B	TRUE	TRUE	FALSE
WDR4	TRUE	TRUE	FALSE
KEAP1	TRUE	TRUE	FALSE
TMEM61	TRUE	FALSE	FALSE
MND1	TRUE	FALSE	FALSE
DEPTOR	TRUE	FALSE	FALSE
TMEM134	TRUE	TRUE	FALSE
RGS19	TRUE	TRUE	FALSE
RRP1	TRUE	TRUE	FALSE
FMO4	TRUE	FALSE	FALSE
ZAR1	TRUE	FALSE	FALSE
IGFBP6	TRUE	FALSE	FALSE
SNRNP25	TRUE	FALSE	FALSE
NDOR1	TRUE	TRUE	FALSE
CCDC51	TRUE	FALSE	FALSE
EXOSC6	TRUE	TRUE	FALSE
TRIM56	TRUE	FALSE	FALSE
LRFN4	TRUE	TRUE	FALSE
ZNF576	TRUE	TRUE	FALSE
MUTYH	TRUE	TRUE	FALSE
ESRRA	TRUE	TRUE	FALSE
KYNU	TRUE	FALSE	FALSE
CENPX	TRUE	TRUE	FALSE
CTU2	TRUE	TRUE	FALSE
CABYR	TRUE	FALSE	TRUE
TNFAIP8	TRUE	FALSE	FALSE
ZNF385A	TRUE	FALSE	FALSE
ZNF680	TRUE	FALSE	FALSE
ZNF789	TRUE	FALSE	FALSE
ST6GALNAC6	TRUE	TRUE	FALSE
NEK11	TRUE	FALSE	FALSE
POP7	TRUE	FALSE	FALSE
SLC22A18AS	TRUE	FALSE	FALSE
STK3	TRUE	FALSE	FALSE
CEP162	TRUE	TRUE	FALSE
ASCL2	TRUE	FALSE	FALSE
TSR2	TRUE	FALSE	FALSE
EBI3	TRUE	FALSE	FALSE
PSMA7	TRUE	FALSE	FALSE
RUVBL2	TRUE	FALSE	FALSE
RPL21	TRUE	FALSE	FALSE
TRMT112	TRUE	FALSE	FALSE
SIPA1	TRUE	TRUE	TRUE
RNF219	TRUE	FALSE	FALSE
LENG1	TRUE	FALSE	FALSE
ZNF28	TRUE	FALSE	FALSE
ORC3	TRUE	FALSE	FALSE
BRCA2	TRUE	FALSE	FALSE
PARP10	TRUE	TRUE	FALSE
OGFR	TRUE	TRUE	FALSE
FAM183A	TRUE	FALSE	FALSE
GPRC5D	TRUE	FALSE	FALSE
SLC16A3	TRUE	FALSE	FALSE
PSRC1	TRUE	FALSE	FALSE
IKBKG	TRUE	FALSE	FALSE
NTMT1	TRUE	FALSE	FALSE
OTUD6B	TRUE	FALSE	FALSE
ATAD5	TRUE	FALSE	FALSE
TOMM40	TRUE	FALSE	FALSE
C2orf54	TRUE	FALSE	FALSE
SCRN2	TRUE	TRUE	FALSE
CENPE	TRUE	FALSE	FALSE
C1orf35	TRUE	TRUE	FALSE
PLEKHH3	TRUE	TRUE	FALSE
NDUFS6	TRUE	TRUE	FALSE
ARPC3	TRUE	FALSE	FALSE
CD164L2	TRUE	FALSE	FALSE
CST6	TRUE	TRUE	FALSE
VSTM5	TRUE	FALSE	TRUE
BCKDHA	TRUE	TRUE	FALSE
FLYWCH1	TRUE	FALSE	FALSE
FAM71E1	TRUE	TRUE	FALSE
MORN1	TRUE	TRUE	FALSE
AURKAIP1	TRUE	TRUE	FALSE
ETFB	TRUE	TRUE	FALSE
SART1	TRUE	TRUE	TRUE
HIST1H3A	TRUE	FALSE	FALSE
PKMYT1	TRUE	TRUE	FALSE
RCC1L	TRUE	FALSE	FALSE
GPSM3	TRUE	FALSE	TRUE
DHRS9	TRUE	FALSE	FALSE
TAX1BP3	TRUE	TRUE	FALSE
EML3	TRUE	FALSE	FALSE
NDUFA2	TRUE	TRUE	FALSE
NDUFV1	TRUE	TRUE	FALSE
AGRN	TRUE	TRUE	FALSE
GSTT2B	TRUE	FALSE	FALSE
POLR2J3	TRUE	FALSE	FALSE
PIBF1	TRUE	FALSE	FALSE
GLRX5	TRUE	FALSE	FALSE
ACTA1	TRUE	FALSE	FALSE
B9D2	TRUE	FALSE	FALSE
FAM212A	TRUE	FALSE	FALSE
CYC1	TRUE	TRUE	FALSE
FAM207A	TRUE	TRUE	FALSE
PACSIN3	TRUE	TRUE	FALSE
IZUMO4	TRUE	FALSE	FALSE
STUB1	TRUE	TRUE	FALSE
H2AFJ	TRUE	FALSE	FALSE
NUDT1	TRUE	TRUE	FALSE
HIST1H2AM	TRUE	FALSE	FALSE
LOC100129216	TRUE	FALSE	FALSE
ASMTL	TRUE	TRUE	FALSE
MMP2	FALSE	TRUE	FALSE
ANKRD19P	FALSE	TRUE	FALSE
EEF1A2	FALSE	TRUE	FALSE
TNFRSF11B	FALSE	TRUE	FALSE
SLC26A2	FALSE	TRUE	FALSE
PMEPA1	FALSE	TRUE	FALSE
IGFBP3	FALSE	TRUE	TRUE
NBEA	FALSE	TRUE	FALSE
DPYSL3	FALSE	TRUE	FALSE
HOXB9	FALSE	TRUE	FALSE
CRLF1	FALSE	TRUE	FALSE
TAGLN	FALSE	TRUE	FALSE
ABLIM2	FALSE	TRUE	FALSE
PNMA2	FALSE	TRUE	FALSE
RTL6	FALSE	TRUE	FALSE
SH3PXD2B	FALSE	TRUE	FALSE
GAS7	FALSE	TRUE	FALSE
PINCR	FALSE	TRUE	FALSE
GPRIN1	FALSE	TRUE	FALSE
CYFIP2	FALSE	TRUE	FALSE
TNS1	FALSE	TRUE	FALSE
HHIP	FALSE	TRUE	FALSE
SPRY4	FALSE	TRUE	FALSE
ADRA1B	FALSE	TRUE	FALSE
ZNF716	FALSE	TRUE	FALSE
EFNB3	FALSE	TRUE	FALSE
CALB1	FALSE	TRUE	FALSE
LINC00472	FALSE	TRUE	FALSE
PLXND1	FALSE	TRUE	FALSE
MYL9	FALSE	TRUE	FALSE
PRXL2B	FALSE	TRUE	FALSE
RNF44	FALSE	TRUE	FALSE
CMTM3	FALSE	TRUE	TRUE
LARP1	FALSE	TRUE	FALSE
MGAT1	FALSE	TRUE	FALSE
WSCD1	FALSE	TRUE	FALSE
BAHCC1	FALSE	TRUE	FALSE
PTPRB	FALSE	TRUE	FALSE
TCF7	FALSE	TRUE	FALSE
ZNF354C	FALSE	TRUE	FALSE
INSR	FALSE	TRUE	FALSE
LINC01224	FALSE	TRUE	FALSE
FGF18	FALSE	TRUE	FALSE
TUBB2B	FALSE	TRUE	FALSE
CDH2	FALSE	TRUE	TRUE
PDLIM7	FALSE	TRUE	FALSE
DOCK4	FALSE	TRUE	FALSE
ADAMTS15	FALSE	TRUE	FALSE
CCN2	FALSE	TRUE	FALSE
B4GALT7	FALSE	TRUE	FALSE
MT1L	FALSE	TRUE	FALSE
RPL26L1	FALSE	TRUE	FALSE
LITAF	FALSE	TRUE	TRUE
TSPAN17	FALSE	TRUE	FALSE
LBH	FALSE	TRUE	FALSE
RHOB	FALSE	TRUE	FALSE
H1-2	FALSE	TRUE	FALSE
SOX4	FALSE	TRUE	FALSE
HTT	FALSE	TRUE	FALSE
CLINT1	FALSE	TRUE	FALSE
PAG1	FALSE	TRUE	FALSE
PRELID1	FALSE	TRUE	FALSE
EPB41L3	FALSE	TRUE	FALSE
GSN	FALSE	TRUE	FALSE
HIGD2A	FALSE	TRUE	FALSE
NNMT	FALSE	TRUE	FALSE
RTL10	FALSE	TRUE	FALSE
RFLNB	FALSE	TRUE	FALSE
PDE9A	FALSE	TRUE	FALSE
MAML1	FALSE	TRUE	FALSE
PTTG1IP	FALSE	TRUE	FALSE
MCF2	FALSE	TRUE	FALSE
TUBA1A	FALSE	TRUE	FALSE
WNT11	FALSE	TRUE	FALSE
KIAA1191	FALSE	TRUE	FALSE
ITGA11	FALSE	TRUE	FALSE
RNF145	FALSE	TRUE	FALSE
TRIM7	FALSE	TRUE	FALSE
FLI1	FALSE	TRUE	FALSE
LMCD1	FALSE	TRUE	TRUE
HSPB8	FALSE	TRUE	FALSE
OGG1	FALSE	TRUE	FALSE
FXYD6	FALSE	TRUE	FALSE
WFS1	FALSE	TRUE	FALSE
OGDHL	FALSE	TRUE	FALSE
USP40	FALSE	TRUE	FALSE
LOC730101	FALSE	TRUE	FALSE
IFT27	FALSE	TRUE	FALSE
CHCHD2	FALSE	TRUE	FALSE
VIM	FALSE	TRUE	FALSE
DUSP1	FALSE	TRUE	TRUE
SEPTIN8	FALSE	TRUE	FALSE
SHISA9	FALSE	TRUE	TRUE
ITPKA	FALSE	TRUE	TRUE
SMOC1	FALSE	TRUE	FALSE
REEP6	FALSE	TRUE	TRUE
ACKR3	FALSE	TRUE	FALSE
ATP6V0E1	FALSE	TRUE	FALSE
PPP2R2C	FALSE	TRUE	FALSE
SEZ6L2	FALSE	TRUE	FALSE
NKILA	FALSE	TRUE	FALSE
JPH3	FALSE	TRUE	FALSE
ANKRD1	FALSE	TRUE	TRUE
DNAJB2	FALSE	TRUE	FALSE
SUMF1	FALSE	TRUE	FALSE
VGLL4	FALSE	TRUE	FALSE
ID3	FALSE	TRUE	FALSE
LINC00839	FALSE	TRUE	FALSE
FAF2	FALSE	TRUE	FALSE
PIK3AP1	FALSE	TRUE	FALSE
GBGT1	FALSE	TRUE	FALSE
LMAN2	FALSE	TRUE	FALSE
AHNAK2	FALSE	TRUE	FALSE
DCLK1	FALSE	TRUE	FALSE
NAT9	FALSE	TRUE	FALSE
LRRC3	FALSE	TRUE	FALSE
ITPR3	FALSE	TRUE	FALSE
SEC13	FALSE	TRUE	FALSE
LRP1	FALSE	TRUE	FALSE
SFRP1	FALSE	TRUE	FALSE
TRIM41	FALSE	TRUE	FALSE
HERC2	FALSE	TRUE	FALSE
DSCAML1	FALSE	TRUE	FALSE
DELE1	FALSE	TRUE	FALSE
NR2C2	FALSE	TRUE	FALSE
MPP2	FALSE	TRUE	FALSE
HID1	FALSE	TRUE	FALSE
RPS9	FALSE	TRUE	FALSE
MT1X	FALSE	TRUE	FALSE
WDR1	FALSE	TRUE	FALSE
RPS20	FALSE	TRUE	FALSE
TSPAN18	FALSE	TRUE	FALSE
ATP5F1E	FALSE	TRUE	FALSE
STC2	FALSE	TRUE	FALSE
CYB5D2	FALSE	TRUE	TRUE
UBN1	FALSE	TRUE	FALSE
ID4	FALSE	TRUE	FALSE
ZYX	FALSE	TRUE	TRUE
ZNF699	FALSE	TRUE	FALSE
CCND3	FALSE	TRUE	FALSE
MFGE8	FALSE	TRUE	FALSE
RPL32	FALSE	TRUE	FALSE
KREMEN1	FALSE	TRUE	FALSE
CDC42EP3	FALSE	TRUE	FALSE
AKAP12	FALSE	TRUE	FALSE
DPYSL2	FALSE	TRUE	FALSE
FAM53C	FALSE	TRUE	FALSE
METAP1D	FALSE	TRUE	TRUE
CALD1	FALSE	TRUE	TRUE
PTPRU	FALSE	TRUE	FALSE
MAN2C1	FALSE	TRUE	FALSE
BRPF1	FALSE	TRUE	FALSE
TNFRSF19	FALSE	TRUE	FALSE
MRPL20-AS1	FALSE	TRUE	FALSE
POLR3H	FALSE	TRUE	FALSE
CPAMD8	FALSE	TRUE	FALSE
EMC10	FALSE	TRUE	FALSE
TMED9	FALSE	TRUE	FALSE
TP53INP1	FALSE	TRUE	FALSE
PIMREG	FALSE	TRUE	FALSE
ZNF727	FALSE	TRUE	FALSE
RBM3	FALSE	TRUE	FALSE
LOC100268168	FALSE	TRUE	FALSE
ZFP41	FALSE	TRUE	FALSE
PON2	FALSE	TRUE	FALSE
GAMT	FALSE	TRUE	TRUE
RNF130	FALSE	TRUE	FALSE
IBA57	FALSE	TRUE	FALSE
SLC25A6	FALSE	TRUE	FALSE
MMP24OS	FALSE	TRUE	FALSE
MED22	FALSE	TRUE	FALSE
COL22A1	FALSE	TRUE	FALSE
COPS7B	FALSE	TRUE	FALSE
ACTBL2	FALSE	TRUE	FALSE
PALM	FALSE	TRUE	FALSE
NPDC1	FALSE	TRUE	FALSE
SMG1	FALSE	TRUE	FALSE
EMC3-AS1	FALSE	TRUE	FALSE
CDH4	FALSE	TRUE	FALSE
LARS1	FALSE	TRUE	FALSE
ACOT7	FALSE	TRUE	FALSE
PI4KA	FALSE	TRUE	FALSE
NMRAL1	FALSE	TRUE	FALSE
EXOC7	FALSE	TRUE	FALSE
ABTB1	FALSE	TRUE	FALSE
STARD9	FALSE	TRUE	FALSE
MFAP5	FALSE	TRUE	FALSE
UQCRQ	FALSE	TRUE	FALSE
PRR36	FALSE	TRUE	FALSE
SLC38A10	FALSE	TRUE	FALSE
EFHD1	FALSE	TRUE	FALSE
TCAF1	FALSE	TRUE	FALSE
DUSP9	FALSE	TRUE	FALSE
MT1E	FALSE	TRUE	FALSE
EVC	FALSE	TRUE	FALSE
NF2	FALSE	TRUE	FALSE
TADA3	FALSE	TRUE	FALSE
CLTB	FALSE	TRUE	FALSE
MFAP3	FALSE	TRUE	FALSE
PEX26	FALSE	TRUE	FALSE
SEC31B	FALSE	TRUE	FALSE
GNAS	FALSE	TRUE	FALSE
HDAC3	FALSE	TRUE	FALSE
NRBP2	FALSE	TRUE	FALSE
TPM1	FALSE	TRUE	FALSE
RAI1	FALSE	TRUE	FALSE
LINC01547	FALSE	TRUE	FALSE
GALNS	FALSE	TRUE	FALSE
DYSF	FALSE	TRUE	TRUE
NEAT1	FALSE	TRUE	FALSE
FAM13B	FALSE	TRUE	FALSE
WDR6	FALSE	TRUE	FALSE
GPR143	FALSE	TRUE	FALSE
TMEM222	FALSE	TRUE	FALSE
CCNL2	FALSE	TRUE	FALSE
MKRN2	FALSE	TRUE	FALSE
COMMD4	FALSE	TRUE	FALSE
RPL19	FALSE	TRUE	FALSE
LGR5	FALSE	TRUE	FALSE
FBXL19-AS1	FALSE	TRUE	FALSE
IQSEC1	FALSE	TRUE	FALSE
ANKRD34B	FALSE	TRUE	FALSE
CERS1	FALSE	TRUE	FALSE
BOD1	FALSE	TRUE	FALSE
RBM22	FALSE	TRUE	FALSE
GATD1	FALSE	TRUE	FALSE
AFAP1	FALSE	TRUE	FALSE
TRAM2	FALSE	TRUE	TRUE
ZNF346	FALSE	TRUE	FALSE
TNFRSF8	FALSE	TRUE	FALSE
PHPT1	FALSE	TRUE	FALSE
MRPS25	FALSE	TRUE	FALSE
DENND11	FALSE	TRUE	FALSE
SH3BP2	FALSE	TRUE	FALSE
PIK3CD	FALSE	TRUE	TRUE
SLC35E2B	FALSE	TRUE	TRUE
ROMO1	FALSE	TRUE	FALSE
UBTD2	FALSE	TRUE	FALSE
NUDCD2	FALSE	TRUE	FALSE
ZCCHC14	FALSE	TRUE	FALSE
DGCR2	FALSE	TRUE	FALSE
BRD8	FALSE	TRUE	FALSE
HEMK1	FALSE	TRUE	FALSE
LTBP4	FALSE	TRUE	FALSE
OSBPL5	FALSE	TRUE	FALSE
SLC6A20	FALSE	TRUE	FALSE
DOK4	FALSE	TRUE	FALSE
TRMT2A	FALSE	TRUE	FALSE
CHPF	FALSE	TRUE	FALSE
TMEM44	FALSE	TRUE	TRUE
MAPT	FALSE	TRUE	FALSE
ZNF778	FALSE	TRUE	FALSE
SGTA	FALSE	TRUE	FALSE
CLSTN1	FALSE	TRUE	FALSE
PLXNA1	FALSE	TRUE	FALSE
GREM1	FALSE	TRUE	FALSE
HARS1	FALSE	TRUE	FALSE
CA11	FALSE	TRUE	FALSE
ATP5ME	FALSE	TRUE	FALSE
FTSJ1	FALSE	TRUE	FALSE
OBSCN	FALSE	TRUE	FALSE
IQCE	FALSE	TRUE	FALSE
PRDM6	FALSE	TRUE	FALSE
NAA38	FALSE	TRUE	FALSE
UCA1	FALSE	TRUE	FALSE
PER3	FALSE	TRUE	FALSE
PIN1	FALSE	TRUE	FALSE
COL26A1	FALSE	TRUE	FALSE
H2BC12	FALSE	TRUE	FALSE
KCTD15	FALSE	TRUE	FALSE
RPL3	FALSE	TRUE	FALSE
MCRIP1	FALSE	TRUE	FALSE
CCDC124	FALSE	TRUE	FALSE
MAPK9	FALSE	TRUE	FALSE
ACAP3	FALSE	TRUE	FALSE
BOK	FALSE	TRUE	FALSE
KCNC4	FALSE	TRUE	FALSE
RGS14	FALSE	TRUE	FALSE
FAAP100	FALSE	TRUE	FALSE
PDE6A	FALSE	TRUE	FALSE
LZTR1	FALSE	TRUE	FALSE
DOK1	FALSE	TRUE	TRUE
FGFR1	FALSE	TRUE	TRUE
TRAPPC5	FALSE	TRUE	FALSE
GADD45GIP1	FALSE	TRUE	FALSE
ANKRD11	FALSE	TRUE	FALSE
PBXIP1	FALSE	TRUE	FALSE
TMEM200B	FALSE	TRUE	FALSE
RPL28	FALSE	TRUE	FALSE
ATAD3C	FALSE	TRUE	FALSE
RMND5B	FALSE	TRUE	FALSE
WDR55	FALSE	TRUE	FALSE
NES	FALSE	TRUE	FALSE
NCDN	FALSE	TRUE	FALSE
OBSL1	FALSE	TRUE	FALSE
BTNL9	FALSE	TRUE	FALSE
LYPD1	FALSE	TRUE	FALSE
SEPTIN6	FALSE	TRUE	FALSE
TGM2	FALSE	TRUE	FALSE
MED15	FALSE	TRUE	FALSE
PKN1	FALSE	TRUE	FALSE
TPM1-AS	FALSE	TRUE	FALSE
TAOK2	FALSE	TRUE	FALSE
SH2B1	FALSE	TRUE	FALSE
SCARF2	FALSE	TRUE	FALSE
CAST	FALSE	TRUE	FALSE
LHX1-DT	FALSE	TRUE	FALSE
INPP5A	FALSE	TRUE	FALSE
RNF40	FALSE	TRUE	FALSE
LOC101929748	FALSE	TRUE	FALSE
SNAPC2	FALSE	TRUE	FALSE
RAB40B	FALSE	TRUE	FALSE
ZFYVE28	FALSE	TRUE	FALSE
FOXC2	FALSE	TRUE	FALSE
MRPL41	FALSE	TRUE	FALSE
SERPINB6	FALSE	TRUE	TRUE
LINC01134	FALSE	TRUE	FALSE
SKI	FALSE	TRUE	FALSE
GDF7	FALSE	TRUE	FALSE
RNF157	FALSE	TRUE	FALSE
LOC728554	FALSE	TRUE	FALSE
STK25	FALSE	TRUE	FALSE
TP73-AS1	FALSE	TRUE	FALSE
DGCR6L	FALSE	TRUE	FALSE
UNC5A	FALSE	TRUE	FALSE
SLC25A11	FALSE	TRUE	FALSE
GALNT17	FALSE	TRUE	FALSE
NOC2L	FALSE	TRUE	FALSE
KIFC2	FALSE	TRUE	FALSE
ZNF358	FALSE	TRUE	FALSE
ARMC9	FALSE	TRUE	FALSE
PCDH1	FALSE	TRUE	FALSE
TIMM13	FALSE	TRUE	FALSE
SLC2A11	FALSE	TRUE	FALSE
PSKH1	FALSE	TRUE	FALSE
CAPRIN2	FALSE	TRUE	FALSE
TXNRD2	FALSE	TRUE	FALSE
DBN1	FALSE	TRUE	FALSE
GREB1	FALSE	TRUE	FALSE
NTAN1	FALSE	TRUE	FALSE
ADAMTS10	FALSE	TRUE	TRUE
DANCR	FALSE	TRUE	FALSE
CPNE2	FALSE	TRUE	FALSE
TIMP2	FALSE	TRUE	FALSE
A4GALT	FALSE	TRUE	FALSE
ARVCF	FALSE	TRUE	FALSE
FCHSD1	FALSE	TRUE	FALSE
HOXB7	FALSE	TRUE	FALSE
CTC-338M12.4	FALSE	TRUE	FALSE
MTG2	FALSE	TRUE	FALSE
CACFD1	FALSE	TRUE	FALSE
DCTN3	FALSE	TRUE	FALSE
ACTR1A	FALSE	TRUE	FALSE
MED16	FALSE	TRUE	FALSE
TSHZ3	FALSE	TRUE	FALSE
NOTCH3	FALSE	TRUE	FALSE
PEG3	FALSE	TRUE	FALSE
ILF3-DT	FALSE	TRUE	FALSE
SERF2	FALSE	TRUE	FALSE
TATDN2	FALSE	TRUE	FALSE
SALL3	FALSE	TRUE	FALSE
MAN2B1	FALSE	TRUE	FALSE
ATAD3B	FALSE	TRUE	FALSE
KCNIP3	FALSE	TRUE	FALSE
RASSF7	FALSE	TRUE	FALSE
MAPK11	FALSE	TRUE	FALSE
IL17RC	FALSE	TRUE	FALSE
WDR81	FALSE	TRUE	FALSE
SPHK1	FALSE	TRUE	TRUE
PRKCZ	FALSE	TRUE	FALSE
ILVBL	FALSE	TRUE	FALSE
LRP3	FALSE	TRUE	FALSE
PLP2	FALSE	TRUE	FALSE
FGFR4	FALSE	TRUE	FALSE
RETREG2	FALSE	TRUE	FALSE
NDUFA7	FALSE	TRUE	FALSE
RASSF4	FALSE	TRUE	FALSE
WBP1L	FALSE	TRUE	FALSE
STX10	FALSE	TRUE	FALSE
UBTD1	FALSE	TRUE	FALSE
RRP7A	FALSE	TRUE	FALSE
PGM2L1	FALSE	TRUE	FALSE
RPUSD1	FALSE	TRUE	FALSE
CEP131	FALSE	TRUE	FALSE
KLF16	FALSE	TRUE	FALSE
ACTR1B	FALSE	TRUE	FALSE
DUS1L	FALSE	TRUE	FALSE
DUSP22	FALSE	TRUE	FALSE
BAIAP2-DT	FALSE	TRUE	FALSE
LINC01504	FALSE	TRUE	FALSE
IGFBP7	FALSE	TRUE	TRUE
SPOCK2	FALSE	TRUE	FALSE
PLPP4	FALSE	TRUE	FALSE
CXXC1	FALSE	TRUE	FALSE
H1-10	FALSE	TRUE	FALSE
CECR7	FALSE	TRUE	FALSE
SLU7	FALSE	TRUE	FALSE
INTS11	FALSE	TRUE	FALSE
TCF25	FALSE	TRUE	FALSE
TPM2	FALSE	TRUE	FALSE
GPT2	FALSE	TRUE	FALSE
S100A1	FALSE	TRUE	FALSE
ANAPC11	FALSE	TRUE	FALSE
NDUFS7	FALSE	TRUE	FALSE
TMEM54	FALSE	TRUE	FALSE
TRABD	FALSE	TRUE	FALSE
RAB11B	FALSE	TRUE	FALSE
NDUFS8	FALSE	TRUE	FALSE
CHMP6	FALSE	TRUE	FALSE
ABHD14B	FALSE	TRUE	FALSE
C6orf15	FALSE	TRUE	FALSE
FBN3	FALSE	TRUE	FALSE
TBC1D5	FALSE	TRUE	FALSE
GMPR	FALSE	TRUE	FALSE
ZNF37BP	FALSE	TRUE	FALSE
ZBTB16	FALSE	TRUE	FALSE
SLC47A1	FALSE	TRUE	FALSE
AP5Z1	FALSE	TRUE	FALSE
TMEM80	FALSE	TRUE	FALSE
CTNNBIP1	FALSE	TRUE	FALSE
FUOM	FALSE	TRUE	TRUE
NUDT16L1	FALSE	TRUE	FALSE
RUSC2	FALSE	TRUE	TRUE
COPS9	FALSE	TRUE	FALSE
CDK5	FALSE	TRUE	FALSE
TUBB3	FALSE	TRUE	FALSE
ALPL	FALSE	TRUE	FALSE
WDR11	FALSE	TRUE	FALSE
NATD1	FALSE	TRUE	FALSE
DOK7	FALSE	TRUE	FALSE
ZBTB40	FALSE	TRUE	FALSE
MRPL38	FALSE	TRUE	FALSE
CAMTA1	FALSE	TRUE	FALSE
AGPAT2	FALSE	TRUE	FALSE
ANKRD39	FALSE	TRUE	FALSE
HEG1	FALSE	TRUE	TRUE
TSNARE1	FALSE	TRUE	FALSE
HDHD5	FALSE	TRUE	FALSE
PCGF3	FALSE	TRUE	FALSE
SLC12A9	FALSE	TRUE	FALSE
PRDX2	FALSE	TRUE	FALSE
EHMT2	FALSE	TRUE	FALSE
C19orf53	FALSE	TRUE	FALSE
MRPL40	FALSE	TRUE	FALSE
ACACB	FALSE	TRUE	FALSE
CD151	FALSE	TRUE	FALSE
EARS2	FALSE	TRUE	FALSE
DVL2	FALSE	TRUE	FALSE
RCAN2	FALSE	TRUE	FALSE
RSAD1	FALSE	TRUE	FALSE
RPS19BP1	FALSE	TRUE	FALSE
LOC202181	FALSE	TRUE	FALSE
MGAT5B	FALSE	TRUE	FALSE
SGSM2	FALSE	TRUE	FALSE
CNRIP1	FALSE	TRUE	FALSE
USP22	FALSE	TRUE	FALSE
FSTL3	FALSE	TRUE	TRUE
CORO1A	FALSE	TRUE	FALSE
FOXP4	FALSE	TRUE	FALSE
DUSP6	FALSE	TRUE	FALSE
RPUSD3	FALSE	TRUE	FALSE
SLC39A13	FALSE	TRUE	FALSE
SEMA4C	FALSE	TRUE	FALSE
ITGB2-AS1	FALSE	TRUE	FALSE
CEP104	FALSE	TRUE	TRUE
TWF2	FALSE	TRUE	FALSE
ELP5	FALSE	TRUE	FALSE
ASPHD1	FALSE	TRUE	FALSE
KCTD17	FALSE	TRUE	TRUE
HRAS	FALSE	TRUE	FALSE
SH3GLB2	FALSE	TRUE	FALSE
SCN5A	FALSE	TRUE	FALSE
PTDSS2	FALSE	TRUE	FALSE
OLFM2	FALSE	TRUE	FALSE
HNRNPA0	FALSE	TRUE	FALSE
GET3	FALSE	TRUE	FALSE
GATD3A	FALSE	TRUE	FALSE
METTL22	FALSE	TRUE	FALSE
MCOLN1	FALSE	TRUE	FALSE
PPP6R2	FALSE	TRUE	FALSE
TRIM8	FALSE	TRUE	FALSE
TP53I13	FALSE	TRUE	FALSE
ARL6IP4	FALSE	TRUE	FALSE
LRRC38	FALSE	TRUE	FALSE
KCNJ2	FALSE	TRUE	FALSE
C5orf30	FALSE	TRUE	FALSE
ZFYVE27	FALSE	TRUE	FALSE
TMEM104	FALSE	TRUE	FALSE
COQ7	FALSE	TRUE	FALSE
TSSC4	FALSE	TRUE	FALSE
ASTN2	FALSE	TRUE	FALSE
SMYD2	FALSE	TRUE	FALSE
GALK1	FALSE	TRUE	FALSE
CC2D1A	FALSE	TRUE	FALSE
SDF4	FALSE	TRUE	FALSE
TMEM129	FALSE	TRUE	FALSE
DCAF16	FALSE	TRUE	FALSE
ANGPTL4	FALSE	TRUE	FALSE
PCDHGB4	FALSE	TRUE	FALSE
LINC00944	FALSE	TRUE	FALSE
ALKBH7	FALSE	TRUE	FALSE
F12	FALSE	TRUE	FALSE
CERK	FALSE	TRUE	FALSE
BRAT1	FALSE	TRUE	FALSE
FAM114A2	FALSE	TRUE	FALSE
PDPR	FALSE	TRUE	FALSE
PCBP4	FALSE	TRUE	TRUE
SLC25A42	FALSE	TRUE	TRUE
ISOC2	FALSE	TRUE	FALSE
MLLT1	FALSE	TRUE	FALSE
JAM3	FALSE	TRUE	FALSE
SLC25A22	FALSE	TRUE	FALSE
IMPDH1	FALSE	TRUE	FALSE
CPTP	FALSE	TRUE	FALSE
GJD3	FALSE	TRUE	FALSE
WTIP	FALSE	TRUE	FALSE
ADGRB1	FALSE	TRUE	FALSE
ATOX1	FALSE	TRUE	FALSE
SERPINF1	FALSE	TRUE	FALSE
ANXA6	FALSE	TRUE	FALSE
SBK1	FALSE	TRUE	FALSE
PHRF1	FALSE	TRUE	FALSE
MAP1B	FALSE	TRUE	FALSE
CDKN1C	FALSE	TRUE	FALSE
ARHGEF18	FALSE	TRUE	FALSE
THUMPD3-AS1	FALSE	TRUE	FALSE
ARL16	FALSE	TRUE	FALSE
SLC4A3	FALSE	TRUE	FALSE
NOG	FALSE	TRUE	FALSE
FAM214B	FALSE	TRUE	TRUE
GUK1	FALSE	TRUE	FALSE
CSK	FALSE	TRUE	FALSE
CTXN1	FALSE	TRUE	FALSE
PLVAP	FALSE	TRUE	FALSE
BHLHE40	FALSE	TRUE	FALSE
CELSR1	FALSE	TRUE	FALSE
MPND	FALSE	TRUE	FALSE
EPHA10	FALSE	TRUE	FALSE
ABCB8	FALSE	TRUE	FALSE
ZNF76	FALSE	TRUE	FALSE
GGA1	FALSE	TRUE	FALSE
TMOD2	FALSE	TRUE	FALSE
GRAMD1A	FALSE	TRUE	FALSE
ABR	FALSE	TRUE	FALSE
KCNB1	FALSE	TRUE	FALSE
CRMP1	FALSE	TRUE	FALSE
MTMR14	FALSE	TRUE	FALSE
ACTB	FALSE	TRUE	FALSE
TNK2	FALSE	TRUE	FALSE
CHST10	FALSE	TRUE	FALSE
TUNAR	FALSE	TRUE	FALSE
C7orf50	FALSE	TRUE	FALSE
ABCA2	FALSE	TRUE	FALSE
PNPLA6	FALSE	TRUE	FALSE
MARCHF2	FALSE	TRUE	FALSE
TSC22D2	FALSE	TRUE	FALSE
ZZEF1	FALSE	TRUE	FALSE
ZNF558	FALSE	TRUE	FALSE
ITGB5	FALSE	TRUE	FALSE
SZRD1	FALSE	TRUE	FALSE
H2AW	FALSE	TRUE	FALSE
NDUFA13	FALSE	TRUE	FALSE
LOC100129534	FALSE	TRUE	FALSE
MRTFB	FALSE	TRUE	FALSE
SIGIRR	FALSE	TRUE	FALSE
RFNG	FALSE	TRUE	FALSE
BRD3OS	FALSE	TRUE	FALSE
ABCC1	FALSE	TRUE	FALSE
NFIX	FALSE	TRUE	FALSE
SNTA1	FALSE	TRUE	FALSE
ADAMTS13	FALSE	TRUE	FALSE
BARX1	FALSE	TRUE	FALSE
RPLP2	FALSE	TRUE	FALSE
PLXNA3	FALSE	TRUE	FALSE
SHARPIN	FALSE	TRUE	FALSE
TMEM132A	FALSE	TRUE	FALSE
RAB24	FALSE	TRUE	FALSE
EMC3	FALSE	TRUE	FALSE
ADARB1	FALSE	TRUE	FALSE
ACBD4	FALSE	TRUE	FALSE
SLC25A39	FALSE	TRUE	FALSE
PINK1	FALSE	TRUE	TRUE
ATG7	FALSE	TRUE	FALSE
TLE5	FALSE	TRUE	FALSE
HS1BP3	FALSE	TRUE	FALSE
TSPOAP1	FALSE	TRUE	FALSE
HDAC11	FALSE	TRUE	FALSE
DIPK1B	FALSE	TRUE	FALSE
EIF3G	FALSE	TRUE	FALSE
CAPN5	FALSE	TRUE	TRUE
MYL5	FALSE	TRUE	FALSE
TLX3	FALSE	TRUE	FALSE
HGS	FALSE	TRUE	FALSE
TAF1C	FALSE	TRUE	FALSE
BRSK2	FALSE	TRUE	FALSE
ATP13A1	FALSE	TRUE	FALSE
SZT2	FALSE	TRUE	FALSE
ABCA7	FALSE	TRUE	FALSE
DND1	FALSE	TRUE	FALSE
ARMC6	FALSE	TRUE	FALSE
WDR13	FALSE	TRUE	FALSE
CCDC137	FALSE	TRUE	FALSE
ECSIT	FALSE	TRUE	FALSE
EDF1	FALSE	TRUE	TRUE
SETD1A	FALSE	TRUE	FALSE
NUBP2	FALSE	TRUE	FALSE
MPST	FALSE	TRUE	FALSE
ENGASE	FALSE	TRUE	FALSE
FAM193B	FALSE	TRUE	FALSE
PMVK	FALSE	TRUE	FALSE
TMEM115	FALSE	TRUE	FALSE
DNPEP	FALSE	TRUE	FALSE
LRPAP1	FALSE	TRUE	FALSE
SQSTM1	FALSE	TRUE	TRUE
FAM92A	FALSE	TRUE	FALSE
BEND4	FALSE	TRUE	FALSE
ZBTB46	FALSE	TRUE	FALSE
FBXO44	FALSE	TRUE	TRUE
LAMTOR4	FALSE	TRUE	FALSE
IFITM2	FALSE	TRUE	FALSE
RAD23A	FALSE	TRUE	FALSE
DNAJC18	FALSE	TRUE	FALSE
ISYNA1	FALSE	TRUE	FALSE
DLX5	FALSE	TRUE	FALSE
MGAT3	FALSE	TRUE	FALSE
MICOS13	FALSE	TRUE	FALSE
JPH2	FALSE	TRUE	FALSE
DGCR8	FALSE	TRUE	FALSE
DBNL	FALSE	TRUE	FALSE
FMNL1	FALSE	TRUE	FALSE
CTDSP1	FALSE	TRUE	FALSE
MAN2B2	FALSE	TRUE	FALSE
HDAC5	FALSE	TRUE	FALSE
ZMIZ2	FALSE	TRUE	FALSE
HOXB4	FALSE	TRUE	FALSE
DGCR6	FALSE	TRUE	FALSE
CD33	FALSE	TRUE	FALSE
GPS2	FALSE	TRUE	FALSE
GET4	FALSE	TRUE	FALSE
C4orf48	FALSE	TRUE	FALSE
LIMD2	FALSE	TRUE	FALSE
ACAD10	FALSE	TRUE	FALSE
DGKD	FALSE	TRUE	FALSE
EIF4EBP1	FALSE	TRUE	FALSE
RABEP2	FALSE	TRUE	FALSE
ZNF335	FALSE	TRUE	FALSE
PCNT	FALSE	TRUE	FALSE
SALL1	FALSE	TRUE	FALSE
EVI5L	FALSE	TRUE	FALSE
HNRNPA1P33	FALSE	TRUE	FALSE
NTN1	FALSE	TRUE	FALSE
WNT9A	FALSE	TRUE	FALSE
ARHGEF10	FALSE	TRUE	FALSE
LOC100129434	FALSE	TRUE	FALSE
MRPL12	FALSE	TRUE	FALSE
MOCS1	FALSE	TRUE	FALSE
NEURL4	FALSE	TRUE	FALSE
MOB2	FALSE	TRUE	FALSE
BNIP3	FALSE	TRUE	FALSE
POLR3E	FALSE	TRUE	FALSE
RGL2	FALSE	TRUE	FALSE
CUTA	FALSE	TRUE	FALSE
ZNHIT1	FALSE	TRUE	FALSE
PUSL1	FALSE	TRUE	FALSE
OAF	FALSE	TRUE	FALSE
FIS1	FALSE	TRUE	FALSE
RBFA	FALSE	TRUE	FALSE
LINC00342	FALSE	TRUE	FALSE
CDK2AP2	FALSE	TRUE	FALSE
ADCK2	FALSE	TRUE	TRUE
CYHR1	FALSE	TRUE	FALSE
TRAPPC6A	FALSE	TRUE	FALSE
PLEKHG3	FALSE	TRUE	FALSE
DLGAP4	FALSE	TRUE	FALSE
SLC39A4	FALSE	TRUE	FALSE
FGFRL1	FALSE	TRUE	FALSE
TXN2	FALSE	TRUE	FALSE
PDXK	FALSE	TRUE	FALSE
NCLN	FALSE	TRUE	FALSE
MAP2K7	FALSE	TRUE	FALSE
C11orf71	FALSE	TRUE	FALSE
DCAF15	FALSE	TRUE	FALSE
CLEC16A	FALSE	TRUE	FALSE
SMARCB1	FALSE	TRUE	FALSE
KIF1C	FALSE	TRUE	FALSE
CCDC22	FALSE	TRUE	FALSE
SRM	FALSE	TRUE	FALSE
ATG4D	FALSE	TRUE	FALSE
BAIAP2	FALSE	TRUE	FALSE
TANGO2	FALSE	TRUE	FALSE
CACTIN	FALSE	TRUE	FALSE
TTN	FALSE	TRUE	FALSE
SLC35E2A	FALSE	TRUE	FALSE
NUP210	FALSE	TRUE	FALSE
NDUFA3	FALSE	TRUE	FALSE
B4GALNT4	FALSE	TRUE	FALSE
LINC02582	FALSE	TRUE	FALSE
CENPM	FALSE	TRUE	FALSE
MGRN1	FALSE	TRUE	FALSE
CTNS	FALSE	TRUE	FALSE
GOLGA8B	FALSE	TRUE	FALSE
SOGA1	FALSE	TRUE	FALSE
PRRC2A	FALSE	TRUE	FALSE
CCDC183-AS1	FALSE	TRUE	FALSE
TMEM127	FALSE	TRUE	FALSE
SLC25A1	FALSE	TRUE	FALSE
ARHGAP27	FALSE	TRUE	FALSE
ZBTB48	FALSE	TRUE	FALSE
CRBN	FALSE	TRUE	FALSE
MVB12A	FALSE	TRUE	FALSE
MED24	FALSE	TRUE	FALSE
BACH2	FALSE	TRUE	TRUE
MIIP	FALSE	TRUE	FALSE
SLC9A3-AS1	FALSE	TRUE	FALSE
DGKQ	FALSE	TRUE	FALSE
PIP5K1C	FALSE	TRUE	FALSE
PTGIS	FALSE	TRUE	FALSE
ZNF414	FALSE	TRUE	FALSE
LGALS1	FALSE	TRUE	TRUE
PKIG	FALSE	TRUE	FALSE
RPAP1	FALSE	TRUE	FALSE
SLC66A2	FALSE	TRUE	FALSE
ACO2	FALSE	TRUE	FALSE
MOSPD3	FALSE	TRUE	FALSE
DTYMK	FALSE	TRUE	FALSE
ELOF1	FALSE	TRUE	FALSE
ZNF469	FALSE	TRUE	FALSE
LOC283922	FALSE	TRUE	FALSE
PDX1	FALSE	TRUE	FALSE
PGLS	FALSE	TRUE	TRUE
FZR1	FALSE	TRUE	FALSE
ALG1	FALSE	TRUE	FALSE
PAXX	FALSE	TRUE	FALSE
PFAS	FALSE	TRUE	FALSE
AGTRAP	FALSE	TRUE	FALSE
PER1	FALSE	TRUE	FALSE
DRAP1	FALSE	TRUE	TRUE
ATP6V0E2	FALSE	TRUE	FALSE
LINC01006	FALSE	TRUE	FALSE
TMEM59L	FALSE	TRUE	FALSE
FBXL19	FALSE	TRUE	FALSE
ASPSCR1	FALSE	TRUE	FALSE
ARFGAP1	FALSE	TRUE	FALSE
OXTR	FALSE	TRUE	FALSE
ZFP64	FALSE	TRUE	FALSE
MAP7D1	FALSE	TRUE	FALSE
DDA1	FALSE	TRUE	FALSE
KCNA2	FALSE	TRUE	FALSE
HIRA	FALSE	TRUE	FALSE
TBKBP1	FALSE	TRUE	FALSE
STXBP2	FALSE	TRUE	FALSE
MRNIP	FALSE	TRUE	FALSE
ESS2	FALSE	TRUE	FALSE
HARS2	FALSE	TRUE	FALSE
RAB17	FALSE	TRUE	FALSE
RRP9	FALSE	TRUE	FALSE
LSS	FALSE	TRUE	FALSE
MORN4	FALSE	TRUE	FALSE
LOC101928841	FALSE	TRUE	FALSE
CPEB4	FALSE	TRUE	FALSE
PHYKPL	FALSE	TRUE	FALSE
FAM89B	FALSE	TRUE	FALSE
LRCH4	FALSE	TRUE	FALSE
DBNDD1	FALSE	TRUE	FALSE
CYTL1	FALSE	TRUE	FALSE
RBM15B	FALSE	TRUE	FALSE
U2AF2	FALSE	TRUE	FALSE
ZNF879	FALSE	TRUE	FALSE
CLCN7	FALSE	TRUE	TRUE
SHANK3	FALSE	TRUE	FALSE
BMP6	FALSE	TRUE	FALSE
ANGEL2	FALSE	TRUE	FALSE
PCIF1	FALSE	TRUE	FALSE
AMDHD2	FALSE	TRUE	FALSE
TMEM250	FALSE	TRUE	FALSE
GCAT	FALSE	TRUE	FALSE
CD320	FALSE	TRUE	FALSE
IQCH-AS1	FALSE	TRUE	FALSE
KIF12	FALSE	TRUE	FALSE
FLT4	FALSE	TRUE	FALSE
CNNM3	FALSE	TRUE	FALSE
FAM171A2	FALSE	TRUE	FALSE
NWD1	FALSE	TRUE	FALSE
FARSA	FALSE	TRUE	FALSE
SEC16A	FALSE	TRUE	TRUE
RGL3	FALSE	TRUE	FALSE
PDK2	FALSE	TRUE	FALSE
IFRD2	FALSE	TRUE	FALSE
RNPEPL1	FALSE	TRUE	FALSE
NR1H2	FALSE	TRUE	FALSE
COX5B	FALSE	TRUE	FALSE
RPTOR	FALSE	TRUE	FALSE
KIF1A	FALSE	TRUE	FALSE
EMID1	FALSE	TRUE	FALSE
KLF11	FALSE	TRUE	FALSE
L3MBTL2	FALSE	TRUE	FALSE
TMEM184B	FALSE	TRUE	FALSE
THAP7	FALSE	TRUE	FALSE
TSHZ2	FALSE	TRUE	FALSE
PKD1P3-NPIPA1	FALSE	TRUE	FALSE
ATG16L1	FALSE	TRUE	FALSE
HIRIP3	FALSE	TRUE	FALSE
TRMT61A	FALSE	TRUE	FALSE
KATNAL1	FALSE	TRUE	FALSE
PELP1	FALSE	TRUE	FALSE
ZNF846	FALSE	TRUE	FALSE
PCDHGC3	FALSE	TRUE	FALSE
FASTK	FALSE	TRUE	FALSE
CD70	FALSE	TRUE	TRUE
NDUFB6	FALSE	TRUE	FALSE
WIPF1	FALSE	TRUE	FALSE
MSI1	FALSE	TRUE	FALSE
WIZ	FALSE	TRUE	FALSE
SMARCA4	FALSE	TRUE	FALSE
MRPL43	FALSE	TRUE	FALSE
IL17RA	FALSE	TRUE	FALSE
STK32C	FALSE	TRUE	FALSE
KIF3C	FALSE	TRUE	FALSE
SDC3	FALSE	TRUE	FALSE
ARHGEF10L	FALSE	TRUE	FALSE
RAPGEF6	FALSE	TRUE	FALSE
TRMT1	FALSE	TRUE	FALSE
TAB1	FALSE	TRUE	FALSE
CUEDC2	FALSE	TRUE	FALSE
FRMD3	FALSE	TRUE	FALSE
PNPLA7	FALSE	TRUE	FALSE
C16orf58	FALSE	TRUE	FALSE
PLCD1	FALSE	TRUE	FALSE
ASB16-AS1	FALSE	TRUE	FALSE
PEX14	FALSE	TRUE	FALSE
RNF14	FALSE	TRUE	FALSE
TNNT1	FALSE	TRUE	TRUE
NLGN2	FALSE	TRUE	TRUE
PTK7	FALSE	TRUE	FALSE
WDR83	FALSE	TRUE	FALSE
LINC01000	FALSE	TRUE	FALSE
NKX2-5	FALSE	TRUE	FALSE
LOC643201	FALSE	TRUE	FALSE
MATK	FALSE	TRUE	FALSE
GMIP	FALSE	TRUE	FALSE
DIS3L2	FALSE	TRUE	FALSE
CYBC1	FALSE	TRUE	FALSE
FBRS	FALSE	TRUE	FALSE
YIPF2	FALSE	TRUE	FALSE
ENHO	FALSE	TRUE	FALSE
KIAA1549	FALSE	TRUE	FALSE
REXO1	FALSE	TRUE	FALSE
MRPL55	FALSE	TRUE	TRUE
ASB6	FALSE	TRUE	FALSE
TMEM256	FALSE	TRUE	FALSE
PANX2	FALSE	TRUE	FALSE
UBALD1	FALSE	TRUE	FALSE
MRTFA	FALSE	TRUE	FALSE
TTYH3	FALSE	TRUE	FALSE
MTCL1	FALSE	TRUE	FALSE
ARSA	FALSE	TRUE	FALSE
KCNQ1OT1	FALSE	TRUE	FALSE
DPM3	FALSE	TRUE	FALSE
OXLD1	FALSE	TRUE	FALSE
CFAP36	FALSE	TRUE	FALSE
STOML1	FALSE	TRUE	FALSE
TRIM11	FALSE	TRUE	FALSE
PLEKHN1	FALSE	TRUE	FALSE
CCZ1P-OR7E38P	FALSE	TRUE	FALSE
FAAH	FALSE	TRUE	FALSE
TBC1D16	FALSE	TRUE	FALSE
ST3GAL2	FALSE	TRUE	FALSE
KLHL17	FALSE	TRUE	FALSE
CIC	FALSE	TRUE	FALSE
ELFN1-AS1	FALSE	TRUE	FALSE
ADAMTS2	FALSE	TRUE	FALSE
HCFC1	FALSE	TRUE	FALSE
TOLLIP	FALSE	TRUE	FALSE
LMF2	FALSE	TRUE	FALSE
FBXO31	FALSE	TRUE	FALSE
GPR153	FALSE	TRUE	TRUE
LINC01061	FALSE	TRUE	FALSE
IDH3G	FALSE	TRUE	FALSE
TNIP2	FALSE	TRUE	FALSE
SLC2A6	FALSE	TRUE	TRUE
TMEM259	FALSE	TRUE	FALSE
CCM2	FALSE	TRUE	FALSE
FAM160A2	FALSE	TRUE	FALSE
MZT2B	FALSE	TRUE	FALSE
TEDC1	FALSE	TRUE	FALSE
TUBGCP6	FALSE	TRUE	FALSE
UBALD2	FALSE	TRUE	FALSE
C19orf57	FALSE	TRUE	FALSE
CSNK1G2	FALSE	TRUE	FALSE
C19orf48	FALSE	TRUE	FALSE
PROC	FALSE	TRUE	FALSE
NREP	FALSE	TRUE	FALSE
ANKS3	FALSE	TRUE	FALSE
CBS	FALSE	TRUE	FALSE
CLPP	FALSE	TRUE	FALSE
MEX3B	FALSE	TRUE	FALSE
HEXD	FALSE	TRUE	FALSE
SPTBN5	FALSE	TRUE	FALSE
CTSD	FALSE	TRUE	FALSE
KCNJ12	FALSE	TRUE	FALSE
DENND2A	FALSE	TRUE	TRUE
COX17	FALSE	TRUE	FALSE
FEZF1-AS1	FALSE	TRUE	FALSE
DDX49	FALSE	TRUE	FALSE
GIGYF1	FALSE	TRUE	FALSE
ACAA1	FALSE	TRUE	FALSE
BAD	FALSE	TRUE	FALSE
ARFRP1	FALSE	TRUE	FALSE
GPX4	FALSE	TRUE	FALSE
EXOC3-AS1	FALSE	TRUE	FALSE
CERS4	FALSE	TRUE	FALSE
TCF3	FALSE	TRUE	FALSE
MRPL28	FALSE	TRUE	FALSE
RBM38	FALSE	TRUE	FALSE
AP1B1	FALSE	TRUE	FALSE
CLN6	FALSE	TRUE	FALSE
BCKDK	FALSE	TRUE	FALSE
COL6A3	FALSE	TRUE	FALSE
ONECUT2	FALSE	TRUE	FALSE
ING4	FALSE	TRUE	FALSE
ROGDI	FALSE	TRUE	FALSE
FAM43A	FALSE	TRUE	FALSE
UBL7	FALSE	TRUE	FALSE
CRELD1	FALSE	TRUE	FALSE
SCAMP5	FALSE	TRUE	FALSE
HTRA2	FALSE	TRUE	FALSE
GFOD2	FALSE	TRUE	FALSE
NFIC	FALSE	TRUE	FALSE
IFNLR1	FALSE	TRUE	FALSE
YDJC	FALSE	TRUE	FALSE
ACOX3	FALSE	TRUE	FALSE
SERPINA1	FALSE	TRUE	TRUE
CXCL12	FALSE	TRUE	FALSE
CRTC1	FALSE	TRUE	FALSE
TMEM150A	FALSE	TRUE	FALSE
CIAO3	FALSE	TRUE	FALSE
SHROOM2	FALSE	TRUE	FALSE
VPS18	FALSE	TRUE	FALSE
CPLANE1	FALSE	TRUE	FALSE
SLC19A1	FALSE	TRUE	FALSE
GTPBP6	FALSE	TRUE	FALSE
KIF21B	FALSE	TRUE	FALSE
PKD1P1	FALSE	TRUE	FALSE
COMMD9	FALSE	TRUE	FALSE
RNF166	FALSE	TRUE	FALSE
PGAP6	FALSE	TRUE	FALSE
RANGAP1	FALSE	TRUE	FALSE
ZNF48	FALSE	TRUE	FALSE
SPACA6	FALSE	TRUE	FALSE
LIME1	FALSE	TRUE	FALSE
LINC00638	FALSE	TRUE	FALSE
H2BC11	FALSE	TRUE	FALSE
PWWP3A	FALSE	TRUE	FALSE
CCDC24	FALSE	TRUE	FALSE
SLC22A17	FALSE	TRUE	FALSE
KCTD7	FALSE	TRUE	FALSE
ZNF500	FALSE	TRUE	FALSE
RGMB	FALSE	TRUE	FALSE
CAPN10	FALSE	TRUE	FALSE
FDXR	FALSE	TRUE	FALSE
SCAF1	FALSE	TRUE	FALSE
CCDC85A	FALSE	TRUE	FALSE
CCDC159	FALSE	TRUE	FALSE
EGFL7	FALSE	TRUE	FALSE
ZC3H7B	FALSE	TRUE	FALSE
MIR3936HG	FALSE	TRUE	FALSE
FDX2	FALSE	TRUE	FALSE
GMPPB	FALSE	TRUE	FALSE
CYB5D1	FALSE	TRUE	FALSE
ZC3H3	FALSE	TRUE	FALSE
ASL	FALSE	TRUE	FALSE
CNPPD1	FALSE	TRUE	FALSE
TMEM94	FALSE	TRUE	FALSE
CISD3	FALSE	TRUE	FALSE
NSUN5P1	FALSE	TRUE	FALSE
TRIM52-AS1	FALSE	TRUE	FALSE
KANK3	FALSE	TRUE	FALSE
DEAF1	FALSE	TRUE	FALSE
ST8SIA2	FALSE	TRUE	FALSE
WRAP73	FALSE	TRUE	FALSE
ADCY1	FALSE	TRUE	FALSE
PHAX	FALSE	TRUE	FALSE
SEPTIN9	FALSE	TRUE	FALSE
CHID1	FALSE	TRUE	FALSE
REEP1	FALSE	TRUE	FALSE
SHFL	FALSE	TRUE	FALSE
ABAT	FALSE	TRUE	TRUE
ATXN1-AS1	FALSE	TRUE	FALSE
RPS2	FALSE	TRUE	FALSE
CAMTA2	FALSE	TRUE	FALSE
PRKACB	FALSE	TRUE	FALSE
TIMM22	FALSE	TRUE	FALSE
TIMM17B	FALSE	TRUE	FALSE
LOXL3	FALSE	TRUE	FALSE
LOC105379152	FALSE	TRUE	FALSE
EMC4	FALSE	TRUE	FALSE
CBX2	FALSE	TRUE	FALSE
TMEM132D-AS1	FALSE	TRUE	FALSE
LSM7	FALSE	TRUE	FALSE
SPIRE2	FALSE	TRUE	FALSE
SLC12A7	FALSE	TRUE	FALSE
URB1-AS1	FALSE	TRUE	FALSE
DAPK3	FALSE	TRUE	FALSE
PEX16	FALSE	TRUE	FALSE
RBPMS2	FALSE	TRUE	FALSE
C1orf159	FALSE	TRUE	FALSE
SGSM3	FALSE	TRUE	FALSE
FAAP20	FALSE	TRUE	FALSE
PLEKHJ1	FALSE	TRUE	FALSE
YIF1B	FALSE	TRUE	FALSE
DPP9	FALSE	TRUE	FALSE
SLC66A1	FALSE	TRUE	FALSE
SAMD1	FALSE	TRUE	FALSE
DGAT1	FALSE	TRUE	FALSE
LAMB2	FALSE	TRUE	FALSE
CTDP1	FALSE	TRUE	FALSE
SNED1	FALSE	TRUE	FALSE
RTL8C	FALSE	TRUE	FALSE
KDM6B	FALSE	TRUE	FALSE
PGBD5	FALSE	TRUE	FALSE
PPP1R12C	FALSE	TRUE	FALSE
KIAA0556	FALSE	TRUE	FALSE
SDF2L1	FALSE	TRUE	FALSE
PDGFB	FALSE	TRUE	FALSE
C11orf95	FALSE	TRUE	FALSE
CUX2	FALSE	TRUE	FALSE
GNA11	FALSE	TRUE	FALSE
TP53INP2	FALSE	TRUE	FALSE
MXI1	FALSE	TRUE	FALSE
THG1L	FALSE	TRUE	FALSE
CAMSAP3	FALSE	TRUE	FALSE
QTRT1	FALSE	TRUE	FALSE
MLST8	FALSE	TRUE	FALSE
ARRDC1-AS1	FALSE	TRUE	FALSE
LINC00205	FALSE	TRUE	FALSE
MIGA2	FALSE	TRUE	FALSE
PACS2	FALSE	TRUE	FALSE
LMF1	FALSE	TRUE	FALSE
IGSF8	FALSE	TRUE	FALSE
ZFYVE19	FALSE	TRUE	FALSE
TLE2	FALSE	TRUE	FALSE
DPH2	FALSE	TRUE	FALSE
RELN	FALSE	TRUE	FALSE
SCAMP4	FALSE	TRUE	FALSE
MN1	FALSE	TRUE	FALSE
RASGEF1A	FALSE	TRUE	FALSE
PCBP3	FALSE	TRUE	FALSE
FAM193A	FALSE	TRUE	FALSE
STK32B	FALSE	TRUE	FALSE
SPATA2L	FALSE	TRUE	FALSE
TMED1	FALSE	TRUE	FALSE
HRH2	FALSE	TRUE	FALSE
SYNE3	FALSE	TRUE	FALSE
TIGD5	FALSE	TRUE	FALSE
H2AC6	FALSE	TRUE	FALSE
EN1	FALSE	TRUE	FALSE
OGFOD3	FALSE	TRUE	FALSE
ITM2C	FALSE	TRUE	FALSE
DMAC2	FALSE	TRUE	FALSE
MICAL1	FALSE	TRUE	FALSE
ZNF646	FALSE	TRUE	FALSE
ICAM5	FALSE	TRUE	FALSE
APBA3	FALSE	TRUE	FALSE
RELL2	FALSE	TRUE	FALSE
FHL3	FALSE	TRUE	FALSE
ILK	FALSE	TRUE	FALSE
TEAD3	FALSE	TRUE	FALSE
PKD1P5-LOC105376752	FALSE	TRUE	FALSE
HDAC10	FALSE	TRUE	FALSE
ARMC5	FALSE	TRUE	FALSE
BMP7	FALSE	TRUE	FALSE
ASB1	FALSE	TRUE	FALSE
PLPPR2	FALSE	TRUE	FALSE
RAPGEF1	FALSE	TRUE	FALSE
ZNF175	FALSE	TRUE	FALSE
TNRC18	FALSE	TRUE	FALSE
SPSB3	FALSE	TRUE	FALSE
GNG7	FALSE	TRUE	FALSE
GPSM1	FALSE	TRUE	TRUE
NDUFB11	FALSE	TRUE	FALSE
RPLP1	FALSE	TRUE	FALSE
UBXN6	FALSE	TRUE	FALSE
CABIN1	FALSE	TRUE	FALSE
ZBTB8B	FALSE	TRUE	FALSE
TMEM102	FALSE	TRUE	FALSE
RRN3P3	FALSE	TRUE	FALSE
PKD1P4-NPIPA8	FALSE	TRUE	FALSE
MPP1	FALSE	TRUE	FALSE
ZSWIM7	FALSE	TRUE	FALSE
TOM1	FALSE	TRUE	TRUE
TMEM184A	FALSE	TRUE	FALSE
ATG4B	FALSE	TRUE	FALSE
SWSAP1	FALSE	TRUE	FALSE
XYLT2	FALSE	TRUE	FALSE
FAM3A	FALSE	TRUE	FALSE
H2BC4	FALSE	TRUE	FALSE
DNAL4	FALSE	TRUE	FALSE
MFHAS1	FALSE	TRUE	FALSE
NELFA	FALSE	TRUE	FALSE
ARF5	FALSE	TRUE	FALSE
SDK1	FALSE	TRUE	FALSE
DMBX1	FALSE	TRUE	FALSE
FAXC	FALSE	TRUE	FALSE
ZFAND2B	FALSE	TRUE	FALSE
ENKD1	FALSE	TRUE	FALSE
WDR18	FALSE	TRUE	FALSE
MRPL54	FALSE	TRUE	FALSE
SP2	FALSE	TRUE	FALSE
SPEG	FALSE	TRUE	FALSE
DOCK6	FALSE	TRUE	FALSE
RAC3	FALSE	TRUE	FALSE
VPS28	FALSE	TRUE	FALSE
SPRY1	FALSE	TRUE	FALSE
GAK	FALSE	TRUE	FALSE
ZBTB17	FALSE	TRUE	FALSE
OST4	FALSE	TRUE	FALSE
INO80E	FALSE	TRUE	FALSE
ARHGDIA	FALSE	TRUE	FALSE
FAM53A	FALSE	TRUE	FALSE
KCNK6	FALSE	TRUE	FALSE
CCDC130	FALSE	TRUE	FALSE
FSD1	FALSE	TRUE	FALSE
ZNF768	FALSE	TRUE	FALSE
MTFR1L	FALSE	TRUE	FALSE
TMPRSS2	FALSE	TRUE	FALSE
ZNF354B	FALSE	TRUE	FALSE
RIPOR1	FALSE	TRUE	FALSE
DDAH2	FALSE	TRUE	FALSE
ZIM2-AS1	FALSE	TRUE	FALSE
ADGRL3	FALSE	TRUE	FALSE
WNT6	FALSE	TRUE	FALSE
YTHDC2	FALSE	TRUE	FALSE
RHOF	FALSE	TRUE	FALSE
LNCOG	FALSE	TRUE	FALSE
AGAP3	FALSE	TRUE	FALSE
PRKCB	FALSE	TRUE	FALSE
COL6A1	FALSE	TRUE	TRUE
CBX7	FALSE	TRUE	FALSE
CHURC1	FALSE	TRUE	TRUE
PTGES2	FALSE	TRUE	FALSE
CHAC1	FALSE	TRUE	FALSE
CXXC5	FALSE	TRUE	FALSE
ZSCAN25	FALSE	TRUE	FALSE
MAU2	FALSE	TRUE	FALSE
LMTK3	FALSE	TRUE	FALSE
MNT	FALSE	TRUE	FALSE
H2BC21	FALSE	TRUE	FALSE
ISL1	FALSE	TRUE	FALSE
PPP4C	FALSE	TRUE	FALSE
EEF2	FALSE	TRUE	FALSE
HAGHL	FALSE	TRUE	FALSE
PWWP2B	FALSE	TRUE	FALSE
POLR2L	FALSE	TRUE	FALSE
ANKRD13D	FALSE	TRUE	FALSE
WRAP53	FALSE	TRUE	FALSE
DHRS11	FALSE	TRUE	FALSE
ULK1	FALSE	TRUE	FALSE
MZT2A	FALSE	TRUE	FALSE
ZFPL1	FALSE	TRUE	FALSE
RPS28	FALSE	TRUE	FALSE
NBEAL1	FALSE	TRUE	FALSE
SYNGR1	FALSE	TRUE	FALSE
AKAP17A	FALSE	TRUE	FALSE
PSMG3-AS1	FALSE	TRUE	FALSE
AMIGO3	FALSE	TRUE	FALSE
KCNF1	FALSE	TRUE	FALSE
SPNS1	FALSE	TRUE	FALSE
NEIL1	FALSE	TRUE	FALSE
EPHB4	FALSE	TRUE	FALSE
FSCN2	FALSE	TRUE	FALSE
LAMTOR2	FALSE	TRUE	FALSE
TSPAN10	FALSE	TRUE	TRUE
ZNF276	FALSE	TRUE	FALSE
UNK	FALSE	TRUE	FALSE
XAB2	FALSE	TRUE	FALSE
ETHE1	FALSE	TRUE	FALSE
DGKZ	FALSE	TRUE	FALSE
SELENON	FALSE	TRUE	FALSE
MC1R	FALSE	TRUE	FALSE
ZNF446	FALSE	TRUE	FALSE
NOP53	FALSE	TRUE	FALSE
PLXNA4	FALSE	TRUE	FALSE
ARSG	FALSE	TRUE	FALSE
CCDC74A	FALSE	TRUE	FALSE
MAST1	FALSE	TRUE	TRUE
LRRC56	FALSE	TRUE	FALSE
LONP1	FALSE	TRUE	FALSE
CASKIN2	FALSE	TRUE	FALSE
TESK1	FALSE	TRUE	FALSE
GLIS2	FALSE	TRUE	FALSE
TMEM191A	FALSE	TRUE	FALSE
TERT	FALSE	TRUE	FALSE
CD81	FALSE	TRUE	FALSE
TOP3B	FALSE	TRUE	FALSE
MRPS12	FALSE	TRUE	FALSE
IRAK1	FALSE	TRUE	FALSE
HDGFL2	FALSE	TRUE	FALSE
APLP1	FALSE	TRUE	FALSE
MRM3	FALSE	TRUE	FALSE
ALG12	FALSE	TRUE	FALSE
BCL7C	FALSE	TRUE	FALSE
PLXNB2	FALSE	TRUE	FALSE
CLUH	FALSE	TRUE	FALSE
GNAO1	FALSE	TRUE	FALSE
CACNG8	FALSE	TRUE	FALSE
CLK4	FALSE	TRUE	FALSE
RHOJ	FALSE	TRUE	FALSE
GNAZ	FALSE	TRUE	TRUE
MAP2K6	FALSE	TRUE	FALSE
URGCP	FALSE	TRUE	FALSE
TRAF7	FALSE	TRUE	FALSE
MFSD3	FALSE	TRUE	FALSE
GRID1	FALSE	TRUE	FALSE
ASIC3	FALSE	TRUE	TRUE
DLGAP3	FALSE	TRUE	FALSE
LOC102724849	FALSE	TRUE	FALSE
ASMTL-AS1	FALSE	TRUE	FALSE
NDUFAF8	FALSE	TRUE	FALSE
CKB	FALSE	TRUE	FALSE
GSDMC	FALSE	TRUE	FALSE
DOCK11	FALSE	TRUE	FALSE
BAIAP3	FALSE	TRUE	FALSE
RAB11FIP3	FALSE	TRUE	FALSE
KCNG1	FALSE	TRUE	FALSE
GCDH	FALSE	TRUE	FALSE
ANKRD18DP	FALSE	TRUE	FALSE
GNPTG	FALSE	TRUE	FALSE
ZNF444	FALSE	TRUE	FALSE
C22orf39	FALSE	TRUE	FALSE
MCRIP2	FALSE	TRUE	FALSE
PPP1R9B	FALSE	TRUE	FALSE
TUBB2A	FALSE	TRUE	FALSE
PPM1F	FALSE	TRUE	FALSE
PORCN	FALSE	TRUE	FALSE
FBXL15	FALSE	TRUE	FALSE
PLA2G6	FALSE	TRUE	FALSE
ITPRIP	FALSE	TRUE	FALSE
EPN1	FALSE	TRUE	FALSE
SSNA1	FALSE	TRUE	FALSE
DPYSL4	FALSE	TRUE	FALSE
ETFDH	FALSE	TRUE	TRUE
MUC1	FALSE	TRUE	FALSE
AP2A2	FALSE	TRUE	FALSE
GNAS-AS1	FALSE	TRUE	FALSE
PKD1	FALSE	TRUE	FALSE
ZNF319	FALSE	TRUE	FALSE
CBX8	FALSE	TRUE	FALSE
RNF126	FALSE	TRUE	FALSE
C19orf25	FALSE	TRUE	FALSE
CDK11B	FALSE	TRUE	FALSE
ATP8B2	FALSE	TRUE	TRUE
NUDT8	FALSE	TRUE	TRUE
SBF1	FALSE	TRUE	FALSE
DIRAS2	FALSE	TRUE	FALSE
RRP12	FALSE	TRUE	FALSE
EBF3	FALSE	TRUE	FALSE
TYK2	FALSE	TRUE	FALSE
RPS10	FALSE	TRUE	FALSE
NDUFAF3	FALSE	TRUE	FALSE
G6PC3	FALSE	TRUE	FALSE
ANKRD54	FALSE	TRUE	FALSE
SFI1	FALSE	TRUE	FALSE
PDXP	FALSE	TRUE	FALSE
THAP4	FALSE	TRUE	FALSE
TSC2	FALSE	TRUE	FALSE
MIR210HG	FALSE	TRUE	FALSE
RNH1	FALSE	TRUE	FALSE
HS3ST2	FALSE	TRUE	FALSE
TCHH	FALSE	TRUE	FALSE
C3orf18	FALSE	TRUE	FALSE
CDIP1	FALSE	TRUE	FALSE
CSPG5	FALSE	TRUE	FALSE
TMEM161A	FALSE	TRUE	FALSE
RAB15	FALSE	TRUE	FALSE
ZNF354A	FALSE	TRUE	FALSE
LINC00999	FALSE	TRUE	FALSE
PMM1	FALSE	TRUE	FALSE
BAGE2	FALSE	TRUE	FALSE
COL7A1	FALSE	TRUE	FALSE
DDX11L2	FALSE	TRUE	FALSE
HIVEP3	FALSE	TRUE	FALSE
FBXL18	FALSE	TRUE	TRUE
EPB41L4A-AS1	FALSE	TRUE	FALSE
SCYL1	FALSE	TRUE	FALSE
SIRT7	FALSE	TRUE	FALSE
RNF208	FALSE	TRUE	FALSE
DNPH1	FALSE	TRUE	FALSE
LONRF2	FALSE	TRUE	FALSE
CARM1	FALSE	TRUE	FALSE
SSBP4	FALSE	TRUE	FALSE
BAHD1	FALSE	TRUE	FALSE
SLC39A3	FALSE	TRUE	FALSE
FNDC10	FALSE	TRUE	FALSE
UQCC3	FALSE	TRUE	FALSE
GDF6	FALSE	TRUE	FALSE
MAD2L2	FALSE	TRUE	FALSE
FOLR2	FALSE	TRUE	FALSE
DXO	FALSE	TRUE	FALSE
RPL36	FALSE	TRUE	FALSE
EPHA8	FALSE	TRUE	FALSE
TEAD2	FALSE	TRUE	TRUE
ACTA2	FALSE	TRUE	FALSE
EXOSC4	FALSE	TRUE	FALSE
TJP3	FALSE	TRUE	FALSE
POMGNT2	FALSE	TRUE	FALSE
TTLL3	FALSE	TRUE	FALSE
MSX1	FALSE	TRUE	FALSE
FBRSL1	FALSE	TRUE	FALSE
NME3	FALSE	TRUE	FALSE
AZIN2	FALSE	TRUE	FALSE
TRAF2	FALSE	TRUE	TRUE
ASPHD2	FALSE	TRUE	FALSE
NACC2	FALSE	TRUE	FALSE
SPPL2B	FALSE	TRUE	FALSE
PITPNA-AS1	FALSE	TRUE	FALSE
SF3A2	FALSE	TRUE	FALSE
AP5S1	FALSE	TRUE	FALSE
MT1M	FALSE	TRUE	FALSE
TIGD6	FALSE	TRUE	FALSE
BLVRB	FALSE	TRUE	FALSE
VSTM2L	FALSE	TRUE	FALSE
TUBB4A	FALSE	TRUE	FALSE
NRGN	FALSE	TRUE	FALSE
KRBA1	FALSE	TRUE	FALSE
GALT	FALSE	TRUE	FALSE
MAP2K2	FALSE	TRUE	FALSE
MNX1-AS1	FALSE	TRUE	FALSE
FAM160B2	FALSE	TRUE	FALSE
MSL3P1	FALSE	TRUE	FALSE
DOHH	FALSE	TRUE	FALSE
TLCD2	FALSE	TRUE	FALSE
C15orf39	FALSE	TRUE	FALSE
ZNF788P	FALSE	TRUE	FALSE
TMEM52	FALSE	TRUE	TRUE
MMP11	FALSE	TRUE	FALSE
HIP1R	FALSE	TRUE	FALSE
POLR2E	FALSE	TRUE	FALSE
SLC22A18	FALSE	TRUE	FALSE
NUDT22	FALSE	TRUE	FALSE
RBM42	FALSE	TRUE	FALSE
LUC7L2	FALSE	TRUE	FALSE
GPS1	FALSE	TRUE	FALSE
FLJ20021	FALSE	TRUE	FALSE
SNX21	FALSE	TRUE	FALSE
COL6A2	FALSE	TRUE	FALSE
GRAMD4	FALSE	TRUE	FALSE
TMEM198	FALSE	TRUE	FALSE
PPP2R3B	FALSE	TRUE	FALSE
SLC7A5P2	FALSE	TRUE	FALSE
PKN3	FALSE	TRUE	FALSE
TLL2	FALSE	TRUE	FALSE
POLRMT	FALSE	TRUE	FALSE
SLC25A20	FALSE	TRUE	FALSE
POLL	FALSE	TRUE	FALSE
RBM10	FALSE	TRUE	FALSE
SPTBN2	FALSE	TRUE	FALSE
PLA2G15	FALSE	TRUE	FALSE
PKD1P6-NPIPP1	FALSE	TRUE	FALSE
DHX37	FALSE	TRUE	FALSE
MARCHF4	FALSE	TRUE	FALSE
GJA4	FALSE	TRUE	FALSE
COL1A1	FALSE	TRUE	TRUE
KLHL22	FALSE	TRUE	FALSE
TSC22D4	FALSE	TRUE	FALSE
GATAD2A	FALSE	TRUE	FALSE
SLC52A2	FALSE	TRUE	FALSE
PYCR3	FALSE	TRUE	FALSE
RECQL5	FALSE	TRUE	FALSE
ERG	FALSE	TRUE	FALSE
PCDHGB5	FALSE	TRUE	FALSE
C16orf95	FALSE	TRUE	FALSE
HOMER3	FALSE	TRUE	FALSE
SMO	FALSE	TRUE	FALSE
MUS81	FALSE	TRUE	FALSE
RFX1	FALSE	TRUE	FALSE
ERFE	FALSE	TRUE	FALSE
FBXL6	FALSE	TRUE	FALSE
ITPKB	FALSE	TRUE	FALSE
RIMKLA	FALSE	TRUE	FALSE
DMPK	FALSE	TRUE	FALSE
DCXR	FALSE	TRUE	FALSE
PPP1R35	FALSE	TRUE	FALSE
CCS	FALSE	TRUE	FALSE
APBB1	FALSE	TRUE	TRUE
HCN4	FALSE	TRUE	FALSE
VPS9D1	FALSE	TRUE	FALSE
SPATA20	FALSE	TRUE	FALSE
DLGAP1-AS1	FALSE	TRUE	FALSE
TPST2	FALSE	TRUE	FALSE
ADCK5	FALSE	TRUE	FALSE
ARHGAP27P1	FALSE	TRUE	FALSE
BRF1	FALSE	TRUE	FALSE
ZNF316	FALSE	TRUE	FALSE
SELENOO	FALSE	TRUE	FALSE
LOC100507053	FALSE	TRUE	FALSE
METRNL	FALSE	TRUE	FALSE
SH3GL1	FALSE	TRUE	FALSE
LINC02482	FALSE	TRUE	FALSE
LOC100507516	FALSE	TRUE	FALSE
CBARP	FALSE	TRUE	FALSE
ZNF282	FALSE	TRUE	FALSE
CCDC157	FALSE	TRUE	FALSE
LRRC37A3	FALSE	TRUE	FALSE
LOC100507507	FALSE	TRUE	FALSE
GSTT2	FALSE	TRUE	FALSE
TRIM17	FALSE	TRUE	FALSE
UBXN11	FALSE	TRUE	FALSE
ADAMTS7	FALSE	TRUE	FALSE
ASB16	FALSE	TRUE	FALSE
KALRN	FALSE	TRUE	FALSE
H2AX	FALSE	TRUE	FALSE
ASGR1	FALSE	TRUE	FALSE
CTSF	FALSE	TRUE	FALSE
MROH1	FALSE	TRUE	FALSE
HLA-F-AS1	FALSE	TRUE	FALSE
HOXC13	FALSE	TRUE	FALSE
DEF6	FALSE	TRUE	TRUE
TICAM1	FALSE	TRUE	FALSE
ABHD15	FALSE	TRUE	FALSE
MED12L	FALSE	TRUE	FALSE
FBXW5	FALSE	TRUE	FALSE
GRN	FALSE	TRUE	FALSE
DNAJC4	FALSE	TRUE	FALSE
HCN2	FALSE	TRUE	TRUE
CRYBB2P1	FALSE	TRUE	FALSE
TJAP1	FALSE	TRUE	FALSE
MAD1L1	FALSE	TRUE	FALSE
OPRL1	FALSE	TRUE	FALSE
PIP5KL1	FALSE	TRUE	TRUE
NGEF	FALSE	TRUE	FALSE
MAPK8IP1	FALSE	TRUE	FALSE
TRIP6	FALSE	TRUE	FALSE
FBXL16	FALSE	TRUE	FALSE
PCNX3	FALSE	TRUE	FALSE
FLJ30679	FALSE	TRUE	FALSE
KLHL21	FALSE	TRUE	TRUE
PANK4	FALSE	TRUE	FALSE
TMEM99	FALSE	TRUE	FALSE
ALKBH5	FALSE	TRUE	FALSE
SPIN3	FALSE	TRUE	FALSE
RAI2	FALSE	TRUE	FALSE
FURIN	FALSE	TRUE	FALSE
RNF123	FALSE	TRUE	FALSE
PTOV1	FALSE	TRUE	FALSE
GABRB3	FALSE	TRUE	TRUE
SYDE1	FALSE	TRUE	TRUE
EPHB3	FALSE	TRUE	FALSE
ARAF	FALSE	TRUE	FALSE
CA3-AS1	FALSE	TRUE	FALSE
HIC2	FALSE	TRUE	FALSE
CHST2	FALSE	TRUE	TRUE
MFSD12	FALSE	TRUE	FALSE
HOXD13	FALSE	TRUE	FALSE
ATP7B	FALSE	TRUE	FALSE
MAFK	FALSE	TRUE	FALSE
SLC46A3	FALSE	TRUE	FALSE
C3orf62	FALSE	TRUE	FALSE
DUBR	FALSE	TRUE	FALSE
SIRT6	FALSE	TRUE	FALSE
HDAC2-AS2	FALSE	TRUE	FALSE
SUSD5	FALSE	TRUE	FALSE
DOCK2	FALSE	TRUE	FALSE
PNPLA2	FALSE	TRUE	FALSE
SLC27A1	FALSE	TRUE	FALSE
PARD6A	FALSE	TRUE	FALSE
APBA2	FALSE	TRUE	FALSE
PIEZO1	FALSE	TRUE	FALSE
PI4KAP1	FALSE	TRUE	FALSE
LOC650226	FALSE	TRUE	FALSE
UBE2S	FALSE	TRUE	FALSE
EBF4	FALSE	TRUE	FALSE
TSPO	FALSE	TRUE	FALSE
ARPC1B	FALSE	TRUE	FALSE
CCDC167	FALSE	TRUE	FALSE
LOC729218	FALSE	TRUE	FALSE
LIMK1	FALSE	TRUE	FALSE
TBC1D25	FALSE	TRUE	FALSE
PLEKHG4B	FALSE	TRUE	FALSE
PCSK1N	FALSE	TRUE	FALSE
EEF2KMT	FALSE	TRUE	FALSE
KCNH5	FALSE	TRUE	FALSE
ZBTB22	FALSE	TRUE	FALSE
SLC26A1	FALSE	TRUE	FALSE
SHKBP1	FALSE	TRUE	FALSE
STXBP4	FALSE	TRUE	FALSE
ABCC6	FALSE	TRUE	FALSE
MAP3K3	FALSE	TRUE	FALSE
PGF	FALSE	TRUE	FALSE
MYO1F	FALSE	TRUE	FALSE
GPR137	FALSE	TRUE	FALSE
SHH	FALSE	TRUE	FALSE
CELF5	FALSE	TRUE	FALSE
PIGQ	FALSE	TRUE	FALSE
ABCD1	FALSE	TRUE	FALSE
RAB3IL1	FALSE	TRUE	FALSE
MYORG	FALSE	TRUE	FALSE
CCDC183	FALSE	TRUE	FALSE
GNB2	FALSE	TRUE	FALSE
BCL11B	FALSE	TRUE	FALSE
TMUB1	FALSE	TRUE	FALSE
ZNF668	FALSE	TRUE	FALSE
HAPLN3	FALSE	TRUE	FALSE
UPF1	FALSE	TRUE	FALSE
PRDM13	FALSE	TRUE	FALSE
RABAC1	FALSE	TRUE	FALSE
LOC108783654	FALSE	TRUE	FALSE
TFPT	FALSE	TRUE	FALSE
NAGPA	FALSE	TRUE	FALSE
CDC34	FALSE	TRUE	FALSE
IMPA2	FALSE	TRUE	FALSE
ZBTB12	FALSE	TRUE	FALSE
VPS9D1-AS1	FALSE	TRUE	FALSE
GAS2L1	FALSE	TRUE	FALSE
HES4	FALSE	TRUE	FALSE
PI4KAP2	FALSE	TRUE	FALSE
B4GALNT1	FALSE	TRUE	FALSE
SPINDOC	FALSE	TRUE	FALSE
LOC100128966	FALSE	TRUE	FALSE
WHRN	FALSE	TRUE	FALSE
LZTS2	FALSE	TRUE	FALSE
SLC22A31	FALSE	TRUE	FALSE
LINC01124	FALSE	TRUE	FALSE
B3GAT3	FALSE	TRUE	FALSE
RCAN3	FALSE	TRUE	FALSE
ABHD8	FALSE	TRUE	TRUE
CHST12	FALSE	TRUE	FALSE
BORCS6	FALSE	TRUE	FALSE
DGCR5	FALSE	TRUE	FALSE
USP35	FALSE	TRUE	FALSE
TBC1D32	FALSE	TRUE	FALSE
ZSWIM4	FALSE	TRUE	FALSE
SLC6A17	FALSE	TRUE	FALSE
NPTX2	FALSE	TRUE	FALSE
RIMS4	FALSE	TRUE	FALSE
ZNF524	FALSE	TRUE	FALSE
ASRGL1	FALSE	TRUE	FALSE
HCFC1R1	FALSE	TRUE	FALSE
NIBAN2	FALSE	TRUE	FALSE
PHOSPHO2	FALSE	TRUE	FALSE
ZNF707	FALSE	TRUE	FALSE
GSTT1	FALSE	TRUE	FALSE
DDIT4L	FALSE	TRUE	FALSE
ATP10A	FALSE	TRUE	FALSE
DENND5B	FALSE	TRUE	FALSE
NPTX1	FALSE	TRUE	FALSE
ZNF511	FALSE	TRUE	FALSE
WDR24	FALSE	TRUE	FALSE
MAFG-DT	FALSE	TRUE	FALSE
ARSK	FALSE	TRUE	FALSE
FN3K	FALSE	TRUE	FALSE
STK16	FALSE	TRUE	FALSE
FUT1	FALSE	TRUE	FALSE
JOSD2	FALSE	TRUE	FALSE
YJU2	FALSE	TRUE	FALSE
GPC2	FALSE	TRUE	FALSE
PRELID2	FALSE	TRUE	FALSE
GYPC	FALSE	TRUE	FALSE
HSPA12A	FALSE	TRUE	FALSE
SIL1	FALSE	TRUE	FALSE
CDR2L	FALSE	TRUE	FALSE
LINC00174	FALSE	TRUE	FALSE
SNHG7	FALSE	TRUE	FALSE
RNF227	FALSE	TRUE	FALSE
C6orf226	FALSE	TRUE	FALSE
ZNF593	FALSE	TRUE	FALSE
PHLDB3	FALSE	TRUE	FALSE
PRR7-AS1	FALSE	TRUE	FALSE
MIR4453HG	FALSE	TRUE	FALSE
RRAS	FALSE	TRUE	FALSE
CAMKK1	FALSE	TRUE	FALSE
CKMT2-AS1	FALSE	TRUE	FALSE
FGF9	FALSE	TRUE	FALSE
CEP170B	FALSE	TRUE	FALSE
METRN	FALSE	TRUE	FALSE
TMEM175	FALSE	TRUE	FALSE
TCEA2	FALSE	TRUE	FALSE
HCN3	FALSE	TRUE	FALSE
ZNF837	FALSE	TRUE	FALSE
RRP7BP	FALSE	TRUE	FALSE
TNFRSF14	FALSE	TRUE	FALSE
ZNF865	FALSE	TRUE	FALSE
ZFPM2	FALSE	TRUE	FALSE
ARHGAP45	FALSE	TRUE	FALSE
MBD3	FALSE	TRUE	FALSE
CCDC102A	FALSE	TRUE	FALSE
CCDC12	FALSE	TRUE	FALSE
VASH1	FALSE	TRUE	FALSE
MAPK8IP3	FALSE	TRUE	FALSE
C19orf71	FALSE	TRUE	FALSE
GLI4	FALSE	TRUE	FALSE
HYAL2	FALSE	TRUE	FALSE
CHCHD6	FALSE	TRUE	FALSE
SLC2A8	FALSE	TRUE	FALSE
MNX1	FALSE	TRUE	TRUE
NFATC1	FALSE	TRUE	FALSE
COL18A1	FALSE	TRUE	FALSE
SYN3	FALSE	TRUE	FALSE
LINC00899	FALSE	TRUE	FALSE
SLIT1	FALSE	TRUE	FALSE
SPAG4	FALSE	TRUE	FALSE
HHIP-AS1	FALSE	TRUE	FALSE
LIMS2	FALSE	TRUE	FALSE
PRCD	FALSE	TRUE	FALSE
LOC105373878	FALSE	TRUE	FALSE
ATP5F1D	FALSE	TRUE	FALSE
GAA	FALSE	TRUE	FALSE
PARM1	FALSE	TRUE	FALSE
LOC100287042	FALSE	TRUE	FALSE
SLC27A4	FALSE	TRUE	FALSE
E4F1	FALSE	TRUE	FALSE
SGSH	FALSE	TRUE	FALSE
IL27RA	FALSE	TRUE	TRUE
FOXL2NB	FALSE	TRUE	FALSE
TSR3	FALSE	TRUE	FALSE
MHENCR	FALSE	TRUE	FALSE
LOC106699570	FALSE	TRUE	FALSE
GADD45G	FALSE	TRUE	FALSE
TUB	FALSE	TRUE	FALSE
SMIM29	FALSE	TRUE	FALSE
FAM174C	FALSE	TRUE	FALSE
GSG1L	FALSE	TRUE	FALSE
ADAMTSL5	FALSE	TRUE	TRUE
PRICKLE4	FALSE	TRUE	FALSE
ERICH5	FALSE	TRUE	FALSE
ELOB	FALSE	TRUE	FALSE
DVL1	FALSE	TRUE	FALSE
PRADC1	FALSE	TRUE	FALSE
DST-AS1	FALSE	TRUE	FALSE
SLC22A4	FALSE	TRUE	FALSE
FGD5	FALSE	TRUE	FALSE
MPG	FALSE	TRUE	FALSE
NXPH4	FALSE	TRUE	FALSE
R3HDM4	FALSE	TRUE	FALSE
NCKAP5L	FALSE	TRUE	FALSE
MALINC1	FALSE	TRUE	FALSE
ZNF205	FALSE	TRUE	FALSE
PLAAT3	FALSE	TRUE	FALSE
SH3RF3-AS1	FALSE	TRUE	FALSE
BOP1	FALSE	TRUE	FALSE
LOC646471	FALSE	TRUE	FALSE
PCDHB2	FALSE	TRUE	FALSE
GPC3	FALSE	TRUE	FALSE
APC2	FALSE	TRUE	FALSE
RASD1	FALSE	TRUE	FALSE
RAB6B	FALSE	TRUE	TRUE
REEP4	FALSE	TRUE	FALSE
HOMER2	FALSE	TRUE	FALSE
LOC100652758	FALSE	TRUE	FALSE
MAST3	FALSE	TRUE	FALSE
WDR86-AS1	FALSE	TRUE	FALSE
RAB11B-AS1	FALSE	TRUE	FALSE
KIF7	FALSE	TRUE	FALSE
IL11RA	FALSE	TRUE	FALSE
SPSB2	FALSE	TRUE	FALSE
MTUS2	FALSE	TRUE	FALSE
COMT	FALSE	TRUE	FALSE
TRPV1	FALSE	TRUE	FALSE
SIGLEC10	FALSE	TRUE	FALSE
ZNRD2	FALSE	TRUE	FALSE
SNX8	FALSE	TRUE	FALSE
LOC100507437	FALSE	TRUE	FALSE
LILRA6	FALSE	TRUE	FALSE
SPOCK1	FALSE	TRUE	FALSE
POLR2J	FALSE	TRUE	FALSE
CADM4	FALSE	TRUE	TRUE
TMEM255B	FALSE	TRUE	FALSE
GPR132	FALSE	TRUE	FALSE
C2orf72	FALSE	TRUE	FALSE
SAP30L-AS1	FALSE	TRUE	FALSE
COL5A2	FALSE	TRUE	FALSE
CFAP410	FALSE	TRUE	FALSE
CAPN15	FALSE	TRUE	FALSE
TSPAN33	FALSE	TRUE	FALSE
EPHB6	FALSE	TRUE	FALSE
BRD1	FALSE	TRUE	FALSE
SEPTIN3	FALSE	TRUE	FALSE
PCSK7	FALSE	TRUE	FALSE
GIPC1	FALSE	TRUE	FALSE
ARMC7	FALSE	TRUE	FALSE
PLEKHH1	FALSE	TRUE	FALSE
HOXA13	FALSE	TRUE	FALSE
KCNK13	FALSE	TRUE	FALSE
SPTB	FALSE	TRUE	FALSE
LAMC3	FALSE	TRUE	FALSE
TMEM191C	FALSE	TRUE	FALSE
ZNF433-AS1	FALSE	TRUE	FALSE
CRIP2	FALSE	TRUE	FALSE
PRR12	FALSE	TRUE	FALSE
SP9	FALSE	TRUE	FALSE
SLC29A4	FALSE	TRUE	FALSE
DACT1	FALSE	TRUE	FALSE
AP1S2	FALSE	TRUE	FALSE
CORO7	FALSE	TRUE	FALSE
SMIM3	FALSE	TRUE	FALSE
SH3BP5	FALSE	TRUE	FALSE
AATBC	FALSE	TRUE	FALSE
BOC	FALSE	TRUE	FALSE
IER5L	FALSE	TRUE	FALSE
EFEMP2	FALSE	TRUE	FALSE
CROCCP3	FALSE	TRUE	FALSE
ALOX12	FALSE	TRUE	FALSE
ALKBH4	FALSE	TRUE	FALSE
SMIM4	FALSE	TRUE	FALSE
AJM1	FALSE	TRUE	FALSE
FAM169A	FALSE	TRUE	FALSE
LOC729737	FALSE	TRUE	FALSE
ST6GALNAC4	FALSE	TRUE	FALSE
EPS8L1	FALSE	TRUE	FALSE
C2orf81	FALSE	TRUE	FALSE
GLYCTK	FALSE	TRUE	FALSE
LOC257396	FALSE	TRUE	FALSE
ANO7	FALSE	TRUE	FALSE
FAM53B	FALSE	TRUE	FALSE
SMDT1	FALSE	TRUE	FALSE
PAK3	FALSE	TRUE	FALSE
TXNDC5	FALSE	TRUE	FALSE
LRRC37A2	FALSE	TRUE	FALSE
THOC6	FALSE	TRUE	FALSE
TBC1D8-AS1	FALSE	TRUE	FALSE
NOC4L	FALSE	TRUE	FALSE
MORN2	FALSE	TRUE	FALSE
MTG1	FALSE	TRUE	FALSE
LRRC6	FALSE	TRUE	FALSE
SYTL1	FALSE	TRUE	FALSE
TMCC1-AS1	FALSE	TRUE	FALSE
SYNGAP1	FALSE	TRUE	FALSE
MON1A	FALSE	TRUE	FALSE
PTPRE	FALSE	TRUE	FALSE
SPATA6	FALSE	TRUE	FALSE
GPC6	FALSE	TRUE	FALSE
NEB	FALSE	TRUE	FALSE
CYB561D2	FALSE	TRUE	FALSE
SMOC2	FALSE	TRUE	FALSE
SNORD104	FALSE	TRUE	FALSE
ADAM19	FALSE	TRUE	FALSE
SMPD3	FALSE	TRUE	FALSE
HSD17B14	FALSE	TRUE	FALSE
KLF12	FALSE	TRUE	FALSE
VIM-AS1	FALSE	TRUE	FALSE
DPP7	FALSE	TRUE	FALSE
E2F2	FALSE	TRUE	FALSE
ANTKMT	FALSE	TRUE	FALSE
CLIC3	FALSE	TRUE	FALSE
NDUFA11	FALSE	TRUE	FALSE
PPP1R14B-AS1	FALSE	TRUE	FALSE
NOVA2	FALSE	TRUE	FALSE
H1FX-AS1	FALSE	TRUE	FALSE
SLC4A2	FALSE	TRUE	FALSE
ATPAF2	FALSE	TRUE	FALSE
FAM86EP	FALSE	TRUE	FALSE
LRGUK	FALSE	TRUE	FALSE
NCOR2	FALSE	TRUE	FALSE
ZNHIT2	FALSE	TRUE	FALSE
FBXL14	FALSE	TRUE	FALSE
TMEM45A	FALSE	TRUE	FALSE
MTLN	FALSE	TRUE	FALSE
HERC2P9	FALSE	TRUE	FALSE
RHOG	FALSE	TRUE	FALSE
LINC02021	FALSE	TRUE	FALSE
CORO1B	FALSE	TRUE	FALSE
ZFPM1	FALSE	TRUE	FALSE
PCSK4	FALSE	TRUE	FALSE
PEMT	FALSE	TRUE	FALSE
SPHK2	FALSE	TRUE	FALSE
LCN12	FALSE	TRUE	FALSE
PROB1	FALSE	TRUE	FALSE
CACNA1B	FALSE	TRUE	FALSE
RTN4R	FALSE	TRUE	FALSE
C17orf100	FALSE	TRUE	FALSE
CYYR1	FALSE	TRUE	FALSE
HSPBP1	FALSE	TRUE	FALSE
JMJD7	FALSE	TRUE	FALSE
ADGRB2	FALSE	TRUE	FALSE
GRAMD1B	FALSE	TRUE	FALSE
B3GAT1	FALSE	TRUE	FALSE
CRACR2B	FALSE	TRUE	FALSE
GPRC5D-AS1	FALSE	TRUE	FALSE
WASH7P	FALSE	TRUE	FALSE
LOC105374952	FALSE	TRUE	FALSE
KCNQ1	FALSE	TRUE	FALSE
MAP3K10	FALSE	TRUE	FALSE
CA10	FALSE	TRUE	FALSE
HSF1	FALSE	TRUE	FALSE
SDHAP3	FALSE	TRUE	FALSE
ADAMTS17	FALSE	TRUE	FALSE
LRFN1	FALSE	TRUE	FALSE
ARID5A	FALSE	TRUE	FALSE
LRWD1	FALSE	TRUE	FALSE
DLX6-AS1	FALSE	TRUE	FALSE
OBSCN-AS1	FALSE	TRUE	FALSE
TAPT1-AS1	FALSE	TRUE	FALSE
INPP5E	FALSE	TRUE	FALSE
TSPAN4	FALSE	TRUE	FALSE
SNHG25	FALSE	TRUE	FALSE
FCGRT	FALSE	TRUE	TRUE
IKZF1	FALSE	TRUE	FALSE
TENM2	FALSE	TRUE	FALSE
CPSF1	FALSE	TRUE	FALSE
DAAM2	FALSE	TRUE	FALSE
RGMB-AS1	FALSE	TRUE	FALSE
C15orf62	FALSE	TRUE	FALSE
FAM201A	FALSE	TRUE	FALSE
DNAAF3	FALSE	TRUE	FALSE
MAP1S	FALSE	TRUE	FALSE
SIVA1	FALSE	TRUE	FALSE
UNC80	FALSE	TRUE	FALSE
C17orf97	FALSE	TRUE	FALSE
FKBP8	FALSE	TRUE	FALSE
LMNTD2	FALSE	TRUE	FALSE
ARHGAP33	FALSE	TRUE	FALSE
L3MBTL1	FALSE	TRUE	FALSE
KDM4B	FALSE	TRUE	FALSE
PRR5	FALSE	TRUE	FALSE
MAPK12	FALSE	TRUE	FALSE
PICART1	FALSE	TRUE	FALSE
RAB43	FALSE	TRUE	FALSE
PDCD6IPP2	FALSE	TRUE	FALSE
SRSF12	FALSE	TRUE	FALSE
MIEF2	FALSE	TRUE	FALSE
SLC6A9	FALSE	TRUE	FALSE
REEP2	FALSE	TRUE	FALSE
H2BC9	FALSE	TRUE	FALSE
MED25	FALSE	TRUE	FALSE
RPL18A	FALSE	TRUE	FALSE
LINC00239	FALSE	TRUE	FALSE
LPP-AS2	FALSE	TRUE	FALSE
FAM71F2	FALSE	TRUE	FALSE
IDUA	FALSE	TRUE	FALSE
INAFM1	FALSE	TRUE	FALSE
LUCAT1	FALSE	TRUE	FALSE
LINC01137	FALSE	TRUE	FALSE
SULT4A1	FALSE	TRUE	FALSE
COPE	FALSE	TRUE	FALSE
GBX2	FALSE	TRUE	FALSE
KCNJ2-AS1	FALSE	TRUE	FALSE
SIK1	FALSE	TRUE	FALSE
DYRK1B	FALSE	TRUE	FALSE
TEX45	FALSE	TRUE	FALSE
PRSS53	FALSE	TRUE	FALSE
BBC3	FALSE	TRUE	FALSE
PIAS4	FALSE	TRUE	FALSE
ECI1	FALSE	TRUE	FALSE
MICA-AS1	FALSE	TRUE	FALSE
EXD3	FALSE	TRUE	TRUE
DLX2	FALSE	TRUE	FALSE
ZNF598	FALSE	TRUE	FALSE
AGAP2-AS1	FALSE	TRUE	FALSE
TMEM160	FALSE	TRUE	FALSE
ZNF682	FALSE	TRUE	FALSE
RARA	FALSE	TRUE	FALSE
SCOC-AS1	FALSE	TRUE	FALSE
MSH4	FALSE	TRUE	FALSE
UCKL1-AS1	FALSE	TRUE	FALSE
PIK3CD-AS2	FALSE	TRUE	FALSE
SLC9A3R2	FALSE	TRUE	FALSE
GARS-DT	FALSE	TRUE	FALSE
KMT2E-AS1	FALSE	TRUE	FALSE
TEDC2	FALSE	TRUE	FALSE
FBF1	FALSE	TRUE	FALSE
NDRG2	FALSE	TRUE	FALSE
SYNPO	FALSE	TRUE	FALSE
HBQ1	FALSE	TRUE	FALSE
GPR135	FALSE	TRUE	FALSE
BMP8A	FALSE	TRUE	FALSE
TNFAIP8L3	FALSE	TRUE	FALSE
DERL3	FALSE	TRUE	FALSE
TMEM74B	FALSE	TRUE	FALSE
SHF	FALSE	TRUE	FALSE
LINC01671	FALSE	TRUE	FALSE
CAMK2N2	FALSE	TRUE	TRUE
NRG2	FALSE	TRUE	FALSE
ZNF763	FALSE	TRUE	FALSE
GAB1	FALSE	TRUE	FALSE
LINC02014	FALSE	TRUE	FALSE
CCKBR	FALSE	TRUE	FALSE
ANKDD1A	FALSE	TRUE	FALSE
CDHR1	FALSE	TRUE	FALSE
AMZ1	FALSE	TRUE	FALSE
LOC100128340	FALSE	TRUE	FALSE
LOC105371267	FALSE	TRUE	FALSE
SMAD6	FALSE	TRUE	FALSE
CLBA1	FALSE	TRUE	FALSE
ZSCAN16-AS1	FALSE	TRUE	FALSE
LOC100288748	FALSE	TRUE	FALSE
PIK3R5	FALSE	TRUE	FALSE
DPYSL5	FALSE	TRUE	FALSE
TAS2R5	FALSE	TRUE	FALSE
SPRY4-IT1	FALSE	TRUE	FALSE
ZNF70	FALSE	TRUE	FALSE
ITGA9	FALSE	TRUE	FALSE
HECW2	FALSE	TRUE	FALSE
OGFOD2	FALSE	TRUE	FALSE
LINC01530	FALSE	TRUE	FALSE
PRKRIP1	FALSE	TRUE	FALSE
PLCB2	FALSE	TRUE	FALSE
PPP1R37	FALSE	TRUE	FALSE
YTHDF3-AS1	FALSE	TRUE	FALSE
CAPS	FALSE	TRUE	FALSE
SHC3	FALSE	TRUE	FALSE
PIP5K1B	FALSE	TRUE	FALSE
DPF1	FALSE	TRUE	FALSE
ARRDC3-AS1	FALSE	TRUE	FALSE
KDM8	FALSE	TRUE	FALSE
SAP25	FALSE	TRUE	FALSE
TRPM2-AS	FALSE	TRUE	FALSE
ZNF653	FALSE	TRUE	FALSE
PCDHA3	FALSE	TRUE	FALSE
R3HCC1	FALSE	TRUE	FALSE
LOC100653233	FALSE	TRUE	FALSE
NFKBIL1	FALSE	TRUE	FALSE
ACAP1	FALSE	TRUE	FALSE
RHPN1	FALSE	TRUE	FALSE
ADARB2	FALSE	TRUE	FALSE
ATP2A1-AS1	FALSE	TRUE	FALSE
FMC1	FALSE	TRUE	FALSE
FNTB	FALSE	TRUE	FALSE
ZBTB42	FALSE	TRUE	FALSE
DUSP8	FALSE	TRUE	FALSE
TMEM91	FALSE	TRUE	FALSE
ALG1L2	FALSE	TRUE	FALSE
TMEM86B	FALSE	TRUE	FALSE
ZNF213-AS1	FALSE	TRUE	FALSE
FLYWCH2	FALSE	TRUE	FALSE
DNAJC28	FALSE	TRUE	FALSE
ZNF433	FALSE	TRUE	FALSE
C1QTNF2	FALSE	TRUE	FALSE
LOC101928069	FALSE	TRUE	FALSE
TTN-AS1	FALSE	TRUE	FALSE
EMILIN1	FALSE	TRUE	FALSE
ATP8B3	FALSE	TRUE	FALSE
ANGPTL6	FALSE	TRUE	TRUE
TWIST2	FALSE	TRUE	FALSE
TMC6	FALSE	TRUE	FALSE
PRRT3	FALSE	TRUE	FALSE
LINC00680	FALSE	TRUE	FALSE
LINC02610	FALSE	TRUE	FALSE
KIF17	FALSE	TRUE	TRUE
RUNX1T1	FALSE	TRUE	FALSE
YBEY	FALSE	TRUE	FALSE
SNORD139	FALSE	TRUE	FALSE
NTF3	FALSE	TRUE	FALSE
ZNF688	FALSE	TRUE	FALSE
LINC01234	FALSE	TRUE	FALSE
CARMIL2	FALSE	TRUE	FALSE
ENDOG	FALSE	TRUE	FALSE
CFAP70	FALSE	TRUE	FALSE
TNRC6C	FALSE	TRUE	FALSE
C9orf16	FALSE	TRUE	FALSE
LOC102723672	FALSE	TRUE	FALSE
CPNE7	FALSE	TRUE	FALSE
DNLZ	FALSE	TRUE	TRUE
ROCK1P1	FALSE	TRUE	FALSE
CHMP3	FALSE	TRUE	FALSE
SPATA24	FALSE	TRUE	FALSE
SEC14L4	FALSE	TRUE	FALSE
KHK	FALSE	TRUE	FALSE
SIX5	FALSE	TRUE	FALSE
LINC01776	FALSE	TRUE	FALSE
KCNC3	FALSE	TRUE	FALSE
ZFP2	FALSE	TRUE	FALSE
THAP3	FALSE	TRUE	FALSE
CROCC	FALSE	TRUE	FALSE
PRKAR2A-AS1	FALSE	TRUE	FALSE
SLC25A53	FALSE	TRUE	FALSE
ASAP3	FALSE	TRUE	TRUE
LINC01560	FALSE	TRUE	FALSE
LOC730234	FALSE	TRUE	FALSE
BSG	FALSE	TRUE	FALSE
PIK3R6	FALSE	TRUE	FALSE
LINC01521	FALSE	TRUE	FALSE
SLC5A4-AS1	FALSE	TRUE	FALSE
NUBP1	FALSE	TRUE	FALSE
LINC01559	FALSE	TRUE	FALSE
ADAMTS14	FALSE	TRUE	FALSE
DAGLA	FALSE	TRUE	FALSE
FAM222A	FALSE	TRUE	FALSE
FCSK	FALSE	TRUE	FALSE
TXK	FALSE	TRUE	FALSE
KIAA0319	FALSE	TRUE	FALSE
GPAA1	FALSE	TRUE	FALSE
ZNF345	FALSE	TRUE	FALSE
C5orf46	FALSE	TRUE	FALSE
CITED4	FALSE	TRUE	FALSE
LOC283028	FALSE	TRUE	FALSE
HOXB8	FALSE	TRUE	FALSE
H3C10	FALSE	TRUE	FALSE
APCDD1	FALSE	TRUE	FALSE
BANP	FALSE	TRUE	FALSE
TIE1	FALSE	TRUE	FALSE
ZDHHC11B	FALSE	TRUE	FALSE
NKAIN4	FALSE	TRUE	FALSE
BOLA2B	FALSE	TRUE	FALSE
ARID3A	FALSE	TRUE	FALSE
BTBD9	FALSE	TRUE	FALSE
RALY-AS1	FALSE	TRUE	FALSE
ZNF786	FALSE	TRUE	FALSE
LINC00858	FALSE	TRUE	FALSE
H2AC8	FALSE	TRUE	FALSE
LOC155060	FALSE	TRUE	FALSE
IQUB	FALSE	TRUE	FALSE
TEX15	FALSE	TRUE	FALSE
KIAA1671-AS1	FALSE	TRUE	FALSE
PPAN	FALSE	TRUE	FALSE
C8orf58	FALSE	TRUE	FALSE
FLRT1	FALSE	TRUE	FALSE
ZDHHC1	FALSE	TRUE	FALSE
RGMA	FALSE	TRUE	FALSE
H2BC8	FALSE	TRUE	FALSE
TMEM9B-AS1	FALSE	TRUE	FALSE
TNK2-AS1	FALSE	TRUE	FALSE
CTBP1-AS	FALSE	TRUE	FALSE
PCDH9	FALSE	TRUE	FALSE
ZNF296	FALSE	TRUE	FALSE
ISG15	FALSE	TRUE	FALSE
CDH11	FALSE	TRUE	FALSE
CRABP1	FALSE	TRUE	FALSE
URAHP	FALSE	TRUE	FALSE
CDPF1	FALSE	TRUE	FALSE
SDSL	FALSE	TRUE	FALSE
LOC100996842	FALSE	TRUE	FALSE
SYT5	FALSE	TRUE	FALSE
EPB41L4A-DT	FALSE	TRUE	FALSE
MASP2	FALSE	TRUE	FALSE
WASH3P	FALSE	TRUE	FALSE
KCTD16	FALSE	TRUE	FALSE
IQSEC2	FALSE	TRUE	FALSE
FZD2	FALSE	TRUE	FALSE
COLEC12	FALSE	TRUE	FALSE
LINC01963	FALSE	TRUE	FALSE
AK8	FALSE	TRUE	FALSE
FUT8-AS1	FALSE	TRUE	FALSE
ESYT3	FALSE	TRUE	FALSE
SLC23A3	FALSE	TRUE	FALSE
TEPSIN	FALSE	TRUE	FALSE
FRS3	FALSE	TRUE	FALSE
C16orf71	FALSE	TRUE	FALSE
LINC01366	FALSE	TRUE	FALSE
WDFY4	FALSE	TRUE	FALSE
RILP	FALSE	TRUE	FALSE
MAMDC4	FALSE	TRUE	FALSE
ITGAM	FALSE	TRUE	TRUE
CA5BP1	FALSE	TRUE	FALSE
FAM78A	FALSE	TRUE	FALSE
IL32	FALSE	FALSE	TRUE
FLNC	FALSE	FALSE	TRUE
ASB7	FALSE	FALSE	TRUE
SMTN	FALSE	FALSE	TRUE
VWA3B	FALSE	FALSE	TRUE
FAM101A	FALSE	FALSE	TRUE
CLIC4	FALSE	FALSE	TRUE
CCDC80	FALSE	FALSE	TRUE
MEOX1	FALSE	FALSE	TRUE
RAP1GAP2	FALSE	FALSE	TRUE
TRAF1	FALSE	FALSE	TRUE
ABCC9	FALSE	FALSE	TRUE
ALPK2	FALSE	FALSE	TRUE
ANKRD13A	FALSE	FALSE	TRUE
MFAP3L	FALSE	FALSE	TRUE
COL9A2	FALSE	FALSE	TRUE
QPRT	FALSE	FALSE	TRUE
FAM25C	FALSE	FALSE	TRUE
STOM	FALSE	FALSE	TRUE
ACO1	FALSE	FALSE	TRUE
TBC1D9	FALSE	FALSE	TRUE
CORO1C	FALSE	FALSE	TRUE
OPHN1	FALSE	FALSE	TRUE
ATP6V0A4	FALSE	FALSE	TRUE
PSG4	FALSE	FALSE	TRUE
QKI	FALSE	FALSE	TRUE
CFL2	FALSE	FALSE	TRUE
HAUS8	FALSE	FALSE	TRUE
LACTB	FALSE	FALSE	TRUE
BCAT1	FALSE	FALSE	TRUE
SESN2	FALSE	FALSE	TRUE
PRR5L	FALSE	FALSE	TRUE
AMH	FALSE	FALSE	TRUE
OR2W3	FALSE	FALSE	TRUE
SIGLEC15	FALSE	FALSE	TRUE
IGF2BP3	FALSE	FALSE	TRUE
FLRT2	FALSE	FALSE	TRUE
N6AMT1	FALSE	FALSE	TRUE
CYR61	FALSE	FALSE	TRUE
CCDC147	FALSE	FALSE	TRUE
SEMA7A	FALSE	FALSE	TRUE
CLGN	FALSE	FALSE	TRUE
SYCE2	FALSE	FALSE	TRUE
MITF	FALSE	FALSE	TRUE
MSANTD3-TMEFF1	FALSE	FALSE	TRUE
PRRC2B	FALSE	FALSE	TRUE
APOBEC3G	FALSE	FALSE	TRUE
MB21D2	FALSE	FALSE	TRUE
CCRN4L	FALSE	FALSE	TRUE
MALT1	FALSE	FALSE	TRUE
TMEFF1	FALSE	FALSE	TRUE
C9orf37	FALSE	FALSE	TRUE
SUN3	FALSE	FALSE	TRUE
ARID3B	FALSE	FALSE	TRUE
KIAA0513	FALSE	FALSE	TRUE
RAB3B	FALSE	FALSE	TRUE
FAM86C1	FALSE	FALSE	TRUE
DPF2	FALSE	FALSE	TRUE
PCYT1A	FALSE	FALSE	TRUE
UAP1	FALSE	FALSE	TRUE
SLC41A2	FALSE	FALSE	TRUE
TMEM192	FALSE	FALSE	TRUE
DEFB103B	FALSE	FALSE	TRUE
LCK	FALSE	FALSE	TRUE
SAMD4A	FALSE	FALSE	TRUE
RNF185	FALSE	FALSE	TRUE
LRRN4	FALSE	FALSE	TRUE
CHMP5	FALSE	FALSE	TRUE
RP11-447L10.1	FALSE	FALSE	TRUE
TTPAL	FALSE	FALSE	TRUE
RAB11FIP5	FALSE	FALSE	TRUE
KIAA1430	FALSE	FALSE	TRUE
CSRNP2	FALSE	FALSE	TRUE
ALAS1	FALSE	FALSE	TRUE
CCSER2	FALSE	FALSE	TRUE
GPR1	FALSE	FALSE	TRUE
CNTD2	FALSE	FALSE	TRUE
KIAA0922	FALSE	FALSE	TRUE
C5orf45	FALSE	FALSE	TRUE
ARMCX1	FALSE	FALSE	TRUE
SEMA3E	FALSE	FALSE	TRUE
ALOXE3	FALSE	FALSE	TRUE
RBMS2	FALSE	FALSE	TRUE
SLC16A2	FALSE	FALSE	TRUE
ACSL1	FALSE	FALSE	TRUE
PTGR1	FALSE	FALSE	TRUE
GIT2	FALSE	FALSE	TRUE
RPS3A	FALSE	FALSE	TRUE
SBSN	FALSE	FALSE	TRUE
PAWR	FALSE	FALSE	TRUE
NMNAT1	FALSE	FALSE	TRUE
HHLA3	FALSE	FALSE	TRUE
TMEM256-PLSCR3	FALSE	FALSE	TRUE
ZBED2	FALSE	FALSE	TRUE
DEFB4B	FALSE	FALSE	TRUE
NIPAL3	FALSE	FALSE	TRUE
CDYL2	FALSE	FALSE	TRUE
INSIG1	FALSE	FALSE	TRUE
DFNA5	FALSE	FALSE	TRUE
DUSP14	FALSE	FALSE	TRUE
S100PBP	FALSE	FALSE	TRUE
KDM1B	FALSE	FALSE	TRUE
DEFB103A	FALSE	FALSE	TRUE
TRIM58	FALSE	FALSE	TRUE
KRCC1	FALSE	FALSE	TRUE
MME	FALSE	FALSE	TRUE
MSRB2	FALSE	FALSE	TRUE
PODNL1	FALSE	FALSE	TRUE
IL6	FALSE	FALSE	TRUE
C17orf61-PLSCR3	FALSE	FALSE	TRUE
ARHGEF40	FALSE	FALSE	TRUE
DDX60	FALSE	FALSE	TRUE
CHORDC1	FALSE	FALSE	TRUE
HN1	FALSE	FALSE	TRUE
FHL1	FALSE	FALSE	TRUE
KCTD20	FALSE	FALSE	TRUE
SPAG9	FALSE	FALSE	TRUE
MARCO	FALSE	FALSE	TRUE
ZP4	FALSE	FALSE	TRUE
NBR1	FALSE	FALSE	TRUE
ATF3	FALSE	FALSE	TRUE
UQCC2	FALSE	FALSE	TRUE
POLM	FALSE	FALSE	TRUE
REXO4	FALSE	FALSE	TRUE
NLRP3	FALSE	FALSE	TRUE
GFRA1	FALSE	FALSE	TRUE
CBX1	FALSE	FALSE	TRUE
ATP8A2	FALSE	FALSE	TRUE
RASSF8	FALSE	FALSE	TRUE
RAD51B	FALSE	FALSE	TRUE
HDHD1	FALSE	FALSE	TRUE
TCTEX1D2	FALSE	FALSE	TRUE
PPID	FALSE	FALSE	TRUE
OSR2	FALSE	FALSE	TRUE
PAXIP1-AS2	FALSE	FALSE	TRUE
BRD3	FALSE	FALSE	TRUE
PPP1R15A	FALSE	FALSE	TRUE
GIMAP2	FALSE	FALSE	TRUE
RAB39B	FALSE	FALSE	TRUE
CAMSAP1	FALSE	FALSE	TRUE
NEK1	FALSE	FALSE	TRUE
HOXA1	FALSE	FALSE	TRUE
SOCS2	FALSE	FALSE	TRUE
CLDN9	FALSE	FALSE	TRUE
MPI	FALSE	FALSE	TRUE
EEA1	FALSE	FALSE	TRUE
PLCXD1	FALSE	FALSE	TRUE
RELL1	FALSE	FALSE	TRUE
EPB41L2	FALSE	FALSE	TRUE
TNFAIP1	FALSE	FALSE	TRUE
SH3RF1	FALSE	FALSE	TRUE
CTF1	FALSE	FALSE	TRUE
HMGCL	FALSE	FALSE	TRUE
MITD1	FALSE	FALSE	TRUE
FGF2	FALSE	FALSE	TRUE
DNAJB6	FALSE	FALSE	TRUE
ZNF827	FALSE	FALSE	TRUE
DCTD	FALSE	FALSE	TRUE
COPB1	FALSE	FALSE	TRUE
MERTK	FALSE	FALSE	TRUE
COL11A2	FALSE	FALSE	TRUE
AL161784.1	FALSE	FALSE	TRUE
EPOR	FALSE	FALSE	TRUE
MED27	FALSE	FALSE	TRUE
NDUFC1	FALSE	FALSE	TRUE
CKAP4	FALSE	FALSE	TRUE
PRIMPOL	FALSE	FALSE	TRUE
ADAM8	FALSE	FALSE	TRUE
CDC42EP2	FALSE	FALSE	TRUE
ZDHHC18	FALSE	FALSE	TRUE
TRNP1	FALSE	FALSE	TRUE
ITGA5	FALSE	FALSE	TRUE
UGCG	FALSE	FALSE	TRUE
FAM160A1	FALSE	FALSE	TRUE
C20orf141	FALSE	FALSE	TRUE
PALLD	FALSE	FALSE	TRUE
XPA	FALSE	FALSE	TRUE
EEPD1	FALSE	FALSE	TRUE
TP53BP2	FALSE	FALSE	TRUE
ABTB2	FALSE	FALSE	TRUE
LTN1	FALSE	FALSE	TRUE
CPPED1	FALSE	FALSE	TRUE
SLC25A35	FALSE	FALSE	TRUE
LAMP3	FALSE	FALSE	TRUE
TFE3	FALSE	FALSE	TRUE
SAP30	FALSE	FALSE	TRUE
KISS1	FALSE	FALSE	TRUE
CREB5	FALSE	FALSE	TRUE
PARP3	FALSE	FALSE	TRUE
TMEM14C	FALSE	FALSE	TRUE
PANX1	FALSE	FALSE	TRUE
CTSO	FALSE	FALSE	TRUE
RWDD2B	FALSE	FALSE	TRUE
IRF2	FALSE	FALSE	TRUE
NEU1	FALSE	FALSE	TRUE
SMPD1	FALSE	FALSE	TRUE
PTPN14	FALSE	FALSE	TRUE
CEP170	FALSE	FALSE	TRUE
FYN	FALSE	FALSE	TRUE
FBXO8	FALSE	FALSE	TRUE
HMGN3	FALSE	FALSE	TRUE
GLTP	FALSE	FALSE	TRUE
CEP19	FALSE	FALSE	TRUE
SACS	FALSE	FALSE	TRUE
C16orf72	FALSE	FALSE	TRUE
MSANTD3	FALSE	FALSE	TRUE
TMEM131	FALSE	FALSE	TRUE
CSF2RA	FALSE	FALSE	TRUE
CASP3	FALSE	FALSE	TRUE
TRIO	FALSE	FALSE	TRUE
SPRED3	FALSE	FALSE	TRUE
RAB38	FALSE	FALSE	TRUE
ABL1	FALSE	FALSE	TRUE
CCDC3	FALSE	FALSE	TRUE
IFI27L2	FALSE	FALSE	TRUE
SLC14A2	FALSE	FALSE	TRUE
NUP214	FALSE	FALSE	TRUE
IFI35	FALSE	FALSE	TRUE
SCML1	FALSE	FALSE	TRUE
ZNF425	FALSE	FALSE	TRUE
SH2D5	FALSE	FALSE	TRUE
HMGB2	FALSE	FALSE	TRUE
PAK1	FALSE	FALSE	TRUE
CLIP2	FALSE	FALSE	TRUE
AL035406.1	FALSE	FALSE	TRUE
NFX1	FALSE	FALSE	TRUE
LRCH2	FALSE	FALSE	TRUE
CD8A	FALSE	FALSE	TRUE
C9orf40	FALSE	FALSE	TRUE
C4orf27	FALSE	FALSE	TRUE
INA	FALSE	FALSE	TRUE
RAD50	FALSE	FALSE	TRUE
PPP1R18	FALSE	FALSE	TRUE
GSDMA	FALSE	FALSE	TRUE
TMA16	FALSE	FALSE	TRUE
NR2F2	FALSE	FALSE	TRUE
PGM3	FALSE	FALSE	TRUE
KRTAP2-3	FALSE	FALSE	TRUE
ADAMTS6	FALSE	FALSE	TRUE
NAGK	FALSE	FALSE	TRUE
ENAH	FALSE	FALSE	TRUE
SMARCA5	FALSE	FALSE	TRUE
ZNF330	FALSE	FALSE	TRUE
OSTM1	FALSE	FALSE	TRUE
PDE2A	FALSE	FALSE	TRUE
PRAF2	FALSE	FALSE	TRUE
FAM220A	FALSE	FALSE	TRUE
WWC2	FALSE	FALSE	TRUE
STX3	FALSE	FALSE	TRUE
DUSP3	FALSE	FALSE	TRUE
RRAS2	FALSE	FALSE	TRUE
TMEM229B	FALSE	FALSE	TRUE
RP13-279N23.2	FALSE	FALSE	TRUE
MAP9	FALSE	FALSE	TRUE
SELPLG	FALSE	FALSE	TRUE
PLEKHM1	FALSE	FALSE	TRUE
HMOX2	FALSE	FALSE	TRUE
FOXN3	FALSE	FALSE	TRUE
PLA2G4C	FALSE	FALSE	TRUE
ZCCHC7	FALSE	FALSE	TRUE
BACH1	FALSE	FALSE	TRUE
ZBTB4	FALSE	FALSE	TRUE
RTN4IP1	FALSE	FALSE	TRUE
NANS	FALSE	FALSE	TRUE
RAB42	FALSE	FALSE	TRUE
SNAPC1	FALSE	FALSE	TRUE
PRDM1	FALSE	FALSE	TRUE
DIS3L	FALSE	FALSE	TRUE
ERICH2	FALSE	FALSE	TRUE
MYEF2	FALSE	FALSE	TRUE
CPED1	FALSE	FALSE	TRUE
TRIM55	FALSE	FALSE	TRUE
LOXL2	FALSE	FALSE	TRUE
ZFP36L1	FALSE	FALSE	TRUE
DDO	FALSE	FALSE	TRUE
MLF1IP	FALSE	FALSE	TRUE
IFT20	FALSE	FALSE	TRUE
GTF2H1	FALSE	FALSE	TRUE
RHEBL1	FALSE	FALSE	TRUE
SSR3	FALSE	FALSE	TRUE
HMGA2	FALSE	FALSE	TRUE
UST	FALSE	FALSE	TRUE
RWDD2A	FALSE	FALSE	TRUE
TPRA1	FALSE	FALSE	TRUE
GADD45A	FALSE	FALSE	TRUE
PPARD	FALSE	FALSE	TRUE
IFI6	FALSE	FALSE	TRUE
CCR10	FALSE	FALSE	TRUE
RFTN1	FALSE	FALSE	TRUE
POMT1	FALSE	FALSE	TRUE
ANXA5	FALSE	FALSE	TRUE
MSMO1	FALSE	FALSE	TRUE
AP001816.1	FALSE	FALSE	TRUE
SOD2	FALSE	FALSE	TRUE
TBPL1	FALSE	FALSE	TRUE
ATPIF1	FALSE	FALSE	TRUE
SNAP23	FALSE	FALSE	TRUE
CD37	FALSE	FALSE	TRUE
TIPARP	FALSE	FALSE	TRUE
PLRG1	FALSE	FALSE	TRUE
ATL3	FALSE	FALSE	TRUE
DNAJB5	FALSE	FALSE	TRUE
BLZF1	FALSE	FALSE	TRUE
DAPK1	FALSE	FALSE	TRUE
PPP2R3A	FALSE	FALSE	TRUE
TGFBR3	FALSE	FALSE	TRUE
ZMIZ1	FALSE	FALSE	TRUE
CA8	FALSE	FALSE	TRUE
ERC1	FALSE	FALSE	TRUE
AJUBA	FALSE	FALSE	TRUE
FNIP2	FALSE	FALSE	TRUE
RGS10	FALSE	FALSE	TRUE
LDLRAD2	FALSE	FALSE	TRUE
GRIP1	FALSE	FALSE	TRUE
AC009403.2	FALSE	FALSE	TRUE
SIM2	FALSE	FALSE	TRUE
NBPF1	FALSE	FALSE	TRUE
TMEM184C	FALSE	FALSE	TRUE
AC092675.3	FALSE	FALSE	TRUE
MTR	FALSE	FALSE	TRUE
ING2	FALSE	FALSE	TRUE
PTER	FALSE	FALSE	TRUE
LBX2	FALSE	FALSE	TRUE
IL10RB	FALSE	FALSE	TRUE
HSCB	FALSE	FALSE	TRUE
NIPSNAP1	FALSE	FALSE	TRUE
TAF12	FALSE	FALSE	TRUE
UBE2V2	FALSE	FALSE	TRUE
YIF1A	FALSE	FALSE	TRUE
DPH7	FALSE	FALSE	TRUE
DIP2B	FALSE	FALSE	TRUE
CDC42BPA	FALSE	FALSE	TRUE
NAA15	FALSE	FALSE	TRUE
MOSPD1	FALSE	FALSE	TRUE
AL603965.1	FALSE	FALSE	TRUE
MLF1	FALSE	FALSE	TRUE
COL12A1	FALSE	FALSE	TRUE
RP11-664I21.6	FALSE	FALSE	TRUE
MPP5	FALSE	FALSE	TRUE
BMPER	FALSE	FALSE	TRUE
DDX58	FALSE	FALSE	TRUE
BATF2	FALSE	FALSE	TRUE
ALOX5AP	FALSE	FALSE	TRUE
AP5B1	FALSE	FALSE	TRUE
EMP3	FALSE	FALSE	TRUE
C19orf66	FALSE	FALSE	TRUE
BIRC3	FALSE	FALSE	TRUE
SMARCA1	FALSE	FALSE	TRUE
RP11-508N12.4	FALSE	FALSE	TRUE
CCDC53	FALSE	FALSE	TRUE
SLC51A	FALSE	FALSE	TRUE
HIPK2	FALSE	FALSE	TRUE
SOAT1	FALSE	FALSE	TRUE
IL23A	FALSE	FALSE	TRUE
USP11	FALSE	FALSE	TRUE
CNTNAP1	FALSE	FALSE	TRUE
INHBA	FALSE	FALSE	TRUE
PXK	FALSE	FALSE	TRUE
APOBEC3B	FALSE	FALSE	TRUE
RAPGEF2	FALSE	FALSE	TRUE
KRTAP2-4	FALSE	FALSE	TRUE
STARD13	FALSE	FALSE	TRUE
PGAM2	FALSE	FALSE	TRUE
CCDC136	FALSE	FALSE	TRUE
GLIPR2	FALSE	FALSE	TRUE
RWDD4	FALSE	FALSE	TRUE
STRADB	FALSE	FALSE	TRUE
RAD54L2	FALSE	FALSE	TRUE
SH3BGR	FALSE	FALSE	TRUE
MSRB1	FALSE	FALSE	TRUE
SCCPDH	FALSE	FALSE	TRUE
MRPL45	FALSE	FALSE	TRUE
CBR4	FALSE	FALSE	TRUE
GUCY1B3	FALSE	FALSE	TRUE
HPS5	FALSE	FALSE	TRUE
C4orf19	FALSE	FALSE	TRUE
SCAF4	FALSE	FALSE	TRUE
EFR3B	FALSE	FALSE	TRUE
C17orf96	FALSE	FALSE	TRUE
OGFRL1	FALSE	FALSE	TRUE
SEC23A	FALSE	FALSE	TRUE
C9orf172	FALSE	FALSE	TRUE
SYTL3	FALSE	FALSE	TRUE
C6orf1	FALSE	FALSE	TRUE
PRAME	FALSE	FALSE	TRUE
NUAK1	FALSE	FALSE	TRUE
PPP2R5B	FALSE	FALSE	TRUE
DDAH1	FALSE	FALSE	TRUE
RP11-155D18.14	FALSE	FALSE	TRUE
GSK3B	FALSE	FALSE	TRUE
CREB3L2	FALSE	FALSE	TRUE
WIPI1	FALSE	FALSE	TRUE
C9orf9	FALSE	FALSE	TRUE
NMNAT2	FALSE	FALSE	TRUE
RGS9	FALSE	FALSE	TRUE
FAM117A	FALSE	FALSE	TRUE
PDZK1	FALSE	FALSE	TRUE
SCOC	FALSE	FALSE	TRUE
RAP1B	FALSE	FALSE	TRUE
USP53	FALSE	FALSE	TRUE
NPB	FALSE	FALSE	TRUE
SLC43A3	FALSE	FALSE	TRUE
TMSB15A	FALSE	FALSE	TRUE
SMS	FALSE	FALSE	TRUE
NAV3	FALSE	FALSE	TRUE
TATDN3	FALSE	FALSE	TRUE
RP11-872D17.8	FALSE	FALSE	TRUE
CAMSAP2	FALSE	FALSE	TRUE
ARHGAP31	FALSE	FALSE	TRUE
HSF2BP	FALSE	FALSE	TRUE
PPP2R5E	FALSE	FALSE	TRUE
RP11-1099M24.7	FALSE	FALSE	TRUE
ROBO4	FALSE	FALSE	TRUE
JAK1	FALSE	FALSE	TRUE
DAW1	FALSE	FALSE	TRUE
PET112	FALSE	FALSE	TRUE
TNKS	FALSE	FALSE	TRUE
PRPS1	FALSE	FALSE	TRUE
ATP6V1F	FALSE	FALSE	TRUE
NRP1	FALSE	FALSE	TRUE
ERRFI1	FALSE	FALSE	TRUE
ADAMTS9	FALSE	FALSE	TRUE
CNST	FALSE	FALSE	TRUE
TAF5L	FALSE	FALSE	TRUE
AC127496.1	FALSE	FALSE	TRUE
RP11-268J15.5	FALSE	FALSE	TRUE
CHI3L2	FALSE	FALSE	TRUE
AIDA	FALSE	FALSE	TRUE
CACNA2D3	FALSE	FALSE	TRUE
CRHR1	FALSE	FALSE	TRUE
NOL6	FALSE	FALSE	TRUE
NTNG1	FALSE	FALSE	TRUE
DDX60L	FALSE	FALSE	TRUE
SAT2	FALSE	FALSE	TRUE
TMEM176B	FALSE	FALSE	TRUE
OTUD4	FALSE	FALSE	TRUE
EGLN1	FALSE	FALSE	TRUE
CADM1	FALSE	FALSE	TRUE
C9	FALSE	FALSE	TRUE
SOD1	FALSE	FALSE	TRUE
OPTN	FALSE	FALSE	TRUE
HSH2D	FALSE	FALSE	TRUE
RDH11	FALSE	FALSE	TRUE
LSM10	FALSE	FALSE	TRUE
RP11-47I22.4	FALSE	FALSE	TRUE
ATP6V1D	FALSE	FALSE	TRUE
RP11-497E19.2	FALSE	FALSE	TRUE
ARMCX2	FALSE	FALSE	TRUE
FLNB	FALSE	FALSE	TRUE
TRPC4	FALSE	FALSE	TRUE
ZNF669	FALSE	FALSE	TRUE
SYNJ2BP	FALSE	FALSE	TRUE
RRAGC	FALSE	FALSE	TRUE
CD99L2	FALSE	FALSE	TRUE
RNF216	FALSE	FALSE	TRUE
VSTM1	FALSE	FALSE	TRUE
ANXA8L2	FALSE	FALSE	TRUE
ABCE1	FALSE	FALSE	TRUE
CTIF	FALSE	FALSE	TRUE
HPSE	FALSE	FALSE	TRUE
VLDLR	FALSE	FALSE	TRUE
PAPPA-AS1	FALSE	FALSE	TRUE
LBR	FALSE	FALSE	TRUE
IFI30	FALSE	FALSE	TRUE
ICAM2	FALSE	FALSE	TRUE
KRT33B	FALSE	FALSE	TRUE
PDLIM2	FALSE	FALSE	TRUE
SPRR1B	FALSE	FALSE	TRUE
NFATC2	FALSE	FALSE	TRUE
TES	FALSE	FALSE	TRUE
NMT2	FALSE	FALSE	TRUE
FGF1	FALSE	FALSE	TRUE
NSL1	FALSE	FALSE	TRUE
GJC1	FALSE	FALSE	TRUE
SAT1	FALSE	FALSE	TRUE
DAGLB	FALSE	FALSE	TRUE
NME7	FALSE	FALSE	TRUE
UBAP2	FALSE	FALSE	TRUE
NUDT6	FALSE	FALSE	TRUE
UBR4	FALSE	FALSE	TRUE
PTPN21	FALSE	FALSE	TRUE
KIAA1984	FALSE	FALSE	TRUE
CALCOCO1	FALSE	FALSE	TRUE
PSG1	FALSE	FALSE	TRUE
CHIC2	FALSE	FALSE	TRUE
TXNRD3	FALSE	FALSE	TRUE
ANAPC10	FALSE	FALSE	TRUE
ZFYVE26	FALSE	FALSE	TRUE
ZFYVE1	FALSE	FALSE	TRUE
SCD5	FALSE	FALSE	TRUE
SRP9	FALSE	FALSE	TRUE
VARS2	FALSE	FALSE	TRUE
PSORS1C2	FALSE	FALSE	TRUE
PHF14	FALSE	FALSE	TRUE
TSPAN2	FALSE	FALSE	TRUE
EYA4	FALSE	FALSE	TRUE
WDR26	FALSE	FALSE	TRUE
TGFB2	FALSE	FALSE	TRUE
LAMA2	FALSE	FALSE	TRUE
CNGB1	FALSE	FALSE	TRUE
ALDH1L2	FALSE	FALSE	TRUE
ARHGAP10	FALSE	FALSE	TRUE
SLAMF7	FALSE	FALSE	TRUE
PAPPA	FALSE	FALSE	TRUE
PMP22	FALSE	FALSE	TRUE
TMEM206	FALSE	FALSE	TRUE
TMEM2	FALSE	FALSE	TRUE
PDGFC	FALSE	FALSE	TRUE
MNAT1	FALSE	FALSE	TRUE
DNAJB13	FALSE	FALSE	TRUE
PTPRR	FALSE	FALSE	TRUE
IGSF23	FALSE	FALSE	TRUE
AC015688.3	FALSE	FALSE	TRUE
MYO7B	FALSE	FALSE	TRUE
AC037459.4	FALSE	FALSE	TRUE
FRG1	FALSE	FALSE	TRUE
DHDH	FALSE	FALSE	TRUE
UBE2H	FALSE	FALSE	TRUE
ABHD4	FALSE	FALSE	TRUE
TNF	FALSE	FALSE	TRUE
TLN2	FALSE	FALSE	TRUE
